author_name,appears_in,affiliation,author_id
Sena Yagmur Sen,e0ec3e2eaf2c091fcc95f54749f2a1419c63263e;31e229005bfe8405349137eea3eccf658ff1bc30,,122478756
Gazihan Alankus,e0ec3e2eaf2c091fcc95f54749f2a1419c63263e;31e229005bfe8405349137eea3eccf658ff1bc30,,2734839
Mehmet Turkan,e0ec3e2eaf2c091fcc95f54749f2a1419c63263e;31e229005bfe8405349137eea3eccf658ff1bc30,,70031922
Heng Zhang,ad8afccbec3dc798ec11eb2192307b3f77a47c8b,,40940525
Yijie Xue,ad8afccbec3dc798ec11eb2192307b3f77a47c8b,,100551091
Yanli Liu,ad8afccbec3dc798ec11eb2192307b3f77a47c8b,,2108202965
Yiwen Ye,ad8afccbec3dc798ec11eb2192307b3f77a47c8b,,2170220899
Hao Jiang,ad8afccbec3dc798ec11eb2192307b3f77a47c8b,,2292414930
Feng Shu,ad8afccbec3dc798ec11eb2192307b3f77a47c8b,,2363573892
Zhimin Chen,ad8afccbec3dc798ec11eb2192307b3f77a47c8b,,2111354272
Jongpil Jeong,2558070b1c2e5b9cf3a867d3a9d70eaa7f814062,,2314526962
Yasmin Yasin,d7665fb470327d388cbebbbbfb4143908445c2cd,,2237025751
Muhammad Usman,d7665fb470327d388cbebbbbfb4143908445c2cd,,2223436301
Ibrahim Radwan,d7665fb470327d388cbebbbbfb4143908445c2cd,,2363859773
Saeed Anwar,d7665fb470327d388cbebbbbfb4143908445c2cd,,2297845544
Yueqing Kang,94b12640c1ef5a6f3586a4529d1bb99a729eac58,,2457732225
Ruitao Lu,94b12640c1ef5a6f3586a4529d1bb99a729eac58,,2312758587
Xiaogang Yang,94b12640c1ef5a6f3586a4529d1bb99a729eac58,,2275298208
Zhenhao Cheng,94b12640c1ef5a6f3586a4529d1bb99a729eac58,,2152159726
Zhanhong Zhuo,94b12640c1ef5a6f3586a4529d1bb99a729eac58,,2358272273
Jiwei Fan,94b12640c1ef5a6f3586a4529d1bb99a729eac58,,3079153
U. S.,12f83d029aa039d41c997f3e0ab52618fe17298b,,2446810280
J. S.,12f83d029aa039d41c997f3e0ab52618fe17298b,,2438514864
Yanyi Wu,0024e561025f20a598f477407646ec2bda40bdab,,2450169397
Xu Zhang,0024e561025f20a598f477407646ec2bda40bdab,,2309775557
Junkai Chen,0024e561025f20a598f477407646ec2bda40bdab,,2450191207
Laibin Chang,0024e561025f20a598f477407646ec2bda40bdab,,2121619327
Jiaqi Ma,0024e561025f20a598f477407646ec2bda40bdab,,2386165627
Shi Chen,0024e561025f20a598f477407646ec2bda40bdab,,2352985671
Linwei Zhu,0024e561025f20a598f477407646ec2bda40bdab,,1969075
Jianglei Di,0024e561025f20a598f477407646ec2bda40bdab,,2344127381
Huan Zhang,0024e561025f20a598f477407646ec2bda40bdab,,2317142984
Deyang Liu,2ac225ed6edb52c70ac924908af73695c47b7ef9;bea462be12e4ba675441d9e9dc09bc523e5239ac,,2267870621
Jimin Wang,2ac225ed6edb52c70ac924908af73695c47b7ef9;bea462be12e4ba675441d9e9dc09bc523e5239ac,,2265361368
Yifan Mao,2ac225ed6edb52c70ac924908af73695c47b7ef9,,2117694584
Mounir Kaaniche,2ac225ed6edb52c70ac924908af73695c47b7ef9,,2368358126
Xiaofei Zhou,2ac225ed6edb52c70ac924908af73695c47b7ef9,,2142867508
Gangyi Jiang,2ac225ed6edb52c70ac924908af73695c47b7ef9,,2250176767
Caifeng Shan,2ac225ed6edb52c70ac924908af73695c47b7ef9,,2335875287
Jin Chen,500ae7ee37662ef23a6ac4a9ba77340186a8b0cd,,2108461272
Lei Wang,500ae7ee37662ef23a6ac4a9ba77340186a8b0cd,,2273651306
Yimei Zhang,500ae7ee37662ef23a6ac4a9ba77340186a8b0cd,,2408353005
Jintao Yu,500ae7ee37662ef23a6ac4a9ba77340186a8b0cd,,2151482846
Ge Wang,fc0d6115c1d3e1806339eaef3b79cdac03d0e559;1c54cb7c86f42be16cc8f907ff0a82f5ed9d9860,,2296241759
Yong Ma,fc0d6115c1d3e1806339eaef3b79cdac03d0e559;1c54cb7c86f42be16cc8f907ff0a82f5ed9d9860,,2291680328
Jun Huang,fc0d6115c1d3e1806339eaef3b79cdac03d0e559;1c54cb7c86f42be16cc8f907ff0a82f5ed9d9860,,2118226234
You Du,fc0d6115c1d3e1806339eaef3b79cdac03d0e559,,2217235724
Fan Fan,fc0d6115c1d3e1806339eaef3b79cdac03d0e559;1c54cb7c86f42be16cc8f907ff0a82f5ed9d9860,,40513331
Zhiqing Zhao,fc0d6115c1d3e1806339eaef3b79cdac03d0e559,,2307016443
Yi Lu,fc0d6115c1d3e1806339eaef3b79cdac03d0e559;1c54cb7c86f42be16cc8f907ff0a82f5ed9d9860,,2398722320
Q. Hoang,c3832c68ac3cceb4105af2e6cf4fdb5a11cd112a,,2269652471
Trung-Hieu Le,c3832c68ac3cceb4105af2e6cf4fdb5a11cd112a;45a1ca16efdfbcc43e8d409cf02e025f30586a01,,46230648
Dong Guo,e44e202dc19c9c57e8050f0fe41806ec9a97f12c;47298d6f6faf953a41d57d7ab8bd7a5c08369946,,2279317726
Yi Han,e44e202dc19c9c57e8050f0fe41806ec9a97f12c,,2238916924
Yifan Shuai,1ce0351f318bb42c3d217c10fa96dd4b75e3fa60;04ada684161f99e2a1c237887f68561dee92ac73,,2185687544
Ke Wang,1ce0351f318bb42c3d217c10fa96dd4b75e3fa60,,2133843529
Weiming Feng,1ce0351f318bb42c3d217c10fa96dd4b75e3fa60,,2246983188
Shuai Pang,1ce0351f318bb42c3d217c10fa96dd4b75e3fa60,,2391277255
Dehua Zhou,1ce0351f318bb42c3d217c10fa96dd4b75e3fa60,,2376466626
Yikui Zhai,1ce0351f318bb42c3d217c10fa96dd4b75e3fa60,,2205040886
Ning Ma,78fcd41d22e896dd08cfd9a574d801fc9ee6a8ed,,2312080498
Xiang Lu,78fcd41d22e896dd08cfd9a574d801fc9ee6a8ed,,2127330048
Fan Zhang,78fcd41d22e896dd08cfd9a574d801fc9ee6a8ed,,2346987783
Haofeng Huang,95c2c99787c133a5c0156fef6fc64fe35481ccf9;3337cadc962fefd09344ed90a44cf30951841fa7;ef11f84c6cce12bbce40d7a49643f8cf4c0511f8,,48186372
Wenhan Yang,95c2c99787c133a5c0156fef6fc64fe35481ccf9;bf7e12cad1af19cf9ff0b899b7857ac68e4346bd;3ced108a14812f54d17b2bd773e59fde6cb1bac5;3ac173213b682e01f554d0e48431608494acaf68,,2274269967
Mengnan Wang,95c2c99787c133a5c0156fef6fc64fe35481ccf9,,2302837742
Lingyu Duan,95c2c99787c133a5c0156fef6fc64fe35481ccf9,,2284844824
Jiaying Liu,95c2c99787c133a5c0156fef6fc64fe35481ccf9,,2239051902
Yi Han,47298d6f6faf953a41d57d7ab8bd7a5c08369946,,2364634851
Jiaqi Liu,47298d6f6faf953a41d57d7ab8bd7a5c08369946,,2378614405
Zhenghua Zhou,b9919071c867f25fbaf394c0b833c53c20a6e69f,,2524604
Yuanyuan Zhang,b9919071c867f25fbaf394c0b833c53c20a6e69f,,2145793664
Chenyang Guo,b9919071c867f25fbaf394c0b833c53c20a6e69f,,2340179320
Jianwei Zhao,b9919071c867f25fbaf394c0b833c53c20a6e69f,,2256473027
Yafeng Zhao,a363d08af884fb0b425156099555cd27eca23741,,2391843151
Xiang Li,a363d08af884fb0b425156099555cd27eca23741,,2359045345
Shuaipeng Hao,a363d08af884fb0b425156099555cd27eca23741,,2137059479
Ming-Feng Yu,a363d08af884fb0b425156099555cd27eca23741,,2152599571
Yanli Gao,a363d08af884fb0b425156099555cd27eca23741,,2397855154
Shiwei Fan,a363d08af884fb0b425156099555cd27eca23741,,2284487034
Hao Li,6da9fa0fe9b3b41fe7ba627d47a784a32056a84d,,2353793617
Yanheng Wen,1b2711b84d6abaf3bbcf182a2c27a357a166b727,,2454927646
Yuehai Chen,1b2711b84d6abaf3bbcf182a2c27a357a166b727,,2051695812
Yi Shi,1b2711b84d6abaf3bbcf182a2c27a357a166b727,,2170852501
Jing Yang,1b2711b84d6abaf3bbcf182a2c27a357a166b727,,2143851688
Peiyuan He,f032ef0a283f237c57449bb2bb220ddfabaaee09,,2438924353
Hainuo Wang,f032ef0a283f237c57449bb2bb220ddfabaaee09,,2344307474
Hengxing Liu,f032ef0a283f237c57449bb2bb220ddfabaaee09,,2328382818
Mingjia Li,f032ef0a283f237c57449bb2bb220ddfabaaee09,,2297826009
Xiaojie Guo,f032ef0a283f237c57449bb2bb220ddfabaaee09,,2256638354
Ruirui Lin,1a5f2a0dd475755922778d6c95dfba69d56bc785;98d189c98645fd5691f8d03aeab66786d84b71df;7c264b974532aff39709bcf468ef442b59bf8fd2,,2283107688
Guoxi Huang,1a5f2a0dd475755922778d6c95dfba69d56bc785;98d189c98645fd5691f8d03aeab66786d84b71df,,2311632284
D. Bull,1a5f2a0dd475755922778d6c95dfba69d56bc785,,2241468553
N. Anantrasirichai,1a5f2a0dd475755922778d6c95dfba69d56bc785;98d189c98645fd5691f8d03aeab66786d84b71df;7c264b974532aff39709bcf468ef442b59bf8fd2,,1756108
Senyan Xu,3826c2988bb6f03b0ca2da518545134e2e24a1ed,,2298415902
Zhijing Sun,3826c2988bb6f03b0ca2da518545134e2e24a1ed,,2298403164
Kean Liu,3826c2988bb6f03b0ca2da518545134e2e24a1ed,,2356372019
Xin Lu,3826c2988bb6f03b0ca2da518545134e2e24a1ed,,2308422305
Ruixuan Jiang,3826c2988bb6f03b0ca2da518545134e2e24a1ed,,2362329925
Mingyang Huang,3826c2988bb6f03b0ca2da518545134e2e24a1ed,,2357049631
Xueyang Fu,3826c2988bb6f03b0ca2da518545134e2e24a1ed,,2273893743
Zheng-Jun Zha,3826c2988bb6f03b0ca2da518545134e2e24a1ed,,2292182136
V. Pais,19d2f3701c200928f52b6fc6f94d919f76f41a12,,2372915569
Malena Mendilaharzu,19d2f3701c200928f52b6fc6f94d919f76f41a12,,2449256835
Daniele Faccio,19d2f3701c200928f52b6fc6f94d919f76f41a12,,2289610948
Luis Oala,19d2f3701c200928f52b6fc6f94d919f76f41a12,,2284772762
Christoph Clausen,19d2f3701c200928f52b6fc6f94d919f76f41a12,,2064577502
Bruno Sanguinetti,19d2f3701c200928f52b6fc6f94d919f76f41a12,,2265450346
Xiang Ji,7838b9795e995310ef06a552e4f2215ba03eda5c;1d8d5b7c9b95d718d8d78e001273d9c798c2f2e1,,2267883576
Guixu Lin,7838b9795e995310ef06a552e4f2215ba03eda5c,,2261909172
Zhengwei Yin,7838b9795e995310ef06a552e4f2215ba03eda5c,,2325717969
Jiancheng Zhao,7838b9795e995310ef06a552e4f2215ba03eda5c,,2325368986
Yinqiang Zheng,7838b9795e995310ef06a552e4f2215ba03eda5c;1215a49a50fcb7ca2f2518b246e4b65dd93c5b7f,,2247926612
Utkarsh,0a4601df6d5a9d39946c05aece1c70d1c107db08,,2448470544
Shashank Singh,0a4601df6d5a9d39946c05aece1c70d1c107db08,,2448926515
Vikash Kumar Gupta,0a4601df6d5a9d39946c05aece1c70d1c107db08,,2448545181
Himanshu Gautam,0a4601df6d5a9d39946c05aece1c70d1c107db08,,2448470725
Vivek Kumar Jaiswal,0a4601df6d5a9d39946c05aece1c70d1c107db08,,2448470699
Yifeng Lin,fb8e78777949e17a6492c5de6517240145fccff3,,2404161883
Yang-kwon Jeong,fb8e78777949e17a6492c5de6517240145fccff3,,71041740
Chenglin Wen,fb8e78777949e17a6492c5de6517240145fccff3,,2367323600
Xiaochen Huang,ea7f4fb3521989004186ddbc81c2bb68c2687cc0,,2323717852
Honggang Chen,ea7f4fb3521989004186ddbc81c2bb68c2687cc0,,6222832
Weichen Zhang,ea7f4fb3521989004186ddbc81c2bb68c2687cc0,,2108043700
Xiao Dai,ea7f4fb3521989004186ddbc81c2bb68c2687cc0,,2232115529
Yongying Li,ea7f4fb3521989004186ddbc81c2bb68c2687cc0,,2370960912
Linbo Qing,ea7f4fb3521989004186ddbc81c2bb68c2687cc0,,2393086506
Xiaohai He,ea7f4fb3521989004186ddbc81c2bb68c2687cc0,,2290101341
Xuxu Yang,94b99de142cbeededc861f10bcd594da9de1f6ea,,2274914394
Yitao Liang,94b99de142cbeededc861f10bcd594da9de1f6ea;3d20723f19a406b3af9966e7467e1b3646ee0a0b,,2325728040
Degang Xu,94b99de142cbeededc861f10bcd594da9de1f6ea;3d20723f19a406b3af9966e7467e1b3646ee0a0b,,2325706382
Bin Li,94b99de142cbeededc861f10bcd594da9de1f6ea;3d20723f19a406b3af9966e7467e1b3646ee0a0b,,2326047051
Juan Xia,94b99de142cbeededc861f10bcd594da9de1f6ea;3d20723f19a406b3af9966e7467e1b3646ee0a0b,,2325817144
Lan Li,94b99de142cbeededc861f10bcd594da9de1f6ea;3d20723f19a406b3af9966e7467e1b3646ee0a0b,,2282087684
Minghai Jiao,05f3adfc38fca23385b27c210f37b03edd5a45cf,,2307597055
Haoyang He,05f3adfc38fca23385b27c210f37b03edd5a45cf,,2326999233
Yixian Liu,05f3adfc38fca23385b27c210f37b03edd5a45cf,,2394121791
Wenyan Jiang,05f3adfc38fca23385b27c210f37b03edd5a45cf,,2308044987
Jiangang Hu,05f3adfc38fca23385b27c210f37b03edd5a45cf,,2382719073
Yuhuai Peng,05f3adfc38fca23385b27c210f37b03edd5a45cf,,2244594477
Qingpeng Li,8872519c1eb863cc5bc67fa66e5ca4306910bc1e,,2108701200
Haonan Li,8872519c1eb863cc5bc67fa66e5ca4306910bc1e,,2375343275
Xinyu Ouyang,8872519c1eb863cc5bc67fa66e5ca4306910bc1e,,2452434783
Zijian Li,8872519c1eb863cc5bc67fa66e5ca4306910bc1e,,2453047721
Qiong Luo,277888ed55e84bdd7148d3cf99d4f92c5f478dce,,2455628112
Bin Pang,277888ed55e84bdd7148d3cf99d4f92c5f478dce,,2455605385
Yuhao Yin,919041dd9587343cb799833c2dc235f595ddba31;1f790b4cb07824dbba80fdf96e07de16c0688021,,2301176355
Zongji Wang,919041dd9587343cb799833c2dc235f595ddba31,,2263735881
Yuanben Zhang,919041dd9587343cb799833c2dc235f595ddba31,,2278439806
Biqing Li,919041dd9587343cb799833c2dc235f595ddba31,,2293549849
Jiesong Bai,919041dd9587343cb799833c2dc235f595ddba31;728afc9ebcd9a188eb7fe2e5d0fc72ce5e40b8a6;1f790b4cb07824dbba80fdf96e07de16c0688021,,2300253561
Junyi Liu,919041dd9587343cb799833c2dc235f595ddba31,,2332040143
G. Ciubotariu,a4619621fe01a821aa6cfecb4778c31683b660b0,,1752864776
A. SharifSM,a4619621fe01a821aa6cfecb4778c31683b660b0,,2297774820
Abdur Rehman,a4619621fe01a821aa6cfecb4778c31683b660b0,,2312768602
F. Dharejo,a4619621fe01a821aa6cfecb4778c31683b660b0,,31624593
R. Naqvi,a4619621fe01a821aa6cfecb4778c31683b660b0,,8683310
Marcos V. Conde,a4619621fe01a821aa6cfecb4778c31683b660b0,,2335868692
R. Timofte,a4619621fe01a821aa6cfecb4778c31683b660b0;4e1eec57223adef054e396bf6d91f1f1babd50d8;58fd1c049f6c0333f3448d45dd2f5302611e7710;963e564405b948ebb77a24e0f1e5e8bda10acfc8;42754ad2b7b2193b4d8e3d067808cea8913869c4,,1732855
Zhi Jin,a4619621fe01a821aa6cfecb4778c31683b660b0,,2297834069
Hongjun Wu,a4619621fe01a821aa6cfecb4778c31683b660b0,,2264188652
Wenjian Zhang,a4619621fe01a821aa6cfecb4778c31683b660b0,,2233975640
Changqing Ye,a4619621fe01a821aa6cfecb4778c31683b660b0,,2430780962
Xunpeng Yi,a4619621fe01a821aa6cfecb4778c31683b660b0,,2182439167
Qinglong Yan,a4619621fe01a821aa6cfecb4778c31683b660b0,,2327962776
Yibing Zhang,a4619621fe01a821aa6cfecb4778c31683b660b0,,2372124732
Nikhil Neelkanth Akalwadi,a4619621fe01a821aa6cfecb4778c31683b660b0;36694b981f73eb4c96b4a0166afb8fdcdbfd4c98,,2268207680
Varda I Pattanshetty,a4619621fe01a821aa6cfecb4778c31683b660b0,,2430638677
Varsha I Pattanshetty,a4619621fe01a821aa6cfecb4778c31683b660b0,,2430638679
Padmashree Desai,a4619621fe01a821aa6cfecb4778c31683b660b0,,2313122504
Uma Mudenagudi,a4619621fe01a821aa6cfecb4778c31683b660b0;36694b981f73eb4c96b4a0166afb8fdcdbfd4c98,,2938896
R. Tabib,a4619621fe01a821aa6cfecb4778c31683b660b0;36694b981f73eb4c96b4a0166afb8fdcdbfd4c98,,9141151
Hao Yang,a4619621fe01a821aa6cfecb4778c31683b660b0,,2257352642
Ruikun Zhang,a4619621fe01a821aa6cfecb4778c31683b660b0,,2327002722
Liyuan Pan,a4619621fe01a821aa6cfecb4778c31683b660b0,,2363286836
Furkan Kınlı,a4619621fe01a821aa6cfecb4778c31683b660b0,,1388060209
Donghun Ryou,a4619621fe01a821aa6cfecb4778c31683b660b0,,2313247493
Inju Ha,a4619621fe01a821aa6cfecb4778c31683b660b0,,2313252216
Junoh Kang,a4619621fe01a821aa6cfecb4778c31683b660b0,,2257134071
Bohyung Han,a4619621fe01a821aa6cfecb4778c31683b660b0,,2357492510
Wei Zhou,a4619621fe01a821aa6cfecb4778c31683b660b0,,2256662364
Yuval Haitman,a4619621fe01a821aa6cfecb4778c31683b660b0,,1486439421
Ariel Lapid,a4619621fe01a821aa6cfecb4778c31683b660b0,,2328086787
Reuven Peretz,a4619621fe01a821aa6cfecb4778c31683b660b0,,1742529618
I. Diamant,a4619621fe01a821aa6cfecb4778c31683b660b0,,143804345
Lei Cao,a4619621fe01a821aa6cfecb4778c31683b660b0,,2238898783
Shuo Zhang,a4619621fe01a821aa6cfecb4778c31683b660b0,,2108032962
Praful Hambarde,a4619621fe01a821aa6cfecb4778c31683b660b0,,103864860
Prateek Shaily,a4619621fe01a821aa6cfecb4778c31683b660b0,,2403235332
J. Kumar,a4619621fe01a821aa6cfecb4778c31683b660b0,,2069634816
Hardik Sharma,a4619621fe01a821aa6cfecb4778c31683b660b0,,2298628611
Aashish Negi,a4619621fe01a821aa6cfecb4778c31683b660b0,,2305808430
Sachin Chaudhary,a4619621fe01a821aa6cfecb4778c31683b660b0,,2267052928
Akshay Dudhane,a4619621fe01a821aa6cfecb4778c31683b660b0,,47634649
Amit Shukla,a4619621fe01a821aa6cfecb4778c31683b660b0,,2398909024
Mohao Wu,a4619621fe01a821aa6cfecb4778c31683b660b0,,2297819266
Lin Wang,a4619621fe01a821aa6cfecb4778c31683b660b0,,2144734129
Jiachen Tu,a4619621fe01a821aa6cfecb4778c31683b660b0;4e1eec57223adef054e396bf6d91f1f1babd50d8,,2360174435
Guoyi Xu,a4619621fe01a821aa6cfecb4778c31683b660b0;4e1eec57223adef054e396bf6d91f1f1babd50d8,,2315615688
Yaoxin Jiang,a4619621fe01a821aa6cfecb4778c31683b660b0;4e1eec57223adef054e396bf6d91f1f1babd50d8,,2410723309
Jiajia Liu,a4619621fe01a821aa6cfecb4778c31683b660b0,,2339225957
Yaokun Shi,a4619621fe01a821aa6cfecb4778c31683b660b0;4e1eec57223adef054e396bf6d91f1f1babd50d8,,2360348276
Raul Balmez,a4619621fe01a821aa6cfecb4778c31683b660b0,,2281742182
Alexandru Brateanu,a4619621fe01a821aa6cfecb4778c31683b660b0;afa86e42ae30272489debb9d4fdb388c8bcf30c2,,2281742235
Ciprian Orhei,a4619621fe01a821aa6cfecb4778c31683b660b0,,1389526435
Cosmin Ancuți,a4619621fe01a821aa6cfecb4778c31683b660b0;afa86e42ae30272489debb9d4fdb388c8bcf30c2,,1701934
C. Ancuti,a4619621fe01a821aa6cfecb4778c31683b660b0;afa86e42ae30272489debb9d4fdb388c8bcf30c2,,40124146
Bilel Benjdira,a4619621fe01a821aa6cfecb4778c31683b660b0,,11042085
Anas M. Ali,a4619621fe01a821aa6cfecb4778c31683b660b0,,2244781345
Wadii Boulila,a4619621fe01a821aa6cfecb4778c31683b660b0,,3151219
Kaifan Qiao,a4619621fe01a821aa6cfecb4778c31683b660b0,,2288007542
Bofei Chen,a4619621fe01a821aa6cfecb4778c31683b660b0,,2430858384
Jing Xu,a4619621fe01a821aa6cfecb4778c31683b660b0;4e1eec57223adef054e396bf6d91f1f1babd50d8,,2364858782
Duo-yang Zhang,a4619621fe01a821aa6cfecb4778c31683b660b0,,2324367319
Xin Deng,a4619621fe01a821aa6cfecb4778c31683b660b0;58fd1c049f6c0333f3448d45dd2f5302611e7710,,2277041332
Mai Xu,a4619621fe01a821aa6cfecb4778c31683b660b0;58fd1c049f6c0333f3448d45dd2f5302611e7710,,2297135177
Shengxi Li,a4619621fe01a821aa6cfecb4778c31683b660b0,,2272184472
Lai Jiang,a4619621fe01a821aa6cfecb4778c31683b660b0,,150188542
A. Harini,a4619621fe01a821aa6cfecb4778c31683b660b0,,2305793425
N. Ananya,a4619621fe01a821aa6cfecb4778c31683b660b0,,2430637617
K. Lakshanya,a4619621fe01a821aa6cfecb4778c31683b660b0,,2430637639
Ying Xu,a4619621fe01a821aa6cfecb4778c31683b660b0,,
Xinyi Zhu,a4619621fe01a821aa6cfecb4778c31683b660b0,,2344578591
Shijun Shi,a4619621fe01a821aa6cfecb4778c31683b660b0;4e1eec57223adef054e396bf6d91f1f1babd50d8,,2260645441
Jiang-She Zhang,a4619621fe01a821aa6cfecb4778c31683b660b0,,2281104439
Yong Liu,a4619621fe01a821aa6cfecb4778c31683b660b0,,2265222933
Kai Hu,a4619621fe01a821aa6cfecb4778c31683b660b0;4e1eec57223adef054e396bf6d91f1f1babd50d8,,2341287465
Xianfang Zeng,a4619621fe01a821aa6cfecb4778c31683b660b0;4e1eec57223adef054e396bf6d91f1f1babd50d8,,22248940
Jinao Song,a4619621fe01a821aa6cfecb4778c31683b660b0,,2330723192
Guang Tang,a4619621fe01a821aa6cfecb4778c31683b660b0,,2065464227
Cheng Li,a4619621fe01a821aa6cfecb4778c31683b660b0,,2133092013
Yuqiang Yang,a4619621fe01a821aa6cfecb4778c31683b660b0,,2108623429
Ziyi Wang,a4619621fe01a821aa6cfecb4778c31683b660b0,,2293764319
Yan Chen,a4619621fe01a821aa6cfecb4778c31683b660b0,,2378026858
Long Bao,a4619621fe01a821aa6cfecb4778c31683b660b0,,2183482952
Heng Sun,a4619621fe01a821aa6cfecb4778c31683b660b0,,2287429540
Mohab Kishawy,a4619621fe01a821aa6cfecb4778c31683b660b0,,2323043874
Jun Chen,a4619621fe01a821aa6cfecb4778c31683b660b0;7534645cceb13394fe2298d573401e40c913b70d,,2261186402
Wan-Chi Siu,a4619621fe01a821aa6cfecb4778c31683b660b0,,2255887862
Yihao Cheng,a4619621fe01a821aa6cfecb4778c31683b660b0,,2430788663
H. Lee,a4619621fe01a821aa6cfecb4778c31683b660b0,,2374297943
C. Hui,a4619621fe01a821aa6cfecb4778c31683b660b0,,2186550786
Yikai Wu,440abefc2c0ddff7c7c0c5bea3bcc5b5162cee6c,,2307395807
Yonggui Liu,440abefc2c0ddff7c7c0c5bea3bcc5b5162cee6c,,2336536222
Fengqin Zhang,0f1f6925965405918e25d7ea84958837f84ebf13,,2182281837
Yanxin Guan,4e1eec57223adef054e396bf6d91f1f1babd50d8,,2308987472
Shao-Kui Zhang,4e1eec57223adef054e396bf6d91f1f1babd50d8,,2430762395
Hang Guo,4e1eec57223adef054e396bf6d91f1f1babd50d8,,2274202835
Yawen Wang,4e1eec57223adef054e396bf6d91f1f1babd50d8,,2299735214
Xinyi Fan,4e1eec57223adef054e396bf6d91f1f1babd50d8,,152912444
Tianqu Zhuang,4e1eec57223adef054e396bf6d91f1f1babd50d8,,2316762685
Jie Liang,4e1eec57223adef054e396bf6d91f1f1babd50d8,,2327922405
Huimin Zeng,4e1eec57223adef054e396bf6d91f1f1babd50d8,,2356492701
Guanyi Qin,4e1eec57223adef054e396bf6d91f1f1babd50d8,,2214084797
Lishen Qu,4e1eec57223adef054e396bf6d91f1f1babd50d8,,2294361582
Tao Dai,4e1eec57223adef054e396bf6d91f1f1babd50d8,,2268311556
Shutao Xia,4e1eec57223adef054e396bf6d91f1f1babd50d8,,2240063099
Lei Zhang,4e1eec57223adef054e396bf6d91f1f1babd50d8,,2256830888
Bin Chen,4e1eec57223adef054e396bf6d91f1f1babd50d8,,2257347207
Yuanbo Zhou,4e1eec57223adef054e396bf6d91f1f1babd50d8,,2261253070
Hongwei Wang,4e1eec57223adef054e396bf6d91f1f1babd50d8,,2267866044
Qinquan Gao,4e1eec57223adef054e396bf6d91f1f1babd50d8,,40214487
Tong Tong,4e1eec57223adef054e396bf6d91f1f1babd50d8,,2281862171
Yan Qian,4e1eec57223adef054e396bf6d91f1f1babd50d8,,2294314641
Li You,4e1eec57223adef054e396bf6d91f1f1babd50d8,,2325748334
Ji Cong,4e1eec57223adef054e396bf6d91f1f1babd50d8,,2375388352
Lei Xiong,4e1eec57223adef054e396bf6d91f1f1babd50d8,,2303873876
Shuyuan Zhu,4e1eec57223adef054e396bf6d91f1f1babd50d8,,2292364503
Zhiyan Zhong,4e1eec57223adef054e396bf6d91f1f1babd50d8,,12760596
Kan Lv,4e1eec57223adef054e396bf6d91f1f1babd50d8,,2367379090
Yang Yang,4e1eec57223adef054e396bf6d91f1f1babd50d8,,2365327194
Kailing Tang,4e1eec57223adef054e396bf6d91f1f1babd50d8,,2279607887
Minjian Zhang,4e1eec57223adef054e396bf6d91f1f1babd50d8,,2142808686
Zhipei Lei,4e1eec57223adef054e396bf6d91f1f1babd50d8,,2350435827
Zhe Xu,4e1eec57223adef054e396bf6d91f1f1babd50d8,,2184714875
Liwen Zhang,4e1eec57223adef054e396bf6d91f1f1babd50d8,,2349863323
Dingyong Gou,4e1eec57223adef054e396bf6d91f1f1babd50d8,,2307004572
Yanlin Wu,4e1eec57223adef054e396bf6d91f1f1babd50d8,,2303376551
Cong Li,4e1eec57223adef054e396bf6d91f1f1babd50d8,,2349949316
Xiao Cui,4e1eec57223adef054e396bf6d91f1f1babd50d8,,2319593385
Jiajia Liu,4e1eec57223adef054e396bf6d91f1f1babd50d8,,2284527438
Liqing Wang,4e1eec57223adef054e396bf6d91f1f1babd50d8,,2142480154
Shihang Li,4e1eec57223adef054e396bf6d91f1f1babd50d8,,2395677485
Bo Zhang,4e1eec57223adef054e396bf6d91f1f1babd50d8,,2426012373
Biao Wang,4e1eec57223adef054e396bf6d91f1f1babd50d8,,2136790887
Hai Xu,4e1eec57223adef054e396bf6d91f1f1babd50d8,,2334792994
Xiang Long,4e1eec57223adef054e396bf6d91f1f1babd50d8,,2318980237
Xu Liao,4e1eec57223adef054e396bf6d91f1f1babd50d8,,2200151070
Yan Zhai,4e1eec57223adef054e396bf6d91f1f1babd50d8,,2190307604
Haozhe Li,4e1eec57223adef054e396bf6d91f1f1babd50d8,,2395282668
Jiangning Zhang,4e1eec57223adef054e396bf6d91f1f1babd50d8,,73329364
Yong Liu,4e1eec57223adef054e396bf6d91f1f1babd50d8,,2257376004
Yuyang Liu,4e1eec57223adef054e396bf6d91f1f1babd50d8,,2344196587
Min Wei,4e1eec57223adef054e396bf6d91f1f1babd50d8,,2240479249
Tingting Mu,afa86e42ae30272489debb9d4fdb388c8bcf30c2,,2274102566
Riyadi Jimmy Iskandar,99a42d8dfdea47593b1ac3d955abe1626fbb95ab,,2271306333
Chastine Fatichah,99a42d8dfdea47593b1ac3d955abe1626fbb95ab,,3345616
Anny Yuniarti,99a42d8dfdea47593b1ac3d955abe1626fbb95ab,,2238036539
Ying Liu,7b508ff2499b13014e593d8e1efdc0c488e4acc4,,2308468836
Junchao Zhang,7b508ff2499b13014e593d8e1efdc0c488e4acc4,,2376519957
Caiyun Wu,7b508ff2499b13014e593d8e1efdc0c488e4acc4,,2286416676
Chenyan Zhou,7711a6b179eb36f66aaf4cdf338fd5454019277e,,51101047
Zhongxiang Liu,7711a6b179eb36f66aaf4cdf338fd5454019277e,,2394554013
Shi-Chu Zhang,7711a6b179eb36f66aaf4cdf338fd5454019277e,,2429010877
O. Eker,67f6aa723071b1eb68692ceb6a74b08d5dd76145;62d8dd07ca185034107388c60e3d17b1c9b1334e,,32449861
Erkut Erdem,67f6aa723071b1eb68692ceb6a74b08d5dd76145;a34645ce8ecf56e3279fc17c7bd8cea44ad222c6;62d8dd07ca185034107388c60e3d17b1c9b1334e;43c09a9d8a631942371c998eaf606294275bccc8;32d8dd63e74c1f6740a5a6bd37ba8b994e635ea1,,152330322
Aykut Erdem,67f6aa723071b1eb68692ceb6a74b08d5dd76145;a34645ce8ecf56e3279fc17c7bd8cea44ad222c6;62d8dd07ca185034107388c60e3d17b1c9b1334e,,2253752451
Xin Feng,3dd0297a4e9133a38231a7744d56612b8cd8dfc3,,2279745469
Jie Wang,3dd0297a4e9133a38231a7744d56612b8cd8dfc3,,2430757396
Yunlong Wang,3dd0297a4e9133a38231a7744d56612b8cd8dfc3,,2279749885
Junxiang Zeng,3dd0297a4e9133a38231a7744d56612b8cd8dfc3,,2273686951
Di Ming,3dd0297a4e9133a38231a7744d56612b8cd8dfc3,,2157428703
Muhammad Zain ul Abideen,9d7332dcc5222a31cfa001fc442082ac0abed1d7,,88249299
Nan An,9d7332dcc5222a31cfa001fc442082ac0abed1d7,,2347539421
Long Ma,9d7332dcc5222a31cfa001fc442082ac0abed1d7;ea2aba7ac6a556cb541564af11ae794e5301e518;96e1e100cd3967124d435f84a59f56bee087d992;37b108653979f570ce2cf148776d99624f8e7277;c1890fda11e05f3eaea539e069b3c6cf678e5004;cfb4160bab74b7d17d9cf5ae79387f00917dc8e4,,1732160
Risheng Liu,9d7332dcc5222a31cfa001fc442082ac0abed1d7;9653ce2bdb8d6aa8b08e9ad703a4447286fad203,,2237951125
Lingyu Wang,1a7ad1717df80cb8bf1b5e072aedc748f3e79f6d,,2287613462
Minli Tang,1a7ad1717df80cb8bf1b5e072aedc748f3e79f6d,,2113728085
Hua Li,1a7ad1717df80cb8bf1b5e072aedc748f3e79f6d,,2127040617
Feiyan Yang,1a7ad1717df80cb8bf1b5e072aedc748f3e79f6d,,2351562707
Ming Yuan,1a7ad1717df80cb8bf1b5e072aedc748f3e79f6d,,2284290820
Yimei Li,de2cf5d002f911b1ef96e220dabea1c958f0d76e,,2291528175
Liuhong Luo,de2cf5d002f911b1ef96e220dabea1c958f0d76e,,1406038179
Hongjun Li,de2cf5d002f911b1ef96e220dabea1c958f0d76e,,2155567069
V. K. Singh,cd05df06b7616e4c07415155af1a186d611dd2a6,,2283591002
Niharika Anand,cd05df06b7616e4c07415155af1a186d611dd2a6,,2319927159
Krishna Sharma S,cd05df06b7616e4c07415155af1a186d611dd2a6,,2413139163
.. A. Anjali,cd05df06b7616e4c07415155af1a186d611dd2a6,,2413138572
Mahendra K. Shukla,cd05df06b7616e4c07415155af1a186d611dd2a6,,2413134930
Rajkumar Singh Rathore,cd05df06b7616e4c07415155af1a186d611dd2a6,,33058369
Weiwei Jiang,cd05df06b7616e4c07415155af1a186d611dd2a6,,2202878685
Tan You,7ac171d1c4d141c740c1a084b8fbfc58030026ef,,2140101204
Tan Jian Ding,7ac171d1c4d141c740c1a084b8fbfc58030026ef,,2277539233
Lee Yan Kang,7ac171d1c4d141c740c1a084b8fbfc58030026ef,,2277591191
Kang Chao,7ac171d1c4d141c740c1a084b8fbfc58030026ef,,48509971
Mohammad Arif Sobhan Bhuiyan,7ac171d1c4d141c740c1a084b8fbfc58030026ef,,2238136596
Haodong Guo,5786b87bf2492a759f3b130c5dd3d53a73a8eb05,,2365499273
Kaibo Lu,5786b87bf2492a759f3b130c5dd3d53a73a8eb05,,2070274721
Shanning Zhan,5786b87bf2492a759f3b130c5dd3d53a73a8eb05,,2274571573
Jiangtao Li,5786b87bf2492a759f3b130c5dd3d53a73a8eb05,,2371062775
Zhifei Wu,5786b87bf2492a759f3b130c5dd3d53a73a8eb05,,2240327642
Yunuo Xie,207be8dcde32a570c3453510d7caa5c6cf324a20,,2410953584
Zhijia Zhang,207be8dcde32a570c3453510d7caa5c6cf324a20,,2337202911
Xin Huang,207be8dcde32a570c3453510d7caa5c6cf324a20,,2368656770
Xingqi Na,207be8dcde32a570c3453510d7caa5c6cf324a20,,2353512139
Wonjun Jo,4ff78b9e7112b9e40e53976bbda1cea6ffdc5e15;59a4c7b1ebad7749018ff6a4b685e5fac161d3f2,,2401827864
Hyunwoo Ha,4ff78b9e7112b9e40e53976bbda1cea6ffdc5e15;59a4c7b1ebad7749018ff6a4b685e5fac161d3f2,,2281868998
Kim Ji-Yeon,4ff78b9e7112b9e40e53976bbda1cea6ffdc5e15,,2299701781
Hawook Jeong,4ff78b9e7112b9e40e53976bbda1cea6ffdc5e15,,2544084
Tae-Hyun Oh,4ff78b9e7112b9e40e53976bbda1cea6ffdc5e15;59a4c7b1ebad7749018ff6a4b685e5fac161d3f2,,2274931352
S.Pradeesh Kumar,4e0052c30b90e8188ed06e312a33d5e13bb42504,,2333847276
Mithilesh Kumar Singh Yadav,4e0052c30b90e8188ed06e312a33d5e13bb42504,,2212995586
Nagendra Pratap Singh,4e0052c30b90e8188ed06e312a33d5e13bb42504,,2347890077
Xiaogang Xu,5e30f5894843447fa762a695a361c36160aa1ecd,,2373442317
Kun Zhou,5e30f5894843447fa762a695a361c36160aa1ecd;4540ff851c63492210d96944f1c2750f064fcc0c,,2269757386
Tao Hu,5e30f5894843447fa762a695a361c36160aa1ecd;4540ff851c63492210d96944f1c2750f064fcc0c;f6107ba59dba91db16237465bf23a261c7889392,,2291014998
Jiafei Wu,5e30f5894843447fa762a695a361c36160aa1ecd;4540ff851c63492210d96944f1c2750f064fcc0c,,2276486864
Ruixing Wang,5e30f5894843447fa762a695a361c36160aa1ecd;4540ff851c63492210d96944f1c2750f064fcc0c;f6107ba59dba91db16237465bf23a261c7889392,,2303302229
Hao Peng,5e30f5894843447fa762a695a361c36160aa1ecd;4540ff851c63492210d96944f1c2750f064fcc0c,,2362646460
Bei Yu,5e30f5894843447fa762a695a361c36160aa1ecd;4540ff851c63492210d96944f1c2750f064fcc0c,,2362514661
Divya Prasad K. H,5c41c6c7890e59698249cc71ee596e5b1a1d80b8,,2416778897
A. S. Nair,5c41c6c7890e59698249cc71ee596e5b1a1d80b8,,2055262721
S. G.,5c41c6c7890e59698249cc71ee596e5b1a1d80b8,,2219659637
Kangle Wu,1c54cb7c86f42be16cc8f907ff0a82f5ed9d9860,,2296028507
Xinyang Zhang,81f6bab29783adbac76162ce567e8e351a325705,,2399999294
Lei Zhang,81f6bab29783adbac76162ce567e8e351a325705,,2286036173
Xiaoyu Wu,ce7d5ff349dfa2c029fde95913eb989a95c6f25c;e03a0ca129332cb4d36139b30706e8432f0ea008,,2329311875
Yuxiang Shao,ce7d5ff349dfa2c029fde95913eb989a95c6f25c;e03a0ca129332cb4d36139b30706e8432f0ea008,,2330076798
Xinyu Jin,ce7d5ff349dfa2c029fde95913eb989a95c6f25c;e03a0ca129332cb4d36139b30706e8432f0ea008,,2342650177
Hai Nan,8f02484061efad6d886a593246b4de4378d7f494,,2277257957
Wan Chen,8f02484061efad6d886a593246b4de4378d7f494,,2411233726
Hongji Chen,8f02484061efad6d886a593246b4de4378d7f494,,2351796298
Junfang Tu,0cafd88165887a449bb48b54d61368e92ac1e740,,2369602864
Wei Li,0cafd88165887a449bb48b54d61368e92ac1e740;61501862e1b8251c92900767992394fdfecdb1ed,,2285128159
Yongcan Zhao,0cafd88165887a449bb48b54d61368e92ac1e740;61501862e1b8251c92900767992394fdfecdb1ed,,2297704345
Kunyan Zhang,0cafd88165887a449bb48b54d61368e92ac1e740,,5332972
Kaige Cui,38ad51f86512cb240b1b54e1708a46911ec5f42b,,2403809162
Weiwei Wang,38ad51f86512cb240b1b54e1708a46911ec5f42b,,2253902542
Yujie Wang,38ad51f86512cb240b1b54e1708a46911ec5f42b,,2403778864
Yi Wu,38ad51f86512cb240b1b54e1708a46911ec5f42b,,2403857945
Simeng Tu,bee75a66e333f7f890d448e2a1266f6f97389558,,2430893368
Qishen Li,bee75a66e333f7f890d448e2a1266f6f97389558;24219205e77818547b2525f4efd7f0e80163164c;8cefa2f0a23501345134aafd9c75e16a523f9e04,,2108107216
Xiong Ying,bee75a66e333f7f890d448e2a1266f6f97389558,,2113267284
Qiufeng Li,bee75a66e333f7f890d448e2a1266f6f97389558;24219205e77818547b2525f4efd7f0e80163164c;8cefa2f0a23501345134aafd9c75e16a523f9e04,,2154487963
Hua Huang,bee75a66e333f7f890d448e2a1266f6f97389558;24219205e77818547b2525f4efd7f0e80163164c,,2154489526
Yang Yang,39303b31c6786009a33cfca4032479d0122e2695,,2242793598
Xi Zhang,39303b31c6786009a33cfca4032479d0122e2695,,2403343291
Yiwen Xiong,39303b31c6786009a33cfca4032479d0122e2695,,2187774355
Xinsheng Wang,39303b31c6786009a33cfca4032479d0122e2695,,2352975514
Xi Leng,39303b31c6786009a33cfca4032479d0122e2695,,2398799588
Haiyang Yu,0caf47b532b37f2683bd38f87d4fef4a5a756439,,2187451203
Wei Lu,0caf47b532b37f2683bd38f87d4fef4a5a756439,,2347685425
Yinglian Zhu,0caf47b532b37f2683bd38f87d4fef4a5a756439,,2365422519
Ke Niu,0caf47b532b37f2683bd38f87d4fef4a5a756439,,2238955236
Xiangyang Xue,0caf47b532b37f2683bd38f87d4fef4a5a756439,,2212947154
Bin Li,0caf47b532b37f2683bd38f87d4fef4a5a756439,,2212052721
Nuthi Raju,f2d383a7868f5ec1f51a32510c8819763cd0c6c6,,2314715018
Sathish Mothe,f2d383a7868f5ec1f51a32510c8819763cd0c6c6,,2387411517
Kankanala Srinivas,f2d383a7868f5ec1f51a32510c8819763cd0c6c6,,2314725730
Balaram Murthy Chintakindi,f2d383a7868f5ec1f51a32510c8819763cd0c6c6,,2209718856
Xuan Li,ba8122d67ac7f2433359c8cbf7ac761641305238,,2243031426
Zhaoming Feng,ba8122d67ac7f2433359c8cbf7ac761641305238,,2311811083
Weiwei Chen,ba8122d67ac7f2433359c8cbf7ac761641305238,,2187150427
Guomin Zhang,ba8122d67ac7f2433359c8cbf7ac761641305238,,2311825194
Yifan Ding,ba8122d67ac7f2433359c8cbf7ac761641305238,,2311857420
Li Cheng,ba8122d67ac7f2433359c8cbf7ac761641305238,,2283966633
Xiaohui Wang,486dce624caa2b299a9c959219fa93fc71ea0345,,2182521397
Zhenyu Yin,486dce624caa2b299a9c959219fa93fc71ea0345,,2321488192
Feiqing Zhang,486dce624caa2b299a9c959219fa93fc71ea0345,,151481679
Wenxia Bao,9ce5584b20ae0f420d627f03ac4a4acc7535e092,,2311911116
Wentao Guo,9ce5584b20ae0f420d627f03ac4a4acc7535e092,,2304937496
Zonghao Tian,9ce5584b20ae0f420d627f03ac4a4acc7535e092,,2069521593
Nian Wang,9ce5584b20ae0f420d627f03ac4a4acc7535e092,,2152171257
Jiajia Lu,022d5c3ac5a090a31a7927b542ee004ed5fa5941,,2260059059
Wenping Zheng,022d5c3ac5a090a31a7927b542ee004ed5fa5941,,2407371549
Yuhua Qian,022d5c3ac5a090a31a7927b542ee004ed5fa5941,,2187326606
Xinyan Liang,022d5c3ac5a090a31a7927b542ee004ed5fa5941,,9540574
Keqi Wang,022d5c3ac5a090a31a7927b542ee004ed5fa5941,,2318750600
Zhian Yuan,022d5c3ac5a090a31a7927b542ee004ed5fa5941,,2279162346
Hongji Chen,d7471003063f7dbd8478241f5dc5ece9f567ccfe,,2374279063
Jianxun Zhang,d7471003063f7dbd8478241f5dc5ece9f567ccfe,,2374286482
Tianze Yu,d7471003063f7dbd8478241f5dc5ece9f567ccfe,,2393902194
Yingzhu Zeng,d7471003063f7dbd8478241f5dc5ece9f567ccfe,,2374288364
Huan Zeng,d7471003063f7dbd8478241f5dc5ece9f567ccfe,,2380001065
Binxin Tang,b3b59bc2ab0bf5f92e14dbbbb4d71f2deefbe30e,,2425784821
Xianchun Zhou,b3b59bc2ab0bf5f92e14dbbbb4d71f2deefbe30e,,9302947
Jiewen Tian,b3b59bc2ab0bf5f92e14dbbbb4d71f2deefbe30e,,2265356246
Mengnan Lv,b3b59bc2ab0bf5f92e14dbbbb4d71f2deefbe30e,,2425704437
Ying Zhang,b3b59bc2ab0bf5f92e14dbbbb4d71f2deefbe30e,,2292448853
Zheyu Shi,c62ffca0be9eda6b3e3726553615c4d4efbab3ec,,2258681113
Yong Peng,c62ffca0be9eda6b3e3726553615c4d4efbab3ec,,2316519605
Yong Zhong,c62ffca0be9eda6b3e3726553615c4d4efbab3ec,,2316544777
Xiaolin Qin,c62ffca0be9eda6b3e3726553615c4d4efbab3ec,,2342112963
Zhao An,f5aa3dc69722c409ad3c3f0e3048d9215e2d475e,,2410514467
Jingwen Xie,24219205e77818547b2525f4efd7f0e80163164c,,2338861332
Ying Xiong,24219205e77818547b2525f4efd7f0e80163164c,,2237132490
Fangzhou He,29e7075854ea354a1f345402342d906a1961d16b,,2289924670
Jie Li,29e7075854ea354a1f345402342d906a1961d16b,,2298095688
Xiaohui Li,29e7075854ea354a1f345402342d906a1961d16b,,2257359990
Peixian Zhang,29e7075854ea354a1f345402342d906a1961d16b,,2338057038
Yi Xiang,29e7075854ea354a1f345402342d906a1961d16b,,2372196505
Zhihua Qu,29e7075854ea354a1f345402342d906a1961d16b,,2293505841
Guanghui Yue,03700ff0f8278b2b1d442ddf1a009dc7bc757eed,,2119003274
Lixin Zhang,03700ff0f8278b2b1d442ddf1a009dc7bc757eed,,2321484379
Wanqing Liu,03700ff0f8278b2b1d442ddf1a009dc7bc757eed,,2346047327
Jingfeng Du,03700ff0f8278b2b1d442ddf1a009dc7bc757eed,,16291945
Tianwei Zhou,03700ff0f8278b2b1d442ddf1a009dc7bc757eed,,50018428
Hanhe Lin,03700ff0f8278b2b1d442ddf1a009dc7bc757eed,,2268019384
Qiuping Jiang,03700ff0f8278b2b1d442ddf1a009dc7bc757eed;22d65d9f9a43c9ef709bd800c6039e28ab45b1a5,,2238896888
Wenqi Ren,03700ff0f8278b2b1d442ddf1a009dc7bc757eed,,2260700948
Jiachang Li,7de2fbb68fb7c22a180c43e6d9052184019fe313,,2292294135
Yixuan Xing,7de2fbb68fb7c22a180c43e6d9052184019fe313,,2409453648
Zhichao Xin,7de2fbb68fb7c22a180c43e6d9052184019fe313,,2326618994
Yong Wu,7de2fbb68fb7c22a180c43e6d9052184019fe313,,2115860396
Jianping Xing,7de2fbb68fb7c22a180c43e6d9052184019fe313,,2259092041
Ke Liu,fefcd069fced019d94688886f7bd77a266bd194f,,2375719922
Xiao-Hui Wang,fefcd069fced019d94688886f7bd77a266bd194f,,2118240587
De Li,fefcd069fced019d94688886f7bd77a266bd194f,,2282286360
Jin-Chun Piao,fefcd069fced019d94688886f7bd77a266bd194f,,2281989811
Xiaojuan Wu,6eadcc88c21fc5141eb63f014e162ca938c09987,,2154605634
Jiwu Zhang,6eadcc88c21fc5141eb63f014e162ca938c09987,,2107982065
Fujian Guo,6eadcc88c21fc5141eb63f014e162ca938c09987,,117778344
R. Devesh,6eadcc88c21fc5141eb63f014e162ca938c09987,,2363698601
Kumar Misra,6eadcc88c21fc5141eb63f014e162ca938c09987,,2363698633
Xuemin Wang,6eadcc88c21fc5141eb63f014e162ca938c09987,,2336530093
Xiucheng Li,6eadcc88c21fc5141eb63f014e162ca938c09987,,2329083599
Miaomiao Tian,994329253cc932f05882fdc360bf200830400430,,2056454564
Shenshen Luan,994329253cc932f05882fdc360bf200830400430,,2294359625
Wei Hu,ec571e94c2a8df622d55435c7cb1d0d0389bad0c,,2384167852
Manli Wang,ec571e94c2a8df622d55435c7cb1d0d0389bad0c,,2145276979
Changsen Zhang,ec571e94c2a8df622d55435c7cb1d0d0389bad0c,,2204126324
Yiwen Dou,1d66c63a9ae87a6c95b3a053fe1be692fe445e58,,2395817702
Yiting Gao,1d66c63a9ae87a6c95b3a053fe1be692fe445e58,,2158445784
Mei Gao,1d66c63a9ae87a6c95b3a053fe1be692fe445e58,,2147416198
Senyan Zhao,1d66c63a9ae87a6c95b3a053fe1be692fe445e58,,2000834112
Chenhao Zeng,1d66c63a9ae87a6c95b3a053fe1be692fe445e58,,2396318217
Feng Huang,4e55ace2eddd2fa8b3b59ba7031f8f9ee466d358,,2153751686
Jiong Huang,4e55ace2eddd2fa8b3b59ba7031f8f9ee466d358,,2128676588
Jing Wu,4e55ace2eddd2fa8b3b59ba7031f8f9ee466d358,,2149267521
Jianhua Lin,4e55ace2eddd2fa8b3b59ba7031f8f9ee466d358,,2279519332
Jing Guo,4e55ace2eddd2fa8b3b59ba7031f8f9ee466d358,,2269771415
Yunxiang Li,4e55ace2eddd2fa8b3b59ba7031f8f9ee466d358,,2297812171
Zhewei Liu,4e55ace2eddd2fa8b3b59ba7031f8f9ee466d358,,2323398329
Ruoyu Yang,bd5fa1f313109383b484b710383bb19c223ac7b3,,2347942452
Huaixin Chen,bd5fa1f313109383b484b710383bb19c223ac7b3,,2258684586
Sijie Luo,bd5fa1f313109383b484b710383bb19c223ac7b3,,2316897483
Zhixi Wang,bd5fa1f313109383b484b710383bb19c223ac7b3,,2350298082
Quoc-Viet Hoang,45a1ca16efdfbcc43e8d409cf02e025f30586a01,,2303941072
M. Demirhan,a34645ce8ecf56e3279fc17c7bd8cea44ad222c6,,9449524
S. E. Yuksel,a34645ce8ecf56e3279fc17c7bd8cea44ad222c6,,3162554
A.-M. Raita-Hakola,a34645ce8ecf56e3279fc17c7bd8cea44ad222c6,,2125362197
I. Pölönen,a34645ce8ecf56e3279fc17c7bd8cea44ad222c6,,2565479
Yashwitha Reddy Chapala,9618adcd534fff7a024a78fac074e7edc52f79d3,,2428578257
Praveen Kumar Kalangi,9618adcd534fff7a024a78fac074e7edc52f79d3,,2303924899
Sriram Bodla,9618adcd534fff7a024a78fac074e7edc52f79d3,,2428578071
Aishwarya Tota,9618adcd534fff7a024a78fac074e7edc52f79d3,,2428577907
Nitisha Sharma,9618adcd534fff7a024a78fac074e7edc52f79d3,,2405524302
B. Goud,9618adcd534fff7a024a78fac074e7edc52f79d3,,2283497149
G. L. A. Babu,9618adcd534fff7a024a78fac074e7edc52f79d3,,2287695861
Gudepu Sai Krishna,9618adcd534fff7a024a78fac074e7edc52f79d3,,2381849293
Aditya Bharadwaj,6abc2e1f6d66c2f8c7b2b36e6c445e1a8bf2a592,,2399056560
Inderjeet,6abc2e1f6d66c2f8c7b2b36e6c445e1a8bf2a592,,2212477566
J. S. Sahambi,6abc2e1f6d66c2f8c7b2b36e6c445e1a8bf2a592,,2295129090
Derong Kong,0876840f8b2da1a08e89e343585c8f125959aa6d,,2349817713
Zhixiong Yang,0876840f8b2da1a08e89e343585c8f125959aa6d,,2244603168
Shengxi Li,0876840f8b2da1a08e89e343585c8f125959aa6d,,2298054749
Shuaifeng Zhi,0876840f8b2da1a08e89e343585c8f125959aa6d,,2315508563
Li Liu,0876840f8b2da1a08e89e343585c8f125959aa6d,,2390918957
Zhen Liu,0876840f8b2da1a08e89e343585c8f125959aa6d,,2296849096
Jingyuan Xia,0876840f8b2da1a08e89e343585c8f125959aa6d,,2339583268
Zhangzhao Cha,68ebb3ababe0a896baf3b317e007e8c468d0af26,,2213174962
Yi Tang,68ebb3ababe0a896baf3b317e007e8c468d0af26,,2332606773
Yingjian Li,2fe96346d3a5068a29d561cf0bf5c66ac68d40bd,,2353663423
Kaibing Zhang,2fe96346d3a5068a29d561cf0bf5c66ac68d40bd,,2238968445
Xuan Zhou,2fe96346d3a5068a29d561cf0bf5c66ac68d40bd,,2395969989
Zhouqiang Zhang,2fe96346d3a5068a29d561cf0bf5c66ac68d40bd,,2330255180
Sheng Hu,2fe96346d3a5068a29d561cf0bf5c66ac68d40bd,,2299529311
Wei Wang,4dd342a27a2fa65b0b45bc08552caaa4c21dd49a,,2158505639
Yi Zhu,4dd342a27a2fa65b0b45bc08552caaa4c21dd49a,,2354603437
Mingming Zhang,4dd342a27a2fa65b0b45bc08552caaa4c21dd49a,,2353847483
Chao Xie,4dd342a27a2fa65b0b45bc08552caaa4c21dd49a,,2158024018
Jigar Dalwadi,cea36c0be74a4d74c3f221b4d27b0f9ac2992328,,2391596532
Niteen Vaghela,cea36c0be74a4d74c3f221b4d27b0f9ac2992328,,2391595175
Poonam Sahibani,cea36c0be74a4d74c3f221b4d27b0f9ac2992328,,2391594909
Vishal M. Patel,cea36c0be74a4d74c3f221b4d27b0f9ac2992328,,2319851443
Xinhua Wang,976c850636176addd29ee604868ddf657d8c7227,,2387431624
Caibo Feng,976c850636176addd29ee604868ddf657d8c7227,,2365053308
Xiang Fu,976c850636176addd29ee604868ddf657d8c7227,,2304147289
Chunxiao Liu,976c850636176addd29ee604868ddf657d8c7227;8f3561dd77356cb2e929456e90525990f21898c4,,2107927047
Wenchao Li,5e7791b4c2eb34dd54e2535e906c62465599febe;1e55ce34fbf8874936955472b790d17bc405cd9a;0281adec15d01773593b4993019b33c055e6d403;df9fa85d1674879e648e62126743cd8dc1e19841,,2265521694
Shuyuan Wen,5e7791b4c2eb34dd54e2535e906c62465599febe;1e55ce34fbf8874936955472b790d17bc405cd9a;0281adec15d01773593b4993019b33c055e6d403;df9fa85d1674879e648e62126743cd8dc1e19841,,2265494825
Jinhao Zhu,5e7791b4c2eb34dd54e2535e906c62465599febe;1e55ce34fbf8874936955472b790d17bc405cd9a;df9fa85d1674879e648e62126743cd8dc1e19841,,2265666097
Qiaofeng Ou,5e7791b4c2eb34dd54e2535e906c62465599febe;1e55ce34fbf8874936955472b790d17bc405cd9a;df9fa85d1674879e648e62126743cd8dc1e19841,,2261011
Bangshu Xiong,5e7791b4c2eb34dd54e2535e906c62465599febe;1e55ce34fbf8874936955472b790d17bc405cd9a;df9fa85d1674879e648e62126743cd8dc1e19841,,2265489543
Fangtong Sun,f72a3234a3bd0f866d05201ad790945c779dbf11,,2350157855
Congyu Li,f72a3234a3bd0f866d05201ad790945c779dbf11,,2281999332
Ke Yang,f72a3234a3bd0f866d05201ad790945c779dbf11,,2256475188
Yuchen Pan,f72a3234a3bd0f866d05201ad790945c779dbf11,,2277575514
Hanwen Yu,f72a3234a3bd0f866d05201ad790945c779dbf11,,2834956
Xichuan Zhang,f72a3234a3bd0f866d05201ad790945c779dbf11,,2316516219
Yiying Li,f72a3234a3bd0f866d05201ad790945c779dbf11,,2241488738
Dirui Xie,c80ca89f1a56a4e9025f7f771e48b332cf9a9f01;c144cf437977584f9988c9cd12d85ed7e539aa01;1bd0a409568b7214f8c20dc8046baff150a7be89;89632ceab7cb79c1e9b683c4036669c00ac997cb;08dfdabca3e90170cc62924486b8dbe2ec9ef866;7aaf9d1ef4891f70aa25aaa073857ac699c4f48f,,2211254189
Xiaofang Hu,c80ca89f1a56a4e9025f7f771e48b332cf9a9f01;c144cf437977584f9988c9cd12d85ed7e539aa01;fc455241cd0fa99f73d018b39640ba687d10c4ec;1bd0a409568b7214f8c20dc8046baff150a7be89,,2289192561
Zihan Wei,c80ca89f1a56a4e9025f7f771e48b332cf9a9f01,,2212099672
Zhengqi Yang,c80ca89f1a56a4e9025f7f771e48b332cf9a9f01,,72486540
Yanlian Jiang,c80ca89f1a56a4e9025f7f771e48b332cf9a9f01,,2388540423
Yue Zhou,c80ca89f1a56a4e9025f7f771e48b332cf9a9f01;c144cf437977584f9988c9cd12d85ed7e539aa01;fc455241cd0fa99f73d018b39640ba687d10c4ec;1bd0a409568b7214f8c20dc8046baff150a7be89;89632ceab7cb79c1e9b683c4036669c00ac997cb;08dfdabca3e90170cc62924486b8dbe2ec9ef866;7aaf9d1ef4891f70aa25aaa073857ac699c4f48f,,2116451313
Weilin Wu,bb40f61e6205e7fcc54a2070e278a85cf0ce9363,,2377903351
Shifan Yang,bb40f61e6205e7fcc54a2070e278a85cf0ce9363,,2389391519
Qizhao Lin,bb40f61e6205e7fcc54a2070e278a85cf0ce9363,,2261867936
Xinghong Chen,bb40f61e6205e7fcc54a2070e278a85cf0ce9363,,2118654284
Kunping Yang,bb40f61e6205e7fcc54a2070e278a85cf0ce9363,,2274753939
Jing Wang,bb40f61e6205e7fcc54a2070e278a85cf0ce9363,,40470615
Guannan Chen,bb40f61e6205e7fcc54a2070e278a85cf0ce9363,,2363602708
Mei-Yang Wang,f1548da8816919e2626d71a1a22754a3d481274f,,2304686040
Xuejing Kang,f1548da8816919e2626d71a1a22754a3d481274f,,1690834884
Yaxi Lu,f1548da8816919e2626d71a1a22754a3d481274f,,2456527836
Jie Xu,f1548da8816919e2626d71a1a22754a3d481274f,,2328804723
Xingxiang Zhou,319c2d6df5644d8175937574dd0e3a4a23762161,,2323730117
Xiangdong Su,319c2d6df5644d8175937574dd0e3a4a23762161,,80644791
Haoran Zhang,319c2d6df5644d8175937574dd0e3a4a23762161,,152454078
Wei Chen,319c2d6df5644d8175937574dd0e3a4a23762161,,2154940576
Guanglai Gao,319c2d6df5644d8175937574dd0e3a4a23762161,,2296714815
Qiyao Luo,11ec0fb679d971e79bc813c138bb362d39b47196,,2384402024
Yongqing Qian,11ec0fb679d971e79bc813c138bb362d39b47196,,2342101368
Yuan Shi,bea462be12e4ba675441d9e9dc09bc523e5239ac,,2400698445
Yiren Chen,bea462be12e4ba675441d9e9dc09bc523e5239ac,,2339725758
Xianyang Wang,bea462be12e4ba675441d9e9dc09bc523e5239ac,,2327792169
Jiaxuan Wang,05ba639c0fa98f6b03e61942cae405c79897f9a3;06343cb261eb78849320f5b4f680555deed401e5;7043818c120a0a8313418fbd7eacf753f85efa90,,2271359439
Huiyuan Fu,05ba639c0fa98f6b03e61942cae405c79897f9a3;06343cb261eb78849320f5b4f680555deed401e5;af69b2bc0192a2b4959e32c57c8ed1eab0173652;7043818c120a0a8313418fbd7eacf753f85efa90;bc786ceae3f1f9ae072d10c76169dac2fc0ce647,,2513605
Wenkai Zheng,05ba639c0fa98f6b03e61942cae405c79897f9a3;7043818c120a0a8313418fbd7eacf753f85efa90;bc786ceae3f1f9ae072d10c76169dac2fc0ce647,,2186746235
Xicong Wang,05ba639c0fa98f6b03e61942cae405c79897f9a3;06343cb261eb78849320f5b4f680555deed401e5;7043818c120a0a8313418fbd7eacf753f85efa90,,2271362374
Xin Wang,05ba639c0fa98f6b03e61942cae405c79897f9a3;06343cb261eb78849320f5b4f680555deed401e5,,2322102717
Heng Zhang,05ba639c0fa98f6b03e61942cae405c79897f9a3;06343cb261eb78849320f5b4f680555deed401e5;7043818c120a0a8313418fbd7eacf753f85efa90,,2271866730
Huadong Ma,05ba639c0fa98f6b03e61942cae405c79897f9a3;06343cb261eb78849320f5b4f680555deed401e5,,2248034542
Nuoya Li,a7be2f792b09500979702711bdb231d457e3e4dd,,2283087675
Weiguo Pan,a7be2f792b09500979702711bdb231d457e3e4dd,,2307436131
Bingxin Xu,a7be2f792b09500979702711bdb231d457e3e4dd,,2283059953
Hongzhe Liu,a7be2f792b09500979702711bdb231d457e3e4dd,,2283089934
Songyin Dai,a7be2f792b09500979702711bdb231d457e3e4dd,,2150490850
Cheng Xu,a7be2f792b09500979702711bdb231d457e3e4dd,,2348494903
X. Cai,7218ea6ba075a9735298d537fbe42980b9233d7a,,2303230460
Weinan Chen,7218ea6ba075a9735298d537fbe42980b9233d7a,,2109085614
Tierui Zhang,7218ea6ba075a9735298d537fbe42980b9233d7a,,2357699962
Jiayuan Cao,7218ea6ba075a9735298d537fbe42980b9233d7a,,2240027790
Houbo Zhang,89a44c4e9b94a93f1fe8ca37257cb187057339fc,,2384712435
Yitang Zuo,89a44c4e9b94a93f1fe8ca37257cb187057339fc,,2393100989
Runxin Yang,61501862e1b8251c92900767992394fdfecdb1ed,,2363945261
Yinghao Liu,61501862e1b8251c92900767992394fdfecdb1ed;0fb47ad2ce75eb344c70f32defbfbea379f38324,,2343996305
Wenhui Wu,cc9cb2e89fd56f62d8b61b0478a4dca1fabc5d6b;bf7e12cad1af19cf9ff0b899b7857ac68e4346bd,,2139644112
J. Pang,cc9cb2e89fd56f62d8b61b0478a4dca1fabc5d6b,,2277670084
Shuaibo Gao,cc9cb2e89fd56f62d8b61b0478a4dca1fabc5d6b,,2220864349
Pingping Zhang,cc9cb2e89fd56f62d8b61b0478a4dca1fabc5d6b;bf7e12cad1af19cf9ff0b899b7857ac68e4346bd,,2154286605
Zhe Chen,cc9cb2e89fd56f62d8b61b0478a4dca1fabc5d6b,,2144321516
Guoping Qiu,cc9cb2e89fd56f62d8b61b0478a4dca1fabc5d6b,,2261750080
Yiqiang Zhou,817b52af80189a230eb90a15e3947fff8fdde4de,,2237957901
Xindan Gao,817b52af80189a230eb90a15e3947fff8fdde4de,,2323942678
Jifeng Guo,817b52af80189a230eb90a15e3947fff8fdde4de,,2349552436
Guang Li,817b52af80189a230eb90a15e3947fff8fdde4de,,2342632798
Lu Wang,817b52af80189a230eb90a15e3947fff8fdde4de,,2265156736
Jing Liu,817b52af80189a230eb90a15e3947fff8fdde4de,,2386640187
Wenhao Yu,47a310a67141f583d7252f438c306deef0a7650b,,2261366011
Jiangwei Weng,47a310a67141f583d7252f438c306deef0a7650b;cc65c6566708e267ea1d25fa34e891f71f2f8bfc;f35573beb971d8f3549acf452250e3153c882ab1,,2301455592
Jun Li,47a310a67141f583d7252f438c306deef0a7650b,,2330228278
Shifa Chen,ec3777195a59213109b6614866ce753ee5deb986,,2433095905
Xingzheng Wang,ec3777195a59213109b6614866ce753ee5deb986;fed62a4f250fbda97d875636fec49d4178ccb9f5,,2289802165
Guoqiang Gong,ec3777195a59213109b6614866ce753ee5deb986,,2350347193
Daizong Tian,a0b5d840c7d9e7236d7e298887b8694d6bb0c2da,,1452345027
A. Choudhury,a0b5d840c7d9e7236d7e298887b8694d6bb0c2da,,2526476
Walt Husak,a0b5d840c7d9e7236d7e298887b8694d6bb0c2da,,47236701
Daniel Torres,e31f466cc29b189d73b31fd75703f577912d0ac9;3023feb777b2ce806aca113273af4ae3e20d88aa,,2289882421
Catalina Sbert,e31f466cc29b189d73b31fd75703f577912d0ac9;3023feb777b2ce806aca113273af4ae3e20d88aa,,2289884726
Joan Duran,e31f466cc29b189d73b31fd75703f577912d0ac9;3023feb777b2ce806aca113273af4ae3e20d88aa,,2289881176
Tonmoy Ghosh,f6a7b7fc4c728f7d4bf77dd1f9e4741b4e75d83b,,148197904
Md Billal Hossain,f6a7b7fc4c728f7d4bf77dd1f9e4741b4e75d83b,,2302505667
Steven J. Holiday,f6a7b7fc4c728f7d4bf77dd1f9e4741b4e75d83b,,2324055594
Matthew R. Cribbet,f6a7b7fc4c728f7d4bf77dd1f9e4741b4e75d83b,,2377171877
Susan White,f6a7b7fc4c728f7d4bf77dd1f9e4741b4e75d83b,,2184506057
Yu Gan,f6a7b7fc4c728f7d4bf77dd1f9e4741b4e75d83b,,2377064420
Edward Sazonov,f6a7b7fc4c728f7d4bf77dd1f9e4741b4e75d83b,,2324055743
Hufsa Khan,a0f82fa244978864bfaa1df22be9e33d1840e212;9276df8ba23713cfa4665dca0f0c476ade58152b;1fa8e24a043a937860dbbe8cb6b6c2212b0a1bad;c70003575790daa4db6d60b5844a25896105e5d2,,2147395983
Muhammad Tahir Rasheed,a0f82fa244978864bfaa1df22be9e33d1840e212;9276df8ba23713cfa4665dca0f0c476ade58152b,,2267912972
Shengli Zhang,a0f82fa244978864bfaa1df22be9e33d1840e212,,2186282191
Shangquan Sun,9b5f149b92be81504734d01d833d2a5e1c15543e;934775a29e913a0a0a455d110142120871625039,,2125119000
Wenqi Ren,9b5f149b92be81504734d01d833d2a5e1c15543e;11c52757c7dd3d50fc62fccc7971c6d3894e28d0,,2276950332
Jingyang Peng,9b5f149b92be81504734d01d833d2a5e1c15543e;934775a29e913a0a0a455d110142120871625039,,2295120922
Fenglong Song,9b5f149b92be81504734d01d833d2a5e1c15543e;934775a29e913a0a0a455d110142120871625039,,2274326993
Xiaochun Cao,9b5f149b92be81504734d01d833d2a5e1c15543e;934775a29e913a0a0a455d110142120871625039,,2265310728
Guang Han,558dae93b44d3e5a6f17dfad45d0f4077423a0c2;2a728d6370f5f229900e963c0d0880caaea4d760,,2184044895
Binming Zeng,558dae93b44d3e5a6f17dfad45d0f4077423a0c2,,2379343244
Zifan Rui,558dae93b44d3e5a6f17dfad45d0f4077423a0c2,,2379383196
Yaolong Hu,558dae93b44d3e5a6f17dfad45d0f4077423a0c2,,2380141326
Xiaofan Yu,558dae93b44d3e5a6f17dfad45d0f4077423a0c2,,2396842211
Po-Wen Hsieh,cedf25a44f27c15910f41cc203dcff42e198205d,,1974017
Suh-Yuh Yang,cedf25a44f27c15910f41cc203dcff42e198205d,,2547124
Wei Lu,0c06aea02a15be8a5d7b24de74a5f322141b0b4a,,2322593644
Lingyu Zhu,0c06aea02a15be8a5d7b24de74a5f322141b0b4a;37fd320261a506883970ad9abcf280cf210862a8;6ffe412d303705239835a6b49ba5c191e61fe24b;3ced108a14812f54d17b2bd773e59fde6cb1bac5;3ac173213b682e01f554d0e48431608494acaf68,,2281724124
Sihao Chen,0c06aea02a15be8a5d7b24de74a5f322141b0b4a,,2301351160
Mehmood Nawaz,aa254d0f56473da507e04eda99abe6074add3387,,2322903403
M. Hamza,aa254d0f56473da507e04eda99abe6074add3387,,2260414880
Muhammad Daud,aa254d0f56473da507e04eda99abe6074add3387,,2341119606
Khadija Bibi,aa254d0f56473da507e04eda99abe6074add3387,,2265881614
Muhammad A. A. Abdelgawad,aa254d0f56473da507e04eda99abe6074add3387,,2287165902
Muhammad Shafique,aa254d0f56473da507e04eda99abe6074add3387,,2227916275
Kai Jiang,ed44fc476f5bed5b6c7e5b95ce8711283a47f1cb,,2332505245
Baoju Zhang,ed44fc476f5bed5b6c7e5b95ce8711283a47f1cb,,2220183772
Bo Zhang,ed44fc476f5bed5b6c7e5b95ce8711283a47f1cb,,2208122861
Cuiping Zhang,ed44fc476f5bed5b6c7e5b95ce8711283a47f1cb,,40531119
Bohua Chu,ed44fc476f5bed5b6c7e5b95ce8711283a47f1cb,,2368859316
Yameng Zhang,ed44fc476f5bed5b6c7e5b95ce8711283a47f1cb,,2322610245
Mengqi Xue,ed44fc476f5bed5b6c7e5b95ce8711283a47f1cb,,2322554149
Supriya Singh,eb24d02a7a00ae6bcd0f55b05f6f399991e5c2fb,,2319615098
Deepa Raj,eb24d02a7a00ae6bcd0f55b05f6f399991e5c2fb,,2319471352
Ziang Wang,a8fd06e37ce5081cefa0cf8d0c268c9e5b3a55ec,,2378243224
Xiaoqin Wang,a8fd06e37ce5081cefa0cf8d0c268c9e5b3a55ec,,2289215538
Dingyi Wang,a8fd06e37ce5081cefa0cf8d0c268c9e5b3a55ec,,2145384996
Qiang Li,a8fd06e37ce5081cefa0cf8d0c268c9e5b3a55ec,,2338298932
Shushan Qiao,a8fd06e37ce5081cefa0cf8d0c268c9e5b3a55ec,,2139902800
Zhipeng Huang,4b8101c5284205dbc7be2afa5b8b18acebe111b3,,2189696885
Weiming Liu,4b8101c5284205dbc7be2afa5b8b18acebe111b3,,1454014370
Yue Sun,f7e92ba8101a4572f1f975b23eab723d23425c14;524e13cbf780070b339332381eb17b7967701f88,,2308737330
Yutao Jin,f7e92ba8101a4572f1f975b23eab723d23425c14;524e13cbf780070b339332381eb17b7967701f88,,2308842803
Xiaoyan Chen,f7e92ba8101a4572f1f975b23eab723d23425c14;524e13cbf780070b339332381eb17b7967701f88,,2315445463
Yanbin Xu,f7e92ba8101a4572f1f975b23eab723d23425c14,,2415871032
Xiaoning Yan,f7e92ba8101a4572f1f975b23eab723d23425c14;524e13cbf780070b339332381eb17b7967701f88,,2152614428
Zefu Liu,f7e92ba8101a4572f1f975b23eab723d23425c14,,2224090559
Yonghua Zhang,c269c28fe8dbf44c4784aff190a816ca1ba734dc;0fb47ad2ce75eb344c70f32defbfbea379f38324;3011f420df87f85d2b477cd66d88b02d87772837,,2210479199
Yujie Ding,c269c28fe8dbf44c4784aff190a816ca1ba734dc;3011f420df87f85d2b477cd66d88b02d87772837,,2266136792
Hongxuan Xie,c269c28fe8dbf44c4784aff190a816ca1ba734dc,,2387818911
Shuo Zhang,c269c28fe8dbf44c4784aff190a816ca1ba734dc,,2350998079
Hui Xu,c269c28fe8dbf44c4784aff190a816ca1ba734dc,,2149189783
Lvchen Cao,c269c28fe8dbf44c4784aff190a816ca1ba734dc;0fb47ad2ce75eb344c70f32defbfbea379f38324;3011f420df87f85d2b477cd66d88b02d87772837,,2266359800
Ziqing Huang,c269c28fe8dbf44c4784aff190a816ca1ba734dc;0fb47ad2ce75eb344c70f32defbfbea379f38324;3011f420df87f85d2b477cd66d88b02d87772837,,2249123239
Chenbo Shi,601020f3783235d43f1e2963f1a3bf72839be6bb,,2180146240
Xiangyu Zhang,601020f3783235d43f1e2963f1a3bf72839be6bb,,2325689187
Delin Wang,601020f3783235d43f1e2963f1a3bf72839be6bb,,2325613419
Changsheng Zhu,601020f3783235d43f1e2963f1a3bf72839be6bb,,2256797855
Aiping Liu,601020f3783235d43f1e2963f1a3bf72839be6bb,,2374310747
Chun Zhang,601020f3783235d43f1e2963f1a3bf72839be6bb,,2180426467
Xiaobing Feng,601020f3783235d43f1e2963f1a3bf72839be6bb,,2348779279
Jianxing Wu,27f8c7910497f7cd6430ad6b32e72a351ebe5855,,2376831338
T. Ran,27f8c7910497f7cd6430ad6b32e72a351ebe5855,,2088932195
Wendong Xiao,27f8c7910497f7cd6430ad6b32e72a351ebe5855,,2093593356
Liang Yuan,27f8c7910497f7cd6430ad6b32e72a351ebe5855,,2089025639
Qing Tao,27f8c7910497f7cd6430ad6b32e72a351ebe5855,,2283776841
Qi Cheng,c144cf437977584f9988c9cd12d85ed7e539aa01,,2314354404
Anxin Zhao,0cec670edc2b33461e7b3a14c4d100f3ab5c9550,,2224937951
Qiuhong Zheng,0cec670edc2b33461e7b3a14c4d100f3ab5c9550,,2374374920
Liang Li,0cec670edc2b33461e7b3a14c4d100f3ab5c9550,,2311346846
Zeyang Yu,28a5a72dfd4651191c64f0d1534cd4176566919a,,2385115118
Yi Fang,28a5a72dfd4651191c64f0d1534cd4176566919a,,2112786983
Qiang Ling,28a5a72dfd4651191c64f0d1534cd4176566919a,,2242936090
Hui Zhou,3d9f4ccbbd4d71555bcc14eb01aea6b701c08af0,,2342033285
Jun Li,3d9f4ccbbd4d71555bcc14eb01aea6b701c08af0,,2334862594
Yaming Mao,3d9f4ccbbd4d71555bcc14eb01aea6b701c08af0,,2375176508
Lu Liu,3d9f4ccbbd4d71555bcc14eb01aea6b701c08af0,,2368920049
Yiyang Lu,3d9f4ccbbd4d71555bcc14eb01aea6b701c08af0,,2330417040
Jun Ma,fdf086c90c16c029d32bff488a19903a01082ac8,,2306498022
Zejie Sun,fdf086c90c16c029d32bff488a19903a01082ac8,,2365273825
Yuling Wu,fdf086c90c16c029d32bff488a19903a01082ac8,,2365190357
Dongyang Jin,fdf086c90c16c029d32bff488a19903a01082ac8,,2282024278
Yang Yang,d07670a1374dc5e02ee2041686dda03e9f7a99f9,,2322063612
Yucheng Yang,d07670a1374dc5e02ee2041686dda03e9f7a99f9,,2325105783
Shihao Zhu,d07670a1374dc5e02ee2041686dda03e9f7a99f9,,2368398075
Zekai Shang,d07670a1374dc5e02ee2041686dda03e9f7a99f9,,2395010026
Xing Pan,d07670a1374dc5e02ee2041686dda03e9f7a99f9,,2328542488
Ebin J Alapatt,45e4fe27939543b7722c91d6af61017ff3bd63f0,,2381851649
Pankaj Kumar G,45e4fe27939543b7722c91d6af61017ff3bd63f0,,2381853519
N. Eswar,45e4fe27939543b7722c91d6af61017ff3bd63f0,,2003306999
Aman K Shihab,45e4fe27939543b7722c91d6af61017ff3bd63f0,,2381854940
S. Bhatt,45e4fe27939543b7722c91d6af61017ff3bd63f0,,2381852092
Sreevishnu Damodaran,45e4fe27939543b7722c91d6af61017ff3bd63f0,,2381851710
A. A. Aswathy,45e4fe27939543b7722c91d6af61017ff3bd63f0,,2381851848
Kun Wang,811487d5781dac66f1571d051be542d8dd4c5408,,2280592774
Xiangchu Feng,811487d5781dac66f1571d051be542d8dd4c5408,,2280730241
Ze Li,dc7bab33d29f27880d4bcb7cd9e38ce026e30ccc,,2292318468
Feng Zhang,dc7bab33d29f27880d4bcb7cd9e38ce026e30ccc,,2373871211
Xiatian Zhu,dc7bab33d29f27880d4bcb7cd9e38ce026e30ccc,,2310779366
Meng-Xia Zhang,dc7bab33d29f27880d4bcb7cd9e38ce026e30ccc,,2190704140
Yanghong Zhou,dc7bab33d29f27880d4bcb7cd9e38ce026e30ccc,,3087985
P. Mok,dc7bab33d29f27880d4bcb7cd9e38ce026e30ccc,,2055816103
Xingpeng Zhang,846be46582c005e21fbaa50196d14ea6aca86ba0,,2268794543
Sijing Wu,846be46582c005e21fbaa50196d14ea6aca86ba0,,2294680318
Qiuli Wang,846be46582c005e21fbaa50196d14ea6aca86ba0,,2294672782
Kaixin Wang,846be46582c005e21fbaa50196d14ea6aca86ba0,,2331945233
Siyong Fu,08b7d6692d128572ab98f98103e19e1616a3a635,,2271228851
Qinghua Zhao,08b7d6692d128572ab98f98103e19e1616a3a635,,2265488947
Hesheng Liu,08b7d6692d128572ab98f98103e19e1616a3a635,,2265434180
Qiuxiang Tao,08b7d6692d128572ab98f98103e19e1616a3a635,,2265480449
Danjuan Liu,08b7d6692d128572ab98f98103e19e1616a3a635,,2358028416
Junkai Fan,cc65c6566708e267ea1d25fa34e891f71f2f8bfc,,2266124407
Jianjun Qian,cc65c6566708e267ea1d25fa34e891f71f2f8bfc,,2261987864
H. Zou,cc65c6566708e267ea1d25fa34e891f71f2f8bfc,,103054625
Ying-ji Tai,cc65c6566708e267ea1d25fa34e891f71f2f8bfc;f35573beb971d8f3549acf452250e3153c882ab1,,13459129
Jian Yang,cc65c6566708e267ea1d25fa34e891f71f2f8bfc,,2146236970
Jun Li,cc65c6566708e267ea1d25fa34e891f71f2f8bfc,,2298349023
Hao Luo,37fd320261a506883970ad9abcf280cf210862a8;6ffe412d303705239835a6b49ba5c191e61fe24b,,2320190989
Yudong Mao,37fd320261a506883970ad9abcf280cf210862a8,,2152119664
Yixuan Li,37fd320261a506883970ad9abcf280cf210862a8,,2279762308
Zhiwei Zhong,37fd320261a506883970ad9abcf280cf210862a8,,2372089874
Shanshe Wang,37fd320261a506883970ad9abcf280cf210862a8,,1755176
Shiqi Wang,37fd320261a506883970ad9abcf280cf210862a8,,2372435169
Saksham Jain,84ff0cc36b158f7c9de7c6b88b393000ea53c6bc,,2383104557
Sparsh Jain,84ff0cc36b158f7c9de7c6b88b393000ea53c6bc,,2290976695
A. Prajapati,84ff0cc36b158f7c9de7c6b88b393000ea53c6bc,,93662805
Garvita Singh,84ff0cc36b158f7c9de7c6b88b393000ea53c6bc,,2190313064
Dinesh Kumar Vishwakarma,84ff0cc36b158f7c9de7c6b88b393000ea53c6bc,,2325832992
Liuyu Zhu,2e7d834f3a49f979167bd5737a66a18b967edff3,,2316515199
Zhiguan Wang,2e7d834f3a49f979167bd5737a66a18b967edff3,,2890805
Yongsheng Hou,2e7d834f3a49f979167bd5737a66a18b967edff3,,114680093
Zhiqiang Liu,2e7d834f3a49f979167bd5737a66a18b967edff3,,2316517942
Shen Li,2e7d834f3a49f979167bd5737a66a18b967edff3,,2392899697
Xiaoxue Li,2e7d834f3a49f979167bd5737a66a18b967edff3,,2316520825
Xiaofei Zhang,5e43fee8fce5d9b28a30556ad333e561da5efb49;cfc3f2c32b6597830cac744a92b9fe3dfcf494d0,,2283178437
Xiaoguang Di,5e43fee8fce5d9b28a30556ad333e561da5efb49;cfc3f2c32b6597830cac744a92b9fe3dfcf494d0,,2243656776
Runwen Zhu,5e43fee8fce5d9b28a30556ad333e561da5efb49,,2296442522
Yuqian Zhang,2c37b088e3a64cb5462ab13fb04a7bc78dea8198,,2369216530
Jie Jiang,2c37b088e3a64cb5462ab13fb04a7bc78dea8198,,2277419637
Zhan Wang,2c37b088e3a64cb5462ab13fb04a7bc78dea8198,,2369951128
Qi Zhang,2c37b088e3a64cb5462ab13fb04a7bc78dea8198,,2369247544
Yudi Jiang,2c37b088e3a64cb5462ab13fb04a7bc78dea8198,,2369292374
Jun Liu,2c37b088e3a64cb5462ab13fb04a7bc78dea8198,,2375403233
Zeyao Hou,2c37b088e3a64cb5462ab13fb04a7bc78dea8198;524e13cbf780070b339332381eb17b7967701f88,,2350339437
Bo Peng,f4a31575a055204d0f9ab565d8b74c6b2d80d101;e28a2008c524b93407357b401d596842851d927b;555b2d78d93fc9119f9e20c676b0764b1f20a178,,2054590685
Jia Zhang,f4a31575a055204d0f9ab565d8b74c6b2d80d101;e28a2008c524b93407357b401d596842851d927b,,2271223169
Zhe Zhang,f4a31575a055204d0f9ab565d8b74c6b2d80d101;e28a2008c524b93407357b401d596842851d927b;555b2d78d93fc9119f9e20c676b0764b1f20a178,,2177091563
Liying Xu,f4a31575a055204d0f9ab565d8b74c6b2d80d101,,2130011929
Qingming Huang,f4a31575a055204d0f9ab565d8b74c6b2d80d101;e28a2008c524b93407357b401d596842851d927b,,2237597856
Tao Wang,f4a31575a055204d0f9ab565d8b74c6b2d80d101,,2257008916
Jianjun Lei,f4a31575a055204d0f9ab565d8b74c6b2d80d101;e28a2008c524b93407357b401d596842851d927b;555b2d78d93fc9119f9e20c676b0764b1f20a178,,143879230
Xiong Liu,10eb36a4ebf8a310d6493c428e83389089af7822,,2110678576
Juan Zhang,10eb36a4ebf8a310d6493c428e83389089af7822,,2108137577
Qiushi Cui,10eb36a4ebf8a310d6493c428e83389089af7822,,2333271928
Yingyue Zhou,10eb36a4ebf8a310d6493c428e83389089af7822,,2341934491
Qian Wang,10eb36a4ebf8a310d6493c428e83389089af7822,,2274346132
Zining Zhao,10eb36a4ebf8a310d6493c428e83389089af7822,,2367065092
Yong Li,10eb36a4ebf8a310d6493c428e83389089af7822,,2275631168
Maozhen Liu,cfc3f2c32b6597830cac744a92b9fe3dfcf494d0,,2307982973
Qian Zhao,c4df330d510cd5352e5108e80b3e760620f8ec55,,2283488059
Gang Li,c4df330d510cd5352e5108e80b3e760620f8ec55,,2284864325
Bin He,c4df330d510cd5352e5108e80b3e760620f8ec55,,2082464010
Run-Sheng Shen,c4df330d510cd5352e5108e80b3e760620f8ec55,,2142196618
Qiao Zhang,0fdb839b8df99a8b26a4de03a32db91175460277,,2350761462
Mingwen Shao,0fdb839b8df99a8b26a4de03a32db91175460277,,2350666331
Xinyuan Chen,0fdb839b8df99a8b26a4de03a32db91175460277,,2263978040
Junsong Wang,9276df8ba23713cfa4665dca0f0c476ade58152b,,2346036934
Yan Kang,9276df8ba23713cfa4665dca0f0c476ade58152b,,2346258624
Rui He,c8471ba9b5fd9d1532f52c878806d7177420e5c9;44572ecd0b7dc88da5c96ca857ab809dacaed77e,,2260455216
Xuanhe Li,c8471ba9b5fd9d1532f52c878806d7177420e5c9;44572ecd0b7dc88da5c96ca857ab809dacaed77e,,2266001395
Jian Wu,c8471ba9b5fd9d1532f52c878806d7177420e5c9;44572ecd0b7dc88da5c96ca857ab809dacaed77e,,2260728198
Yuanshuo Cheng,b680c96323a8bb37003c61d6310343a39af6f0cf;f779a1a0d293aca6d753cc4c6d67c1ddbc147899;1e4b9fb2efa19a026c644665abfab70c4215508c,,2153514280
Mingwen Shao,b680c96323a8bb37003c61d6310343a39af6f0cf;f779a1a0d293aca6d753cc4c6d67c1ddbc147899;1e4b9fb2efa19a026c644665abfab70c4215508c,,2237783247
Yecong Wan,b680c96323a8bb37003c61d6310343a39af6f0cf;1e4b9fb2efa19a026c644665abfab70c4215508c,,2147200675
Yuanjian Qiao,b680c96323a8bb37003c61d6310343a39af6f0cf,,1828827901
Wangmeng Zuo,b680c96323a8bb37003c61d6310343a39af6f0cf;c9ed01a2a4d93c8aef914e730e4996ba5fdfeea3,,2279210262
Deyu Meng,b680c96323a8bb37003c61d6310343a39af6f0cf,,2324996221
Shubo Zhou,904e1cb8651090fc9e4395522cf02ffc080e838e,,2346284010
Jingjing Jiang,904e1cb8651090fc9e4395522cf02ffc080e838e,,2369221495
Zhijun Fang,904e1cb8651090fc9e4395522cf02ffc080e838e,,2348313475
Xiaoming Ding,904e1cb8651090fc9e4395522cf02ffc080e838e,,2117434876
Rongfang Huang,904e1cb8651090fc9e4395522cf02ffc080e838e,,2453818449
Xue-qin Jiang,904e1cb8651090fc9e4395522cf02ffc080e838e,,2313868791
Haosen Dong,41e72810e7255f1df67db39bac39d3b4afb75aa9,,2176367668
Shihao Cheng,41e72810e7255f1df67db39bac39d3b4afb75aa9;425416f67664e7fa602ca2de3c6ea9440faf1e23,,2353201686
Tianyou Fang,41e72810e7255f1df67db39bac39d3b4afb75aa9,,2364470230
Jin Chen,41e72810e7255f1df67db39bac39d3b4afb75aa9,,2303900987
Zhigang Tu,41e72810e7255f1df67db39bac39d3b4afb75aa9;425416f67664e7fa602ca2de3c6ea9440faf1e23,,2352932765
Sathish Mothe,0ddeaf3de20334bb5b5442df1b4bedb31b3ee4e0;858c7d5174059ed0e6bab0fe04b851ecc9bd6698,,2346449677
Srinivas Kankanala,0ddeaf3de20334bb5b5442df1b4bedb31b3ee4e0;858c7d5174059ed0e6bab0fe04b851ecc9bd6698,,2346439254
P. Wijesiri,22ceda1805805b23c194c75f745f9aa4c19a99cf,,2379243985
Guhanathan Poravi,22ceda1805805b23c194c75f745f9aa4c19a99cf,,51938252
Bo Jiang,e03f140683277d7511baba7cf40ac3f5d953abc5,,2177275988
Xuefei Wang,e03f140683277d7511baba7cf40ac3f5d953abc5,,2238884908
Naidi Yang,e03f140683277d7511baba7cf40ac3f5d953abc5,,2361885635
Yuhan Liu,e03f140683277d7511baba7cf40ac3f5d953abc5,,2361876338
Xi Chen,e03f140683277d7511baba7cf40ac3f5d953abc5,,2362354067
Qiwen Wu,e03f140683277d7511baba7cf40ac3f5d953abc5,,2442315181
Nikolay Safonov,58fd1c049f6c0333f3448d45dd2f5302611e7710,,2359256183
A. Bryncev,58fd1c049f6c0333f3448d45dd2f5302611e7710,,2322443872
Andrey Moskalenko,58fd1c049f6c0333f3448d45dd2f5302611e7710,,2300283845
D. Kulikov,58fd1c049f6c0333f3448d45dd2f5302611e7710,,2408467680
Dmitry Vatolin,58fd1c049f6c0333f3448d45dd2f5302611e7710,,2316638138
Haibo Lei,58fd1c049f6c0333f3448d45dd2f5302611e7710,,2306995181
Qifan Gao,58fd1c049f6c0333f3448d45dd2f5302611e7710,,2357684338
Qin Luo,58fd1c049f6c0333f3448d45dd2f5302611e7710,,2170777697
Yaqing Li,58fd1c049f6c0333f3448d45dd2f5302611e7710,,2316786355
Jie Song,58fd1c049f6c0333f3448d45dd2f5302611e7710,,2316774352
Shaozhe Hao,58fd1c049f6c0333f3448d45dd2f5302611e7710,,2154574545
Mei Zheng,58fd1c049f6c0333f3448d45dd2f5302611e7710,,46934753
Jingyi Xu,58fd1c049f6c0333f3448d45dd2f5302611e7710,,2294177215
Chen Wu,58fd1c049f6c0333f3448d45dd2f5302611e7710,,2365099202
Jiahui Liu,58fd1c049f6c0333f3448d45dd2f5302611e7710,,2338215188
Ying Chen,58fd1c049f6c0333f3448d45dd2f5302611e7710,,2359764258
Peipei Liang,58fd1c049f6c0333f3448d45dd2f5302611e7710,,2359257098
Jie Ma,58fd1c049f6c0333f3448d45dd2f5302611e7710,,2343778637
Junjie Jin,58fd1c049f6c0333f3448d45dd2f5302611e7710,,2316923322
Yingxue Pang,58fd1c049f6c0333f3448d45dd2f5302611e7710,,2292139663
Fang Luo,58fd1c049f6c0333f3448d45dd2f5302611e7710,,2274846794
Kai Chen,58fd1c049f6c0333f3448d45dd2f5302611e7710,,2259864823
Shijie Zhao,58fd1c049f6c0333f3448d45dd2f5302611e7710,,2316587852
Mingyang Wu,58fd1c049f6c0333f3448d45dd2f5302611e7710,,2304945393
Renjie Li,58fd1c049f6c0333f3448d45dd2f5302611e7710,,2351000281
Yushen Zuo,58fd1c049f6c0333f3448d45dd2f5302611e7710,,2355427138
Shengyun Zhong,58fd1c049f6c0333f3448d45dd2f5302611e7710,,2299392793
Zhengzhong Tu,58fd1c049f6c0333f3448d45dd2f5302611e7710,,40992714
Chunxiao Liu,d2513ab14208ae58f345a3b586c4baed95203eb2,,2337269077
Zelong Wang,d2513ab14208ae58f345a3b586c4baed95203eb2,,2161310427
Phil Birch,d2513ab14208ae58f345a3b586c4baed95203eb2,,2268519091
Xun Wang,d2513ab14208ae58f345a3b586c4baed95203eb2,,2261797107
Jie Zhang,c10a43013925f1bf60de375b721cd695cdc730a1,,2266631253
Jiaqiang Peng,c10a43013925f1bf60de375b721cd695cdc730a1,,2334335002
X. Kong,c10a43013925f1bf60de375b721cd695cdc730a1,,2241849332
Shuo Wang,c10a43013925f1bf60de375b721cd695cdc730a1,,2259924207
Jiexuan Hu,c10a43013925f1bf60de375b721cd695cdc730a1,,98909817
Yang Li,0d92aac9bd1336e613368353c457df0a90fd0068,,2324638380
Xianguo Li,0d92aac9bd1336e613368353c457df0a90fd0068,,2305446858
Michael Lin,0d92aac9bd1336e613368353c457df0a90fd0068,,2266035447
Yanchun Guo,1e55ce34fbf8874936955472b790d17bc405cd9a,,2345710109
Jiabao Chen,1e55ce34fbf8874936955472b790d17bc405cd9a;df9fa85d1674879e648e62126743cd8dc1e19841,,2265518764
S. A,e067035c97e4b79228cdf3b70f4b60bb98a7749e,,2307915077
A. K.,e067035c97e4b79228cdf3b70f4b60bb98a7749e,,2219796840
Ieee Cheuk-Yiu Chan Student Member,324d102224c21ca51ff73eba20640fee57ed9d1e,,2376356742
Ieee Wan-Chi Siu Life Fellow,324d102224c21ca51ff73eba20640fee57ed9d1e,,2376356718
Ieee Yuk-Hee Chan Member,324d102224c21ca51ff73eba20640fee57ed9d1e,,2376356716
Ieee H. Anthony Chan Life Fellow,324d102224c21ca51ff73eba20640fee57ed9d1e,,2376356749
Cheuk-Yiu Chan,324d102224c21ca51ff73eba20640fee57ed9d1e;6fe9aa2ce159c2fb8ff754b93abf9f2230b424dd,,2186563089
Yuk-Hee Chan,324d102224c21ca51ff73eba20640fee57ed9d1e;6fe9aa2ce159c2fb8ff754b93abf9f2230b424dd,,2271606055
Zejiu Wu,7f303d346529e7cf01424d50a72d9eb24e72119f,,2356808228
Yuxing Zou,7f303d346529e7cf01424d50a72d9eb24e72119f,,2357790825
Boyang Liu,7f303d346529e7cf01424d50a72d9eb24e72119f,,2357042495
Zhijie Li,7f303d346529e7cf01424d50a72d9eb24e72119f,,2271436377
Dong-Hong Ji,7f303d346529e7cf01424d50a72d9eb24e72119f,,2278041994
Hongbin Zhang,7f303d346529e7cf01424d50a72d9eb24e72119f,,2356797331
Zhihua Wang,84bf4169dc99cefe454a469efb0cd6c78ba7b86d,,2355239773
Yu Long,84bf4169dc99cefe454a469efb0cd6c78ba7b86d,,2340430182
Qinghua Lin,84bf4169dc99cefe454a469efb0cd6c78ba7b86d,,2357332309
Kai Zhang,84bf4169dc99cefe454a469efb0cd6c78ba7b86d,,2338711216
Yazhun Zhang,84bf4169dc99cefe454a469efb0cd6c78ba7b86d,,2400661783
Yuming Fang,84bf4169dc99cefe454a469efb0cd6c78ba7b86d,,2355404388
Li Liu,84bf4169dc99cefe454a469efb0cd6c78ba7b86d,,2355058489
Xiaochun Cao,84bf4169dc99cefe454a469efb0cd6c78ba7b86d,,2312733924
Alireza Khajehvandi,008cd18d91bc34d4a3264451daf170defc3e0f61,,2355196474
Mehdi Ezoji,008cd18d91bc34d4a3264451daf170defc3e0f61,,2355197422
Julia Navarro,3023feb777b2ce806aca113273af4ae3e20d88aa,,2289926527
Min He,35896d1cd85e78e9f76f94657423cd51cd54e697,,2358828220
Rugang Wang,35896d1cd85e78e9f76f94657423cd51cd54e697;84dc31e2d95c79443c5450a91966b6520330c9d7,,49908074
Mingyang Zhang,35896d1cd85e78e9f76f94657423cd51cd54e697;84dc31e2d95c79443c5450a91966b6520330c9d7,,2293555715
Feiyang Lv,35896d1cd85e78e9f76f94657423cd51cd54e697,,2324120772
Yuanyuan Wang,35896d1cd85e78e9f76f94657423cd51cd54e697;84dc31e2d95c79443c5450a91966b6520330c9d7,,2146025300
Feng Zhou,35896d1cd85e78e9f76f94657423cd51cd54e697;84dc31e2d95c79443c5450a91966b6520330c9d7,,97662451
Xuesheng Bian,35896d1cd85e78e9f76f94657423cd51cd54e697;84dc31e2d95c79443c5450a91966b6520330c9d7,,2287083741
Ruiyuan Chen,76457ac4d45f6fef74a74a8704cc6407b65edd38,,2305799735
Zhixin Li,76457ac4d45f6fef74a74a8704cc6407b65edd38,,2349884904
Han Zeng,76457ac4d45f6fef74a74a8704cc6407b65edd38,,2376094675
Yifan Liu,76457ac4d45f6fef74a74a8704cc6407b65edd38,,2273559907
Tao He,76457ac4d45f6fef74a74a8704cc6407b65edd38,,2349943849
Tiecheng Song,76457ac4d45f6fef74a74a8704cc6407b65edd38,,2292177904
Yuxuan Wang,4277f6a529daa2c3732ac70f993a1a2c17dfb255,,2287759908
Zhen Xing,4277f6a529daa2c3732ac70f993a1a2c17dfb255,,2332354247
Zuxuan Wu,4277f6a529daa2c3732ac70f993a1a2c17dfb255,,2341646178
C. Vaidya,2a748044582a4b54a794d1b1a7e742001c1a9354,,46798788
Amudhavel Jayavel,2a748044582a4b54a794d1b1a7e742001c1a9354,,1814242750
P. .. Mishra,2a748044582a4b54a794d1b1a7e742001c1a9354,,2310921239
Zunjin Zhao,028861bab0ac6e2da5c89b4ae06cf9e74f1b78f3,,1638057237
Daming Shi,028861bab0ac6e2da5c89b4ae06cf9e74f1b78f3,,2259006000
Peng He,fc455241cd0fa99f73d018b39640ba687d10c4ec,,2163127089
Lin Zhang,fc455241cd0fa99f73d018b39640ba687d10c4ec,,2143838789
Yu Yang,fc455241cd0fa99f73d018b39640ba687d10c4ec,,2337464172
Shukai Duan,fc455241cd0fa99f73d018b39640ba687d10c4ec;1bd0a409568b7214f8c20dc8046baff150a7be89;89632ceab7cb79c1e9b683c4036669c00ac997cb;08dfdabca3e90170cc62924486b8dbe2ec9ef866,,2269227618
Jinlu Zhang,425416f67664e7fa602ca2de3c6ea9440faf1e23,,2144199915
Yue Liu,425416f67664e7fa602ca2de3c6ea9440faf1e23,,
Aoran Xiao,425416f67664e7fa602ca2de3c6ea9440faf1e23,,2351067177
Jiabao Liang,524e13cbf780070b339332381eb17b7967701f88,,2338154815
Shuangwu Zheng,524e13cbf780070b339332381eb17b7967701f88,,1561195926
Yang Chen,524e13cbf780070b339332381eb17b7967701f88,,2352874139
Zhu Liu,9653ce2bdb8d6aa8b08e9ad703a4447286fad203,,2292191683
Zijun Wang,9653ce2bdb8d6aa8b08e9ad703a4447286fad203,,2365991217
Jinyuan Liu,9653ce2bdb8d6aa8b08e9ad703a4447286fad203;6724e07e3a5837c5cc9add00d842c09de7857dc0,,2293559619
Fanqi Meng,9653ce2bdb8d6aa8b08e9ad703a4447286fad203,,2289696942
Long Ma,9653ce2bdb8d6aa8b08e9ad703a4447286fad203,,2331460441
Weichen Dai,66709d91cf593a95eb8cf1d8047985af49cd138e,,2274931426
Hexing Wu,66709d91cf593a95eb8cf1d8047985af49cd138e,,2347884061
Xiaoyang Weng,66709d91cf593a95eb8cf1d8047985af49cd138e,,2347796866
Wanzeng Kong,66709d91cf593a95eb8cf1d8047985af49cd138e,,2274933718
Shuai Wang,71da951422acac60603638598a5fc0cfa7717bce,,2283888173
Shihao Zhang,71da951422acac60603638598a5fc0cfa7717bce,,2296627645
Jiaqi Wu,71da951422acac60603638598a5fc0cfa7717bce,,2292459577
Zijian Tian,71da951422acac60603638598a5fc0cfa7717bce,,2296220264
Wei Chen,71da951422acac60603638598a5fc0cfa7717bce,,2329164441
Tongzhu Jin,71da951422acac60603638598a5fc0cfa7717bce,,150320259
Miaomiao Xue,71da951422acac60603638598a5fc0cfa7717bce,,2335718761
Zehua Wang,71da951422acac60603638598a5fc0cfa7717bce,,2261096811
F. Yu,71da951422acac60603638598a5fc0cfa7717bce,,2256990287
Victor C. M. Leung,71da951422acac60603638598a5fc0cfa7717bce,,2316063125
Namrah Siddiqua,4ddaee876782adfa9b812dd699dd575d084475bd,,2346835169
Suneung Kim,4ddaee876782adfa9b812dd699dd575d084475bd,,30938069
Mohan Yin,b48eef198800731e823075d763df6c913a9244a2,,2324132665
Jianbai Yang,b48eef198800731e823075d763df6c913a9244a2,,2324217174
Xinyu Zhang,a699c0be5519c67d0e74ddecb795bcf8c18304f8,,2287799135
Yang Xu,a699c0be5519c67d0e74ddecb795bcf8c18304f8,,2115681716
Zhihui Wei,a699c0be5519c67d0e74ddecb795bcf8c18304f8,,2157387443
Zebin Wu,a699c0be5519c67d0e74ddecb795bcf8c18304f8,,134909078
Pallavi Singh,ad2c732ed31a652dfc5ccbf077d2169dc1dabd33;37bbf33fceb92290a333d32df87a8d1604a0fc19;2c1fd3595737c548072762324e62518f5685b7ec,,2291444214
A. Bhandari,ad2c732ed31a652dfc5ccbf077d2169dc1dabd33;37bbf33fceb92290a333d32df87a8d1604a0fc19;2c1fd3595737c548072762324e62518f5685b7ec;d7ccab17a627d32d090c0af4823d6f2e1ce35038,,2019243
Li Li,bf1b6b485dbd34efc80a3eb4d52851fe1c66f659,,2305255455
Jishen Peng,bf1b6b485dbd34efc80a3eb4d52851fe1c66f659;46fd372ed9c3df70d806bb1f9504cb7ce799ad8e,,153179279
Yingcai Wan,bf1b6b485dbd34efc80a3eb4d52851fe1c66f659,,2329062830
Xingfei Zhang,dac7705a861701fd8f676692e2867cbbce7673ca,,2332291838
Gang Liu,dac7705a861701fd8f676692e2867cbbce7673ca;8ea7114fb79c7fe51e4d692e08ddfb13718c3848,,2266223708
Mengliang Xing,dac7705a861701fd8f676692e2867cbbce7673ca,,2188403500
Gaoqiang Wang,dac7705a861701fd8f676692e2867cbbce7673ca;8ea7114fb79c7fe51e4d692e08ddfb13718c3848,,2331074432
D. P. Bavirisetti,dac7705a861701fd8f676692e2867cbbce7673ca;8ea7114fb79c7fe51e4d692e08ddfb13718c3848,,9151922
Xinwei Xue,7b736bc630abcb497d347b77e190c6849f034dfb,,2324342252
Haoze Zheng,7b736bc630abcb497d347b77e190c6849f034dfb,,2349798388
Yuechao Gao,7b736bc630abcb497d347b77e190c6849f034dfb,,2343597165
Tengyu Ma,7b736bc630abcb497d347b77e190c6849f034dfb,,2238532971
Long Ma,7b736bc630abcb497d347b77e190c6849f034dfb,,2340912932
Qi Jia,7b736bc630abcb497d347b77e190c6849f034dfb,,2129979738
Jianhui Wang,65e615c7da4148cb6042ff8c7d80d65f50cb119b,,2339243505
Yangfan He,65e615c7da4148cb6042ff8c7d80d65f50cb119b,,2310318734
Kun Li,65e615c7da4148cb6042ff8c7d80d65f50cb119b,,2339536802
Sida Li,65e615c7da4148cb6042ff8c7d80d65f50cb119b,,2339479443
Lan Zhao,65e615c7da4148cb6042ff8c7d80d65f50cb119b,,2312099266
Jun Yin,65e615c7da4148cb6042ff8c7d80d65f50cb119b,,2340409875
Miao Zhang,65e615c7da4148cb6042ff8c7d80d65f50cb119b,,2339241115
Tianyu Shi,65e615c7da4148cb6042ff8c7d80d65f50cb119b,,2323017980
Xueqian Wang,65e615c7da4148cb6042ff8c7d80d65f50cb119b,,2292032615
Yuanbo Li,09314d8e44e3dfb2d4ddedbb36b0f97a75330133,,2110481394
Ping Zhou,09314d8e44e3dfb2d4ddedbb36b0f97a75330133,,2106946559
Gongbo Zhou,09314d8e44e3dfb2d4ddedbb36b0f97a75330133,,2276049239
Haozhe Wang,09314d8e44e3dfb2d4ddedbb36b0f97a75330133,,2314588095
Yunqi Lu,09314d8e44e3dfb2d4ddedbb36b0f97a75330133,,2308011658
Yuxing Peng,09314d8e44e3dfb2d4ddedbb36b0f97a75330133,,2357909116
Junyu Xia,728afc9ebcd9a188eb7fe2e5d0fc72ce5e40b8a6,,2341880156
Yihang Dong,728afc9ebcd9a188eb7fe2e5d0fc72ce5e40b8a6,,2316519915
Zhaopeng Zhang,22c8e269ac0bc2349226204ee772156e0e9ff82f,,2319408902
Zhijie Xu,22c8e269ac0bc2349226204ee772156e0e9ff82f,,2136387927
Jianqin Zhang,22c8e269ac0bc2349226204ee772156e0e9ff82f,,2107981027
Xiaofeng Zhang,6376714e819f0e57033aa4db5b4eab86d9885661;ca39b7afedd3cfedc558ab09a8b92e7a242d31f5,,2257953748
Zishan Xu,6376714e819f0e57033aa4db5b4eab86d9885661;ca39b7afedd3cfedc558ab09a8b92e7a242d31f5,,2258090051
Hao Tang,6376714e819f0e57033aa4db5b4eab86d9885661;ca39b7afedd3cfedc558ab09a8b92e7a242d31f5,,2275194660
Chaochen Gu,6376714e819f0e57033aa4db5b4eab86d9885661;ca39b7afedd3cfedc558ab09a8b92e7a242d31f5,,2253450209
Wei Chen,6376714e819f0e57033aa4db5b4eab86d9885661;ca39b7afedd3cfedc558ab09a8b92e7a242d31f5,,2154942699
Abdulmotaleb El Saddik,6376714e819f0e57033aa4db5b4eab86d9885661,,2192549899
Yongbo Liu,0fb47ad2ce75eb344c70f32defbfbea379f38324,,2144407203
Shaurya Rathore,3bd1e4f276ee5e0fc46f271f63bc725e7324dd7e,,2339262666
Aravind Shenoy,3bd1e4f276ee5e0fc46f271f63bc725e7324dd7e,,2339269078
Krish Didwania,3bd1e4f276ee5e0fc46f271f63bc725e7324dd7e,,2284761247
Aditya Kasliwal,3bd1e4f276ee5e0fc46f271f63bc725e7324dd7e,,2192732131
Ujjwal Verma,3bd1e4f276ee5e0fc46f271f63bc725e7324dd7e,,2284761245
A. Buades,3ecd5f926d30a56c7adad3fbd7e949738c756fea,,2330728644
J. Lisani,3ecd5f926d30a56c7adad3fbd7e949738c756fea,,2142405
Xiaopeng Hu,66df6f1ecbd79cc439e836da07b13d2e3b734daf,,2338531367
Kang Liu,66df6f1ecbd79cc439e836da07b13d2e3b734daf,,2146386319
Xiangchen Yin,66df6f1ecbd79cc439e836da07b13d2e3b734daf;9cdb56c7c1024204c3fc2087b6e9870bda0a6176,,2240802580
Xin Gao,66df6f1ecbd79cc439e836da07b13d2e3b734daf;9cdb56c7c1024204c3fc2087b6e9870bda0a6176,,2239459437
Pingsheng Jiang,66df6f1ecbd79cc439e836da07b13d2e3b734daf,,2338646599
Xu Qian,66df6f1ecbd79cc439e836da07b13d2e3b734daf,,2067732973
Jie Cao,7f5bf037fbc8427ed30db78b20bb301255637c31,,2342453404
Qijie Zou,7f5bf037fbc8427ed30db78b20bb301255637c31,,2340324021
Xin Ning,7f5bf037fbc8427ed30db78b20bb301255637c31,,2195492834
Zhen Wang,7f5bf037fbc8427ed30db78b20bb301255637c31,,2304369480
Gang Wang,7f5bf037fbc8427ed30db78b20bb301255637c31,,2307771123
Xiaofeng Wang,7dd480c7954f163c030c6c56778a6372ed4730ec,,2237108013
Rentao Yang,7dd480c7954f163c030c6c56778a6372ed4730ec,,2332302314
Zhize Wu,7dd480c7954f163c030c6c56778a6372ed4730ec,,2239946463
Lingma Sun,7dd480c7954f163c030c6c56778a6372ed4730ec,,2312689449
Jiashan Liu,7dd480c7954f163c030c6c56778a6372ed4730ec,,2332299960
Le Zou,7dd480c7954f163c030c6c56778a6372ed4730ec,,2296258261
Xiaoyang Shen,f4f201b160b568caa95417bdb5904883efe6910c;721c7db7f5cdaa9894da49d0ef3ad824b2cdeef9;406eb95f07c669b7854b362e9ca467d772c469d3,,2321356235
Haibin Li,f4f201b160b568caa95417bdb5904883efe6910c;721c7db7f5cdaa9894da49d0ef3ad824b2cdeef9;406eb95f07c669b7854b362e9ca467d772c469d3,,2321051136
Yaqian Li,f4f201b160b568caa95417bdb5904883efe6910c;721c7db7f5cdaa9894da49d0ef3ad824b2cdeef9;406eb95f07c669b7854b362e9ca467d772c469d3,,2267309136
Wenming Zhang,f4f201b160b568caa95417bdb5904883efe6910c;721c7db7f5cdaa9894da49d0ef3ad824b2cdeef9;406eb95f07c669b7854b362e9ca467d772c469d3,,2107979694
He Xiao,1bd0a409568b7214f8c20dc8046baff150a7be89;89632ceab7cb79c1e9b683c4036669c00ac997cb;08dfdabca3e90170cc62924486b8dbe2ec9ef866;7aaf9d1ef4891f70aa25aaa073857ac699c4f48f,,2114210605
Jian Weng,bf7e12cad1af19cf9ff0b899b7857ac68e4346bd,,2173437827
Xu Wang,bf7e12cad1af19cf9ff0b899b7857ac68e4346bd,,2240192851
Jianmin Jiang,bf7e12cad1af19cf9ff0b899b7857ac68e4346bd,,2244585958
Yimeng Xia,d1d1cb5fc148fd7f89319bda766df17b8d12b284,,2324707927
Yuanmei Wang,d1d1cb5fc148fd7f89319bda766df17b8d12b284,,2444707894
Hao Luo,d1d1cb5fc148fd7f89319bda766df17b8d12b284,,2352068946
Sheng Liu,d1d1cb5fc148fd7f89319bda766df17b8d12b284,,2319348089
Tao Li,d1d1cb5fc148fd7f89319bda766df17b8d12b284,,2351431675
Haoyang Tang,6b43f420428303c923033f3a956a66ce8d9f6a48,,2112389177
Xinyu Liu,6b43f420428303c923033f3a956a66ce8d9f6a48,,2346919018
Yanhong Li,6b43f420428303c923033f3a956a66ce8d9f6a48,,2306346902
Xinyue Yao,6b43f420428303c923033f3a956a66ce8d9f6a48,,2345441023
Chao Xie,1e24ba86592a75b4f045b90171de2fad3b60487b;c4d652597e9996d238524d3ecee7762750667ea2,,2064757396
Linfeng Fei,1e24ba86592a75b4f045b90171de2fad3b60487b;c4d652597e9996d238524d3ecee7762750667ea2,,2205900248
Huanjie Tao,1e24ba86592a75b4f045b90171de2fad3b60487b,,46232650
Yaocong Hu,1e24ba86592a75b4f045b90171de2fad3b60487b,,2265512842
Wei Zhou,1e24ba86592a75b4f045b90171de2fad3b60487b,,2337299236
Jiun Tian Hoe,1e24ba86592a75b4f045b90171de2fad3b60487b,,2130147135
Weipeng Hu,1e24ba86592a75b4f045b90171de2fad3b60487b,,2273624548
Yap-Peng Tan,1e24ba86592a75b4f045b90171de2fad3b60487b,,2273608727
Yuantao Wang,fbc859aa27414e505f88342b79838a9f0bd94c52;803825f36c2d0d23f75b53388ac9f1d6c11825d0,,2203021722
Yuanyao Lu,fbc859aa27414e505f88342b79838a9f0bd94c52;803825f36c2d0d23f75b53388ac9f1d6c11825d0,,2266200183
Yongsheng Qiu,fbc859aa27414e505f88342b79838a9f0bd94c52;803825f36c2d0d23f75b53388ac9f1d6c11825d0,,47604559
Yu Luo,60b1af8c1570bf7e9b6562de5e6d023377f0c74d,,2108803162
Guoliang Lv,60b1af8c1570bf7e9b6562de5e6d023377f0c74d,,2221040667
Jie Ling,60b1af8c1570bf7e9b6562de5e6d023377f0c74d,,2238214058
Xiaomin Hu,60b1af8c1570bf7e9b6562de5e6d023377f0c74d,,2148969750
Joshua Cho,8443289418f219d112df63b2f32fcbd3d46ff695,,50546194
Sara Aghajanzadeh,8443289418f219d112df63b2f32fcbd3d46ff695;a73a84c642bcc126e3a91942716695a98826a86e;38957f326545d3c24cb04c84c27c69e6aa0ff2a3,,94297661
Zhen Zhu,8443289418f219d112df63b2f32fcbd3d46ff695,,2375959469
D. Forsyth,8443289418f219d112df63b2f32fcbd3d46ff695,,2294360961
Laraib Zainab,7e99518616703d8e193df6d80aca6ad78f57289b,,1573664976
H. Afzal,7e99518616703d8e193df6d80aca6ad78f57289b,,1777100
Khawir Mahmood,7e99518616703d8e193df6d80aca6ad78f57289b,,120533414
Omar Arif,7e99518616703d8e193df6d80aca6ad78f57289b,,2066153846
Zhaokang Ji,5c7b2a9b70ff59e4d99877823e8d508175648d10,,2266524865
Tao Liu,5c7b2a9b70ff59e4d99877823e8d508175648d10,,2298538217
Ping Zhang,5c7b2a9b70ff59e4d99877823e8d508175648d10,,2154286304
Jingxi Liao,2031c884326b1d4c0d5801513af949c814828d3c,,2357795020
Shijie Hao,2031c884326b1d4c0d5801513af949c814828d3c,,2355541760
Tian Gao,a39946648bede4a4788e185352b73da77138eaf3,,2072688487
Peilin Tao,a39946648bede4a4788e185352b73da77138eaf3,,2364884284
J. P. Tomas,bc2de31b9489005844b0b0c6aabe34b169ed2853,,1382050142
C. A. D. Dela Cruz,bc2de31b9489005844b0b0c6aabe34b169ed2853,,2360517490
E. G. M. Domingo,bc2de31b9489005844b0b0c6aabe34b169ed2853,,2333494049
Mia B. Enciso,bc2de31b9489005844b0b0c6aabe34b169ed2853,,2333498384
B. Doma,bc2de31b9489005844b0b0c6aabe34b169ed2853,,12731001
Qi Sun,7c264b974532aff39709bcf468ef442b59bf8fd2,,2112428315
Rui Chang,8ea7114fb79c7fe51e4d692e08ddfb13718c3848,,2266196000
Yao Qian,8ea7114fb79c7fe51e4d692e08ddfb13718c3848,,2188412783
Haojie Tang,8ea7114fb79c7fe51e4d692e08ddfb13718c3848,,2266236016
Chia-Hsien Lin,4173308755023f15eb02c449dd0ddefac7bb7220,,2116503871
G. Peng,4173308755023f15eb02c449dd0ddefac7bb7220,,2343828307
C. Lin,4173308755023f15eb02c449dd0ddefac7bb7220,,2267152832
Suhas Srinath,1fe7060189b8f55c11d512531d33682e4d2392ac,,2000469004
A. Chandrasekar,1fe7060189b8f55c11d512531d33682e4d2392ac,,47387170
Hemang Jamadagni,1fe7060189b8f55c11d512531d33682e4d2392ac,,2330191770
R. Soundararajan,1fe7060189b8f55c11d512531d33682e4d2392ac;789bb24875fdd971c659edb32ead3b9499574c54;55cb27032405c5105542ff094e95ba41b9ad6c26;81dafff94bd1bd5c714a2cc46705dec6255f09ad;6c7b45948cc6a3673f6b81ed8499187fd99d30e4,,2510315
AP Prathosh,1fe7060189b8f55c11d512531d33682e4d2392ac,,2286960334
Junhao Zhang,f237d90bf7fc1453b84bc066c9a4344b153fc6bb,,2308346531
Liang Chang,f237d90bf7fc1453b84bc066c9a4344b153fc6bb,,2337777569
Zhe Wu,73d236cb58be36fae351d935bc7d81cee52e378b,,2303650385
Zehua Sheng,73d236cb58be36fae351d935bc7d81cee52e378b,,2160714209
Xue Zhang,73d236cb58be36fae351d935bc7d81cee52e378b,,2144543653
Sixi Cao,73d236cb58be36fae351d935bc7d81cee52e378b,,113288744
Runmin Zhang,73d236cb58be36fae351d935bc7d81cee52e378b,,2294502116
Beinan Yu,73d236cb58be36fae351d935bc7d81cee52e378b,,2427745307
Chenghao Zhang,73d236cb58be36fae351d935bc7d81cee52e378b,,2307582272
Bailin Yang,73d236cb58be36fae351d935bc7d81cee52e378b,,2294676528
Hui Shen,73d236cb58be36fae351d935bc7d81cee52e378b,,2110827120
Zhuo Li,1e69a89c9e25c49246bc7b791b3e160eda494540,,2332478852
Xiao'er Li,1e69a89c9e25c49246bc7b791b3e160eda494540,,2332040948
Jiangli Shi,1e69a89c9e25c49246bc7b791b3e160eda494540,,2241079713
Feng Shao,1e69a89c9e25c49246bc7b791b3e160eda494540;22d65d9f9a43c9ef709bd800c6039e28ab45b1a5,,2166597539
Yunfei Bai,a87b1d59124e1724d12c96abbfc7bf712b012701,,2294674122
Chang Liu,a87b1d59124e1724d12c96abbfc7bf712b012701,,2293017870
Rui Yang,a87b1d59124e1724d12c96abbfc7bf712b012701,,2325570097
Xiaomao Li,a87b1d59124e1724d12c96abbfc7bf712b012701,,2325564239
Kui Jiang,f0da348a4c4bdcd46a9f609025e84d3d0bcd6227,,2237233392
Ruoxi Wang,f0da348a4c4bdcd46a9f609025e84d3d0bcd6227,,2206521468
Yi Xiao,f0da348a4c4bdcd46a9f609025e84d3d0bcd6227,,2153507956
Junjun Jiang,f0da348a4c4bdcd46a9f609025e84d3d0bcd6227,,2260831387
Xin Xu,f0da348a4c4bdcd46a9f609025e84d3d0bcd6227,,2152775854
Tao Lu,f0da348a4c4bdcd46a9f609025e84d3d0bcd6227,,2297165137
Jingchun Zhan,51c24527068e122e9b9980f383ea27f2aa464d13,,2409206447
Eg Su Goh,51c24527068e122e9b9980f383ea27f2aa464d13,,67195982
M. S. Sunar,51c24527068e122e9b9980f383ea27f2aa464d13,,2036992
Qinjie Zhou,3ec3230ceef6776daf2bab9087ebe28354ee93e6,,2345650135
Wei Shao,3ec3230ceef6776daf2bab9087ebe28354ee93e6,,2303002780
Student Member Ieee Cheuk-Yiu Chan,6fe9aa2ce159c2fb8ff754b93abf9f2230b424dd,,2329863978
Life Fellow Ieee Wan-Chi Siu,6fe9aa2ce159c2fb8ff754b93abf9f2230b424dd,,2329862477
Member Ieee Yuk-Hee Chan,6fe9aa2ce159c2fb8ff754b93abf9f2230b424dd,,2329859187
L. F. I. H. Anthony Chan,6fe9aa2ce159c2fb8ff754b93abf9f2230b424dd,,2329863896
Mingbo Hong,c5d430d24c9fcdc14536d381f06f452c10135c3f,,2309478918
Shen Cheng,c5d430d24c9fcdc14536d381f06f452c10135c3f,,2116727508
Haibin Huang,c5d430d24c9fcdc14536d381f06f452c10135c3f,,2269046040
Haoqiang Fan,c5d430d24c9fcdc14536d381f06f452c10135c3f,,2249400286
Shuaicheng Liu,c5d430d24c9fcdc14536d381f06f452c10135c3f;7534645cceb13394fe2298d573401e40c913b70d,,2311739754
Burak Ercan,62d8dd07ca185034107388c60e3d17b1c9b1334e,,2077142890
Sheng Xu,adac4ffe16937fee00a3b296e30561c9c3f1d61b,,2110923498
Yanjing Li,adac4ffe16937fee00a3b296e30561c9c3f1d61b,,2110500972
Chuanjian Liu,adac4ffe16937fee00a3b296e30561c9c3f1d61b,,2293567185
Baochang Zhang,adac4ffe16937fee00a3b296e30561c9c3f1d61b,,2261599344
Xuxu Yang,3d20723f19a406b3af9966e7467e1b3646ee0a0b,,2325742353
Hegui Zhu,a0ad5915ba61ae307cc85d32a4bf3d792a2e5e2f;80b7aed63bf99bb52b309c054f8271acae056052,,2117693876
Luyang Wang,a0ad5915ba61ae307cc85d32a4bf3d792a2e5e2f,,2440937125
Zhan Gao,a0ad5915ba61ae307cc85d32a4bf3d792a2e5e2f,,2266386588
Yuelin Liu,a0ad5915ba61ae307cc85d32a4bf3d792a2e5e2f,,2293174306
Qian Zhao,a0ad5915ba61ae307cc85d32a4bf3d792a2e5e2f,,2287531441
Xianjun Han,8316aa8637b125a274534f305d1159b314e35e4b,,29976668
Taoli Bao,8316aa8637b125a274534f305d1159b314e35e4b,,2327763826
Hongyu Yang,8316aa8637b125a274534f305d1159b314e35e4b,,2156052951
Yunlong Lin,cd520701e8816f67ccbb0dddfef494906c768e32;dbd742492c4ac3358e55281b29a5dfdd77c28619,,2262081005
Zhenqi Fu,cd520701e8816f67ccbb0dddfef494906c768e32;dbd742492c4ac3358e55281b29a5dfdd77c28619;d61724f51b33e52e434a66f69b3b20f5a92b61ed,,31419775
Kairun Wen,cd520701e8816f67ccbb0dddfef494906c768e32,,2268673110
Tian Ye,cd520701e8816f67ccbb0dddfef494906c768e32;dbd742492c4ac3358e55281b29a5dfdd77c28619,,2280882260
Sixiang Chen,cd520701e8816f67ccbb0dddfef494906c768e32;dbd742492c4ac3358e55281b29a5dfdd77c28619,,2111636335
Ge Meng,cd520701e8816f67ccbb0dddfef494906c768e32,,2261749921
Yingying Wang,cd520701e8816f67ccbb0dddfef494906c768e32;dbd742492c4ac3358e55281b29a5dfdd77c28619,,2261894410
Yue Huang,cd520701e8816f67ccbb0dddfef494906c768e32;d61724f51b33e52e434a66f69b3b20f5a92b61ed,,1950637
Xiaotong Tu,cd520701e8816f67ccbb0dddfef494906c768e32;d61724f51b33e52e434a66f69b3b20f5a92b61ed,,30693423
Xinghao Ding,cd520701e8816f67ccbb0dddfef494906c768e32;dbd742492c4ac3358e55281b29a5dfdd77c28619,,2262201427
Wei Zhao,cc3e28b9adad86cf5352aa346ec1cd767f6adde0,,2329332720
Xuejing Chen,cc3e28b9adad86cf5352aa346ec1cd767f6adde0,,2145449316
Li Yang,cc3e28b9adad86cf5352aa346ec1cd767f6adde0,,2153206048
Man Zhou,cc3e28b9adad86cf5352aa346ec1cd767f6adde0,,2272766397
Zongyao Liu,d8430c6a33f9d3824250bb7540d1d86d7fab2a28,,2346683576
Weiwei Kong,d8430c6a33f9d3824250bb7540d1d86d7fab2a28,,2306371594
Yonglong Jiang,a2e81e5fec7faa9611519dc1589dc6ea04a453b1;718da40b0c22fcce6d4f7dc7df1e021a8563cb78,,2185025897
Jiahe Zhu,a2e81e5fec7faa9611519dc1589dc6ea04a453b1,,2217888910
Liangliang Li,a2e81e5fec7faa9611519dc1589dc6ea04a453b1,,2214104890
Hongbing Ma,a2e81e5fec7faa9611519dc1589dc6ea04a453b1,,2153231160
Jinhong He,14abe8b55078629a9df950400170cec7e89adc9a;4cadf40ef9a0feb0ff04d952fc0feca6fcaabd20,,2278779333
Minglong Xue,14abe8b55078629a9df950400170cec7e89adc9a;4cadf40ef9a0feb0ff04d952fc0feca6fcaabd20,,2239994043
Wenhai Wang,14abe8b55078629a9df950400170cec7e89adc9a;4cadf40ef9a0feb0ff04d952fc0feca6fcaabd20,,2278582110
Mingliang Zhou,14abe8b55078629a9df950400170cec7e89adc9a,,2278620870
Jingsi Zhang,68ca72861531e1993b7c318d71a04f571d48c5a3,,2107924895
Xiaosheng Yu,68ca72861531e1993b7c318d71a04f571d48c5a3,,9305845
Zhixin Dong,68ca72861531e1993b7c318d71a04f571d48c5a3,,2319813971
Chengdong Wu,68ca72861531e1993b7c318d71a04f571d48c5a3,,2238041387
Baoliang Chen,6ffe412d303705239835a6b49ba5c191e61fe24b;3ced108a14812f54d17b2bd773e59fde6cb1bac5;3ac173213b682e01f554d0e48431608494acaf68;c5d34758d3e2b9d3a1f222cba5b661ab072035e2,,1919597217
Peilin Chen,6ffe412d303705239835a6b49ba5c191e61fe24b,,2158171902
Shiqi Wang,6ffe412d303705239835a6b49ba5c191e61fe24b,,2279744514
Kanghao Chen,17489be469deca5718217f25d9550aa1c9c56d7e;8499ad0e3d4a00ec9d8e58756fa90db5f148a028,,2294580844
Guoqiang Liang,17489be469deca5718217f25d9550aa1c9c56d7e;8499ad0e3d4a00ec9d8e58756fa90db5f148a028,,2294359232
Yunfan Lu,17489be469deca5718217f25d9550aa1c9c56d7e,,2014217
Hangyu Li,17489be469deca5718217f25d9550aa1c9c56d7e,,2294767989
Lin Wang,17489be469deca5718217f25d9550aa1c9c56d7e,,2294355997
Chengqi Dong,bd1f29a11de077284838d284cf21c5305aa71b6b,,2319898417
Zhiyuan Cao,bd1f29a11de077284838d284cf21c5305aa71b6b,,2320094469
Tuoshi Qi,bd1f29a11de077284838d284cf21c5305aa71b6b,,2367590891
Kexin Wu,bd1f29a11de077284838d284cf21c5305aa71b6b,,2292672610
Yixing Gao,bd1f29a11de077284838d284cf21c5305aa71b6b,,2299097283
Fan Tang,bd1f29a11de077284838d284cf21c5305aa71b6b,,2318387317
Ye Yu,0ccb8d9ead57a908f247cd0b2d9b57429ec60770,,2318541742
Fengxin Chen,0ccb8d9ead57a908f247cd0b2d9b57429ec60770,,2261934212
Jun Yu,0ccb8d9ead57a908f247cd0b2d9b57429ec60770,,2318696183
Zhen Kan,0ccb8d9ead57a908f247cd0b2d9b57429ec60770,,2317981241
Taewoo Kim,5f635d114a1b61b1fdcb15c882aea0ac0b6c72fe,,2111182649
Jaeseok Jeong,5f635d114a1b61b1fdcb15c882aea0ac0b6c72fe,,72286913
Hoonhee Cho,5f635d114a1b61b1fdcb15c882aea0ac0b6c72fe,,2148275179
Yuhwan Jeong,5f635d114a1b61b1fdcb15c882aea0ac0b6c72fe,,2279930538
Kuk-Jin Yoon,5f635d114a1b61b1fdcb15c882aea0ac0b6c72fe,,2279721731
Chenjie Zhang,757ccd22e43bc6fdccfddf94266f3dcb5d856113,,2244133607
Jialu Li,757ccd22e43bc6fdccfddf94266f3dcb5d856113,,2244130303
Hanping Hu,757ccd22e43bc6fdccfddf94266f3dcb5d856113,,2244144525
Xuemei Bai,757ccd22e43bc6fdccfddf94266f3dcb5d856113,,2244383485
Hanwei Zhu,3ced108a14812f54d17b2bd773e59fde6cb1bac5;3ac173213b682e01f554d0e48431608494acaf68,,151482176
Zhangkai Ni,3ced108a14812f54d17b2bd773e59fde6cb1bac5;3e2329282ea1ecc099c79480f125b569257a0906,,38748686
Qi Mao,3ced108a14812f54d17b2bd773e59fde6cb1bac5,,2316635994
Shiqi Wang,3ced108a14812f54d17b2bd773e59fde6cb1bac5,,2303523184
Reman Kumar,37bbf33fceb92290a333d32df87a8d1604a0fc19,,2157583053
Linlin Hu,0ac5a12a3edafd2dd732ef52d88567094b86c47a,,2279334429
Ao Sun,0ac5a12a3edafd2dd732ef52d88567094b86c47a,,2316490173
Shijie Hao,0ac5a12a3edafd2dd732ef52d88567094b86c47a;291f85f8f93d4378c92a239ad3716d3b1b2eee7f,,6175623
Richang Hong,0ac5a12a3edafd2dd732ef52d88567094b86c47a,,2279214329
Meng Wang,0ac5a12a3edafd2dd732ef52d88567094b86c47a,,2146058658
Eashan Adhikarla,f4a19e007b7ee8553413ca018d94b2195b1c9a4c,,2123636086
Kai Zhang,f4a19e007b7ee8553413ca018d94b2195b1c9a4c,,2335134242
Gong Chen,f4a19e007b7ee8553413ca018d94b2195b1c9a4c,,2406942164
John Nicholson,f4a19e007b7ee8553413ca018d94b2195b1c9a4c,,2269473262
Brian D. Davison,f4a19e007b7ee8553413ca018d94b2195b1c9a4c,,2269472995
Yiming Zhou,ac3f2f70ae5853d82dd08a4950c9d169a576e5b9,,2110329268
Callen MacPhee,ac3f2f70ae5853d82dd08a4950c9d169a576e5b9;157dba30d6496a003c537338850938bd67015548,,2153711687
Wesley Gunawan,ac3f2f70ae5853d82dd08a4950c9d169a576e5b9,,2317717631
A. Farahani,ac3f2f70ae5853d82dd08a4950c9d169a576e5b9,,2307125212
Bahram Jalali,ac3f2f70ae5853d82dd08a4950c9d169a576e5b9,,2223401065
Sheng Ye,138e34501e97f13ba1bd137efa50bf9952819852,,2190436787
Zhen-Hui Dong,138e34501e97f13ba1bd137efa50bf9952819852,,2316666844
Yubin Hu,138e34501e97f13ba1bd137efa50bf9952819852,,2112240517
Yu-Hui Wen,138e34501e97f13ba1bd137efa50bf9952819852,,2114784556
Yong-Jin Liu,138e34501e97f13ba1bd137efa50bf9952819852,,2311459761
Zhihao Zheng,f71ffa51c5c62420ccedc323353188fff40ca3d0,,2115549646
Mooi Choo Choo Chuah,f71ffa51c5c62420ccedc323353188fff40ca3d0,,144811861
Jiale Chen,ee154e5a6906ecae7138b664f1d96cfbcdc9e449,,2290357890
Qiusheng Lian,ee154e5a6906ecae7138b664f1d96cfbcdc9e449,,1933741
Xinyu Zhang,ee154e5a6906ecae7138b664f1d96cfbcdc9e449,,2315892943
Dan Zhang,ee154e5a6906ecae7138b664f1d96cfbcdc9e449,,2268246826
Yuchi Yang,ee154e5a6906ecae7138b664f1d96cfbcdc9e449,,153690296
Sen Li,be5af6dbd1a138edf26f180ad7a1e1b20c4d2925,,2362970396
Xiaohua Cao,be5af6dbd1a138edf26f180ad7a1e1b20c4d2925,,2276795811
Zhigang Zhou,be5af6dbd1a138edf26f180ad7a1e1b20c4d2925,,2276817156
Li-qiong Chen,e28a2008c524b93407357b401d596842851d927b,,2155570120
Rui Xue,543c8d486ccc6bb8e084f12eb1539fe417b6ac30,,2198770953
Jialu Duan,543c8d486ccc6bb8e084f12eb1539fe417b6ac30,,2260650068
Zhengwei Du,543c8d486ccc6bb8e084f12eb1539fe417b6ac30,,2198776157
Yuwei Yin,5716a42ef706dcb6ad12c34fca4ec688a053baba,,2315786138
Miao Liu,5716a42ef706dcb6ad12c34fca4ec688a053baba,,2108511234
Renjie Yang,5716a42ef706dcb6ad12c34fca4ec688a053baba,,2387639781
Yuanzhong Liu,5716a42ef706dcb6ad12c34fca4ec688a053baba,,2051276746
Zhigang Tu,5716a42ef706dcb6ad12c34fca4ec688a053baba;8c866fdcaa8e3a722070fabc1966c4eb024fae9b,,2061178292
D. Rowlands,63359f93a81ac201778924f4f5185bd01f986688,,2248611046
Graham D. Finlayson,63359f93a81ac201778924f4f5185bd01f986688,,2256917785
Shengjun Xu,0f05bb3f445aad94d36d62117c123813bd329b51,,2321677070
Chi Nan,0f05bb3f445aad94d36d62117c123813bd329b51,,30854901
Huan Yang,0f05bb3f445aad94d36d62117c123813bd329b51,,2156108881
Jingzhi Ouyang,4c8bc85c4110461efc4eb09af9ad2b44f7f69f08,,2313401071
Keya Huang,4c8bc85c4110461efc4eb09af9ad2b44f7f69f08,,2313617236
Wenhao Chai,dbd742492c4ac3358e55281b29a5dfdd77c28619,,2308312508
Zhaohu Xing,dbd742492c4ac3358e55281b29a5dfdd77c28619,,153107262
Lei Zhu,dbd742492c4ac3358e55281b29a5dfdd77c28619,,2265684978
Linxin Zhang,ed1a1e556e3c685e2c8a07da244c80667dbdf610,,2327499797
Xianglong Chen,ed1a1e556e3c685e2c8a07da244c80667dbdf610,,2306139944
Jinsheng Liu,ed1a1e556e3c685e2c8a07da244c80667dbdf610,,2330057440
Tao Yan,ed1a1e556e3c685e2c8a07da244c80667dbdf610,,2106094117
Keyi Li,2dde243299bb4cbc05470254ee30e83cf70d781b,,2330053537
Zongshou Wei,2dde243299bb4cbc05470254ee30e83cf70d781b,,31331817
Han Zhou,7534645cceb13394fe2298d573401e40c913b70d,,2305206336
Wei Dong,7534645cceb13394fe2298d573401e40c913b70d,,2305622986
Xiaohong Liu,7534645cceb13394fe2298d573401e40c913b70d,,2311271429
Xiongkuo Min,7534645cceb13394fe2298d573401e40c913b70d;963e564405b948ebb77a24e0f1e5e8bda10acfc8;097a500b7c22a9b13b16272982627f03c8a295ed;26ebc50e2aada008b5683c6f30e9d4b20b8c5c59,,2246414
Guangtao Zhai,7534645cceb13394fe2298d573401e40c913b70d;89c966eda932d8182bd2033bd6a2fb232d4e6e7a,,2266393212
Vivek Deshmukh,c4c6fa4b3c7999cd9d8c55bedbb6328d401fafba,,2308310942
A. Dukre,c4c6fa4b3c7999cd9d8c55bedbb6328d401fafba,,2308310785
Ashutosh Kulkarni,c4c6fa4b3c7999cd9d8c55bedbb6328d401fafba,,2147218269
Prashant W. Patil,c4c6fa4b3c7999cd9d8c55bedbb6328d401fafba,,1430720118
Santosh Kumar Vipparthi,c4c6fa4b3c7999cd9d8c55bedbb6328d401fafba,,145353981
Subrahmanyam Murala,c4c6fa4b3c7999cd9d8c55bedbb6328d401fafba,,1827383
A. Gonde,c4c6fa4b3c7999cd9d8c55bedbb6328d401fafba,,2636421
Haiyan Jin,04ada684161f99e2a1c237887f68561dee92ac73,,2261118967
Fengyuan Zuo,04ada684161f99e2a1c237887f68561dee92ac73,,2280672476
Haonan Su,04ada684161f99e2a1c237887f68561dee92ac73,,2240413352
Zhaolin Xiao,04ada684161f99e2a1c237887f68561dee92ac73,,2760487
Bin Wang,04ada684161f99e2a1c237887f68561dee92ac73,,2152595061
Yuanlin Zhang,04ada684161f99e2a1c237887f68561dee92ac73,,2292883413
Yu Guo,7da6f70ecc09a2ac615d475d82e2a1d747428403,,2310688922
Yuan Gao,7da6f70ecc09a2ac615d475d82e2a1d747428403;a8a230fa18d904176af58ad40aad971543adb0f0,,2244143114
Yuxu Lu,7da6f70ecc09a2ac615d475d82e2a1d747428403;11c52757c7dd3d50fc62fccc7971c6d3894e28d0;87fd9755ab0b158da51a26974b1619c6e7ab2fe1;427f5e326ed18749425be956d8d159b24003a10a;49d6f4b40b5440f5a603481f91a1ca7390e96bc1;5746980ffaa72c237a9f54fc4f4c5cc67200ce1f;f3f73da45cf960fa3fc1174ac410e5b99bbe112f;cc3b299ea3cca09f0dc20f8157a1bcecc18e464a;5de46fbe8d58f164242627a92fe6d71b988e45ca,,121713030
Huilin Zhu,7da6f70ecc09a2ac615d475d82e2a1d747428403,,2000555299
Ryan Wen Liu,7da6f70ecc09a2ac615d475d82e2a1d747428403;87fd9755ab0b158da51a26974b1619c6e7ab2fe1,,2268299485
Shengfeng He,7da6f70ecc09a2ac615d475d82e2a1d747428403,,2310814137
Sepideh Khormaeipour,1ee2e797d4bafc6013d87e71a53b58df70bae4ef,,2312591734
F. Shakeri,1ee2e797d4bafc6013d87e71a53b58df70bae4ef,,2312590610
Ronghui Zhang,c2e9ce7ebc4789a25fc7f1bf666434ea6425c498,,2152042536
Jingtao Peng,c2e9ce7ebc4789a25fc7f1bf666434ea6425c498,,2304309507
Wanting Gou,c2e9ce7ebc4789a25fc7f1bf666434ea6425c498,,2124837318
Yuhang Ma,c2e9ce7ebc4789a25fc7f1bf666434ea6425c498,,2314811604
Junzhou Chen,c2e9ce7ebc4789a25fc7f1bf666434ea6425c498,,2282087105
Hongyu Hu,c2e9ce7ebc4789a25fc7f1bf666434ea6425c498,,2266705952
Weihua Li,c2e9ce7ebc4789a25fc7f1bf666434ea6425c498,,153021240
Guodong Yin,c2e9ce7ebc4789a25fc7f1bf666434ea6425c498,,2264175328
Zhiwu Li,c2e9ce7ebc4789a25fc7f1bf666434ea6425c498,,2299107307
Cong Zhang,16f5bd6b9a50ae08bc9e42c199881c67f72a98b4,,2276024367
Jie Shen,16f5bd6b9a50ae08bc9e42c199881c67f72a98b4,,2275989034
Lakshmi Kumari,138d74ccd98541688096bbafd52cb25b2d000c19;765cb21b150a6ce44cd68a3d63a0cb27a754a531,,2292765872
Neetu Mittal,138d74ccd98541688096bbafd52cb25b2d000c19,,6883706
Megha Modi,138d74ccd98541688096bbafd52cb25b2d000c19;765cb21b150a6ce44cd68a3d63a0cb27a754a531,,49779047
Hao Wu,1cc783dd2602b095c02045c45a3a2676434f0328,,2360520904
Yanxi Liu,1cc783dd2602b095c02045c45a3a2676434f0328,,2237952694
Zhongyang Jin,1cc783dd2602b095c02045c45a3a2676434f0328,,2200984558
Yuanjie Zhou,1cc783dd2602b095c02045c45a3a2676434f0328,,2346546582
Zijian Yu,1cc0adaa701a077edd3a5b009dcb2ad9797c823a,,2337083635
Yangyang Guo,1cc0adaa701a077edd3a5b009dcb2ad9797c823a,,2250557927
Liyuan Zhang,1cc0adaa701a077edd3a5b009dcb2ad9797c823a,,2308626842
Yi Ding,1cc0adaa701a077edd3a5b009dcb2ad9797c823a,,2364938868
Gan Zhang,1cc0adaa701a077edd3a5b009dcb2ad9797c823a,,2291694517
Dongyan Zhang,1cc0adaa701a077edd3a5b009dcb2ad9797c823a,,2291643624
Xianglong Meng,ac96c7f3cf2d4b18f0b2779dddce3e8361aa203f,,2375859321
Jiayan Huang,ac96c7f3cf2d4b18f0b2779dddce3e8361aa203f,,2115946545
Zuoyong Li,ac96c7f3cf2d4b18f0b2779dddce3e8361aa203f,,2258422375
Chuansheng Wang,ac96c7f3cf2d4b18f0b2779dddce3e8361aa203f,,2109152855
Shenghua Teng,ac96c7f3cf2d4b18f0b2779dddce3e8361aa203f,,2677515
Antoni Grau-Saldes,ac96c7f3cf2d4b18f0b2779dddce3e8361aa203f,,2303489844
Wenhao Zhang,89632ceab7cb79c1e9b683c4036669c00ac997cb,,2291690841
Xiaofang Hu,89632ceab7cb79c1e9b683c4036669c00ac997cb;08dfdabca3e90170cc62924486b8dbe2ec9ef866;7aaf9d1ef4891f70aa25aaa073857ac699c4f48f,,47027727
Zongxi Han,c7e424e9f36a9b9e2831beec5198419a274c392b,,2113961851
Rong Xie,c7e424e9f36a9b9e2831beec5198419a274c392b,,2200263735
Yijie Cai,535149249a303960328e020f20e1fb851b99133f,,2216665371
Xuehai Liu,535149249a303960328e020f20e1fb851b99133f,,2337870644
Huoxing Li,535149249a303960328e020f20e1fb851b99133f,,2109107007
Fei Lu,535149249a303960328e020f20e1fb851b99133f,,2277250246
Xinghua Gu,535149249a303960328e020f20e1fb851b99133f,,2177521350
Kang Qin,535149249a303960328e020f20e1fb851b99133f,,2293841228
Farzaneh Koohestani,73bc98c437c327316b49c8fe9ee5cd8456c6590c,,2276423439
Zahra Nabizadeh-ShahrBabak,73bc98c437c327316b49c8fe9ee5cd8456c6590c,,2312740156
Nader Karimi,73bc98c437c327316b49c8fe9ee5cd8456c6590c,,2288318017
S. Samavi,73bc98c437c327316b49c8fe9ee5cd8456c6590c,,143837075
Hua Wang,c65b73d18022bd95733888c58bfc8713ab9b3518,,2287562678
Jianzhong Cao,c65b73d18022bd95733888c58bfc8713ab9b3518,,2152964359
Lei Yang,c65b73d18022bd95733888c58bfc8713ab9b3518,,2118929457
Jijiang Huang,c65b73d18022bd95733888c58bfc8713ab9b3518,,151483379
Zhiqiang Yan,f35573beb971d8f3549acf452250e3153c882ab1,,2143627370
J. Qian,f35573beb971d8f3549acf452250e3153c882ab1,,40074541
Jian Yang,f35573beb971d8f3549acf452250e3153c882ab1,,2273535040
Jun Li,f35573beb971d8f3549acf452250e3153c882ab1,,2265939036
Xiaogang Xu,4540ff851c63492210d96944f1c2750f064fcc0c;f6107ba59dba91db16237465bf23a261c7889392,,2276483420
Ji Wu,43e5420583ae03d0421f133a47fe59eada235892,,2333585886
Bing Ding,43e5420583ae03d0421f133a47fe59eada235892,,2376718468
Beining Zhang,43e5420583ae03d0421f133a47fe59eada235892,,2323500396
Jie Ding,43e5420583ae03d0421f133a47fe59eada235892,,2269691445
Yuhang Peng,d3c69517243e18db7e017cb9f26dcaa3d7e1031e,,2349153100
Xiandong Meng,3ac173213b682e01f554d0e48431608494acaf68,,2303545586
Shiqi Wang,3ac173213b682e01f554d0e48431608494acaf68;3e2329282ea1ecc099c79480f125b569257a0906;c5d34758d3e2b9d3a1f222cba5b661ab072035e2,,2283201042
Shiyu Huang,4b8401e8f6d43099a1cefda90da315d5d06344e9,,2308210377
Zijun Gao,4b8401e8f6d43099a1cefda90da315d5d06344e9,,2268050385
Jue Wang,4b8401e8f6d43099a1cefda90da315d5d06344e9;52373fbe5accece0f72b8e28f52a0dda7513e70d;9eef368b54747ce95fd48fe48a3e20bbeb4a5379,,2109763930
Bo Li,4b8401e8f6d43099a1cefda90da315d5d06344e9,,2165247651
Ruiyao Wang,af65cddbb918657abddcd25177d73f9e5f593ca2,,2341172811
Rajamohan Parthasarathy,af65cddbb918657abddcd25177d73f9e5f593ca2,,2257009921
Muhammet Nuri Dudak,30d5e63de8ee196b99f95ce187a288cb2b56280a,,2215111325
Büşra Söylemez,30d5e63de8ee196b99f95ce187a288cb2b56280a;8284839ad130ff6f803f37e8292fe4c3abad6b9c,,2294457581
S. Çiftçi,30d5e63de8ee196b99f95ce187a288cb2b56280a;8284839ad130ff6f803f37e8292fe4c3abad6b9c,,32656225
Tianhao Peng,01daa23b1cdce9b9043a9db9a943bb29b049efb7,,2269736998
Chen Feng,01daa23b1cdce9b9043a9db9a943bb29b049efb7,,2117346009
Duolikun Danier,01daa23b1cdce9b9043a9db9a943bb29b049efb7,,2051683028
Fan Zhang,01daa23b1cdce9b9043a9db9a943bb29b049efb7,,2265620853
David R. Bull,01daa23b1cdce9b9043a9db9a943bb29b049efb7,,2138393856
Wenxuan Liu,fde1f92e6119cdd285eb70e08a489e098f457289,,1432791325
Xuemei Jia,fde1f92e6119cdd285eb70e08a489e098f457289,,2100723008
Yihao Ju,fde1f92e6119cdd285eb70e08a489e098f457289,,2301655459
Yakun Ju,fde1f92e6119cdd285eb70e08a489e098f457289,,144904672
Kui Jiang,fde1f92e6119cdd285eb70e08a489e098f457289,,2301686249
Shifeng Wu,fde1f92e6119cdd285eb70e08a489e098f457289,,47403229
Luo Zhong,fde1f92e6119cdd285eb70e08a489e098f457289,,2281210871
Xian Zhong,fde1f92e6119cdd285eb70e08a489e098f457289,,2240204468
Qikang Deng,c645d41fd14d747d9446dddac7d3268bb58fdd45;02e7e508eed1f8f7c29e01a9186d8a21a68c1c45,,2100612835
DongWon Choo,c645d41fd14d747d9446dddac7d3268bb58fdd45;02e7e508eed1f8f7c29e01a9186d8a21a68c1c45,,2300608052
H. Ji,c645d41fd14d747d9446dddac7d3268bb58fdd45,,2358980155
Dohoon Lee,c645d41fd14d747d9446dddac7d3268bb58fdd45;02e7e508eed1f8f7c29e01a9186d8a21a68c1c45,,2271397772
Xinxin Wang,dde611bfff032d9f5556b48845f464a56b11277c,,2310648996
Ru Yi,dde611bfff032d9f5556b48845f464a56b11277c,,2310627751
Mingyang Sun,dde611bfff032d9f5556b48845f464a56b11277c,,2311080531
Zhaozheng Zhang,dde611bfff032d9f5556b48845f464a56b11277c,,2310757027
Xunchu Zhou,89c966eda932d8182bd2033bd6a2fb232d4e6e7a;70ddb64e489c8a602ff75bb586e82610d023f793,,2217414612
Xiaohong Liu,89c966eda932d8182bd2033bd6a2fb232d4e6e7a;4f90e5d708e3a9c1c02b3fd7af184e9889d813ac;963e564405b948ebb77a24e0f1e5e8bda10acfc8;70ddb64e489c8a602ff75bb586e82610d023f793;097a500b7c22a9b13b16272982627f03c8a295ed,,2211737291
Yunlong Dong,89c966eda932d8182bd2033bd6a2fb232d4e6e7a;097a500b7c22a9b13b16272982627f03c8a295ed,,2212175505
Tengchuan Kou,89c966eda932d8182bd2033bd6a2fb232d4e6e7a;963e564405b948ebb77a24e0f1e5e8bda10acfc8;097a500b7c22a9b13b16272982627f03c8a295ed,,2131091027
Yixuan Gao,89c966eda932d8182bd2033bd6a2fb232d4e6e7a;963e564405b948ebb77a24e0f1e5e8bda10acfc8;70ddb64e489c8a602ff75bb586e82610d023f793;097a500b7c22a9b13b16272982627f03c8a295ed,,2118544238
Zicheng Zhang,89c966eda932d8182bd2033bd6a2fb232d4e6e7a,,2116459218
Chunyi Li,89c966eda932d8182bd2033bd6a2fb232d4e6e7a,,2109738874
Haoning Wu,89c966eda932d8182bd2033bd6a2fb232d4e6e7a;963e564405b948ebb77a24e0f1e5e8bda10acfc8,,120155330
Qiyuan He,1f790b4cb07824dbba80fdf96e07de16c0688021,,2394129855
Yuanxiang Li,1f790b4cb07824dbba80fdf96e07de16c0688021,,2144420776
Xiaofeng Zhang,1f790b4cb07824dbba80fdf96e07de16c0688021,,2328309571
Quan Lu,d18c804bbd9925cac059ff3943b6e98865d9b5f9,,2274925998
Chengwei Li,d18c804bbd9925cac059ff3943b6e98865d9b5f9,,2394624155
Linfei Yin,d18c804bbd9925cac059ff3943b6e98865d9b5f9,,9152493
Marco Cotogni,28ede5678c292a55649fc8064eb03780b9bde80f,,2265674038
Claudio Cusano,28ede5678c292a55649fc8064eb03780b9bde80f,,2265669375
Jiahao Wu,69314b7b8499cb269d040aa33915c1b1e0f9d36f,,2316011150
Dandan Zhan,69314b7b8499cb269d040aa33915c1b1e0f9d36f,,2133210939
Zhi Jin,69314b7b8499cb269d040aa33915c1b1e0f9d36f,,2300435939
Zhenyu Li,06e73d7ac69babae6dd1cdec219c662849f24192,,2274447113
Yuhang Li,b6ed3cc2b0e4cad5e2b0ca7feeada355abef0c0e;80f112fb6858203a2e09ce65d83d8e6f968819a6,,2110539473
Chao Wang,b6ed3cc2b0e4cad5e2b0ca7feeada355abef0c0e,,2144446642
Bing Liang,b6ed3cc2b0e4cad5e2b0ca7feeada355abef0c0e,,2180418786
Feifan Cai,b6ed3cc2b0e4cad5e2b0ca7feeada355abef0c0e,,2203092308
Youdong Ding,b6ed3cc2b0e4cad5e2b0ca7feeada355abef0c0e,,2249071896
Xiujie Cao,643c09cf02d08cfd5b59194d905f6cc364456747,,2297839069
Jingjun Yu,643c09cf02d08cfd5b59194d905f6cc364456747,,2279668138
Rui Zhao,59b109fa35c29a0de2ec37ad07963e7964a49bf5,,2241032311
Meilin Xie,59b109fa35c29a0de2ec37ad07963e7964a49bf5,,2283105060
Xubin Feng,59b109fa35c29a0de2ec37ad07963e7964a49bf5,,51025015
Xiuqin Su,59b109fa35c29a0de2ec37ad07963e7964a49bf5,,2283643539
Huiming Zhang,59b109fa35c29a0de2ec37ad07963e7964a49bf5,,2143469822
Wei Yang,59b109fa35c29a0de2ec37ad07963e7964a49bf5,,2325918526
Alok Kumar Tiwari,a55b7dd50bf59d4211e98ce4f1df2a732d4cd6d4,,2280506119
M. Pattanaik,a55b7dd50bf59d4211e98ce4f1df2a732d4cd6d4,,144168964
G. Sharma,a55b7dd50bf59d4211e98ce4f1df2a732d4cd6d4,,2280450857
Dong Liang,161182018bca245feaf662fbbbf4fab925fb9107,,2292770439
Zhengyan Xu,161182018bca245feaf662fbbbf4fab925fb9107,,2295691931
Ling Li,161182018bca245feaf662fbbbf4fab925fb9107,,2146625427
Mingqiang Wei,161182018bca245feaf662fbbbf4fab925fb9107,,2295690600
Songcan Chen,161182018bca245feaf662fbbbf4fab925fb9107,,2295789828
Wenqi Ren,934775a29e913a0a0a455d110142120871625039,,2265263152
Haiyang Jiang,1d8d5b7c9b95d718d8d78e001273d9c798c2f2e1;a5d043c17ff9b9ae4bd11762bfef27790fada58d,,152743682
Yinqiang Zheng,1d8d5b7c9b95d718d8d78e001273d9c798c2f2e1,,2242543861
Heming Xu,c9ed01a2a4d93c8aef914e730e4996ba5fdfeea3,,2297051352
Xintong Liu,c9ed01a2a4d93c8aef914e730e4996ba5fdfeea3,,2361993114
Hanwen Zhang,c9ed01a2a4d93c8aef914e730e4996ba5fdfeea3,,2385421727
Xiaohe Wu,c9ed01a2a4d93c8aef914e730e4996ba5fdfeea3,,2261408604
Na Li,a2c2a5d7fcb90227c2dc4ba610ecbb293d66479c,,2157952367
Yao Liu,a2c2a5d7fcb90227c2dc4ba610ecbb293d66479c,,2310860456
Huaiyao Wang,2a217feb40c0ed047dc4b29d9134e9230e085288,,2304891666
Lu Chen,2a217feb40c0ed047dc4b29d9134e9230e085288,,2305594274
Zixin Guan,2a217feb40c0ed047dc4b29d9134e9230e085288,,2402721800
Hao Zhang,fc7f86c88f2b3f9b23a3c5966c470eb8613f5bf6,,2302787661
Hongmei Jin,fc7f86c88f2b3f9b23a3c5966c470eb8613f5bf6;5d3f0c764497e40f170dfda75b7c22c2da5213b7,,2182115787
Zhanli Li,fc7f86c88f2b3f9b23a3c5966c470eb8613f5bf6,,2238918132
Aizhong Mi,35a97db1ed260df4071f93252690853675946c04;47f4e14f5353c47028bf3faf1453173162e46049,,1894034
Wenhui Luo,35a97db1ed260df4071f93252690853675946c04;47f4e14f5353c47028bf3faf1453173162e46049,,2212920973
Zhanqiang Huo,35a97db1ed260df4071f93252690853675946c04;47f4e14f5353c47028bf3faf1453173162e46049,,2293441519
K. Shang,f779a1a0d293aca6d753cc4c6d67c1ddbc147899,,2293399989
Chao Wang,f779a1a0d293aca6d753cc4c6d67c1ddbc147899,,2293588391
Shuigen Wang,f779a1a0d293aca6d753cc4c6d67c1ddbc147899,,2311903161
Yang Zou,6724e07e3a5837c5cc9add00d842c09de7857dc0,,2277598978
Xingyuan Li,6724e07e3a5837c5cc9add00d842c09de7857dc0,,2238012581
Zhiying Jiang,6724e07e3a5837c5cc9add00d842c09de7857dc0,,2292303526
Quan Zheng,dd04c41b5069f89b64f8d46cdd09944ff5b6229f,,2374374914
Hao Sun,dd04c41b5069f89b64f8d46cdd09944ff5b6229f,,2292353431
Huiyao Xu,dd04c41b5069f89b64f8d46cdd09944ff5b6229f,,2292737926
Fanjiang Xu,dd04c41b5069f89b64f8d46cdd09944ff5b6229f,,2205592862
Yuwei Zhang,b9c6588dc5165e4dbe9d8796d764d31c1556ed9c,,2292027671
Yan Wu,b9c6588dc5165e4dbe9d8796d764d31c1556ed9c,,2431555852
Yanming Liu,b9c6588dc5165e4dbe9d8796d764d31c1556ed9c,,2328628732
Xinyue Peng,b9c6588dc5165e4dbe9d8796d764d31c1556ed9c,,2291082069
Guoyu Zhang,30689949aaaf655a0dcb5d4eb66957c425d93724,,2323189165
Ye Tian,30689949aaaf655a0dcb5d4eb66957c425d93724,,2143700164
Wenhan Yin,30689949aaaf655a0dcb5d4eb66957c425d93724,,2311963925
Change Zheng,30689949aaaf655a0dcb5d4eb66957c425d93724,,2153619472
Yingxu Qiao,47f4e14f5353c47028bf3faf1453173162e46049;37a9809cb3d0eb91d2379796f4cf719bcf5b4223,,103972450
Xinghao Wang,343298a89b6938230e2dcfa958ce48293d5db45d,,2244566885
Qiang Wang,343298a89b6938230e2dcfa958ce48293d5db45d,,2244577452
Lei Zhang,343298a89b6938230e2dcfa958ce48293d5db45d,,2290620461
Yiyang Qu,343298a89b6938230e2dcfa958ce48293d5db45d,,2408480683
Fan Yi,343298a89b6938230e2dcfa958ce48293d5db45d,,2290573419
Jiayang Yu,343298a89b6938230e2dcfa958ce48293d5db45d,,2244603033
Qiuhan Liu,343298a89b6938230e2dcfa958ce48293d5db45d,,1915113309
Ruicong Xia,343298a89b6938230e2dcfa958ce48293d5db45d,,1381665939
Ziling Xu,343298a89b6938230e2dcfa958ce48293d5db45d,,2290632545
Sirong Tong,343298a89b6938230e2dcfa958ce48293d5db45d,,2290510812
Jing Ye,a3326d90ef8e0bb00a5532bc65d4ef0270cf19ce;dd6280b57dfadb29e93dd22bbc6ea75384708e35;de4c5dde7a5daf062a37ec1a45d13f1a9a3e1d30,,144030865
Changzhen Qiu,a3326d90ef8e0bb00a5532bc65d4ef0270cf19ce;7c1a766f88e9cd95d0a0b6f8ad43c26c88adc8ae;dd6280b57dfadb29e93dd22bbc6ea75384708e35;de4c5dde7a5daf062a37ec1a45d13f1a9a3e1d30,,9326186
Zhiyong Zhang,a3326d90ef8e0bb00a5532bc65d4ef0270cf19ce;7c1a766f88e9cd95d0a0b6f8ad43c26c88adc8ae;dd6280b57dfadb29e93dd22bbc6ea75384708e35;de4c5dde7a5daf062a37ec1a45d13f1a9a3e1d30,,2117992459
Jing Ye,7c1a766f88e9cd95d0a0b6f8ad43c26c88adc8ae,,2274013848
Linjie Yang,7c1a766f88e9cd95d0a0b6f8ad43c26c88adc8ae,,2293361156
Shuang Yuan,b610179e3c2fb63deb20e08b55f85d3d23e0729c,,2379614103
Jinjiang Li,b610179e3c2fb63deb20e08b55f85d3d23e0729c;a1e8a799b8784bb688ff7a823baeaf3a55bea0d9;bb4d60647e9be65b18ebddb8a67298fa12a34d1e;e0e0245a316263915ccd9e53eaa9c0d5be181ac1;7e0e9863a91e6de1a0b9497a18f25ed9c8dd18c6;71761f84fc683fbff8b0ab9c0496c67960c7b9d8;012f4ee91de75071ca943fc46bd61e149f310a89,,2555126
Lu Ren,b610179e3c2fb63deb20e08b55f85d3d23e0729c;a1e8a799b8784bb688ff7a823baeaf3a55bea0d9,,2218529854
Zheng Chen,b610179e3c2fb63deb20e08b55f85d3d23e0729c;a1e8a799b8784bb688ff7a823baeaf3a55bea0d9,,2117203134
Zhenbing Liu,e6551abe523b4b5c7dcabdde18226395ab592c1a;1b0de22e55b92add718b6b05f99075aa4d2223a5;9c3b52669616cbd41e2932ab384d741130d8276c,,1904697
Yingxin Huang,e6551abe523b4b5c7dcabdde18226395ab592c1a,,2218463297
Ruojie Zhang,e6551abe523b4b5c7dcabdde18226395ab592c1a,,2277152094
Haoxiang Lu,e6551abe523b4b5c7dcabdde18226395ab592c1a;1b0de22e55b92add718b6b05f99075aa4d2223a5;9c3b52669616cbd41e2932ab384d741130d8276c,,2115608321
Wenhao Wang,e6551abe523b4b5c7dcabdde18226395ab592c1a,,2243110072
Zhaoyuan Zhang,e6551abe523b4b5c7dcabdde18226395ab592c1a,,2232743830
Tengyue Li,aec3c8ebc11830fd62fc97e61798ebae1b0c53d4,,1914871113
Shyang-En Weng,b3088d114ebe135ee8d7953eb42f64c4ced914b7,,2223933672
S. Miaou,b3088d114ebe135ee8d7953eb42f64c4ced914b7,,1720218
Ricky Christanto,b3088d114ebe135ee8d7953eb42f64c4ced914b7,,3071190
Jin Liu,af69b2bc0192a2b4959e32c57c8ed1eab0173652,,2280860118
Bo Wang,af69b2bc0192a2b4959e32c57c8ed1eab0173652,,2213743543
Chuanming Wang,af69b2bc0192a2b4959e32c57c8ed1eab0173652;bc786ceae3f1f9ae072d10c76169dac2fc0ce647,,2109153220
Huadong Ma,af69b2bc0192a2b4959e32c57c8ed1eab0173652;7043818c120a0a8313418fbd7eacf753f85efa90,,2263653397
Ling Wu,281bea068ca7e3446345fd3102bd27569a67c0b5,,2295912069
Jun Zhang,281bea068ca7e3446345fd3102bd27569a67c0b5,,2269054494
Yiting Wang,0bb1462309d0f9a7f4d5117f592dbc7cbb249d7b;9f490ac5529a7e3a0ee5d5df77add2817f3d6df2,,2284178771
Haonan Zhao,0bb1462309d0f9a7f4d5117f592dbc7cbb249d7b;9f490ac5529a7e3a0ee5d5df77add2817f3d6df2,,2284409012
Daniel Gummadi,0bb1462309d0f9a7f4d5117f592dbc7cbb249d7b,,2275641863
M. Dianati,0bb1462309d0f9a7f4d5117f592dbc7cbb249d7b,,1953808
K. Debattista,0bb1462309d0f9a7f4d5117f592dbc7cbb249d7b;9f490ac5529a7e3a0ee5d5df77add2817f3d6df2,,2276423748
Valentina Donzella,0bb1462309d0f9a7f4d5117f592dbc7cbb249d7b;9f490ac5529a7e3a0ee5d5df77add2817f3d6df2,,2362738993
Yu Zhang,88a31457e51bb7b23ec860582427297c454721fb;410edab7ceab90a315df3e7f405e1039c3bddd39,,2287926217
Shan Jiang,88a31457e51bb7b23ec860582427297c454721fb;410edab7ceab90a315df3e7f405e1039c3bddd39,,2287783281
Xiangyun Tang,88a31457e51bb7b23ec860582427297c454721fb;410edab7ceab90a315df3e7f405e1039c3bddd39,,2287916499
Piotr Stefański,c47548a2ef73662d1aaba81aca5bbccbc70f25a3,,2284057056
Sajid Ullah,c47548a2ef73662d1aaba81aca5bbccbc70f25a3,,2284051843
Przemysław Matysik,c47548a2ef73662d1aaba81aca5bbccbc70f25a3,,89131918
Krystyna Rybka,c47548a2ef73662d1aaba81aca5bbccbc70f25a3,,2284058890
J. Bright Jose,42816bb24d7ebd999e5b489c6e2a9287b6d641fa,,2284240314
R. P. Anto Kumar,42816bb24d7ebd999e5b489c6e2a9287b6d641fa,,2284239264
Yinghao Song,53c07a9eed5f07d34e7446357edaad0444b41aa3,,2370146919
Hao Ma,53c07a9eed5f07d34e7446357edaad0444b41aa3,,2313199753
Bo Yang,53c07a9eed5f07d34e7446357edaad0444b41aa3,,2283535774
Yanchun Liang,53c07a9eed5f07d34e7446357edaad0444b41aa3,,2283265662
H. Ge,53c07a9eed5f07d34e7446357edaad0444b41aa3,,5951184
Heow Pueh Lee,53c07a9eed5f07d34e7446357edaad0444b41aa3,,2196525215
Chunguo Wu,53c07a9eed5f07d34e7446357edaad0444b41aa3,,1989477
Xiaoxi Ge,15f2630e054aae73438abebf5d98c379c06f16a5,,2314452489
Tao Wang,15f2630e054aae73438abebf5d98c379c06f16a5,,2156018085
Kanjian Zhang,15f2630e054aae73438abebf5d98c379c06f16a5,,2197323448
Xiangsheng Li,08c3edb77b8869527a335d63d62e8ec86bbc33de,,2221832747
Manlu Liu,08c3edb77b8869527a335d63d62e8ec86bbc33de;69f5442492cbd8108db1bc3cd7384483cf01155f,,47842165
Q. Ling,08c3edb77b8869527a335d63d62e8ec86bbc33de,,40177644
Chun-Yi Lin,8d061e8089b9058a6be7b9e08e81f9533f396307,,2116764384
Muhamad Amirul Haq,8d061e8089b9058a6be7b9e08e81f9533f396307,,101954925
Jiun-Han Chen,8d061e8089b9058a6be7b9e08e81f9533f396307,,2222364174
S. Ruan,8d061e8089b9058a6be7b9e08e81f9533f396307,,144611095
E. Naroska,8d061e8089b9058a6be7b9e08e81f9533f396307,,1746800
Ryan Wen Liu,11c52757c7dd3d50fc62fccc7971c6d3894e28d0;49d6f4b40b5440f5a603481f91a1ca7390e96bc1,,2124017717
Yu Guo,11c52757c7dd3d50fc62fccc7971c6d3894e28d0;a8a230fa18d904176af58ad40aad971543adb0f0;87fd9755ab0b158da51a26974b1619c6e7ab2fe1;427f5e326ed18749425be956d8d159b24003a10a;49d6f4b40b5440f5a603481f91a1ca7390e96bc1;5746980ffaa72c237a9f54fc4f4c5cc67200ce1f;f3f73da45cf960fa3fc1174ac410e5b99bbe112f;cc3b299ea3cca09f0dc20f8157a1bcecc18e464a,,2143378699
Fenghua Zhu,11c52757c7dd3d50fc62fccc7971c6d3894e28d0,,2273630436
Yisheng Lv,11c52757c7dd3d50fc62fccc7971c6d3894e28d0,,2268452822
G. Zhou,08dfdabca3e90170cc62924486b8dbe2ec9ef866,,31498835
Yuxiang Hui,8e95f569c88824cf81037837aa5578aec8a061a3,,2281643588
Yang Liu,8e95f569c88824cf81037837aa5578aec8a061a3,,2258961576
Yaofang Liu,8e95f569c88824cf81037837aa5578aec8a061a3,,2142860074
Fan Jia,8e95f569c88824cf81037837aa5578aec8a061a3,,2277464549
Jinshan Pan,8e95f569c88824cf81037837aa5578aec8a061a3,,2303583664
Raymond H. Chan,8e95f569c88824cf81037837aa5578aec8a061a3,,2258962579
Tieyong Zeng,8e95f569c88824cf81037837aa5578aec8a061a3,,2277505260
Yaser Abu Awwad,57bd188a43d7da2b209590402bd5aa99fb787241,,2287643311
Omer F. Rana,57bd188a43d7da2b209590402bd5aa99fb787241,,2247641509
Charith Perera,57bd188a43d7da2b209590402bd5aa99fb787241,,2121000333
Seitaro Ono,8dc606911def4954a78817a27a13013579f2af83,,2279335504
Yuka Ogino,8dc606911def4954a78817a27a13013579f2af83,,2265077533
Takahiro Toizumi,8dc606911def4954a78817a27a13013579f2af83,,2265077373
Atsushi Ito,8dc606911def4954a78817a27a13013579f2af83,,2279337594
Masato Tsukada,8dc606911def4954a78817a27a13013579f2af83,,2264787303
R. Balakrishnan,3fac8c15bdf162f61ed5afe5b0f8439971bde0cf,,2292767320
Ruchira Rawat,3fac8c15bdf162f61ed5afe5b0f8439971bde0cf,,35676331
Sathish Kannan,3fac8c15bdf162f61ed5afe5b0f8439971bde0cf,,2292750155
W. Pate,3fac8c15bdf162f61ed5afe5b0f8439971bde0cf,,143851610
Harshal Pati,3fac8c15bdf162f61ed5afe5b0f8439971bde0cf,,2292749577
S. Rajkumar,3fac8c15bdf162f61ed5afe5b0f8439971bde0cf,,2292757113
D. Makwana,eb8dd8e17871392c469826eae8713c3e11a5985f,,2077569514
Gayatri S Deshmukh,eb8dd8e17871392c469826eae8713c3e11a5985f,,119582522
Onkar Susladkar,eb8dd8e17871392c469826eae8713c3e11a5985f,,2149412487
Sparsh Mittal,eb8dd8e17871392c469826eae8713c3e11a5985f,,2262215176
S. R.,eb8dd8e17871392c469826eae8713c3e11a5985f,,2279428520
Jiachen Dang,d33b99720363883e745adeba9b078d4d630c9514,,2339471830
Yong Zhong,d33b99720363883e745adeba9b078d4d630c9514;bd581f1a470f0536221adf3d2fa5ea3bcdaf4440,,2258070450
Xiaolin Qin,d33b99720363883e745adeba9b078d4d630c9514,,2268725569
Zhen Wang,6526b69c1a527a46da195b6e79fc00dcbb5d8334,,2118453658
Xiaohuan Zhang,6526b69c1a527a46da195b6e79fc00dcbb5d8334,,2108583832
S. Sony Priya,3e0aec5cfbab04c311abbb3e65c465aaf0afc36b,,2277374246
R. Minu,3e0aec5cfbab04c311abbb3e65c465aaf0afc36b,,2348646213
Kaidi Wang,3251bb694e36894db161ba552739ac494adbb83a,,2277145169
Yuanlin Zheng,3251bb694e36894db161ba552739ac494adbb83a,,65787202
Kaiyang Liao,3251bb694e36894db161ba552739ac494adbb83a,,2971452
Haiwen Liu,3251bb694e36894db161ba552739ac494adbb83a,,2258583395
Bangyong Sun,3251bb694e36894db161ba552739ac494adbb83a,,2258321506
Xiao Fang,74bb8f44d963dda6cba41fd7e5f89fd9654529aa,,2276991612
Xin Gao,74bb8f44d963dda6cba41fd7e5f89fd9654529aa,,2321262054
Baofeng Li,74bb8f44d963dda6cba41fd7e5f89fd9654529aa,,48218713
Feng Zhai,74bb8f44d963dda6cba41fd7e5f89fd9654529aa,,2256852764
Yu Qin,74bb8f44d963dda6cba41fd7e5f89fd9654529aa,,2276963896
Zhihang Meng,74bb8f44d963dda6cba41fd7e5f89fd9654529aa,,2256860810
Jiansheng Lu,74bb8f44d963dda6cba41fd7e5f89fd9654529aa,,2268723013
Chun Xiao,74bb8f44d963dda6cba41fd7e5f89fd9654529aa,,2268598145
Xueyang Zhong,bd253d46a5f76653623fea4eab514c491131a1ee,,2332538610
Haihui Wang,bd253d46a5f76653623fea4eab514c491131a1ee,,2283508460
Yanpu Chen,bd253d46a5f76653623fea4eab514c491131a1ee,,2283521937
Shanying Zhu,ca39b7afedd3cfedc558ab09a8b92e7a242d31f5;1206c494a6f562a16a82b7eff8b595294361860d,,2160533297
Xinping Guan,ca39b7afedd3cfedc558ab09a8b92e7a242d31f5,,2066614902
Jiaxin Wu,a923cdda361ca3d147494355112d2350e3628382,,2267015115
Haifeng Zhang,a923cdda361ca3d147494355112d2350e3628382,,2181571727
Biao Li,a923cdda361ca3d147494355112d2350e3628382,,2274910584
Jiaxin Duan,a923cdda361ca3d147494355112d2350e3628382,,2266888433
Qianxi Li,a923cdda361ca3d147494355112d2350e3628382,,2256779819
Zeyu He,a923cdda361ca3d147494355112d2350e3628382,,2274916829
Jianzhong Cao,a923cdda361ca3d147494355112d2350e3628382,,2267034784
Hao Wang,a923cdda361ca3d147494355112d2350e3628382,,2256769585
Ziteng Cui,c799930bc727d1e891a578dd7001a3d7e1380957;a16a3cd92d147b2caaf41b20aa28b8b36188ae70;a0bd9b23713ed53bc63adab678be2c165a1358f5;ac394ec14017a81e3ddfcfbd518d9bcf7d376f45;07a2c2abc485bc163985ae0a82d53cad5ba38a87;a5ea2904ccd93be210053da719c3d26a7f0b0e96,,2152101108
Lin Gu,c799930bc727d1e891a578dd7001a3d7e1380957,,2261518797
Xiao Sun,c799930bc727d1e891a578dd7001a3d7e1380957,,2273669927
Xianzheng Ma,c799930bc727d1e891a578dd7001a3d7e1380957,,2261892326
Yu Qiao,c799930bc727d1e891a578dd7001a3d7e1380957,,2266467340
Tatsuya Harada,c799930bc727d1e891a578dd7001a3d7e1380957,,2256612994
Xian Zhang,4f49411957fe84682c2da677c2d832dd6904b4b6,,2108304020
Yanfeng Li,4f49411957fe84682c2da677c2d832dd6904b4b6,,2275033194
Hanyue Zhang,4f49411957fe84682c2da677c2d832dd6904b4b6,,2274868012
Qi Zhou,cc86713f40a34b62aeea625230e2995295eece86,,2297146736
Kai Yang,cc86713f40a34b62aeea625230e2995295eece86,,2297064507
Zunwang Ke,cc86713f40a34b62aeea625230e2995295eece86,,2014735862
Gang Wang,cc86713f40a34b62aeea625230e2995295eece86,,2297314711
Yugui Zhang,cc86713f40a34b62aeea625230e2995295eece86,,2297060382
Yizhen Jia,cc86713f40a34b62aeea625230e2995295eece86,,2297431855
Fengcai Cao,cc86713f40a34b62aeea625230e2995295eece86,,2297024863
Junxiao Ma,cc86713f40a34b62aeea625230e2995295eece86,,2297139395
Changlin Liu,cc86713f40a34b62aeea625230e2995295eece86,,2297217008
Kaijie Zhang,cc86713f40a34b62aeea625230e2995295eece86,,2297373826
Min Wu,cc86713f40a34b62aeea625230e2995295eece86,,2149348420
Qiang Wen,c05d4f44ead1df35fff17b6e06f8eeeb668d7b5a,,2269459289
Zhefan Rao,c05d4f44ead1df35fff17b6e06f8eeeb668d7b5a,,2261750244
Yazhou Xing,c05d4f44ead1df35fff17b6e06f8eeeb668d7b5a,,2072727444
Qifeng Chen,c05d4f44ead1df35fff17b6e06f8eeeb668d7b5a,,2269692452
Yuanbiao Gou,0c291c421fb11b5b27e2d3526efb2353d88c27a8,,1781457837
Haiyu Zhao,0c291c421fb11b5b27e2d3526efb2353d88c27a8,,2271570535
Boyun Li,0c291c421fb11b5b27e2d3526efb2353d88c27a8,,150044582
Xinyan Xiao,0c291c421fb11b5b27e2d3526efb2353d88c27a8,,2269770258
Xi Peng,0c291c421fb11b5b27e2d3526efb2353d88c27a8,,2269759322
Zhipeng Du,77d2914fad72f335708ae8917558ad2d8a30cf9c,,2180661093
Miaojing Shi,77d2914fad72f335708ae8917558ad2d8a30cf9c,,2283110033
Jiankang Deng,77d2914fad72f335708ae8917558ad2d8a30cf9c,,2269769487
Jing Tao,f5ac9f12c7a58c0c48f497ccd6789cbf2d9a59fc,,2218896520
Junliang Wang,f5ac9f12c7a58c0c48f497ccd6789cbf2d9a59fc,,46584628
Peng Zhang,f5ac9f12c7a58c0c48f497ccd6789cbf2d9a59fc,,2374290319
Jie Zhang,f5ac9f12c7a58c0c48f497ccd6789cbf2d9a59fc,,2262092430
Kai-Leung Yung,f5ac9f12c7a58c0c48f497ccd6789cbf2d9a59fc,,2193369847
Andrew W. H. Ip,f5ac9f12c7a58c0c48f497ccd6789cbf2d9a59fc,,2284517762
Hu Yan,44572ecd0b7dc88da5c96ca857ab809dacaed77e,,2249195924
Xianfeng Chen,44572ecd0b7dc88da5c96ca857ab809dacaed77e,,2282950088
Ziaur Rahman,1680490c18fb88ebb45bc3e2321ccc842fb04c5f;874f1251353f98bd096cade10848c82907aaa1f9;8ce6045cde0169f35c256b003424ab364bcc3e3e,,145760130
M. Aamir,1680490c18fb88ebb45bc3e2321ccc842fb04c5f;874f1251353f98bd096cade10848c82907aaa1f9;8ce6045cde0169f35c256b003424ab364bcc3e3e,,2147469944
Zafar Ali,1680490c18fb88ebb45bc3e2321ccc842fb04c5f;312a2b9a9a2b11fb87f9d83958ab23adfd158f1d,,2143648228
Abdul Khader Jilani Saudagar,1680490c18fb88ebb45bc3e2321ccc842fb04c5f,,2788046
Abdullah Altameem,1680490c18fb88ebb45bc3e2321ccc842fb04c5f,,1403869508
K. Muhammad,1680490c18fb88ebb45bc3e2321ccc842fb04c5f,,134260245
Shaoliang Yang,ff8232aa426d53d90bd083c691218e46257b5ea1;3e83a11fa56f265deda246195c89086119e4cfc6,,2162395521
Dongming Zhou,ff8232aa426d53d90bd083c691218e46257b5ea1;3e83a11fa56f265deda246195c89086119e4cfc6,,2153594632
Weilin Yi,e1b03b050240e6a6c710eb11193f97b8c07a461c,,2222786115
Changhui Hu,e1b03b050240e6a6c710eb11193f97b8c07a461c,,2257389126
Zhen Wang,e1b03b050240e6a6c710eb11193f97b8c07a461c,,2144787261
Kun Zhang,1a9d04868074845eb3a38caa5c5807d4b372a2ed,,2292209926
Qinghua Li,1a9d04868074845eb3a38caa5c5807d4b372a2ed,,2108492563
Kaiyue Liu,1a9d04868074845eb3a38caa5c5807d4b372a2ed,,2263481510
Mengyao Zhang,1a9d04868074845eb3a38caa5c5807d4b372a2ed,,2292593221
Xuyang Wang,1a9d04868074845eb3a38caa5c5807d4b372a2ed,,2264352213
Chao Feng,1a9d04868074845eb3a38caa5c5807d4b372a2ed,,2117344819
Yongqiang Chen,ef189445cd5b1aa7b531f81a6366b854a8192d98;c3d9e9aeddfc887c01fcf504d70db15255b23a35,,2245331388
Chenglin Wen,ef189445cd5b1aa7b531f81a6366b854a8192d98;c3d9e9aeddfc887c01fcf504d70db15255b23a35,,2238106022
Weifeng Liu,ef189445cd5b1aa7b531f81a6366b854a8192d98,,2258306407
Wei He,ef189445cd5b1aa7b531f81a6366b854a8192d98;c3d9e9aeddfc887c01fcf504d70db15255b23a35,,2244412699
Haoran Wang,6667597ad1c3310fbbb0afd501fa94103b153e08,,2125123823
Zhenglong Li,6667597ad1c3310fbbb0afd501fa94103b153e08,,2145367383
Hongwei Wang,6667597ad1c3310fbbb0afd501fa94103b153e08,,2266008826
Wenyan Cao,6667597ad1c3310fbbb0afd501fa94103b153e08,,2265799989
Fujing Zhang,6667597ad1c3310fbbb0afd501fa94103b153e08,,2224144111
Yuheng Wang,6667597ad1c3310fbbb0afd501fa94103b153e08,,2224060448
Wanjun Zhang,3011f420df87f85d2b477cd66d88b02d87772837,,2213866940
Miaohui Zhang,3011f420df87f85d2b477cd66d88b02d87772837,,2249455099
Jun Wang,3011f420df87f85d2b477cd66d88b02d87772837,,2250713079
Xiaoyun Long,df9fa85d1674879e648e62126743cd8dc1e19841,,2150017862
Shukai Duan,7aaf9d1ef4891f70aa25aaa073857ac699c4f48f,,2159433014
Jin Chen,38d72d1c03f81e0a78802bde3d675e7909f39132;ace1a6b59b6e7d0579b778757a56f95d9d0a34c6,,2108458965
Yong Wang,38d72d1c03f81e0a78802bde3d675e7909f39132,,2237392111
Yujuan Han,38d72d1c03f81e0a78802bde3d675e7909f39132;ace1a6b59b6e7d0579b778757a56f95d9d0a34c6,,2112896698
Arshiana Shamir,176a31e61a636165362322cc1d070b100f16e8d3,,2192209672
N. Park,176a31e61a636165362322cc1d070b100f16e8d3,,2052429129
Bumshik Lee,176a31e61a636165362322cc1d070b100f16e8d3,,2672583
Junyu Fan,a1e8a799b8784bb688ff7a823baeaf3a55bea0d9,,2198876207
Haiyang Jiang,803825f36c2d0d23f75b53388ac9f1d6c11825d0,,2266241316
Hui Sze Liew,bb8fcd46ff93316dfc3d79b0fc7a5c015d492d73,,2267654584
Y. P. Loh,bb8fcd46ff93316dfc3d79b0fc7a5c015d492d73;e9fdd987df2fd005fa975c1f8c9f6d5119a914c3,,34676974
Simying Ong,bb8fcd46ff93316dfc3d79b0fc7a5c015d492d73,,33567862
Jiafeng Li,93a9ba0330764f84d862cce08da0499f74bd03fa,,3117925
Shuai Hao,93a9ba0330764f84d862cce08da0499f74bd03fa,,47595917
Tianshuo Li,93a9ba0330764f84d862cce08da0499f74bd03fa,,2259268733
Li Zhuo,93a9ba0330764f84d862cce08da0499f74bd03fa,,2105909391
Jing Zhang,93a9ba0330764f84d862cce08da0499f74bd03fa,,2260279898
Wei Wang,d0078ff59184a3ca422bbbc16fb76b4a60bb382b,,2158626214
Chaobing Zheng,d0078ff59184a3ca422bbbc16fb76b4a60bb382b,,24329943
Xinjie Wei,940134448d1bc596b2e79a7a1e4ff0653ac2a3ea,,2226310405
Kan Chang,940134448d1bc596b2e79a7a1e4ff0653ac2a3ea,,2217958366
Guiqing Li,940134448d1bc596b2e79a7a1e4ff0653ac2a3ea,,2238134221
Mengyuan Huang,940134448d1bc596b2e79a7a1e4ff0653ac2a3ea;4bd0e86add248cf2cda39b64e26eb1e7ac8a0e01,,2112586477
Qingpao Qin,940134448d1bc596b2e79a7a1e4ff0653ac2a3ea;4bd0e86add248cf2cda39b64e26eb1e7ac8a0e01,,2210509112
Chaitra Desai,36694b981f73eb4c96b4a0166afb8fdcdbfd4c98,,32173170
Amogh Joshi,36694b981f73eb4c96b4a0166afb8fdcdbfd4c98,,2276533020
Sampada Malagi,36694b981f73eb4c96b4a0166afb8fdcdbfd4c98,,2268207014
Chinmayee Mandi,36694b981f73eb4c96b4a0166afb8fdcdbfd4c98,,2276529634
Ujwala Patil,36694b981f73eb4c96b4a0166afb8fdcdbfd4c98,,148268483
Jinxiu Liang,f47ec81f6fac8aaca3afb1f109205754d66e1fcd,,2118674813
Yixin Yang,f47ec81f6fac8aaca3afb1f109205754d66e1fcd,,2265716567
Boyu Li,f47ec81f6fac8aaca3afb1f109205754d66e1fcd,,2265682272
Peiqi Duan,f47ec81f6fac8aaca3afb1f109205754d66e1fcd,,2265682931
Yong Xu,f47ec81f6fac8aaca3afb1f109205754d66e1fcd,,2265799628
Boxin Shi,f47ec81f6fac8aaca3afb1f109205754d66e1fcd,,2273929993
Zhichao Chen,fda40305a1ad8f88cf2e67795e7edcd7a0e91276,,2262790719
Jie Yang,fda40305a1ad8f88cf2e67795e7edcd7a0e91276,,2263258061
Chong Yang,fda40305a1ad8f88cf2e67795e7edcd7a0e91276,,2260907960
Jun Young Park,1b137a0e5699c2e27eefd17009ddd2b8df4c347c,,2369288915
Cheol Woo Park,1b137a0e5699c2e27eefd17009ddd2b8df4c347c,,2140588967
I. Eom,1b137a0e5699c2e27eefd17009ddd2b8df4c347c;016675a7392f901a4615b6aef73703b96d03b35f,,3260798
C. Wen,db79931458fc4ea5361cc7e64f3063b1a1b3210e,,2068036068
Ting Nie,db79931458fc4ea5361cc7e64f3063b1a1b3210e,,47476066
Mingxuan Li,db79931458fc4ea5361cc7e64f3063b1a1b3210e,,2258417102
Xiaofeng Wang,db79931458fc4ea5361cc7e64f3063b1a1b3210e,,2258446554
Liang Huang,db79931458fc4ea5361cc7e64f3063b1a1b3210e,,2109047463
Y. Rao,061b8595446b7ac6ae21403a81531de07c94cf17,,2240329584
Yuling Yi,061b8595446b7ac6ae21403a81531de07c94cf17,,2146876592
O. T. Nartey,061b8595446b7ac6ae21403a81531de07c94cf17,,1391407625
Saeed Ullah Jan,061b8595446b7ac6ae21403a81531de07c94cf17,,2314221897
Yanzhi Fan,027b0fcd3c0559824ff4cfa47f9d280d9e5d8926,,2308241522
Haozhe Jia,027b0fcd3c0559824ff4cfa47f9d280d9e5d8926,,2269784443
Xin Wei,027b0fcd3c0559824ff4cfa47f9d280d9e5d8926,,2269749335
Qiguo Cao,027b0fcd3c0559824ff4cfa47f9d280d9e5d8926,,2269462319
Yingfeng Wang,027b0fcd3c0559824ff4cfa47f9d280d9e5d8926;29a0d3b40d2bf476c87e683c0cbf900118a72cbc,,2269704838
Sen Xiang,027b0fcd3c0559824ff4cfa47f9d280d9e5d8926,,2269461907
Xiaowei Wei,38bfbfa14c8e90c2080c565e5d6883ad3b2db104,,2197785017
Saisai Yu,38bfbfa14c8e90c2080c565e5d6883ad3b2db104,,2284952650
Shuqing He,38bfbfa14c8e90c2080c565e5d6883ad3b2db104,,2290008759
Weifeng Liu,c3d9e9aeddfc887c01fcf504d70db15255b23a35,,1732108
Jingxiang Qu,a8a230fa18d904176af58ad40aad971543adb0f0;87fd9755ab0b158da51a26974b1619c6e7ab2fe1;cc3b299ea3cca09f0dc20f8157a1bcecc18e464a,,2189470689
R. W. Liu,a8a230fa18d904176af58ad40aad971543adb0f0;427f5e326ed18749425be956d8d159b24003a10a;5746980ffaa72c237a9f54fc4f4c5cc67200ce1f;f3f73da45cf960fa3fc1174ac410e5b99bbe112f,,3136503
Fenghua Zhu,a8a230fa18d904176af58ad40aad971543adb0f0,,2242533246
Fei Wang,a8a230fa18d904176af58ad40aad971543adb0f0,,2274447159
Zhenda Yu,9cdb56c7c1024204c3fc2087b6e9870bda0a6176,,2239467883
Ran Ju,9cdb56c7c1024204c3fc2087b6e9870bda0a6176,,33687539
Xiao Sun,9cdb56c7c1024204c3fc2087b6e9870bda0a6176,,2318258797
Xinyu Zhang,9cdb56c7c1024204c3fc2087b6e9870bda0a6176,,120070100
G. Uganya,474edb68077a94617570173012fda2e61f2c4dee,,2329274003
C. H. S. Devi,474edb68077a94617570173012fda2e61f2c4dee,,2359251284
Abhay Chaturvedi,474edb68077a94617570173012fda2e61f2c4dee,,2238567994
B. Shankar,474edb68077a94617570173012fda2e61f2c4dee,,2252450266
J. V. N. Ramesh,474edb68077a94617570173012fda2e61f2c4dee,,2211558308
Ajmeera Kiran,474edb68077a94617570173012fda2e61f2c4dee,,144652286
Naishan Zheng,b6f811568a3d46afa22d4aba47f46a13e04731cb;dd6c5e1e8e1bbb47a8abc93813f5588ad3275400,,104219880
Man Zhou,b6f811568a3d46afa22d4aba47f46a13e04731cb;258d49edb97b80237b66c540df91b70abe2f985b;4b688c486f2b223212682fd2b3f72cc0caa94b1b;f330e64b263af1c0631418619fd130e9a2314525,,2121684731
Yanmeng Dong,b6f811568a3d46afa22d4aba47f46a13e04731cb,,2237962719
Xiangyu Rui,b6f811568a3d46afa22d4aba47f46a13e04731cb,,2056920436
Jie Huang,b6f811568a3d46afa22d4aba47f46a13e04731cb;258d49edb97b80237b66c540df91b70abe2f985b;db295b4bd1ef52f2664ea225d4eee4cf87542aad;dd6c5e1e8e1bbb47a8abc93813f5588ad3275400;4b688c486f2b223212682fd2b3f72cc0caa94b1b;f330e64b263af1c0631418619fd130e9a2314525,,2110284557
Chongyi Li,b6f811568a3d46afa22d4aba47f46a13e04731cb,,2237956540
Fengmei Zhao,b6f811568a3d46afa22d4aba47f46a13e04731cb;258d49edb97b80237b66c540df91b70abe2f985b;db295b4bd1ef52f2664ea225d4eee4cf87542aad;dd6c5e1e8e1bbb47a8abc93813f5588ad3275400;f330e64b263af1c0631418619fd130e9a2314525,,2152335165
Lixu Zhang,1e4b9fb2efa19a026c644665abfab70c4215508c,,2222925195
W. Zuo,1e4b9fb2efa19a026c644665abfab70c4215508c;02465bd3a371cd40a8d13eda92f9e97f8adeb25b,,1724520
Deyu Meng,1e4b9fb2efa19a026c644665abfab70c4215508c,,2237802857
Xiaoke Shang,837b385de43ad6701753d058dbe122a9a7bd416e,,2237813973
Gehui Li,837b385de43ad6701753d058dbe122a9a7bd416e;ea2aba7ac6a556cb541564af11ae794e5301e518,,2237952104
Zhiying Jiang,837b385de43ad6701753d058dbe122a9a7bd416e;ea2aba7ac6a556cb541564af11ae794e5301e518,,3109913
Shaomin Zhang,837b385de43ad6701753d058dbe122a9a7bd416e,,2116576639
Nai Ding,837b385de43ad6701753d058dbe122a9a7bd416e,,2237813761
Jinyuan Liu,837b385de43ad6701753d058dbe122a9a7bd416e;ea2aba7ac6a556cb541564af11ae794e5301e518,,2108510456
Xin-Yue Fan,ea2aba7ac6a556cb541564af11ae794e5301e518;96e1e100cd3967124d435f84a59f56bee087d992;9f184d5bc2ebe2df0483c1cd3d55f88577f7b5f8;e810e493b96bc9c2fb4f40bba568ac2e5235197e,,2117800366
Risheng Liu,ea2aba7ac6a556cb541564af11ae794e5301e518;96e1e100cd3967124d435f84a59f56bee087d992;9f184d5bc2ebe2df0483c1cd3d55f88577f7b5f8;37b108653979f570ce2cf148776d99624f8e7277;c1890fda11e05f3eaea539e069b3c6cf678e5004;cfb4160bab74b7d17d9cf5ae79387f00917dc8e4;e810e493b96bc9c2fb4f40bba568ac2e5235197e,,34469457
Zhen Tian,ac73dc53da782a988f78125785bea3c8334923d1,,2117804765
Peixin Qu,ac73dc53da782a988f78125785bea3c8334923d1,,36060293
Jielin Li,ac73dc53da782a988f78125785bea3c8334923d1,,2148947747
Yukun Sun,ac73dc53da782a988f78125785bea3c8334923d1,,2324211263
Guohou Li,ac73dc53da782a988f78125785bea3c8334923d1,,2108466535
Zheng Liang,ac73dc53da782a988f78125785bea3c8334923d1,,2194606464
W. Zhang,ac73dc53da782a988f78125785bea3c8334923d1,,143715293
Linshuai Shen,2753e3b0e5ed29a5694976b75ac024ce4c5388c0,,2246732324
Weimin Wei,2753e3b0e5ed29a5694976b75ac024ce4c5388c0,,2591043
Tao Chen,2753e3b0e5ed29a5694976b75ac024ce4c5388c0,,2285247023
Suresh Tommandru,3a2abefcec3dfd33d6f1ea17f6cf086d140b22ad;e71a83fe0ab89965f79ba48c0741c7ca2c52483c,,2051746729
Domnic Sandanam,3a2abefcec3dfd33d6f1ea17f6cf086d140b22ad;e71a83fe0ab89965f79ba48c0741c7ca2c52483c,,152318934
Xiwen Liang,fd636be3bf691d63a7394f5fbb1f81cf018a2f43;2006fc919a3443e0f8cb003f64c921bf4e51eb1d;a4bda0fe52774fca9a6d9f57bb1cf3a090ad3087,,51291599
Xiaoyan Chen,fd636be3bf691d63a7394f5fbb1f81cf018a2f43;2006fc919a3443e0f8cb003f64c921bf4e51eb1d;a4bda0fe52774fca9a6d9f57bb1cf3a090ad3087,,2143799176
Keying Ren,fd636be3bf691d63a7394f5fbb1f81cf018a2f43,,2158202544
Xia Miao,fd636be3bf691d63a7394f5fbb1f81cf018a2f43,,2158202576
Zhihui Chen,fd636be3bf691d63a7394f5fbb1f81cf018a2f43,,2157177905
Yutao Jin,fd636be3bf691d63a7394f5fbb1f81cf018a2f43;a4bda0fe52774fca9a6d9f57bb1cf3a090ad3087,,2154182385
Hossein Shakibania,5b72b515490e0a8b0e48efe52142821812604b50,,2232780861
Sina Raoufi,5b72b515490e0a8b0e48efe52142821812604b50,,2232781030
H. Khotanlou,5b72b515490e0a8b0e48efe52142821812604b50,,2264128
Wenbo Zhou,1e08bac0be006183efd104693af5011e080672da,,2337800531
Bin Li,1e08bac0be006183efd104693af5011e080672da,,2185910798
Guo-Feng Luo,1e08bac0be006183efd104693af5011e080672da,,2269991404
S. Bendre,8074a3b01a78034d23db339ca89373693211072f,,2309514984
Shovin Kaul,8074a3b01a78034d23db339ca89373693211072f,,2280605820
Shubhodiya Ghosh,8074a3b01a78034d23db339ca89373693211072f,,2280903998
Sneha Pujari,8074a3b01a78034d23db339ca89373693211072f,,2154646309
Deepa Mahajan,8074a3b01a78034d23db339ca89373693211072f,,2357351767
Varsha Bendre,8074a3b01a78034d23db339ca89373693211072f,,2295007041
Weiran Gou,72040a1cf65787d7236fa49a0550f01ae8c18f0c,,2229834485
Ziyao Yi,72040a1cf65787d7236fa49a0550f01ae8c18f0c,,9733944
Yan Xiang,72040a1cf65787d7236fa49a0550f01ae8c18f0c,,2223778244
Shaoqing Li,72040a1cf65787d7236fa49a0550f01ae8c18f0c,,2156638692
Zibin Liu,72040a1cf65787d7236fa49a0550f01ae8c18f0c,,2190291532
Dehui Kong,72040a1cf65787d7236fa49a0550f01ae8c18f0c,,1515883521
Ke Xu,72040a1cf65787d7236fa49a0550f01ae8c18f0c,,2117101322
Zheng Wu,f5ced410680b9a5070e606ea9765581addfebd3d,,2210244397
Kehua Guo,f5ced410680b9a5070e606ea9765581addfebd3d;badaa1e63db1e7581ace5891199d4b8c25043279,,1808299
Liwei Wang,f5ced410680b9a5070e606ea9765581addfebd3d,,2210261748
Min Hu,f5ced410680b9a5070e606ea9765581addfebd3d;badaa1e63db1e7581ace5891199d4b8c25043279,,2093566373
Sheng Ren,f5ced410680b9a5070e606ea9765581addfebd3d;badaa1e63db1e7581ace5891199d4b8c25043279,,2075290131
Wenhao Li,4f90e5d708e3a9c1c02b3fd7af184e9889d813ac,,2108770289
Guangyang Wu,4f90e5d708e3a9c1c02b3fd7af184e9889d813ac,,153204485
Wenyi Wang,4f90e5d708e3a9c1c02b3fd7af184e9889d813ac,,47825380
Peiran Ren,4f90e5d708e3a9c1c02b3fd7af184e9889d813ac,,3246404
Tongxu Lin,ba1ad159f8bfa0f9a6b2fe94326c13658e6174d1;83baf7f47df80af97927ac09399a7d37ed6b7daa,,2220777913
Guoheng Huang,ba1ad159f8bfa0f9a6b2fe94326c13658e6174d1;83baf7f47df80af97927ac09399a7d37ed6b7daa,,2376100
Xiaochen Yuan,ba1ad159f8bfa0f9a6b2fe94326c13658e6174d1,,2179621872
Guo Zhong,ba1ad159f8bfa0f9a6b2fe94326c13658e6174d1,,2198727784
Xiaocong Huang,ba1ad159f8bfa0f9a6b2fe94326c13658e6174d1,,2214796301
Chi-Man Pun,ba1ad159f8bfa0f9a6b2fe94326c13658e6174d1,,145956876
Xianqiang Lyu,f1cb56a1e715e90e9e5bde84485d5b3f680ea812,,2004173843
Junhui Hou,f1cb56a1e715e90e9e5bde84485d5b3f680ea812,,40630305
Xiaoqian Lv,e464ec8421fcdfb43d6f67a6c3fa0d89b2031164;e5e6eeb44a753e14c580be22ec033c6519b87208,,2112411035
Shengping Zhang,e464ec8421fcdfb43d6f67a6c3fa0d89b2031164;e5e6eeb44a753e14c580be22ec033c6519b87208,,1761159
Chenyang Wang,e464ec8421fcdfb43d6f67a6c3fa0d89b2031164,,2109502294
Weigang Zhang,e464ec8421fcdfb43d6f67a6c3fa0d89b2031164,,2108142645
H. Yao,e464ec8421fcdfb43d6f67a6c3fa0d89b2031164,,1720100
Qingming Huang,e464ec8421fcdfb43d6f67a6c3fa0d89b2031164;555b2d78d93fc9119f9e20c676b0764b1f20a178,,1689702
Bharat Bhushan Upadhyay,6080a62b313bae259b1aef6e600eae9e667e9533,,2064069612
K. Sarawadekar,6080a62b313bae259b1aef6e600eae9e667e9533,,144633454
Haipeng Wang,9ef08479be1df9787f6542a860aedfb1e7316e04,,1897728715
Shuai Zhang,9ef08479be1df9787f6542a860aedfb1e7316e04,,2108432177
Chaoqun Zhuang,be2b7423d744749572797026fb3318ffc8021f05,,101722863
Yunfei Liu,be2b7423d744749572797026fb3318ffc8021f05;3d49c3cc2c176b634c374bea5cdc36644e4afb30,,47908555
Sijia Wen,be2b7423d744749572797026fb3318ffc8021f05,,2206692
Feng Lu,be2b7423d744749572797026fb3318ffc8021f05;3d49c3cc2c176b634c374bea5cdc36644e4afb30;01a44aede8e6fba7f7d7a520b79b9fc6ec8d89c7;9342a3f3328419a3574ac665d0cf9d264a7f52b5;75ba306e914aad8f82b27b66ebaacec146e19518;68dec8d0c97827ce1a943152e6620b8e300d568e;3151ee4de6bf67ccba9b29565053720113ffaa85,,1388864077
Wenyong Gong,59b0b38fa068a29c0a8cf1bf9f927196257b2ad2,,3307072
Wenzhu Chen,59b0b38fa068a29c0a8cf1bf9f927196257b2ad2,,2109078473
Zhongwei Yu,59b0b38fa068a29c0a8cf1bf9f927196257b2ad2,,2302530808
Xiaohua Xie,59b0b38fa068a29c0a8cf1bf9f927196257b2ad2,,46397019
Junhao Tian,84cf4cee91148c408593032be37f261214c369fb,,2175750276
Jianwei Zhang,84cf4cee91148c408593032be37f261214c369fb,,36062319
W. Ge,ba5744f935523e3fa44fa6dc989f1331ca63aa9d,,2276074860
Le Zhang,ba5744f935523e3fa44fa6dc989f1331ca63aa9d,,2309294410
Weida Zhan,ba5744f935523e3fa44fa6dc989f1331ca63aa9d,,2066339511
Jiale Wang,ba5744f935523e3fa44fa6dc989f1331ca63aa9d,,2109656315
Depeng Zhu,ba5744f935523e3fa44fa6dc989f1331ca63aa9d,,32402125
Yang Hong,ba5744f935523e3fa44fa6dc989f1331ca63aa9d,,2194028417
Sicong Liu,239a9ab24ee6de059b84a72b7e0fc21ef98181a7;be61c1cbe9fd4168c9c0ba969b47d0840c08b71c,,2155857286
Xiaocheng Li,239a9ab24ee6de059b84a72b7e0fc21ef98181a7;be61c1cbe9fd4168c9c0ba969b47d0840c08b71c,,2181651024
Zimu Zhou,239a9ab24ee6de059b84a72b7e0fc21ef98181a7,,2246189563
Bin Guo,239a9ab24ee6de059b84a72b7e0fc21ef98181a7,,2209648697
Yuan Xu,239a9ab24ee6de059b84a72b7e0fc21ef98181a7,,2145139708
Zhiwen Yu,239a9ab24ee6de059b84a72b7e0fc21ef98181a7;be61c1cbe9fd4168c9c0ba969b47d0840c08b71c,,2256618
Manish Kumar,d7ccab17a627d32d090c0af4823d6f2e1ce35038,,2166624481
Manvi Jha,d7ccab17a627d32d090c0af4823d6f2e1ce35038,,2131301990
Tong Liu,d7f4f1935faa3d4f5d98103efd0a2a215d79a030,,2243379302
Wenda Xu,d7f4f1935faa3d4f5d98103efd0a2a215d79a030,,2298880547
Yufeng Liu,d7f4f1935faa3d4f5d98103efd0a2a215d79a030,,2108845271
Siyuan Liu,d7f4f1935faa3d4f5d98103efd0a2a215d79a030,,2243428378
Xiaolu Chen,d7f4f1935faa3d4f5d98103efd0a2a215d79a030,,2292664333
Xi Yin,eaeed27b6be6886649b3fd5f06085020b9fa031b,,2147421661
Zhen Yu,eaeed27b6be6886649b3fd5f06085020b9fa031b,,143884267
Zetao Fei,eaeed27b6be6886649b3fd5f06085020b9fa031b,,2151381542
Wen Lv,eaeed27b6be6886649b3fd5f06085020b9fa031b,,2184812353
Xinchen Gao,eaeed27b6be6886649b3fd5f06085020b9fa031b,,2156258152
Huake Wang,a2dd0ce5e61161e008d36b1b56c4a12842a8c70e,,153469646
Xiaoyang Yan,a2dd0ce5e61161e008d36b1b56c4a12842a8c70e,,2223950230
Xingsong Hou,a2dd0ce5e61161e008d36b1b56c4a12842a8c70e,,1837363
Junhui Li,a2dd0ce5e61161e008d36b1b56c4a12842a8c70e,,2144510593
Yujie Dun,a2dd0ce5e61161e008d36b1b56c4a12842a8c70e,,3126881
Kaibing Zhang,a2dd0ce5e61161e008d36b1b56c4a12842a8c70e;83761e5a30c114046c0fa09fc63d98aed7ae4119,,1723685
Junchang Wang,df224376c4514ea5f781a4aa104a297054347d23,,2031695
Peng Yang,df224376c4514ea5f781a4aa104a297054347d23,,2292940288
Yuansheng Liu,df224376c4514ea5f781a4aa104a297054347d23,,2143862667
Duo Shang,df224376c4514ea5f781a4aa104a297054347d23,,2223787717
Xin Hui,df224376c4514ea5f781a4aa104a297054347d23,,2223781491
Jinho Song,df224376c4514ea5f781a4aa104a297054347d23,,2223880555
Xuehui Chen,df224376c4514ea5f781a4aa104a297054347d23,,2199252142
Yufei Wang,00aa073b0eec68863a81fbd114886c28efa42f1b,,2108111745
Yi Yu,00aa073b0eec68863a81fbd114886c28efa42f1b,,2182655452
Wenhan Yang,00aa073b0eec68863a81fbd114886c28efa42f1b;04630916d18775e6495fe9b4581008e4a18f6c07;3337cadc962fefd09344ed90a44cf30951841fa7;4abede791129ff4eb42b91c9b1091c27f432114d;078958642cc4e5fd915ca2dce3b9d5c14dd6df27;ef11f84c6cce12bbce40d7a49643f8cf4c0511f8;d86d02b7e1bfebfa0155d7960c81bce17953d2c5;3e2329282ea1ecc099c79480f125b569257a0906,,1898172
Lanqing Guo,00aa073b0eec68863a81fbd114886c28efa42f1b,,13559584
Lap-Pui Chau,00aa073b0eec68863a81fbd114886c28efa42f1b;4abede791129ff4eb42b91c9b1091c27f432114d,,145662587
A. Kot,00aa073b0eec68863a81fbd114886c28efa42f1b;4abede791129ff4eb42b91c9b1091c27f432114d,,1711097
B. Wen,00aa073b0eec68863a81fbd114886c28efa42f1b,,1766554
Jiarui Wang,2c13ce79922126d33eeab1a40c1e15c8a9d89c2d,,2295270986
Han-jiao Wang,2c13ce79922126d33eeab1a40c1e15c8a9d89c2d,,2334436201
Yu Sun,2c13ce79922126d33eeab1a40c1e15c8a9d89c2d,,2168600643
Jie Yang,2c13ce79922126d33eeab1a40c1e15c8a9d89c2d,,34463165
Junhao Chen,0feaf9992a05764f3f1a689ad46757a7ba20cf93,,2256837609
Meng Zhang,0feaf9992a05764f3f1a689ad46757a7ba20cf93,,2371141264
Bosi Fu,68fc10aa814d2927963f20609117e935c8da7e0c,,2075409552
Hongguang Wang,68fc10aa814d2927963f20609117e935c8da7e0c,,2125018715
Yong Jiang,68fc10aa814d2927963f20609117e935c8da7e0c,,145859336
Yifeng Song,68fc10aa814d2927963f20609117e935c8da7e0c,,2740647
Naveen Kumar Ashok,ea7a7b44ea7f801475d1d86f198facb2e114bef1,,2268073959
S. T. R,ea7a7b44ea7f801475d1d86f198facb2e114bef1,,2268076749
Sumit Shekhar,4e7e1a42c0d5a8b6766fa12d2341d3cff7ebb6d2;e99b75a8f607feade9cf820f2fa645a10a6f9063,,35223379
In The,219fc61eacfd11aef565328ca40949a07fda25d1,,2085948203
Frequency Domain,219fc61eacfd11aef565328ca40949a07fda25d1,,2220830170
Hao Chen,219fc61eacfd11aef565328ca40949a07fda25d1,,2051536212
Zhi Jin,219fc61eacfd11aef565328ca40949a07fda25d1,,2111471831
Sami Ul Rehman,e7b8fa2281f00ccba1f17589f3bf7b3cfa64f58b,,2220645647
Ammar Hawbani,e7b8fa2281f00ccba1f17589f3bf7b3cfa64f58b,,3132704
Xingfu Wang,e7b8fa2281f00ccba1f17589f3bf7b3cfa64f58b,,2144802055
Muhammad Hamza,e7b8fa2281f00ccba1f17589f3bf7b3cfa64f58b,,1615108183
Liang Zhao,e7b8fa2281f00ccba1f17589f3bf7b3cfa64f58b,,144000223
Saeed H. Alsamhi,e7b8fa2281f00ccba1f17589f3bf7b3cfa64f58b,,2220640967
Majjed Al-Qatf,e7b8fa2281f00ccba1f17589f3bf7b3cfa64f58b,,1411261544
Chu Zhou,1956f7770663fc45d9035278e39eb14fefcdd76a,,1491265213
Minggui Teng,1956f7770663fc45d9035278e39eb14fefcdd76a,,1557343782
Youwei Lyu,1956f7770663fc45d9035278e39eb14fefcdd76a,,1381102412
Si Li,1956f7770663fc45d9035278e39eb14fefcdd76a,,2118155941
Chao Xu,1956f7770663fc45d9035278e39eb14fefcdd76a;583bca4bf4378f49e2c54f5a72bd61539cb24615,,2190472895
Boxin Shi,1956f7770663fc45d9035278e39eb14fefcdd76a,,35580784
Lanling Zeng,0f308833cd365c09d36e51f290bf3316c2d587df,,2100791
Yucheng Chen,0f308833cd365c09d36e51f290bf3316c2d587df,,1519043401
Yang Yang,0f308833cd365c09d36e51f290bf3316c2d587df,,2152915963
Zhigeng Pan,0f308833cd365c09d36e51f290bf3316c2d587df,,2069544453
Wenfeng Huang,751ae8997220dcbe9d24b90dcc23088ff3fb3753,,2158105217
Xiangyun Liao,751ae8997220dcbe9d24b90dcc23088ff3fb3753,,2930922
Yinling Qian,751ae8997220dcbe9d24b90dcc23088ff3fb3753,,2278482
W. Jia,751ae8997220dcbe9d24b90dcc23088ff3fb3753,,1714410
Qihan Zhao,1206c494a6f562a16a82b7eff8b595294361860d,,2268376879
Xiaofeng Zhang,1206c494a6f562a16a82b7eff8b595294361860d,,2144525229
Hao Tang,1206c494a6f562a16a82b7eff8b595294361860d,,145462888
Chaochen Gu,1206c494a6f562a16a82b7eff8b595294361860d,,5494837
Chang-Hao Wu,5393dbfbd8444ed60d948df3cd698b2f1cfe686c,,2146290048
Jiangxin Dong,5393dbfbd8444ed60d948df3cd698b2f1cfe686c,,3367248
Jinhui Tang,5393dbfbd8444ed60d948df3cd698b2f1cfe686c,,152949418
Fusheng Yu,f30bda8ca6e82a9de253ba797189bd134c55c4df,,2219022512
Xiaoping Wang,f30bda8ca6e82a9de253ba797189bd134c55c4df,,2144674712
Jiang Li,f30bda8ca6e82a9de253ba797189bd134c55c4df,,2118505917
Shaojin Wu,f30bda8ca6e82a9de253ba797189bd134c55c4df,,2204169104
Jun-jie Zhang,f30bda8ca6e82a9de253ba797189bd134c55c4df,,2155570238
Zhigang Zeng,f30bda8ca6e82a9de253ba797189bd134c55c4df,,2150468817
Yongcheng Han,15216cd6148e5f88258c160d7204688941cb9d5b,,48386441
Wenwen Zhang,15216cd6148e5f88258c160d7204688941cb9d5b,,2108037429
Weiji He,15216cd6148e5f88258c160d7204688941cb9d5b,,21659648
Yan Yang,d61724f51b33e52e434a66f69b3b20f5a92b61ed,,2108850820
Xinghao Ding,d61724f51b33e52e434a66f69b3b20f5a92b61ed,,2713947
Kai-Kuang Ma,d61724f51b33e52e434a66f69b3b20f5a92b61ed,,10212005
Wei Sun,963e564405b948ebb77a24e0f1e5e8bda10acfc8;097a500b7c22a9b13b16272982627f03c8a295ed;26ebc50e2aada008b5683c6f30e9d4b20b8c5c59,,2153198409
Yulun Zhang,963e564405b948ebb77a24e0f1e5e8bda10acfc8;42754ad2b7b2193b4d8e3d067808cea8913869c4,,2410227
K. Zhang,963e564405b948ebb77a24e0f1e5e8bda10acfc8,,144110274
Guangtao Zhai,963e564405b948ebb77a24e0f1e5e8bda10acfc8;70ddb64e489c8a602ff75bb586e82610d023f793;097a500b7c22a9b13b16272982627f03c8a295ed;26ebc50e2aada008b5683c6f30e9d4b20b8c5c59,,144826390
Y. Cao,963e564405b948ebb77a24e0f1e5e8bda10acfc8;097a500b7c22a9b13b16272982627f03c8a295ed,,2112823820
Yunlong Dong,963e564405b948ebb77a24e0f1e5e8bda10acfc8,,2115459224
Ziheng Jia,963e564405b948ebb77a24e0f1e5e8bda10acfc8,,122560540
Yilin Li,963e564405b948ebb77a24e0f1e5e8bda10acfc8,,2223971161
Wei Wu,963e564405b948ebb77a24e0f1e5e8bda10acfc8,,2118256981
Shuming Hu,963e564405b948ebb77a24e0f1e5e8bda10acfc8,,2222705791
Sibin Deng,963e564405b948ebb77a24e0f1e5e8bda10acfc8,,31182714
PengXiang Xiao,963e564405b948ebb77a24e0f1e5e8bda10acfc8,,2069589540
Ying Chen,963e564405b948ebb77a24e0f1e5e8bda10acfc8,,47558464
Kai Li,963e564405b948ebb77a24e0f1e5e8bda10acfc8,,2158259770
Kaiqin Zhao,963e564405b948ebb77a24e0f1e5e8bda10acfc8,,2213492775
Kun Yuan,963e564405b948ebb77a24e0f1e5e8bda10acfc8,,2147397710
Ming-hui Sun,963e564405b948ebb77a24e0f1e5e8bda10acfc8,,2023912529
Heng Cong,963e564405b948ebb77a24e0f1e5e8bda10acfc8,,2179020991
Hao Wang,963e564405b948ebb77a24e0f1e5e8bda10acfc8,,48016595
Lingzhi Fu,963e564405b948ebb77a24e0f1e5e8bda10acfc8,,1955819
Yusheng Zhang,963e564405b948ebb77a24e0f1e5e8bda10acfc8,,2108051131
Rongyu Zhang,963e564405b948ebb77a24e0f1e5e8bda10acfc8,,46752954
Hang Shi,963e564405b948ebb77a24e0f1e5e8bda10acfc8,,2292056539
Qihang Xu,963e564405b948ebb77a24e0f1e5e8bda10acfc8,,2173071993
Longan Xiao,963e564405b948ebb77a24e0f1e5e8bda10acfc8,,2243925292
Zhiliang Ma,963e564405b948ebb77a24e0f1e5e8bda10acfc8,,46953803
Mirko Agarla,963e564405b948ebb77a24e0f1e5e8bda10acfc8,,1913622627
Luigi Celona,963e564405b948ebb77a24e0f1e5e8bda10acfc8,,3390122
C. Rota,963e564405b948ebb77a24e0f1e5e8bda10acfc8,,50759199
R. Schettini,963e564405b948ebb77a24e0f1e5e8bda10acfc8,,143940718
Zhiwei Huang,963e564405b948ebb77a24e0f1e5e8bda10acfc8,,2156500629
Yanan Li,963e564405b948ebb77a24e0f1e5e8bda10acfc8,,2143100474
Xiaotao Wang,963e564405b948ebb77a24e0f1e5e8bda10acfc8,,2108031895
Lei Lei,963e564405b948ebb77a24e0f1e5e8bda10acfc8,,2066703241
Hongye Liu,963e564405b948ebb77a24e0f1e5e8bda10acfc8,,153803765
Wei Hong,963e564405b948ebb77a24e0f1e5e8bda10acfc8,,12549768
Ironhead Chuang,963e564405b948ebb77a24e0f1e5e8bda10acfc8,,2223970878
Allen Lin,963e564405b948ebb77a24e0f1e5e8bda10acfc8,,2054898424
Drake Guan,963e564405b948ebb77a24e0f1e5e8bda10acfc8,,2223970404
I-Ying Chen,963e564405b948ebb77a24e0f1e5e8bda10acfc8,,46952591
Kae Lou,963e564405b948ebb77a24e0f1e5e8bda10acfc8,,2223951699
Willy Huang,963e564405b948ebb77a24e0f1e5e8bda10acfc8,,2223972551
Ya-Hui Tasi,963e564405b948ebb77a24e0f1e5e8bda10acfc8,,2093374314
Yvonne S. Kao,963e564405b948ebb77a24e0f1e5e8bda10acfc8,,2104311354
Haotian Fan,963e564405b948ebb77a24e0f1e5e8bda10acfc8,,2072838160
F. Kong,963e564405b948ebb77a24e0f1e5e8bda10acfc8,,12497187
Shiqi Zhou,963e564405b948ebb77a24e0f1e5e8bda10acfc8,,2110990030
Hao Liu,963e564405b948ebb77a24e0f1e5e8bda10acfc8,,2143856718
Yuecheng Lai,963e564405b948ebb77a24e0f1e5e8bda10acfc8,,2179636683
Shan-guang Chen,963e564405b948ebb77a24e0f1e5e8bda10acfc8,,2144337190
Wenqi Wang,963e564405b948ebb77a24e0f1e5e8bda10acfc8,,2134824679
Chaofeng Chen,963e564405b948ebb77a24e0f1e5e8bda10acfc8,,2145764593
Chu-Feng Zhu,963e564405b948ebb77a24e0f1e5e8bda10acfc8,,2206847308
Zekun Guo,963e564405b948ebb77a24e0f1e5e8bda10acfc8,,11634793
Shiling Zhao,963e564405b948ebb77a24e0f1e5e8bda10acfc8,,2211894502
Haibing Yin,963e564405b948ebb77a24e0f1e5e8bda10acfc8,,39738500
Hongkui Wang,963e564405b948ebb77a24e0f1e5e8bda10acfc8,,2200085409
H. Meftah,963e564405b948ebb77a24e0f1e5e8bda10acfc8,,2183483709
Sid Ahmed Fezza,963e564405b948ebb77a24e0f1e5e8bda10acfc8,,2657624
W. Hamidouche,963e564405b948ebb77a24e0f1e5e8bda10acfc8,,1931304
Olivier Déforges,963e564405b948ebb77a24e0f1e5e8bda10acfc8,,2168252641
Te Shi,963e564405b948ebb77a24e0f1e5e8bda10acfc8,,1717095713
Azadeh Mansouri,963e564405b948ebb77a24e0f1e5e8bda10acfc8,,2972300
Hossein Motamednia,963e564405b948ebb77a24e0f1e5e8bda10acfc8,,1752954873
Amirhossein Bakhtiari,963e564405b948ebb77a24e0f1e5e8bda10acfc8,,31176012
Ahmad Mahmoudi Aznaveh,963e564405b948ebb77a24e0f1e5e8bda10acfc8,,2757076
Xin Jin,148f6aaf7b3c43945ea16373b2ac31840e0d890b,,2228232936
Linghao Han,148f6aaf7b3c43945ea16373b2ac31840e0d890b;22731d2a9fdb26684f04ad3864b21bf83dd5c03e;01968e2a0e7cf056ccf06ff6e18f6fc5105886b9,,2118503811
Z. Li,148f6aaf7b3c43945ea16373b2ac31840e0d890b,,1700892
Chunle Guo,148f6aaf7b3c43945ea16373b2ac31840e0d890b;22731d2a9fdb26684f04ad3864b21bf83dd5c03e;35fce9473e1ba34e97e91bcd85e30b6af6cf7ab6;4b688c486f2b223212682fd2b3f72cc0caa94b1b;01968e2a0e7cf056ccf06ff6e18f6fc5105886b9,,18158517
Z. Chai,148f6aaf7b3c43945ea16373b2ac31840e0d890b,,2233160728
Chongyi Li,148f6aaf7b3c43945ea16373b2ac31840e0d890b;4b688c486f2b223212682fd2b3f72cc0caa94b1b,,2185949399
Xiangyu Meng,bc786ceae3f1f9ae072d10c76169dac2fc0ce647,,2150590394
X. Wang,bc786ceae3f1f9ae072d10c76169dac2fc0ce647,,47119537
Huadong Ma,bc786ceae3f1f9ae072d10c76169dac2fc0ce647,,144258295
Junyu Lin,83baf7f47df80af97927ac09399a7d37ed6b7daa,,2110809173
Jingchao Wang,83baf7f47df80af97927ac09399a7d37ed6b7daa,,2110124127
Zhengnan Deng,83baf7f47df80af97927ac09399a7d37ed6b7daa,,2225133541
Yuantong Zhang,d31dec2c881a5239743f331a721548e98a2d4998,,2145783565
Baoxin Teng,d31dec2c881a5239743f331a721548e98a2d4998,,2218135206
Daiqin Yang,d31dec2c881a5239743f331a721548e98a2d4998,,33413258
Zhenzhong Chen,d31dec2c881a5239743f331a721548e98a2d4998,,48354614
Haichuan Ma,d31dec2c881a5239743f331a721548e98a2d4998,,35282551
Gang Li,d31dec2c881a5239743f331a721548e98a2d4998,,143736623
Wenpeng Ding,d31dec2c881a5239743f331a721548e98a2d4998,,1737451
Xingyuan Li,96e1e100cd3967124d435f84a59f56bee087d992,,50080463
Jingyuan Liu,96e1e100cd3967124d435f84a59f56bee087d992,,46700596
Yixin Lei,96e1e100cd3967124d435f84a59f56bee087d992,,2217461066
Mustafa Ozcan,f107c3d6fad9c7ec0ab089f8f55f64eb6d45aa1c,,46735404
Hamza Ergezer,f107c3d6fad9c7ec0ab089f8f55f64eb6d45aa1c,,1980641
Mustafa Ayazoglu,f107c3d6fad9c7ec0ab089f8f55f64eb6d45aa1c,,2614944
Xiao-Fang Liu,9f184d5bc2ebe2df0483c1cd3d55f88577f7b5f8,,2110752940
Jiaxin Gao,9f184d5bc2ebe2df0483c1cd3d55f88577f7b5f8;e810e493b96bc9c2fb4f40bba568ac2e5235197e,,2170969324
Yunlong Dong,70ddb64e489c8a602ff75bb586e82610d023f793,,2198525074
Tao Tan,70ddb64e489c8a602ff75bb586e82610d023f793,,2184837813
Bin Jiang,4b8e6e3ea62938aad65470b03db87b6f98456029,,2182893942
Renjun Wang,4b8e6e3ea62938aad65470b03db87b6f98456029,,2051262277
Jiawu Dai,4b8e6e3ea62938aad65470b03db87b6f98456029,,145618711
Qiao Li,4b8e6e3ea62938aad65470b03db87b6f98456029;3f62c7cefd7eec3ecf51ce39f041a49ade381c07,,2108511746
Weiyuan Zeng,4b8e6e3ea62938aad65470b03db87b6f98456029,,2150082567
Zhichao Xin,0c7f9187fa2ede5c9111262a0b30e5da608f2cc9,,145781081
Zhe Wang,0c7f9187fa2ede5c9111262a0b30e5da608f2cc9,,2108196160
Zhibin Yu,0c7f9187fa2ede5c9111262a0b30e5da608f2cc9;b7bd98728826f3b03ed0279d8b7419ab43154008,,144803009
Bing Zheng,0c7f9187fa2ede5c9111262a0b30e5da608f2cc9;b7bd98728826f3b03ed0279d8b7419ab43154008,,49721778
Yu Zhou,24771591bcd6d97acfd55d85d4197768dbadc47b,,2110633040
Yanjie Wang,24771591bcd6d97acfd55d85d4197768dbadc47b,,2143472997
Wenbing Cai,24771591bcd6d97acfd55d85d4197768dbadc47b,,2209404865
Jikun Wang,6fe79476857ed052c88499132d586967db142bf0,,2167476542
Weixiang Liang,6fe79476857ed052c88499132d586967db142bf0,,6643699
Jiangang Yang,6fe79476857ed052c88499132d586967db142bf0,,2109760899
Shizheng Wang,6fe79476857ed052c88499132d586967db142bf0,,2238072288
Zhixin Yang,6fe79476857ed052c88499132d586967db142bf0,,2109740645
Hanyu Du,adae17b1e23b5f666b83650d5384a8c72b388666;eae27e409d1fddf1c60fee2df55982c466faad5e,,2213786298
Yan Wei,adae17b1e23b5f666b83650d5384a8c72b388666,,2112599289
Baoxiang Tang,adae17b1e23b5f666b83650d5384a8c72b388666;eae27e409d1fddf1c60fee2df55982c466faad5e,,1571690765
Yuxin Jiang,794d844d4d72fda2c09acc42a007bf34de98155f,,2243911677
Ying Cuan,794d844d4d72fda2c09acc42a007bf34de98155f,,49161275
Pu Zhao,a748907d04abc4b8068ccee23a2e004820434141,,2204579423
Mengfei Wu,99df19b0f791b6a713e3e391813187e48f55f66d,,2406048376
Taiji Lan,99df19b0f791b6a713e3e391813187e48f55f66d,,121507422
X. Xue,99df19b0f791b6a713e3e391813187e48f55f66d,,9129343
Xin Xu,99df19b0f791b6a713e3e391813187e48f55f66d,,2211729345
Cheng Yuan,83761e5a30c114046c0fa09fc63d98aed7ae4119,,2214535114
Jie Li,83761e5a30c114046c0fa09fc63d98aed7ae4119,,49298718
Xinbo Gao,83761e5a30c114046c0fa09fc63d98aed7ae4119,,2164214077
Minqi Li,83761e5a30c114046c0fa09fc63d98aed7ae4119,,2154747009
Xuehui Yin,6199031bc9492a584f740f6c0d0c66cb39c273d7,,2713266
Qiaoyu Chen,6199031bc9492a584f740f6c0d0c66cb39c273d7,,2887565
Gerile Tu,6199031bc9492a584f740f6c0d0c66cb39c273d7,,2058828437
Xiaoyong Guo,9c54a2b0819f2c8db0ee2ccec8fc245559249d96,,2146370322
Kai Zhang,9c54a2b0819f2c8db0ee2ccec8fc245559249d96,,2174637329
Jiahan Peng,9c54a2b0819f2c8db0ee2ccec8fc245559249d96,,2175757666
Xiaoyan Chen,9c54a2b0819f2c8db0ee2ccec8fc245559249d96,,2143799959
G. Guo,9c54a2b0819f2c8db0ee2ccec8fc245559249d96,,103132268
Ben Fei,5549dc3ceff07561d9fb59610c0f78c71617901a,,2197075824
Zhaoyang Lyu,5549dc3ceff07561d9fb59610c0f78c71617901a,,119937438
Liang Pan,5549dc3ceff07561d9fb59610c0f78c71617901a,,50379842
Junzhe Zhang,5549dc3ceff07561d9fb59610c0f78c71617901a,,2352693588
Weidong Yang,5549dc3ceff07561d9fb59610c0f78c71617901a,,2158065044
Tian-jian Luo,5549dc3ceff07561d9fb59610c0f78c71617901a,,2068287693
Bo Zhang,5549dc3ceff07561d9fb59610c0f78c71617901a,,2141897317
Bo Dai,5549dc3ceff07561d9fb59610c0f78c71617901a,,144445937
Dongjin Huang,75c1fa217844b92a49698b367b7376a6bbd9017a,,3034852
Jinhuan Liu,75c1fa217844b92a49698b367b7376a6bbd9017a,,48210695
Yongsheng Shi,75c1fa217844b92a49698b367b7376a6bbd9017a,,49593197
Canlin Li,75c1fa217844b92a49698b367b7376a6bbd9017a,,1929706
Wenbing Tang,75c1fa217844b92a49698b367b7376a6bbd9017a,,2116723937
Runxing Zhao,bcae27bff6d24f2350ea113437a70af2bff36448,,2193365759
Zhiwen Wang,bcae27bff6d24f2350ea113437a70af2bff36448,,47197188
Wu Guo,bcae27bff6d24f2350ea113437a70af2bff36448,,2112285356
Canlong Zhang,bcae27bff6d24f2350ea113437a70af2bff36448,,7924036
Sohyun Lee,e81fdcb882f23006b2ebcf7ff46481860dfecb89,,2161506615
Jaesung Rim,e81fdcb882f23006b2ebcf7ff46481860dfecb89,,2005324875
Boseung Jeong,e81fdcb882f23006b2ebcf7ff46481860dfecb89,,2124963484
Geon-Yeong Kim,e81fdcb882f23006b2ebcf7ff46481860dfecb89,,2157689053
Byungju Woo,e81fdcb882f23006b2ebcf7ff46481860dfecb89,,2212287594
Haechan Lee,e81fdcb882f23006b2ebcf7ff46481860dfecb89,,2142350
Sung-Jin Cho,e81fdcb882f23006b2ebcf7ff46481860dfecb89,,2180744
Suha Kwak,e81fdcb882f23006b2ebcf7ff46481860dfecb89,,2483916
Guang Han,0ad975bd74e9beee0fca0c85fba1b292ad14b5bc,,2067642054
Yu Zhou,0ad975bd74e9beee0fca0c85fba1b292ad14b5bc,,2110633195
Fanyu Zeng,0ad975bd74e9beee0fca0c85fba1b292ad14b5bc,,2054265308
Jieyu Pang,bb7ec65955f5390537cc320c9e95c6df815c0908,,2211970962
F. Yu,bb7ec65955f5390537cc320c9e95c6df815c0908,,2212061665
Ronggang Wang,bb7ec65955f5390537cc320c9e95c6df815c0908,,2155887982
Cong Cao,3d0ea7cabbc6e7e103db0b8fef30865fa196595d,,2064669295
Huanjing Yue,3d0ea7cabbc6e7e103db0b8fef30865fa196595d,,1779338
Xin Liu,3d0ea7cabbc6e7e103db0b8fef30865fa196595d,,2146075325
Jingyu Yang,3d0ea7cabbc6e7e103db0b8fef30865fa196595d,,2135970340
Yuanhao Cai,42754ad2b7b2193b4d8e3d067808cea8913869c4,,
Hao Bian,42754ad2b7b2193b4d8e3d067808cea8913869c4,,2000465451
Jing Lin,42754ad2b7b2193b4d8e3d067808cea8913869c4,,2118747385
Haoqian Wang,42754ad2b7b2193b4d8e3d067808cea8913869c4,,2143410777
Lin Gu,a16a3cd92d147b2caaf41b20aa28b8b36188ae70;a0bd9b23713ed53bc63adab678be2c165a1358f5;07a2c2abc485bc163985ae0a82d53cad5ba38a87;a5ea2904ccd93be210053da719c3d26a7f0b0e96,,151484085
Xiao Sun,a16a3cd92d147b2caaf41b20aa28b8b36188ae70,,2112349534
Y. Qiao,a16a3cd92d147b2caaf41b20aa28b8b36188ae70,,145858545
Tatsuya Harada,a16a3cd92d147b2caaf41b20aa28b8b36188ae70;a0bd9b23713ed53bc63adab678be2c165a1358f5;a5ea2904ccd93be210053da719c3d26a7f0b0e96,,2147394803
Yong Chen,aa854eafdf69e9fb03d910f92643482e9eabb348,,2115838049
Meiyong Huang,aa854eafdf69e9fb03d910f92643482e9eabb348,,2156270196
Huanlin Liu,aa854eafdf69e9fb03d910f92643482e9eabb348,,15387819
Kaixin Shao,aa854eafdf69e9fb03d910f92643482e9eabb348,,2187587678
Jinliang Zhang,aa854eafdf69e9fb03d910f92643482e9eabb348,,2187871821
Mengwei Bao,1d1da801165468852e73c68f31b477755b7db3ee;06209a3580874a97ac930adbfe9eb2b62bcf4766,,2180418293
Jiaying Du,1d1da801165468852e73c68f31b477755b7db3ee,,2159186102
Xiaoqi Hu,1d1da801165468852e73c68f31b477755b7db3ee,,47027665
Lei He,1d1da801165468852e73c68f31b477755b7db3ee,,2218864244
Hong Ji,1d1da801165468852e73c68f31b477755b7db3ee,,2072975696
Yue Wu,1d1da801165468852e73c68f31b477755b7db3ee,,72500970
R. Khan,dcc5c60d824ab9b439dae7379993b27cfd330eca,,32402902
Yigang Luo,dcc5c60d824ab9b439dae7379993b27cfd330eca,,6230167
Fang-Xiang Wu,dcc5c60d824ab9b439dae7379993b27cfd330eca,,2116490191
Zhen Shen,6ca2082d4182247ac7a6f682380db39ea22ed821,,2111638621
Haiyong Xu,6ca2082d4182247ac7a6f682380db39ea22ed821,,9127505
G. Jiang,6ca2082d4182247ac7a6f682380db39ea22ed821,,145775490
Mei Yu,6ca2082d4182247ac7a6f682380db39ea22ed821,,145231572
Baozhen Du,6ca2082d4182247ac7a6f682380db39ea22ed821,,2064619418
Ting Luo,6ca2082d4182247ac7a6f682380db39ea22ed821,,2068287539
Zhongjie Zhu,6ca2082d4182247ac7a6f682380db39ea22ed821,,3335867
Weitao Lin,82427b4e10b6a2ae105cd3a17fffa01a580c1053,,48150186
Yuxuan Wu,82427b4e10b6a2ae105cd3a17fffa01a580c1053,,2136736164
Lishi Xu,82427b4e10b6a2ae105cd3a17fffa01a580c1053,,2212881367
Weiling Chen,82427b4e10b6a2ae105cd3a17fffa01a580c1053,,150336548
Tiesong Zhao,82427b4e10b6a2ae105cd3a17fffa01a580c1053,,2043147
Hongan Wei,82427b4e10b6a2ae105cd3a17fffa01a580c1053,,2115312829
Hao Tang,c4d652597e9996d238524d3ecee7762750667ea2,,
Hongyu Zhu,c4d652597e9996d238524d3ecee7762750667ea2,,2149669716
Tingwei Wang,c4d652597e9996d238524d3ecee7762750667ea2,,2155391146
Yichao Cao,c4d652597e9996d238524d3ecee7762750667ea2,,2160469
U. Hari,273aa9f144c73996e551c216d3c164d60c9087b5,,144459904
A. Bevi,273aa9f144c73996e551c216d3c164d60c9087b5,,2288196488
Zhangjing Zheng,76016897db0ef4642aa78716329179b48cbfad26,,2115548986
Xixia Huang,76016897db0ef4642aa78716329179b48cbfad26,,2108800686
Le Wang,76016897db0ef4642aa78716329179b48cbfad26,,2116229679
Jing Zhang,46ff67f95be89461ca28654e201fe5f7366a3f65,,47538862
Bin Luo,46ff67f95be89461ca28654e201fe5f7366a3f65,,2174116032
Fu-Bing Li,46ff67f95be89461ca28654e201fe5f7366a3f65,,2149811258
Xingman Niu,46ff67f95be89461ca28654e201fe5f7366a3f65,,2174088210
Qican Zhang,46ff67f95be89461ca28654e201fe5f7366a3f65,,3181359
Yajun Wang,46ff67f95be89461ca28654e201fe5f7366a3f65,,2170509327
Xiangcheng Chen,46ff67f95be89461ca28654e201fe5f7366a3f65,,2117897
Longyang Zhao,39c30274eace407639ab24b7eb4b95d7f4299fe7,,2158087382
Xinran Li,39c30274eace407639ab24b7eb4b95d7f4299fe7,,1502860194
Ruimin Meng,39c30274eace407639ab24b7eb4b95d7f4299fe7,,2157962111
Kun Ren,c25859009ec95aecb4c716b76ffa9729ac82633a;031a98f672593c33f62121b1ec4e5e49f5edf525,,47995952
Qingyang Tao,c25859009ec95aecb4c716b76ffa9729ac82633a;031a98f672593c33f62121b1ec4e5e49f5edf525,,2004240084
Honggui Han,c25859009ec95aecb4c716b76ffa9729ac82633a,,2210608212
Ke Chen,074f212b957ebdb68130b1cb3dedf8382bc80a6a,,32811782
Chengyi Cao,074f212b957ebdb68130b1cb3dedf8382bc80a6a,,2151197087
Juan Cao,1c8d1e374f19a46a95ebf3550ccd58002a57097f,,2109829383
Zihao Xu,1c8d1e374f19a46a95ebf3550ccd58002a57097f,,2117883323
Mengjia Xu,1c8d1e374f19a46a95ebf3550ccd58002a57097f,,34632443
Yuhui Ma,1c8d1e374f19a46a95ebf3550ccd58002a57097f;e982634bc96c870390198b7bca7b7834f4518e1d,,143976354
Yitian Zhao,1c8d1e374f19a46a95ebf3550ccd58002a57097f;e982634bc96c870390198b7bca7b7834f4518e1d,,1956017
Bo Zhang,f766ecfe23a0a515d721a3e464be08af9a0bc2d2,,2155611061
Yuchen Guo,f766ecfe23a0a515d721a3e464be08af9a0bc2d2,,2366320459
Runzhao Yang,f766ecfe23a0a515d721a3e464be08af9a0bc2d2,,2162083988
Zhihong Zhang,f766ecfe23a0a515d721a3e464be08af9a0bc2d2,,2144436679
Jiayi Xie,f766ecfe23a0a515d721a3e464be08af9a0bc2d2,,1491234743
J. Suo,f766ecfe23a0a515d721a3e464be08af9a0bc2d2;23964a91d992f67f7d3df9dbd5c32e7650cad357,,144036068
Qionghai Dai,f766ecfe23a0a515d721a3e464be08af9a0bc2d2,,1491800101
Esha Pahwa,d639129ba6f047f61e8c8c0883cd301279ff06f5,,2141800564
Achleshwar Luthra,d639129ba6f047f61e8c8c0883cd301279ff06f5,,2120424496
Pratik Narang,d639129ba6f047f61e8c8c0883cd301279ff06f5,,3120689
Shihao Shen,92aeaaeea146b2e7e3851d84104f188a9451cc93,,2072819892
Louis Kerofsky,92aeaaeea146b2e7e3851d84104f188a9451cc93,,143834054
S. Yogamani,92aeaaeea146b2e7e3851d84104f188a9451cc93,,2601522
Saijie Fan,44ab8f0d84f827b15683d8b8b1a6fca314fdab64,,2191770028
Wei Liang,44ab8f0d84f827b15683d8b8b1a6fca314fdab64,,2113675770
Derui Ding,44ab8f0d84f827b15683d8b8b1a6fca314fdab64,,1795716
Hui Yu,44ab8f0d84f827b15683d8b8b1a6fca314fdab64,,2188997984
Sameer Malik,789bb24875fdd971c659edb32ead3b9499574c54;55cb27032405c5105542ff094e95ba41b9ad6c26;81dafff94bd1bd5c714a2cc46705dec6255f09ad;6c7b45948cc6a3673f6b81ed8499187fd99d30e4,,2000484626
Maomei Liu,44cf871041edd76e240010662cc5c07e08ab7d69,,2112251403
Lei Tang,44cf871041edd76e240010662cc5c07e08ab7d69,,2110241927
Sheng Zhong,44cf871041edd76e240010662cc5c07e08ab7d69,,2053864035
Hangzai Luo,44cf871041edd76e240010662cc5c07e08ab7d69,,1704919
Jinye Peng,44cf871041edd76e240010662cc5c07e08ab7d69,,145457904
Tianyanshi Liu,80f112fb6858203a2e09ce65d83d8e6f968819a6,,2198626685
Jiaxin Fan,80f112fb6858203a2e09ce65d83d8e6f968819a6,,2151840486
Youdong Ding,80f112fb6858203a2e09ce65d83d8e6f968819a6,,1987649
Z. Azizi,a3157a662e7bef5bfaf23da8f8a7bd04c92bc9ce,,2093084617
Ct Kuo,a3157a662e7bef5bfaf23da8f8a7bd04c92bc9ce,,103085831
Hegui Zhu,a7819e639ebe52b10bc5fc972ba9f4eb347a70ac,,2565254
Ziwei Zhang,a7819e639ebe52b10bc5fc972ba9f4eb347a70ac;80b7aed63bf99bb52b309c054f8271acae056052,,48806258
Luyang Wang,a7819e639ebe52b10bc5fc972ba9f4eb347a70ac,,2170435
Tian Geng,a7819e639ebe52b10bc5fc972ba9f4eb347a70ac,,2197905590
Xiangde Zhang,a7819e639ebe52b10bc5fc972ba9f4eb347a70ac,,3153945
Shen Zheng,c8d722907113595adb1b89bf0d3305b6bb334929,,2111074015
Yi Ma,c8d722907113595adb1b89bf0d3305b6bb334929,,2146276895
Jinqian Pan,c8d722907113595adb1b89bf0d3305b6bb334929,,2176149839
Chang-Tien Lu,c8d722907113595adb1b89bf0d3305b6bb334929,,1752590
Gaurav Gupta,c8d722907113595adb1b89bf0d3305b6bb334929;07d060ad91ec4cc73a1f1b615bfea57df859d298,,2104357582
Lijiang Shao,fe5f1760fceee44846998e0714f50df8b5e9f154,,2366748298
Wenjin Wang,fe5f1760fceee44846998e0714f50df8b5e9f154,,2117833431
Shiguo Huang,fe5f1760fceee44846998e0714f50df8b5e9f154,,9303289
Xiaolin Li,fe5f1760fceee44846998e0714f50df8b5e9f154,,2108674259
Akshat Agarwal,3d61d6fe03e9309fb2c0d735242c7bc50afd6caa,,50714373
Mohit Kumar Agarwal,3d61d6fe03e9309fb2c0d735242c7bc50afd6caa,,2212895011
Aditya Shankar,3d61d6fe03e9309fb2c0d735242c7bc50afd6caa,,2212898809
Anil Singh Parihar,3d61d6fe03e9309fb2c0d735242c7bc50afd6caa,,2268072935
Hengxuan Li,37a9809cb3d0eb91d2379796f4cf719bcf5b4223,,2214305109
Zhanqiang Huo,37a9809cb3d0eb91d2379796f4cf719bcf5b4223,,1816039841
Xu Zhao,594946ec524e6ea9715322f0a0f81ce942876eda,,2118490525
Zhaohong Liao,594946ec524e6ea9715322f0a0f81ce942876eda,,2201678636
X. Wu,594946ec524e6ea9715322f0a0f81ce942876eda,,48661704
Chenyang Li,594946ec524e6ea9715322f0a0f81ce942876eda,,2188996842
Jingwei Chen,594946ec524e6ea9715322f0a0f81ce942876eda,,2280952394
Z. Gao,594946ec524e6ea9715322f0a0f81ce942876eda,,3198851
Yao Tan,eae27e409d1fddf1c60fee2df55982c466faad5e,,2158336351
Yanpeng Cao,903a4f43f0653b420d12cfe1c27b0d54befecf19,,3245182
Xi Tong,903a4f43f0653b420d12cfe1c27b0d54befecf19,,2068202152
Fan Wang,903a4f43f0653b420d12cfe1c27b0d54befecf19,,49451350
Jiangxin Yang,903a4f43f0653b420d12cfe1c27b0d54befecf19,,2491927
Yanlong Cao,903a4f43f0653b420d12cfe1c27b0d54befecf19,,2035529
Sabin Tiberius Strat,903a4f43f0653b420d12cfe1c27b0d54befecf19,,2850020
C. Tisse,903a4f43f0653b420d12cfe1c27b0d54befecf19,,3433637
Yong Wang,fcd0287b91d3d878d97453ade8276dbd3fb1653b,,2153952645
Bo Li,fcd0287b91d3d878d97453ade8276dbd3fb1653b,,
Xi Yuan,fcd0287b91d3d878d97453ade8276dbd3fb1653b,,2159318207
Fanding Wu,8f3561dd77356cb2e929456e90525990f21898c4,,2167734431
Xun Wang,8f3561dd77356cb2e929456e90525990f21898c4,,2115535644
Xijing Li,87fd9755ab0b158da51a26974b1619c6e7ab2fe1,,2369639921
Yourui Huang,e9a8ffb2575e4991e8dd1b7337d89022003a4c93,,46598871
Yuwen Liu,e9a8ffb2575e4991e8dd1b7337d89022003a4c93,,2136355493
Tao Han,e9a8ffb2575e4991e8dd1b7337d89022003a4c93,,2117899081
Shanyong Xu,e9a8ffb2575e4991e8dd1b7337d89022003a4c93,,2148667420
Jiahao Fu,e9a8ffb2575e4991e8dd1b7337d89022003a4c93,,41097944
Xuanyu Zhang,555b2d78d93fc9119f9e20c676b0764b1f20a178,,2118400564
N. Ling,555b2d78d93fc9119f9e20c676b0764b1f20a178,,144515403
Zimu Zhou,be61c1cbe9fd4168c9c0ba969b47d0840c08b71c,,2735715
Bin Guo,be61c1cbe9fd4168c9c0ba969b47d0840c08b71c,,145066132
Mengsu Zhang,be61c1cbe9fd4168c9c0ba969b47d0840c08b71c,,2153207393
Haocheng Shen,be61c1cbe9fd4168c9c0ba969b47d0840c08b71c,,2192858528
Linbo Wang,a611ed7e40c9c5cd35bc61d1ca2a55dc37caf55e,,2108522201
Tao Wang,a611ed7e40c9c5cd35bc61d1ca2a55dc37caf55e,,48470152
Deyun Yang,a611ed7e40c9c5cd35bc61d1ca2a55dc37caf55e,,2111180991
Xianyong Fang,a611ed7e40c9c5cd35bc61d1ca2a55dc37caf55e,,3126828
Shaohua Wan,a611ed7e40c9c5cd35bc61d1ca2a55dc37caf55e,,49725227
Zhiqiang Feng,db262fef5aab6cc2178b045cd8b6913800179461,,2113908830
Xiaogang Wang,db262fef5aab6cc2178b045cd8b6913800179461,,31843833
Yang Wei,db262fef5aab6cc2178b045cd8b6913800179461,,2186351239
Mingrui Liu,db262fef5aab6cc2178b045cd8b6913800179461,,2374924413
Zewei Lian,db262fef5aab6cc2178b045cd8b6913800179461,,2172252560
Yu Yuan,44c829585625d5105b949092218e889f4f7f18c0,,2161609114
Jiaqi Wu,44c829585625d5105b949092218e889f4f7f18c0,,2110435150
Lindong Wang,44c829585625d5105b949092218e889f4f7f18c0,,2108565992
Zhongliang Jing,44c829585625d5105b949092218e889f4f7f18c0,,2111777743
H. Leung,44c829585625d5105b949092218e889f4f7f18c0,,2144755904
Shuyuan Zhu,44c829585625d5105b949092218e889f4f7f18c0,,1719428
Han Pan,44c829585625d5105b949092218e889f4f7f18c0,,30331802
Masakazu Yoshimura,d732660a118717e8d43e76044a18a8c92946dd2c;c21e8df43264315ad100daac5ae90c43e2e1f64b,,1516952123
Junji Otsuka,d732660a118717e8d43e76044a18a8c92946dd2c;c21e8df43264315ad100daac5ae90c43e2e1f64b,,2106282542
Atsushi Irie,d732660a118717e8d43e76044a18a8c92946dd2c;c21e8df43264315ad100daac5ae90c43e2e1f64b,,47275565
T. Ohashi,d732660a118717e8d43e76044a18a8c92946dd2c;c21e8df43264315ad100daac5ae90c43e2e1f64b,,3358605
Mingming Tan,9ce1a2a06ce537099a4e8639590cb921d3ee0f73,,2190124500
Jiayi Fan,9ce1a2a06ce537099a4e8639590cb921d3ee0f73,,2151840354
Guodong Fan,9ce1a2a06ce537099a4e8639590cb921d3ee0f73;7df78b66f9f07b5985f1eba23442db0d9b49a671,,2093184672
Min Gan,9ce1a2a06ce537099a4e8639590cb921d3ee0f73;7df78b66f9f07b5985f1eba23442db0d9b49a671,,2024537593
Weiqiang Liu,ecd2356afe95d60324861dd4eb7b09f71587e031;1f3ec24de0dc32db3e3d9ef67c75c3dc8b5ca7a2;c1015c63444d6c3c897eed3fa4ea6e14e80e063b,,2163947273
Penghui Zhao,ecd2356afe95d60324861dd4eb7b09f71587e031;1f3ec24de0dc32db3e3d9ef67c75c3dc8b5ca7a2;c1015c63444d6c3c897eed3fa4ea6e14e80e063b,,8049880
Xiangying Song,ecd2356afe95d60324861dd4eb7b09f71587e031,,2191280481
Bo Zhang,ecd2356afe95d60324861dd4eb7b09f71587e031;c1015c63444d6c3c897eed3fa4ea6e14e80e063b,,
Xiaodong Zhang,771539c080e184b28bb34ec01a4352f9783dfd86,,1686594
Yifei Wang,771539c080e184b28bb34ec01a4352f9783dfd86,,2115569318
Junming Gong,1b0de22e55b92add718b6b05f99075aa4d2223a5;9c3b52669616cbd41e2932ab384d741130d8276c,,2112954091
Rushi Lan,1b0de22e55b92add718b6b05f99075aa4d2223a5,,36034272
Xipeng Pan,1b0de22e55b92add718b6b05f99075aa4d2223a5,,9371863
Guiwen Zhang,8cefa2f0a23501345134aafd9c75e16a523f9e04,,8673557
Taida Wu,8cefa2f0a23501345134aafd9c75e16a523f9e04,,2160104490
Jinwang Pan,4cdf30bb87f654317c327487209da9f2a6b8c7cc,,2187371905
Deming Zhai,4cdf30bb87f654317c327487209da9f2a6b8c7cc,,2431195
Yuanchao Bai,4cdf30bb87f654317c327487209da9f2a6b8c7cc,,2876022
Junjun Jiang,4cdf30bb87f654317c327487209da9f2a6b8c7cc,,2141510194
Debin Zhao,4cdf30bb87f654317c327487209da9f2a6b8c7cc,,1725937
Xianming Liu,4cdf30bb87f654317c327487209da9f2a6b8c7cc,,2110655701
Dongyu She,b34eda58cf5904ea269f12407cc848f6fbfd5d51,,22631231
Kun Xu,b34eda58cf5904ea269f12407cc848f6fbfd5d51,,144968846
Xinwei Xue,37b108653979f570ce2cf148776d99624f8e7277,,32797485
Jia He,37b108653979f570ce2cf148776d99624f8e7277,,2444492079
Yi Wang,37b108653979f570ce2cf148776d99624f8e7277,,87042015
Xin Fan,37b108653979f570ce2cf148776d99624f8e7277;c1890fda11e05f3eaea539e069b3c6cf678e5004;cfb4160bab74b7d17d9cf5ae79387f00917dc8e4,,144309189
Jinghao Zhang,258d49edb97b80237b66c540df91b70abe2f985b;f330e64b263af1c0631418619fd130e9a2314525,,2108045911
Mingde Yao,258d49edb97b80237b66c540df91b70abe2f985b,,1420016726
Shivam Chhirolya,55cb27032405c5105542ff094e95ba41b9ad6c26,,2187298719
Yanhong Huang,427f5e326ed18749425be956d8d159b24003a10a,,2183513064
F. Zhu,427f5e326ed18749425be956d8d159b24003a10a,,7526783
Xianjun Hu,427f5e326ed18749425be956d8d159b24003a10a;5de46fbe8d58f164242627a92fe6d71b988e45ca,,2109790733
Hue Nguyen,0342bb8c7d11364e5383dcc01f5e522bd2050778,,2392595137
D. Tran,0342bb8c7d11364e5383dcc01f5e522bd2050778,,2186824333
Khoi Duc Minh Nguyen,0342bb8c7d11364e5383dcc01f5e522bd2050778,,144295869
Rang Nguyen,0342bb8c7d11364e5383dcc01f5e522bd2050778,,2316559179
Jinbao Yang,6712a5afb85875d70af91dc1e54f8ea8e8561e44,,2864169
Zhimin Yuan,6712a5afb85875d70af91dc1e54f8ea8e8561e44,,2112340345
Shilei Li,6712a5afb85875d70af91dc1e54f8ea8e8561e44,,2145340413
Jiasheng Wang,6712a5afb85875d70af91dc1e54f8ea8e8561e44,,2110144752
Bin Jiang,3f62c7cefd7eec3ecf51ce39f041a49ade381c07,,145942580
Xiaochen Bo,3f62c7cefd7eec3ecf51ce39f041a49ade381c07,,2060165174
Chao Yang,3f62c7cefd7eec3ecf51ce39f041a49ade381c07,,1637066875
Xu Wu,3f62c7cefd7eec3ecf51ce39f041a49ade381c07,,2186958197
M. T. Rasheed,1fa8e24a043a937860dbbe8cb6b6c2212b0a1bad;c70003575790daa4db6d60b5844a25896105e5d2,,34999535
D. Shi,1fa8e24a043a937860dbbe8cb6b6c2212b0a1bad;c70003575790daa4db6d60b5844a25896105e5d2,,1887263
Yuquan Zhou,756f2e7d2420effe49480e6f712864e7fde8c3ec,,49454937
Zuliang Huang,756f2e7d2420effe49480e6f712864e7fde8c3ec,,2370727485
Xin Liu,756f2e7d2420effe49480e6f712864e7fde8c3ec,,2120100298
Jifan Ouyang,756f2e7d2420effe49480e6f712864e7fde8c3ec,,2148467674
Menglong Hou,756f2e7d2420effe49480e6f712864e7fde8c3ec,,2205234367
Xichang Cai,756f2e7d2420effe49480e6f712864e7fde8c3ec,,2107159051
Zizheng Sun,af162347f8db180f9c9a7e5b09a8902a77d25ff1,,2181083714
Huihui Song,af162347f8db180f9c9a7e5b09a8902a77d25ff1,,2163097
Jiaqing Fan,af162347f8db180f9c9a7e5b09a8902a77d25ff1,,51254451
Qingshan Liu,af162347f8db180f9c9a7e5b09a8902a77d25ff1,,2145921875
ZhanTi Ll,5d3f0c764497e40f170dfda75b7c22c2da5213b7,,2190859298
Ni Jia,5d3f0c764497e40f170dfda75b7c22c2da5213b7,,144681848
Yunliang Zhuang,54e432ae5a319ceee6bbd3369c4459a078eb8ff6,,2152482431
Zhuoran Zheng,54e432ae5a319ceee6bbd3369c4459a078eb8ff6,,1490932987
Chengzhi Lyu,54e432ae5a319ceee6bbd3369c4459a078eb8ff6,,47660429
Guiyu Guo,c70003575790daa4db6d60b5844a25896105e5d2,,2185280629
Xiaochun Cheng,c70003575790daa4db6d60b5844a25896105e5d2,,2149477853
L. Li,718da40b0c22fcce6d4f7dc7df1e021a8563cb78,,37498905
Yuan Xue,718da40b0c22fcce6d4f7dc7df1e021a8563cb78,,2114920342
Hongbing Ma,718da40b0c22fcce6d4f7dc7df1e021a8563cb78,,2408757
Shansi Zhang,fe2c8ba86581e4c7f263c7e0541d4616e486e570;14639e07771c0ade381b0e2c9ce26eba98ee48a4;8deddc94c70cc74290faa50119c47850a1ce9c93;542fd7fd8b0a68ecf174099a0887425d0ef706a1,,2116577885
Nan Meng,fe2c8ba86581e4c7f263c7e0541d4616e486e570,,2267595889
E. Lam,fe2c8ba86581e4c7f263c7e0541d4616e486e570;14639e07771c0ade381b0e2c9ce26eba98ee48a4;8deddc94c70cc74290faa50119c47850a1ce9c93;542fd7fd8b0a68ecf174099a0887425d0ef706a1,,1725389
Xiaojun Yang,ad694777050bd12297871229fe8842ab32aa938e,,2112085727
J. Gong,ad694777050bd12297871229fe8842ab32aa938e,,2314104141
Liang Wu,ad694777050bd12297871229fe8842ab32aa938e,,2218810019
Zhijing Yang,ad694777050bd12297871229fe8842ab32aa938e,,1840050
Yukai Shi,ad694777050bd12297871229fe8842ab32aa938e,,3435583
F. Nie,ad694777050bd12297871229fe8842ab32aa938e,,144962210
Weiwen Mu,bd33c01584d858421900ae42d426a5f1065d0c94,,2183969553
Huixiang Liu,bd33c01584d858421900ae42d426a5f1065d0c94,,48447323
Wen-Bin Chen,bd33c01584d858421900ae42d426a5f1065d0c94,,2109910513
Yiqun Wang,bd33c01584d858421900ae42d426a5f1065d0c94,,2253807193
Xintao Chen,de4c5dde7a5daf062a37ec1a45d13f1a9a3e1d30,,2348594179
Jong-Geun Oh,1fb289a98fd604da4556b6d34fb14ec319c92017,,2839262
Min-Cheol Hong,1fb289a98fd604da4556b6d34fb14ec319c92017,,3689350
B. Kuang,fdc33899b1d25c3de9145effa8dbcf632488ce02,,2374013354
Zhibin Zhang,fdc33899b1d25c3de9145effa8dbcf632488ce02,,2109459759
Bo Zhang,1f3ec24de0dc32db3e3d9ef67c75c3dc8b5ca7a2,,2208118873
Wei Xuan,1f3ec24de0dc32db3e3d9ef67c75c3dc8b5ca7a2,,2067466160
Jin Tan,ced29f18591a969b55d97fe28cf8ac92847259ea,,2115409536
Taiping Zhang,ced29f18591a969b55d97fe28cf8ac92847259ea,,2168621361
Linchang Zhao,ced29f18591a969b55d97fe28cf8ac92847259ea,,46586650
Darong Huang,ced29f18591a969b55d97fe28cf8ac92847259ea,,39252973
Zhenyuan Zhang,ced29f18591a969b55d97fe28cf8ac92847259ea,,2109338702
B. Jalali,157dba30d6496a003c537338850938bd67015548,,48368645
Lin Liu,15837a406a4f6859ca89b1cbbd7b391464164195,,2146017850
Junfeng An,15837a406a4f6859ca89b1cbbd7b391464164195,,2105619735
Jianzhuang Liu,15837a406a4f6859ca89b1cbbd7b391464164195,,2144167531
Shanxin Yuan,15837a406a4f6859ca89b1cbbd7b391464164195,,3325819
Xiangyu Chen,15837a406a4f6859ca89b1cbbd7b391464164195,,2143735670
Wen-gang Zhou,15837a406a4f6859ca89b1cbbd7b391464164195,,38272296
Houqiang Li,15837a406a4f6859ca89b1cbbd7b391464164195,,2108508109
Yanfeng Wang,15837a406a4f6859ca89b1cbbd7b391464164195,,2108846176
Qi Tian,15837a406a4f6859ca89b1cbbd7b391464164195,,2056268330
Yi Qian,fd89c53b99021c225d1093a4ae6d42e1763bc839,,2114899381
Zetao Jiang,fd89c53b99021c225d1093a4ae6d42e1763bc839;f25148c5cb6266a147706c5e1ead6b2785472a95,,8324588
Yuting He,fd89c53b99021c225d1093a4ae6d42e1763bc839,,2347905253
Shaoqin Zhang,fd89c53b99021c225d1093a4ae6d42e1763bc839,,2116577895
Shenming Jiang,fd89c53b99021c225d1093a4ae6d42e1763bc839,,103202096
Zilong Chen,1a25ce96e5aed9b6dc5a32923c47cc0f63619839;06218b57a3f5ea5bbf2f634387c973c0b04bb9b5,,2117098500
Yaling Liang,1a25ce96e5aed9b6dc5a32923c47cc0f63619839;06218b57a3f5ea5bbf2f634387c973c0b04bb9b5,,9260001
Minghui Du,1a25ce96e5aed9b6dc5a32923c47cc0f63619839;06218b57a3f5ea5bbf2f634387c973c0b04bb9b5,,31866339
Ruini Zhao,f28dfc49e79bb92e30caa380ad7af223e565eef8,,4320115
Yi Han,f28dfc49e79bb92e30caa380ad7af223e565eef8,,2112846484
Jian Zhao,f28dfc49e79bb92e30caa380ad7af223e565eef8,,71425092
Xuan Wei,c1015c63444d6c3c897eed3fa4ea6e14e80e063b,,2183459526
Yaofeng Xie,b7bd98728826f3b03ed0279d8b7419ab43154008,,2154871178
Xiao Yu,b7bd98728826f3b03ed0279d8b7419ab43154008,,2139766305
Yizhuo Quan,6c1c540b53af6fe0e43345b80262b1ff39616a63,,2181974897
D. Fu,6c1c540b53af6fe0e43345b80262b1ff39616a63,,2087819248
Yuan-Shing Chang,6c1c540b53af6fe0e43345b80262b1ff39616a63,,120586583
Chengbo Wang,6c1c540b53af6fe0e43345b80262b1ff39616a63,,50096924
Penghao He,583bca4bf4378f49e2c54f5a72bd61539cb24615,,2153239652
Ying Yu,583bca4bf4378f49e2c54f5a72bd61539cb24615,,144894799
Xiaochen Wang,a306601eebec19a298ecf091e93c122b8285ce6d,,1753693970
Ruimin Hu,a306601eebec19a298ecf091e93c122b8285ce6d,,2067789404
Xin Xu,a306601eebec19a298ecf091e93c122b8285ce6d,,2152777417
Xuesong Li,5ea86acad766c14521e7b09f79489cd2b2f3f756,,2130338179
Jianrun Shang,5ea86acad766c14521e7b09f79489cd2b2f3f756,,2169354371
Wenhao Song,5ea86acad766c14521e7b09f79489cd2b2f3f756,,2181978196
Jinyong Chen,5ea86acad766c14521e7b09f79489cd2b2f3f756,,38263545
Guisheng Zhang,5ea86acad766c14521e7b09f79489cd2b2f3f756,,1959445256
Jinfeng Pan,5ea86acad766c14521e7b09f79489cd2b2f3f756,,49106674
Yuzhu Xie,69f5442492cbd8108db1bc3cd7384483cf01155f,,2118596417
Kang Yang,69f5442492cbd8108db1bc3cd7384483cf01155f,,2118048420
Hongwei Liu,69f5442492cbd8108db1bc3cd7384483cf01155f,,2115371119
Yeying Jin,04630916d18775e6495fe9b4581008e4a18f6c07,,2141507823
R. Tan,04630916d18775e6495fe9b4581008e4a18f6c07,,1726720
Linfeng Tang,8bb4324c831a80f113b4316f3fa0b146c54c741c,,2153720741
Jiayi Ma,8bb4324c831a80f113b4316f3fa0b146c54c741c,,8555475
Hao Zhang,8bb4324c831a80f113b4316f3fa0b146c54c741c,,
Xiaojie Guo,8bb4324c831a80f113b4316f3fa0b146c54c741c,,33465926
Xiaochun Lei,f25148c5cb6266a147706c5e1ead6b2785472a95,,2072811844
Junlin Xie,f25148c5cb6266a147706c5e1ead6b2785472a95,,2109935984
W. Mai,f25148c5cb6266a147706c5e1ead6b2785472a95,,114913938
Zhaoting Gong,f25148c5cb6266a147706c5e1ead6b2785472a95,,2165478115
Chang Lu,f25148c5cb6266a147706c5e1ead6b2785472a95,,2149468656
Linjun Lu,f25148c5cb6266a147706c5e1ead6b2785472a95,,18840047
Ziqi Shan,f25148c5cb6266a147706c5e1ead6b2785472a95,,2176866256
Xiaogang Xu,e64440b53317fa8b5b800f238d500d586ae5e17f;914e29068503742eb2407ec9fd651371dbe72dc0,,2027354611
Ruixing Wang,e64440b53317fa8b5b800f238d500d586ae5e17f;914e29068503742eb2407ec9fd651371dbe72dc0,,2108666491
Chi-Wing Fu,e64440b53317fa8b5b800f238d500d586ae5e17f;914e29068503742eb2407ec9fd651371dbe72dc0,,144856288
Jiaya Jia,e64440b53317fa8b5b800f238d500d586ae5e17f;914e29068503742eb2407ec9fd651371dbe72dc0,,1729056
Ting Sun,7df78b66f9f07b5985f1eba23442db0d9b49a671,,144395946
Guijing Zhu,c1890fda11e05f3eaea539e069b3c6cf678e5004;cfb4160bab74b7d17d9cf5ae79387f00917dc8e4,,2153724721
Ting Sun,ed47dac3380bd78dd710802b4c26218552672e3e,,2113204269
Lingling Fu,ed47dac3380bd78dd710802b4c26218552672e3e,,2175354696
Yuanbo Tan,ed47dac3380bd78dd710802b4c26218552672e3e,,2004222234
Xintao Xu,bb4d60647e9be65b18ebddb8a67298fa12a34d1e,,47158580
Zhen Hua,bb4d60647e9be65b18ebddb8a67298fa12a34d1e;e0e0245a316263915ccd9e53eaa9c0d5be181ac1;7e0e9863a91e6de1a0b9497a18f25ed9c8dd18c6;ab51965f2c74df14fb8a5cdd920138720c24577f;71761f84fc683fbff8b0ab9c0496c67960c7b9d8;012f4ee91de75071ca943fc46bd61e149f310a89,,144278699
Linwei Fan,bb4d60647e9be65b18ebddb8a67298fa12a34d1e;e0e0245a316263915ccd9e53eaa9c0d5be181ac1;012f4ee91de75071ca943fc46bd61e149f310a89,,31431421
Yuan Gao,06209a3580874a97ac930adbfe9eb2b62bcf4766,,2118635326
Yijie Zheng,06209a3580874a97ac930adbfe9eb2b62bcf4766,,2164842755
Jianlong Su,06209a3580874a97ac930adbfe9eb2b62bcf4766,,2176165956
David A. Forsyth,a73a84c642bcc126e3a91942716695a98826a86e;38957f326545d3c24cb04c84c27c69e6aa0ff2a3,,121068894
Yanming Hui,52373fbe5accece0f72b8e28f52a0dda7513e70d;9eef368b54747ce95fd48fe48a3e20bbeb4a5379,,2172174907
Yingyi Shi,52373fbe5accece0f72b8e28f52a0dda7513e70d,,30878206
Bo Li,52373fbe5accece0f72b8e28f52a0dda7513e70d,,2155883252
Lei Liu,9734317bec70f0c887792ebf0d4651a6e9ac9065,,2152043755
Yuze Chen,9734317bec70f0c887792ebf0d4651a6e9ac9065,,2109199867
Junchi Yan,9734317bec70f0c887792ebf0d4651a6e9ac9065,,3063894
Yinqiang Zheng,9734317bec70f0c887792ebf0d4651a6e9ac9065;01a44aede8e6fba7f7d7a520b79b9fc6ec8d89c7;75ba306e914aad8f82b27b66ebaacec146e19518;a5d043c17ff9b9ae4bd11762bfef27790fada58d,,2037259
E. Semenishchev,e44f4b12e68bdce691a779993ff6bc386e514dad,,51504102
S. Agaian,e44f4b12e68bdce691a779993ff6bc386e514dad;d0b3a4d841a37e326ff5c48438d95644b7d4cd73,,8973902
A. Zelensky,e44f4b12e68bdce691a779993ff6bc386e514dad,,51477368
Dmitry Orlov,e44f4b12e68bdce691a779993ff6bc386e514dad,,2060117873
Marina Zdanova,e44f4b12e68bdce691a779993ff6bc386e514dad,,121378960
V. Voronin,e44f4b12e68bdce691a779993ff6bc386e514dad,,51162043
Ziaur Rahman,312a2b9a9a2b11fb87f9d83958ab23adfd158f1d,,2067838715
Inayat Khan,312a2b9a9a2b11fb87f9d83958ab23adfd158f1d,,2151457788
M. I. Uddin,312a2b9a9a2b11fb87f9d83958ab23adfd158f1d,,1717097509
Yurong Guan,312a2b9a9a2b11fb87f9d83958ab23adfd158f1d;8ce6045cde0169f35c256b003424ab364bcc3e3e,,2069570743
Zhihua Hu,312a2b9a9a2b11fb87f9d83958ab23adfd158f1d,,2111296949
Kunchang Li,a0bd9b23713ed53bc63adab678be2c165a1358f5;a5ea2904ccd93be210053da719c3d26a7f0b0e96,,2115468491
Sheng Su,a0bd9b23713ed53bc63adab678be2c165a1358f5;a5ea2904ccd93be210053da719c3d26a7f0b0e96,,2066629681
Peng Gao,a0bd9b23713ed53bc63adab678be2c165a1358f5;a5ea2904ccd93be210053da719c3d26a7f0b0e96,,144740494
Zhengkai Jiang,a0bd9b23713ed53bc63adab678be2c165a1358f5;a5ea2904ccd93be210053da719c3d26a7f0b0e96,,50676465
Y. Qiao,a0bd9b23713ed53bc63adab678be2c165a1358f5;a5ea2904ccd93be210053da719c3d26a7f0b0e96,,2059129841
Marco Cotogni,adc4675e0b10bf8eb983aadf3cb0965a83c91af8,,1885493
C. Cusano,adc4675e0b10bf8eb983aadf3cb0965a83c91af8;6db4668fc68ecfdd2c55329fa4bed0d83ec7f491,,1686808
Xiaoming Liu,4fb310163e2486690c60c6c4ab863c0da26ad2fc,,2111120293
Yan Yang,4fb310163e2486690c60c6c4ab863c0da26ad2fc,,2108849557
Yuanhong Zhong,4fb310163e2486690c60c6c4ab863c0da26ad2fc,,47240328
Dong Xiong,4fb310163e2486690c60c6c4ab863c0da26ad2fc,,2064884724
Zhiyong Huang,4fb310163e2486690c60c6c4ab863c0da26ad2fc,,2156500367
Xucheng Wang,4deeb0b3078d0fb2145bd146869df0a018f9ac11,,2312415418
Chenning Tao,4deeb0b3078d0fb2145bd146869df0a018f9ac11,,103477948
X. Tao,4deeb0b3078d0fb2145bd146869df0a018f9ac11,,145834668
Zhenrong Zheng,4deeb0b3078d0fb2145bd146869df0a018f9ac11,,34792302
Aaryan Agrawal,e57991f9ab598a2568bcc34c67d464af47168de3,,2153760430
Namrata Jadhav,e57991f9ab598a2568bcc34c67d464af47168de3,,2066002310
Ayush Gaur,e57991f9ab598a2568bcc34c67d464af47168de3,,2164778908
Shiwani Jeswani,e57991f9ab598a2568bcc34c67d464af47168de3,,2174391434
Abhay Kshirsagar,e57991f9ab598a2568bcc34c67d464af47168de3,,50789368
Masud An Nur Islam Fahim,a4a036206e928c39946c0dd600f747434b9d8df2,,20934220
Nazmus Saqib,a4a036206e928c39946c0dd600f747434b9d8df2,,2008191597
H. Jung,a4a036206e928c39946c0dd600f747434b9d8df2,,1915287313
Liye Song,46fd372ed9c3df70d806bb1f9504cb7ce799ad8e,,19198244
Jindan Yang,46fd372ed9c3df70d806bb1f9504cb7ce799ad8e,,2166449993
Li Li,46fd372ed9c3df70d806bb1f9504cb7ce799ad8e,,2166286078
Pranjay Shyam,99ea0553cdc5b1b74a421f50a72006569463d8a0;1fe8a4f2b542d9f9a0c0eb68821aa400910660cc,,1924559935
S. S. Sengar,99ea0553cdc5b1b74a421f50a72006569463d8a0,,5294077
Kuk-Jin Yoon,99ea0553cdc5b1b74a421f50a72006569463d8a0,,51182421
Kyung-soo Kim,99ea0553cdc5b1b74a421f50a72006569463d8a0;1fe8a4f2b542d9f9a0c0eb68821aa400910660cc,,2109327860
Yong Wang,ace1a6b59b6e7d0579b778757a56f95d9d0a34c6,,2157288214
Duoqian Miao,ace1a6b59b6e7d0579b778757a56f95d9d0a34c6,,145166399
Yang-Bo Shi,5b1e8d6217d8cd580e1aeb5fef03391642ed5058;d694e3145d796f814a7ea28a1194f86c67bbada4,,103615575
Xiaopo Wu,5b1e8d6217d8cd580e1aeb5fef03391642ed5058;d694e3145d796f814a7ea28a1194f86c67bbada4,,2107999270
Ming Zhu,5b1e8d6217d8cd580e1aeb5fef03391642ed5058,,143821153
Yong Wang,5e0002dd64849265e97b424c06d19972dee81575,,2153954532
Wenjie Xie,5e0002dd64849265e97b424c06d19972dee81575,,2113722134
Hongqi Liu,5e0002dd64849265e97b424c06d19972dee81575,,2155225739
Binquan Wang,d694e3145d796f814a7ea28a1194f86c67bbada4,,46270252
Ming Zhu,d694e3145d796f814a7ea28a1194f86c67bbada4,,2152183919
M. Reimann,e99b75a8f607feade9cf820f2fa645a10a6f9063,,51151622
Amir Semmo,e99b75a8f607feade9cf820f2fa645a10a6f9063,,2961653
S. Pasewaldt,e99b75a8f607feade9cf820f2fa645a10a6f9063,,2343715
J. Dollner,e99b75a8f607feade9cf820f2fa645a10a6f9063,,150142805
Matthias Trapp,e99b75a8f607feade9cf820f2fa645a10a6f9063,,3008227
Fangfang Li,badaa1e63db1e7581ace5891199d4b8c25043279,,2146330227
Jian Zhang,badaa1e63db1e7581ace5891199d4b8c25043279,,2155127340
Haifu Guo,badaa1e63db1e7581ace5891199d4b8c25043279,,2110878108
Xiaoyan Kui,badaa1e63db1e7581ace5891199d4b8c25043279,,2157632957
He Cui,e0e0245a316263915ccd9e53eaa9c0d5be181ac1;012f4ee91de75071ca943fc46bd61e149f310a89,,2152200853
Weihua Liu,9ff56ca80cc8108cc0324ce4c03368ebf0f986b4,,2144380729
Yansong Xue,9ff56ca80cc8108cc0324ce4c03368ebf0f986b4,,2380459782
Yao Tang,9ff56ca80cc8108cc0324ce4c03368ebf0f986b4,,2185612200
Aijing Sun,9ff56ca80cc8108cc0324ce4c03368ebf0f986b4,,2185500162
Zonglin Li,636a4a220efd62d78095aca373e16a97432d1277,,2296404
Wen-Zheng Xu,a65b53e8d98b2f3b89d406c5f4be9e17ec649f2b,,2152922116
Haibo Wan,a65b53e8d98b2f3b89d406c5f4be9e17ec649f2b,,2304315118
Xue Li,a65b53e8d98b2f3b89d406c5f4be9e17ec649f2b,,2116384005
Han Jiao,66c42ddcbe1318deb1c68ac6fbb97b91e308b0e6,,2070114689
Peng Yuan,66c42ddcbe1318deb1c68ac6fbb97b91e308b0e6,,2069400058
Jiao Liu,66c42ddcbe1318deb1c68ac6fbb97b91e308b0e6,,2244576570
Xujie Ren,66c42ddcbe1318deb1c68ac6fbb97b91e308b0e6,,2087673915
Jufu Zhang,66c42ddcbe1318deb1c68ac6fbb97b91e308b0e6,,26504826
Nana Yu,7e0e9863a91e6de1a0b9497a18f25ed9c8dd18c6,,2010378588
Xinyi Liu,8411b32a2df053414d381c8c6c4ba5591e7a7006,,100683845
Qi Xie,8411b32a2df053414d381c8c6c4ba5591e7a7006,,2055457999
Qian Zhao,8411b32a2df053414d381c8c6c4ba5591e7a7006,,46317290
Hong Qang,8411b32a2df053414d381c8c6c4ba5591e7a7006,,2154421497
Deyu Meng,8411b32a2df053414d381c8c6c4ba5591e7a7006,,1803714
Shangchen Zhou,be3b1b0a2eeddba876580da707105820782672f1,,7523259
Chongyi Li,be3b1b0a2eeddba876580da707105820782672f1;22731d2a9fdb26684f04ad3864b21bf83dd5c03e;35fce9473e1ba34e97e91bcd85e30b6af6cf7ab6;01968e2a0e7cf056ccf06ff6e18f6fc5105886b9,,2698424
Chen Change Loy,be3b1b0a2eeddba876580da707105820782672f1;22731d2a9fdb26684f04ad3864b21bf83dd5c03e;35fce9473e1ba34e97e91bcd85e30b6af6cf7ab6;01968e2a0e7cf056ccf06ff6e18f6fc5105886b9,,1717179
V. Kannan,81dafff94bd1bd5c714a2cc46705dec6255f09ad,,71251079
Nithin C Babu,81dafff94bd1bd5c714a2cc46705dec6255f09ad,,2204851002
Yu-Hsuan Huang,55a83f888f3652939846367dee47a27e02f6c0d6,,34847043
Homer H. Chen,55a83f888f3652939846367dee47a27e02f6c0d6,,144734955
Bai Zhao,339bf5d1ac299ffd0c2a7ce7fff8cb481489b30e;cbf15028424913e7febaefb5f984950d7941af10,,2138171954
Xiaoling Gong,339bf5d1ac299ffd0c2a7ce7fff8cb481489b30e;cbf15028424913e7febaefb5f984950d7941af10,,49832330
Jian Wang,339bf5d1ac299ffd0c2a7ce7fff8cb481489b30e;cbf15028424913e7febaefb5f984950d7941af10,,2152765441
Lingchao Zhao,339bf5d1ac299ffd0c2a7ce7fff8cb481489b30e;cbf15028424913e7febaefb5f984950d7941af10,,2146089755
K. Panetta,d0b3a4d841a37e326ff5c48438d95644b7d4cd73,,1693757
Shreyas Kamath K. M.,d0b3a4d841a37e326ff5c48438d95644b7d4cd73,,2220170311
S. P. Rao,d0b3a4d841a37e326ff5c48438d95644b7d4cd73,,145983446
Keqi Wang,ac394ec14017a81e3ddfcfbd518d9bcf7d376f45,,2124619255
G. Wu,ac394ec14017a81e3ddfcfbd518d9bcf7d376f45,,144395124
Zhuang Yin,ac394ec14017a81e3ddfcfbd518d9bcf7d376f45,,2212680255
Yuhua Qian,ac394ec14017a81e3ddfcfbd518d9bcf7d376f45,,2087074282
Xin Zhang,c5621a1dda6bf4da9da0572cd5752346d4ffb9f7;1c1dbd6567be39a571563f30f23eccd70a92dbcc,,2149174373
Xia Wang,c5621a1dda6bf4da9da0572cd5752346d4ffb9f7;1c1dbd6567be39a571563f30f23eccd70a92dbcc,,2108224422
Gangcheng Jiao,c5621a1dda6bf4da9da0572cd5752346d4ffb9f7,,2058180863
Ye Yang,c5621a1dda6bf4da9da0572cd5752346d4ffb9f7,,2116730046
Hongchang Cheng,c5621a1dda6bf4da9da0572cd5752346d4ffb9f7,,30749027
Bo Yan,c5621a1dda6bf4da9da0572cd5752346d4ffb9f7,,2075431604
Kai Wang,80b7aed63bf99bb52b309c054f8271acae056052,,37833805
Yuelin Liu,80b7aed63bf99bb52b309c054f8271acae056052,,2119035218
Wuming Jiang,80b7aed63bf99bb52b309c054f8271acae056052,,2116857011
Sangjae Ahn,8897a6bd835c8254b5acad5ecd5fd68babd83a9b,,2159005227
Joongchol Shin,8897a6bd835c8254b5acad5ecd5fd68babd83a9b,,66442217
Heunseung Lim,8897a6bd835c8254b5acad5ecd5fd68babd83a9b,,66440069
Hayoon Kim,8897a6bd835c8254b5acad5ecd5fd68babd83a9b,,2109594074
J. Paik,8897a6bd835c8254b5acad5ecd5fd68babd83a9b,,144155678
Yueyu Hu,3337cadc962fefd09344ed90a44cf30951841fa7,,9956463
Jiaying Liu,3337cadc962fefd09344ed90a44cf30951841fa7;078958642cc4e5fd915ca2dce3b9d5c14dd6df27;ef11f84c6cce12bbce40d7a49643f8cf4c0511f8;d86d02b7e1bfebfa0155d7960c81bce17953d2c5,,41127426
Ling-yu Duan,3337cadc962fefd09344ed90a44cf30951841fa7,,7667912
Jize Zhang,02465bd3a371cd40a8d13eda92f9e97f8adeb25b,,2107967251
Haolin Wang,02465bd3a371cd40a8d13eda92f9e97f8adeb25b,,2264450769
Xiaohe Wu,02465bd3a371cd40a8d13eda92f9e97f8adeb25b,,39637222
Xinyuan Lin,ea5d05313d1dc354191518dcf0a39f784857d800,,51093474
Haining Liu,ea5d05313d1dc354191518dcf0a39f784857d800,,2379257967
F. Zhao,ea5d05313d1dc354191518dcf0a39f784857d800,,2152340469
Yan Sun,ea5d05313d1dc354191518dcf0a39f784857d800,,2152598061
Masheal Alghamdi,f4ebeb3e9186a1686485b7e1d1320a3760302c6c,,113377683
Qiang Fu,f4ebeb3e9186a1686485b7e1d1320a3760302c6c,,2113771721
Ali K. Thabet,f4ebeb3e9186a1686485b7e1d1320a3760302c6c,,35869086
W. Heidrich,f4ebeb3e9186a1686485b7e1d1320a3760302c6c;10ab15c5fd4e2d16df23cbb94567ab60b911c956,,1752192
Chenggang Dai,f801cac0a33d27e0090f3f86e4bbde913bdc8b2c,,153566066
Z. Guan,f801cac0a33d27e0090f3f86e4bbde913bdc8b2c,,46731399
Ming-xing Lin,f801cac0a33d27e0090f3f86e4bbde913bdc8b2c,,7827836
Xiaolei Luo,29a0d3b40d2bf476c87e683c0cbf900118a72cbc,,2202631031
S. Xiang,29a0d3b40d2bf476c87e683c0cbf900118a72cbc,,35533565
Qiong Liu,29a0d3b40d2bf476c87e683c0cbf900118a72cbc,,47362438
You Yang,29a0d3b40d2bf476c87e683c0cbf900118a72cbc;0089ddc1aa4e63209595fbf59b0f7d4e3238db01,,47796278
Kejun Wu,29a0d3b40d2bf476c87e683c0cbf900118a72cbc,,2109009499
Yanpeng Sun,ab51965f2c74df14fb8a5cdd920138720c24577f,,3235703
Zhanyou Chang,ab51965f2c74df14fb8a5cdd920138720c24577f,,2146468674
Yong Zhao,ab51965f2c74df14fb8a5cdd920138720c24577f,,2151270267
Sirui Li,ab51965f2c74df14fb8a5cdd920138720c24577f,,2143204577
Mingfang Zhang,1215a49a50fcb7ca2f2518b246e4b65dd93c5b7f;01a44aede8e6fba7f7d7a520b79b9fc6ec8d89c7,,2290240304
Feng Lu,1215a49a50fcb7ca2f2518b246e4b65dd93c5b7f,,2151233362
Jiantao Zhou,26ebc50e2aada008b5683c6f30e9d4b20b8c5c59,,2388685450
Yujing Sun,e5e6eeb44a753e14c580be22ec033c6519b87208,,2130286531
Jun Zhang,e5e6eeb44a753e14c580be22ec033c6519b87208,,2155662657
F. Jiang,e5e6eeb44a753e14c580be22ec033c6519b87208,,144999037
Jiazhen Zu,c533abed3537170019ec85b89859aa1ad61dab4d,,2173371625
Yongxia Zhou,c533abed3537170019ec85b89859aa1ad61dab4d,,2145493439
Le Chen,c533abed3537170019ec85b89859aa1ad61dab4d,,2146072894
Chao Dai,c533abed3537170019ec85b89859aa1ad61dab4d,,2055020811
Qiang Ning,3f451f7785a232ac0e0fc97ff353f7381c8c971a,,3333257
Hanlei Lu,3f451f7785a232ac0e0fc97ff353f7381c8c971a,,2218136097
Xin Shi,3f451f7785a232ac0e0fc97ff353f7381c8c971a,,2148375991
Zhengli Leng,3f451f7785a232ac0e0fc97ff353f7381c8c971a,,2125340856
Pengjie Qin,3f451f7785a232ac0e0fc97ff353f7381c8c971a,,51013608
Haofei Wang,3d49c3cc2c176b634c374bea5cdc36644e4afb30,,2038517164
Yang Yue,3d49c3cc2c176b634c374bea5cdc36644e4afb30,,2105585115
Igor Morawski,bada86bb3f96f2c9cb1cc17aa4809df14ffca9d8,,1740758571
Yu-An Chen,bada86bb3f96f2c9cb1cc17aa4809df14ffca9d8,,2144036304
Yu-sheng Lin,bada86bb3f96f2c9cb1cc17aa4809df14ffca9d8,,2107930640
Winston H. Hsu,bada86bb3f96f2c9cb1cc17aa4809df14ffca9d8,,1716836
Fei Zhou,a53414b469892bdf5c6d91db42d36b1f399b7290,,2114903214
Xin Sun,a53414b469892bdf5c6d91db42d36b1f399b7290,,144326521
Junyu Dong,a53414b469892bdf5c6d91db42d36b1f399b7290,,1964397
Haoran Zhao,a53414b469892bdf5c6d91db42d36b1f399b7290,,50981688
Xiao Xiang Zhu,a53414b469892bdf5c6d91db42d36b1f399b7290,,2125159330
Xinxu Wei,ecd75c730c71f83d206f0a63393fef2d1e6af495;a6c47c2d5964c038b779f00bf888b3ff11cbea38;adce6e69b9d71f75afe75d0912d05266176cbd6f,,2128378378
Xian-Shi Zhang,ecd75c730c71f83d206f0a63393fef2d1e6af495;a6c47c2d5964c038b779f00bf888b3ff11cbea38;adce6e69b9d71f75afe75d0912d05266176cbd6f,,2108002784
Shisen Wang,ecd75c730c71f83d206f0a63393fef2d1e6af495;a6c47c2d5964c038b779f00bf888b3ff11cbea38;adce6e69b9d71f75afe75d0912d05266176cbd6f,,2116301680
Yanlin Huang,ecd75c730c71f83d206f0a63393fef2d1e6af495;a6c47c2d5964c038b779f00bf888b3ff11cbea38;adce6e69b9d71f75afe75d0912d05266176cbd6f,,2145434848
Yongjie Li,ecd75c730c71f83d206f0a63393fef2d1e6af495;a6c47c2d5964c038b779f00bf888b3ff11cbea38;adce6e69b9d71f75afe75d0912d05266176cbd6f,,2110515159
Cheng Cheng,a6c47c2d5964c038b779f00bf888b3ff11cbea38,,2116394502
Kaifu Yang,a6c47c2d5964c038b779f00bf888b3ff11cbea38;adce6e69b9d71f75afe75d0912d05266176cbd6f,,2105451
Shen Zheng,07d060ad91ec4cc73a1f1b615bfea57df859d298,,2111075146
Guo-Jun Qi,07a2c2abc485bc163985ae0a82d53cad5ba38a87,,2272096
Shaodi You,07a2c2abc485bc163985ae0a82d53cad5ba38a87;7c0f1366b4cb803ef4ebad7ef665bfbee6e54ea2,,2941564
Zenghui Zhang,07a2c2abc485bc163985ae0a82d53cad5ba38a87,,1882137
T. Harada,07a2c2abc485bc163985ae0a82d53cad5ba38a87,,1790553
Kui Jiang,4b04338ace0331af97392029aca6cb6203da9411;50b0c71a317d450330a36dac8ed962da10022399,,51360637
Zhongyuan Wang,4b04338ace0331af97392029aca6cb6203da9411;50b0c71a317d450330a36dac8ed962da10022399,,38655501
Peng Yi,4b04338ace0331af97392029aca6cb6203da9411;50b0c71a317d450330a36dac8ed962da10022399,,145526138
Chen Chen,4b04338ace0331af97392029aca6cb6203da9411;50b0c71a317d450330a36dac8ed962da10022399,,2141809280
Zhen Han,4b04338ace0331af97392029aca6cb6203da9411,,144725609
T. Lu,4b04338ace0331af97392029aca6cb6203da9411,,144530671
Baojin Huang,4b04338ace0331af97392029aca6cb6203da9411,,1581795258
Junjun Jiang,4b04338ace0331af97392029aca6cb6203da9411,,1708439
Qili Chen,bbf6a608ca7ff1bf5543f8970b18a6eec56c3ffb,,1923607
Junfang Fan,bbf6a608ca7ff1bf5543f8970b18a6eec56c3ffb,,21100178
Wenbai Chen,bbf6a608ca7ff1bf5543f8970b18a6eec56c3ffb,,2624059
Jiangbo Lu,914e29068503742eb2407ec9fd651371dbe72dc0,,1715148
Bei Yu,914e29068503742eb2407ec9fd651371dbe72dc0,,2121417136
Pengliang Tang,3591c4040b5ea1fa27dc936621997fd53e6c8483,,9505602
Xiaoqiang Guo,3591c4040b5ea1fa27dc936621997fd53e6c8483,,150343737
Guodong Ju,3591c4040b5ea1fa27dc936621997fd53e6c8483;f71f45dd3ab3133495de23a06fdd58240694b227,,151485737
Liangheng Shen,3591c4040b5ea1fa27dc936621997fd53e6c8483,,151472426
Aidong Men,3591c4040b5ea1fa27dc936621997fd53e6c8483;f71f45dd3ab3133495de23a06fdd58240694b227,,1736046
Weihang Zhang,23964a91d992f67f7d3df9dbd5c32e7650cad357,,2108075709
Jin Gong,23964a91d992f67f7d3df9dbd5c32e7650cad357,,2108317342
Xin Yuan,23964a91d992f67f7d3df9dbd5c32e7650cad357,,2115844400
D. Brady,23964a91d992f67f7d3df9dbd5c32e7650cad357,,1741299
Qionghai Dai,23964a91d992f67f7d3df9dbd5c32e7650cad357,,144954808
Yufei Wang,4abede791129ff4eb42b91c9b1091c27f432114d,,2143696239
Renjie Wan,4abede791129ff4eb42b91c9b1091c27f432114d,,8306685
Haoliang Li,4abede791129ff4eb42b91c9b1091c27f432114d,,2310649374
M. Albahar,16dc3a506604dee601a1664c9c00ea6cac06e2e9,,11469407
Miao Li,5c4338b06355c7d83f74c7d91ae2c12db6e318b0;d5514a59d3721f15d161c26a284f629d8f37f0d5,,2143545067
Li Zhao,5c4338b06355c7d83f74c7d91ae2c12db6e318b0,,2157761799
Dongming Zhou,5c4338b06355c7d83f74c7d91ae2c12db6e318b0;d5514a59d3721f15d161c26a284f629d8f37f0d5,,3041495
Rencan Nie,5c4338b06355c7d83f74c7d91ae2c12db6e318b0;d5514a59d3721f15d161c26a284f629d8f37f0d5,,6019653
Yanyu Liu,5c4338b06355c7d83f74c7d91ae2c12db6e318b0;d5514a59d3721f15d161c26a284f629d8f37f0d5,,2108219360
Yixue Wei,5c4338b06355c7d83f74c7d91ae2c12db6e318b0,,2156252783
C. Anitha,321126c4eca954e45f5621a8ef652112f0c677f3,,2140036201
R. M. S. Kumar,321126c4eca954e45f5621a8ef652112f0c677f3,,2218120686
Zeyuan Chen,70a6caba2b7f22c24637b67409180bdaefed3b67,,5478513
Yifan Jiang,70a6caba2b7f22c24637b67409180bdaefed3b67,,
Dong Liu,70a6caba2b7f22c24637b67409180bdaefed3b67,,2152508413
Zhangyang Wang,70a6caba2b7f22c24637b67409180bdaefed3b67,,2969311
Ruowang Chang,7463f2040642f5e426eaf1749ac28503e138deb9;2ce4cca3303a1070909d7d6280296392eac2c12c,,2130582777
Qiong Song,7463f2040642f5e426eaf1749ac28503e138deb9,,40476980
Yuehuang Wang,7463f2040642f5e426eaf1749ac28503e138deb9;2ce4cca3303a1070909d7d6280296392eac2c12c,,102316900
Rizwan Qureshi,5e248e17a769c9eb491409e93d4f76f05972bb0b,,40702132
Mehmood Nawaz,5e248e17a769c9eb491409e93d4f76f05972bb0b,,38317000
Fengji Ma,593e2c7517fbf86c6b0bb0e73adcb383b77ea282,,2068197386
Haitao Li,593e2c7517fbf86c6b0bb0e73adcb383b77ea282,,2108590281
Zhongxuan Luo,cfb4160bab74b7d17d9cf5ae79387f00917dc8e4,,145865683
Cheng Cheng,adce6e69b9d71f75afe75d0912d05266176cbd6f,,2116394196
Jiang Hai,6901507cbaaa2fca80ac1ced76c40217a6850568,,2062987065
Zhu Xuan,6901507cbaaa2fca80ac1ced76c40217a6850568,,2055832379
Ren Yang,6901507cbaaa2fca80ac1ced76c40217a6850568,,46781563
Yutong Hao,6901507cbaaa2fca80ac1ced76c40217a6850568,,95694208
Fengzhu Zou,6901507cbaaa2fca80ac1ced76c40217a6850568,,2115474401
Fang-Ju Lin,6901507cbaaa2fca80ac1ced76c40217a6850568,,2113698470
Songchen Han,6901507cbaaa2fca80ac1ced76c40217a6850568,,2664450
Hangying Zhang,ad439243c402ca67ed07c747f32e63a26d9b7f12,,51240627
Liangcai Cao,ad439243c402ca67ed07c747f32e63a26d9b7f12,,2800947
Feng Yang,ad439243c402ca67ed07c747f32e63a26d9b7f12,,2115412215
H. Hou,e1e61b97a444d4039650eaa2a55e3da40deba40c,,2064684650
Yingkun Hou,e1e61b97a444d4039650eaa2a55e3da40deba40c,,1828559
Yuxuan Shi,e1e61b97a444d4039650eaa2a55e3da40deba40c,,1753219181
Benzheng Wei,e1e61b97a444d4039650eaa2a55e3da40deba40c,,39212924
Jun Xu,e1e61b97a444d4039650eaa2a55e3da40deba40c,,2150636112
Fan Zhang,7c0f1366b4cb803ef4ebad7ef665bfbee6e54ea2,,2153304421
Yu Li,7c0f1366b4cb803ef4ebad7ef665bfbee6e54ea2;68dec8d0c97827ce1a943152e6620b8e300d568e,,2116609876
Ying Fu,7c0f1366b4cb803ef4ebad7ef665bfbee6e54ea2;381c650d2c5cba76c28626e6e31cb2e55d4cf452,,143728560
Luming Liang,4b2e85ad840949335c432f65635740631c9b1209,,46225943
Ilya Zharkov,4b2e85ad840949335c432f65635740631c9b1209,,15623770
Faezeh Amjadi,4b2e85ad840949335c432f65635740631c9b1209,,31749007
Hamid Reza Vaezi Joze,4b2e85ad840949335c432f65635740631c9b1209,,3227254
V. Pradeep,4b2e85ad840949335c432f65635740631c9b1209,,3811436
J. Xiong,10ab15c5fd4e2d16df23cbb94567ab60b911c956,,3058286
Jian Wang,10ab15c5fd4e2d16df23cbb94567ab60b911c956,,2152766744
S. Nayar,10ab15c5fd4e2d16df23cbb94567ab60b911c956,,1750470
Peibei Cao,fc3246c125f0124eb2aa139e670e41c4d558e04b,,30621191
Zhangyang Wang,fc3246c125f0124eb2aa139e670e41c4d558e04b,,2156070723
Kede Ma,fc3246c125f0124eb2aa139e670e41c4d558e04b,,2233269
Shiba Kuanar,7b38b0b0231bc31e0564a9db00ba7c2adb2ba90d,,51256107
D. Mahapatra,7b38b0b0231bc31e0564a9db00ba7c2adb2ba90d,,143784265
V. Athitsos,7b38b0b0231bc31e0564a9db00ba7c2adb2ba90d,,1720747
Fellow Ieee K.R Rao,7b38b0b0231bc31e0564a9db00ba7c2adb2ba90d,,2265914637
Deepanshu Rana,d57c2d0d3ab6e8a3beec4e491277f3b587ea4ec8;a302e89ba5249bbc8afe7e09916ab8bca87cc961,,2058749502
Kanishk Jayant Lal,d57c2d0d3ab6e8a3beec4e491277f3b587ea4ec8;a302e89ba5249bbc8afe7e09916ab8bca87cc961,,2057095953
A. Parihar,d57c2d0d3ab6e8a3beec4e491277f3b587ea4ec8;a302e89ba5249bbc8afe7e09916ab8bca87cc961,,14456434
Yunliang Qi,89a01466201390a474d0c77b5b379a29396b951b;c3525c1bd93382585f9e82ce4fd0408108c7c72e,,9273627
Zhen Yang,89a01466201390a474d0c77b5b379a29396b951b;c3525c1bd93382585f9e82ce4fd0408108c7c72e,,2149232984
Wenhao Sun,89a01466201390a474d0c77b5b379a29396b951b,,145180813
Meng Lou,89a01466201390a474d0c77b5b379a29396b951b,,2263420682
Jing Lian,89a01466201390a474d0c77b5b379a29396b951b,,1561165594
Wenwei Zhao,89a01466201390a474d0c77b5b379a29396b951b,,2118226427
Xiangyu Deng,89a01466201390a474d0c77b5b379a29396b951b,,49077385
Yide Ma,89a01466201390a474d0c77b5b379a29396b951b;c3525c1bd93382585f9e82ce4fd0408108c7c72e,,1756244
Jun Jiang,22731d2a9fdb26684f04ad3864b21bf83dd5c03e;01968e2a0e7cf056ccf06ff6e18f6fc5105886b9,,2107975681
Mingg-Ming Cheng,22731d2a9fdb26684f04ad3864b21bf83dd5c03e;01968e2a0e7cf056ccf06ff6e18f6fc5105886b9,,1557350184
Jinwei Gu,22731d2a9fdb26684f04ad3864b21bf83dd5c03e;01968e2a0e7cf056ccf06ff6e18f6fc5105886b9,,143785523
Gouranga Mandal,18c41def7bdc96eadaff89f293104c592d879f70;e7a082f98edde5007db9f74908ea9ca0fa6ae078,,46172142
Diptendu Bhattacharya,18c41def7bdc96eadaff89f293104c592d879f70;e7a082f98edde5007db9f74908ea9ca0fa6ae078,,36513717
Parthasarathi De,18c41def7bdc96eadaff89f293104c592d879f70;e7a082f98edde5007db9f74908ea9ca0fa6ae078,,47409063
Rizwan Khan,0089ddc1aa4e63209595fbf59b0f7d4e3238db01,,2151235680
Qiong Liu,0089ddc1aa4e63209595fbf59b0f7d4e3238db01,,1794500
Jialie Shen,0089ddc1aa4e63209595fbf59b0f7d4e3238db01,,38203359
Bing Li,0089ddc1aa4e63209595fbf59b0f7d4e3238db01,,2156071808
Yingjie Jiao,1273093508b47eb854f358b740d3fea09a4b558c,,2149629629
Xiangtao Zheng,1273093508b47eb854f358b740d3fea09a4b558c,,2263014
Xiaoqiang Lu,1273093508b47eb854f358b740d3fea09a4b558c,,7828998
Zheng Wang,50b0c71a317d450330a36dac8ed962da10022399,,40072305
Xiao Wang,50b0c71a317d450330a36dac8ed962da10022399,,2118451533
Yansheng Qiu,50b0c71a317d450330a36dac8ed962da10022399,,2087352809
Chia-Wen Lin,50b0c71a317d450330a36dac8ed962da10022399,,46246806
Shidong Xie,d5514a59d3721f15d161c26a284f629d8f37f0d5,,2087648313
Shiqi Wang,078958642cc4e5fd915ca2dce3b9d5c14dd6df27,,
Yuming Fang,078958642cc4e5fd915ca2dce3b9d5c14dd6df27,,4639656
Y. Wanga,078958642cc4e5fd915ca2dce3b9d5c14dd6df27,,1397146654
Sheng Zhang,b95b2cff003beadd98019316c9526669e7ec8670,,2155924079
Tianxiao Cai,b95b2cff003beadd98019316c9526669e7ec8670,,2089564397
Yihang Chen,b95b2cff003beadd98019316c9526669e7ec8670,,2116614162
Wenbo Yang,95d6b205c7f40ffa1d27278214dea3078768e072,,2129467299
Zhouheng Ge,95d6b205c7f40ffa1d27278214dea3078768e072,,2130348717
Ryan Wen Liu,95d6b205c7f40ffa1d27278214dea3078768e072,,2364546752
Yadong Xu,55279c1d4b3a8bc557179e5aa41dfb2d60280b72,,72514806
Cheng Yang,55279c1d4b3a8bc557179e5aa41dfb2d60280b72,,2154169858
Beibei Sun,55279c1d4b3a8bc557179e5aa41dfb2d60280b72,,1878700707
Xiaoan Yan,55279c1d4b3a8bc557179e5aa41dfb2d60280b72,,120456578
Minglong Chen,55279c1d4b3a8bc557179e5aa41dfb2d60280b72,,2107982035
Ming Xu,92b21e2e940564e1e8f088d81b8a878c29d31ce7,,2152759762
Hongping Li,92b21e2e940564e1e8f088d81b8a878c29d31ce7,,2256306950
Jian Chen,92b21e2e940564e1e8f088d81b8a878c29d31ce7,,2155523973
Lingyu Yan,9068ed5080657594e2ebe7db0fffbcdc33d9890b,,3281646
Jia-Run Fu,9068ed5080657594e2ebe7db0fffbcdc33d9890b,,134161039
Chunzhi Wang,9068ed5080657594e2ebe7db0fffbcdc33d9890b,,1824201
Z. Ye,9068ed5080657594e2ebe7db0fffbcdc33d9890b,,2082775
Hongwe Chen,9068ed5080657594e2ebe7db0fffbcdc33d9890b,,1390823158
H. Ling,9068ed5080657594e2ebe7db0fffbcdc33d9890b,,144125487
Dejia Xu,ef11f84c6cce12bbce40d7a49643f8cf4c0511f8,,1575684088
Minhao Fan,ef11f84c6cce12bbce40d7a49643f8cf4c0511f8;d86d02b7e1bfebfa0155d7960c81bce17953d2c5,,1993384690
Li-Wen Wang,b27cf66a5b0f08a6822e2c22f33768a823359134;c7808b1bf495d7104258fbcbf3e26cc0bfcf8628,,1837949044
W. Siu,b27cf66a5b0f08a6822e2c22f33768a823359134;c7808b1bf495d7104258fbcbf3e26cc0bfcf8628,,144250750
Zhi-Song Liu,b27cf66a5b0f08a6822e2c22f33768a823359134;c7808b1bf495d7104258fbcbf3e26cc0bfcf8628,,3382725
Chu-Tak Li,b27cf66a5b0f08a6822e2c22f33768a823359134,,153228223
D. Lun,b27cf66a5b0f08a6822e2c22f33768a823359134;c7808b1bf495d7104258fbcbf3e26cc0bfcf8628,,1731962
Xiaomei Feng,71761f84fc683fbff8b0ab9c0496c67960c7b9d8,,2149115937
Fan Zhang,71761f84fc683fbff8b0ab9c0496c67960c7b9d8,,2153307863
Minglu Zhang,24f4a32cd5fe4fd6102521ac15601a013e118330,,2215383412
Yan Zhang,24f4a32cd5fe4fd6102521ac15601a013e118330,,2152819929
Zhihong Jiang,24f4a32cd5fe4fd6102521ac15601a013e118330,,144703692
Xiaoling Lv,24f4a32cd5fe4fd6102521ac15601a013e118330,,50085385
Ce Guo,24f4a32cd5fe4fd6102521ac15601a013e118330,,2109933827
Linshu Hu,b1cc558ad16cea03925ad44d3bbecad2b372f91e,,1576126786
Mengjiao Qin,b1cc558ad16cea03925ad44d3bbecad2b372f91e,,10800912
Feng Zhang,b1cc558ad16cea03925ad44d3bbecad2b372f91e,,2158118770
Zhenhong Du,b1cc558ad16cea03925ad44d3bbecad2b372f91e,,3223068
Ren-yi Liu,b1cc558ad16cea03925ad44d3bbecad2b372f91e,,50268261
Yangyang Qu,c8c80e1ca3a216443956a1592c8ec4c41fbb65b6;f15eefe3d76c6b35eed9700101281fd53d955f78,,1490774329
Kai Chen,c8c80e1ca3a216443956a1592c8ec4c41fbb65b6,,
Chao Liu,c8c80e1ca3a216443956a1592c8ec4c41fbb65b6;f15eefe3d76c6b35eed9700101281fd53d955f78,,2152505971
Y. Ou,c8c80e1ca3a216443956a1592c8ec4c41fbb65b6;f15eefe3d76c6b35eed9700101281fd53d955f78,,144897720
Nelson Chong Ngee Bow,e9fdd987df2fd005fa975c1f8c9f6d5119a914c3,,1644833955
Vu-Hoang Tran,e9fdd987df2fd005fa975c1f8c9f6d5119a914c3,,66170693
Punchok Kerdsiri,e9fdd987df2fd005fa975c1f8c9f6d5119a914c3,,2044360149
Ching-Chun Huang,e9fdd987df2fd005fa975c1f8c9f6d5119a914c3,,2110522996
M. Lecca,f20896b018c60830042dd59e5008b1ec90a35ea9;be9ec74bf7c3ccc23515ecb56bafc0377d19b81d;49205da89cb0d20af43841a125bb66cbaedbd94c;26964822b72aa9ee361bb77b1c5eb0ae95e95e93,,2558075
A. Torresani,f20896b018c60830042dd59e5008b1ec90a35ea9,,114629786
Fabio Remondino,f20896b018c60830042dd59e5008b1ec90a35ea9,,2515916
Peizheng Li,6895c7626c3f35a0df209d07300bdfe6092589f4,,9524051
Caofei Luo,6895c7626c3f35a0df209d07300bdfe6092589f4,,2109613421
Fumin Wu,6895c7626c3f35a0df209d07300bdfe6092589f4,,2257430477
Jianan Zheng,6895c7626c3f35a0df209d07300bdfe6092589f4,,2118456149
Sainan Ma,6895c7626c3f35a0df209d07300bdfe6092589f4,,16697757
Youya Xia,34330fa3bc18b70c2db67c6084b73832d979cb83,,51427799
Yifan Tang,34330fa3bc18b70c2db67c6084b73832d979cb83,,2115421242
Yuhan Hu,34330fa3bc18b70c2db67c6084b73832d979cb83,,49994805
Guy Hoffman,34330fa3bc18b70c2db67c6084b73832d979cb83,,145666784
Qian Gao,d548c202e5187773e16552ffcb185cdda95d4681,,2087604988
Pengyu Liu,d548c202e5187773e16552ffcb185cdda95d4681,,2127218
Shanji Chen,d548c202e5187773e16552ffcb185cdda95d4681,,2144336292
K. Jia,d548c202e5187773e16552ffcb185cdda95d4681,,2027757
M. Asif,76e3a73e4829bf30042c879091cd2228720eb8ab,,2102543426
Lei Chen,76e3a73e4829bf30042c879091cd2228720eb8ab,,40342912
Hong Song,76e3a73e4829bf30042c879091cd2228720eb8ab,,144569490
Jian Yang,76e3a73e4829bf30042c879091cd2228720eb8ab,,13524601
Alejandro F Frangi,76e3a73e4829bf30042c879091cd2228720eb8ab,,1681129
Wenjing Wang,d86d02b7e1bfebfa0155d7960c81bce17953d2c5,,49337008
Bo-Si Feng,031a98f672593c33f62121b1ec4e5e49f5edf525,,9568987
Xuejin Gao,031a98f672593c33f62121b1ec4e5e49f5edf525,,2139136409
Yonghuai Liu,e982634bc96c870390198b7bca7b7834f4518e1d,,152891407
Jun Cheng,e982634bc96c870390198b7bca7b7834f4518e1d,,50995454
Yalin Zheng,e982634bc96c870390198b7bca7b7834f4518e1d,,1696306
Morteza Ghahremani,e982634bc96c870390198b7bca7b7834f4518e1d,,1522002795
Honghan Chen,e982634bc96c870390198b7bca7b7834f4518e1d,,2108476156
Jiang Liu,e982634bc96c870390198b7bca7b7834f4518e1d,,38620434
Ionut Mironica,7b187d09619571b68551feb9246f312b78747676,,1759152
Xuyang Han,291f85f8f93d4378c92a239ad3716d3b1b2eee7f,,48506198
Youming Zhang,291f85f8f93d4378c92a239ad3716d3b1b2eee7f,,2142599008
Lei Xu,291f85f8f93d4378c92a239ad3716d3b1b2eee7f,,2112281536
Antyanta Bangunharcana,1fe8a4f2b542d9f9a0c0eb68821aa400910660cc,,1922394497
Dokyeong Kwon,0cd6395bafc71a0273d6a9e379296d25afdf9b37,,2052326441
Guisik Kim,0cd6395bafc71a0273d6a9e379296d25afdf9b37,,9758954
Junseok Kwon,0cd6395bafc71a0273d6a9e379296d25afdf9b37,,31158891
Meifang Yang,5746980ffaa72c237a9f54fc4f4c5cc67200ce1f;f3f73da45cf960fa3fc1174ac410e5b99bbe112f,,1443734899
K. Chui,5746980ffaa72c237a9f54fc4f4c5cc67200ce1f,,2057073046
K. Chui,f3f73da45cf960fa3fc1174ac410e5b99bbe112f,,1977592
Danai Triantafyllidou,7546b0ec52a6ee1e4260a8124c8a2afec214d427,,7172565
S. Moran,7546b0ec52a6ee1e4260a8124c8a2afec214d427,,47852085
Steven G. McDonagh,7546b0ec52a6ee1e4260a8124c8a2afec214d427,,40513205
Sarah Parisot,7546b0ec52a6ee1e4260a8124c8a2afec214d427,,3349497
G. Slabaugh,7546b0ec52a6ee1e4260a8124c8a2afec214d427,,7622560
Xin Ding,38972b708e114552a6d3a9edd151a3d12c1483cb,,1720691712
R. Hu,38972b708e114552a6d3a9edd151a3d12c1483cb,,144328091
Anqi Zhu,4233c268034f8b409cb5f77794b6ab2b3486a226,,2054793691
Lin Zhang,4233c268034f8b409cb5f77794b6ab2b3486a226,,2143834929
Ying Shen,4233c268034f8b409cb5f77794b6ab2b3486a226,,143822680
Yong Ma,4233c268034f8b409cb5f77794b6ab2b3486a226,,2122482757
Shengjie Zhao,4233c268034f8b409cb5f77794b6ab2b3486a226,,47601434
Yicong Zhou,4233c268034f8b409cb5f77794b6ab2b3486a226,,3049217
Ahmet Serdar Karadeniz,43c09a9d8a631942371c998eaf606294275bccc8;32d8dd63e74c1f6740a5a6bd37ba8b994e635ea1,,1486490787
Aykut Erdem,43c09a9d8a631942371c998eaf606294275bccc8;32d8dd63e74c1f6740a5a6bd37ba8b994e635ea1,,14364286
Feifan Lv,9342a3f3328419a3574ac665d0cf9d264a7f52b5;75ba306e914aad8f82b27b66ebaacec146e19518;68dec8d0c97827ce1a943152e6620b8e300d568e;3151ee4de6bf67ccba9b29565053720113ffaa85;1ad1af40d52fbdb5ae9d3972d87e8ddb98618734,,51290122
Bo Liu,9342a3f3328419a3574ac665d0cf9d264a7f52b5,,
Christos Sakaridis,74f38e6667f52e6104ca65f51fe535df3e0c03ac;5e4bc76fb2a00151e43aee7fd2f49ef527486634,,7593607
Dengxin Dai,74f38e6667f52e6104ca65f51fe535df3e0c03ac;5e4bc76fb2a00151e43aee7fd2f49ef527486634,,1778526
L. Van Gool,74f38e6667f52e6104ca65f51fe535df3e0c03ac,,134339866
Ziyi Shen,6fcccca02671b9e4bd6a832bb8fec49c0da55979;b7eedc4671785072a0b444a5bb85ff8fa1ed50a6,,2182388
H. Fu,6fcccca02671b9e4bd6a832bb8fec49c0da55979;b7eedc4671785072a0b444a5bb85ff8fa1ed50a6,,1929093
Jianbing Shen,6fcccca02671b9e4bd6a832bb8fec49c0da55979;b7eedc4671785072a0b444a5bb85ff8fa1ed50a6,,145953515
Ling Shao,6fcccca02671b9e4bd6a832bb8fec49c0da55979;b7eedc4671785072a0b444a5bb85ff8fa1ed50a6,,144082425
Wencheng Wang,09118b44e9fdb94e8768b5ae139c1c9a4576d0de,,2120372506
Xiaojin Wu,09118b44e9fdb94e8768b5ae139c1c9a4576d0de;b8948521dad7213cc82178c1c1eb0b07335efbfd,,50171677
Xiaohui Yuan,09118b44e9fdb94e8768b5ae139c1c9a4576d0de,,2115844515
Zairui Gao,09118b44e9fdb94e8768b5ae139c1c9a4576d0de,,2913158
Sunita Sahu,a3989ae2dec26e111845943605b35a25fa910246,,25617146
Nirav Motwani,a3989ae2dec26e111845943605b35a25fa910246,,1753741419
Aakanksha Talreja,a3989ae2dec26e111845943605b35a25fa910246,,1753741417
Naman Varyomalani,a3989ae2dec26e111845943605b35a25fa910246,,1753739110
Kunal Kundnani,a3989ae2dec26e111845943605b35a25fa910246,,1753739100
M. Iqbal,f734658a32e3604041cd2d203c7606bcec343806,,1860890327
S. Ali,f734658a32e3604041cd2d203c7606bcec343806,,2197444
M. Riaz,f734658a32e3604041cd2d203c7606bcec343806,,33485006
A. Ghafoor,f734658a32e3604041cd2d203c7606bcec343806,,93065262
Attiq Ahmad,f734658a32e3604041cd2d203c7606bcec343806,,9438679
Wei Huang,09a1b81906d6aabc19180d2b983ec96c7e20a8e4,,2152491604
Yifeng Zhu,09a1b81906d6aabc19180d2b983ec96c7e20a8e4,,1390861158
Rui Huang,09a1b81906d6aabc19180d2b983ec96c7e20a8e4,,2140385915
Yifei Pu,874f1251353f98bd096cade10848c82907aaa1f9;8ce6045cde0169f35c256b003424ab364bcc3e3e,,7805040
Samad Wali,874f1251353f98bd096cade10848c82907aaa1f9;8ce6045cde0169f35c256b003424ab364bcc3e3e,,104452537
Yicheng Li,75ba306e914aad8f82b27b66ebaacec146e19518,,2155180560
Minfeng Zhu,cc8826c93dffe1e0118cbe7e04dc8fb243afe001,,145314938
Pingbo Pan,cc8826c93dffe1e0118cbe7e04dc8fb243afe001,,1991108
Wei Chen,cc8826c93dffe1e0118cbe7e04dc8fb243afe001,,2283009
Yi Yang,cc8826c93dffe1e0118cbe7e04dc8fb243afe001,,2143686040
Wengang Cheng,e8b471623a666bf77e303896424f29a62a31e50f,,3073008
Caiyun Guo,e8b471623a666bf77e303896424f29a62a31e50f,,2109795159
Haitao Hu,e8b471623a666bf77e303896424f29a62a31e50f,,47864619
Yousef Atoum,c41aacb6a0b5f6b501dbaf20e2cbea380c427ad9,,2447931
Mao Ye,c41aacb6a0b5f6b501dbaf20e2cbea380c427ad9,,144560364
Liu Ren,c41aacb6a0b5f6b501dbaf20e2cbea380c427ad9,,145645852
Ying Tai,c41aacb6a0b5f6b501dbaf20e2cbea380c427ad9,,144970872
Xiaoming Liu,c41aacb6a0b5f6b501dbaf20e2cbea380c427ad9,,2108960018
Yixin Xiang,381c650d2c5cba76c28626e6e31cb2e55d4cf452,,2147246448
Lei Zhang,381c650d2c5cba76c28626e6e31cb2e55d4cf452,,2152827674
Hua Huang,381c650d2c5cba76c28626e6e31cb2e55d4cf452,,143814264
Yukun Huang,3d402f1ef2185695a33ca0a6cc21985f4dea4b3e,,
Zhengjun Zha,3d402f1ef2185695a33ca0a6cc21985f4dea4b3e,,143962510
Xueyang Fu,3d402f1ef2185695a33ca0a6cc21985f4dea4b3e;db295b4bd1ef52f2664ea225d4eee4cf87542aad;dd6c5e1e8e1bbb47a8abc93813f5588ad3275400,,3061449
Wei Zhang,3d402f1ef2185695a33ca0a6cc21985f4dea4b3e,,
Chen Chen,c46503888ad5838ec044f9ca0cf8616d94e43c91,,
Qifeng Chen,c46503888ad5838ec044f9ca0cf8616d94e43c91,,143832240
M. Do,c46503888ad5838ec044f9ca0cf8616d94e43c91,,1834451
V. Koltun,c46503888ad5838ec044f9ca0cf8616d94e43c91,,145231047
Lei Wang,f71f45dd3ab3133495de23a06fdd58240694b227,,2152504244
Guangtao Fu,f71f45dd3ab3133495de23a06fdd58240694b227,,152329766
Zhuqing Jiang,f71f45dd3ab3133495de23a06fdd58240694b227,,3334296
L. Gool,5e4bc76fb2a00151e43aee7fd2f49ef527486634,,1681236
Rawan I. Zaghloul,1b22dc72a185489c26b940d97a8a1e70046c6347,,39515587
H. Hiary,1b22dc72a185489c26b940d97a8a1e70046c6347,,2833822
Neetu Mittal,765cb21b150a6ce44cd68a3d63a0cb27a754a531,,2281348097
Zishu Yao,151f27d2468e4c1e864179e00110409aa8a17086,,2279605523
Xiang-Xiang Su,151f27d2468e4c1e864179e00110409aa8a17086,,2217865111
Shengning Zhou,151f27d2468e4c1e864179e00110409aa8a17086,,2338975548
Guangyu Zhu,151f27d2468e4c1e864179e00110409aa8a17086,,2114036784
Guodong Fan,151f27d2468e4c1e864179e00110409aa8a17086,,2298760903
Jing Chen,151f27d2468e4c1e864179e00110409aa8a17086,,2266734868
Taewon Park,02e7e508eed1f8f7c29e01a9186d8a21a68c1c45,,2071934705
Mingliang Zhou,4cadf40ef9a0feb0ff04d952fc0feca6fcaabd20,,2269261255
王蔓菁 Wang Manjing,bf44eccefca3018b155bd446d3d927d3e380860e,,2430904868
徐锋 Xu Feng,bf44eccefca3018b155bd446d3d927d3e380860e,,2128105503
刘满禄 Liu Manlu,bf44eccefca3018b155bd446d3d927d3e380860e,,2430906737
Peng Peng,a92e237f4ac5abf368880edfbb7a43605bfe59a9,,2072676837
Xiaohua Wang,a92e237f4ac5abf368880edfbb7a43605bfe59a9,,2109072867
Sukai Xiong,a92e237f4ac5abf368880edfbb7a43605bfe59a9,,2437589381
Yuanshuai Yao,a92e237f4ac5abf368880edfbb7a43605bfe59a9,,2437919306
Xiaoyu Fan,a92e237f4ac5abf368880edfbb7a43605bfe59a9,,2117802276
Jiacheng Qi,a92e237f4ac5abf368880edfbb7a43605bfe59a9,,2381078975
Dingnan Zhang,b63ccd32c80e397d699181c8fea2db797e5e133c,,1628910029
Enqi Yue,b63ccd32c80e397d699181c8fea2db797e5e133c,,2429596107
Boyang Liu,b63ccd32c80e397d699181c8fea2db797e5e133c,,2156643027
Dongsheng Wu,b63ccd32c80e397d699181c8fea2db797e5e133c,,2398753821
Xipeng Pan,9c3b52669616cbd41e2932ab384d741130d8276c,,2269767787
Rushi Lan,9c3b52669616cbd41e2932ab384d741130d8276c,,122211566
Xianming Liu,7265909b89a644cc5e8358199d2f3b9ab88bf01f,,2330970874
Xinzhe Wang,7265909b89a644cc5e8358199d2f3b9ab88bf01f,,2324669721
Wenkai Zhang,7265909b89a644cc5e8358199d2f3b9ab88bf01f,,2306076894
Hao Zhang,7265909b89a644cc5e8358199d2f3b9ab88bf01f,,2310367327
Xiaoyu Guo,7265909b89a644cc5e8358199d2f3b9ab88bf01f,,2310332664
Shuiwang Li,7265909b89a644cc5e8358199d2f3b9ab88bf01f,,2335423467
郭泰龙 Guo Tailong,243fadf15a6c0132ba271547cab121cf685cde2a,,2349035994
蔡怀宇 Cai Huaiyu,243fadf15a6c0132ba271547cab121cf685cde2a,,2127880050
汪. Wang Yi,243fadf15a6c0132ba271547cab121cf685cde2a,,2128264902
陈晓冬 Chen Xiaodong,243fadf15a6c0132ba271547cab121cf685cde2a,,2127906353
朱天鑫 Zhu Tianxin,61c22db16057e89730abec8ae94f75549354b6d1,,2350701904
陈春梅 Chen Chunmei,61c22db16057e89730abec8ae94f75549354b6d1,,2269581630
刘桂华 Liu Guihua,61c22db16057e89730abec8ae94f75549354b6d1,,2133655828
袁玲玲 Yuan Lingling,61c22db16057e89730abec8ae94f75549354b6d1,,2341063811
张宇寒 Zhang Yuhan,61c22db16057e89730abec8ae94f75549354b6d1,,2261859258
Jiahao Lin,fed62a4f250fbda97d875636fec49d4178ccb9f5,,2346892660
Kaiqiang Chen,fed62a4f250fbda97d875636fec49d4178ccb9f5,,2266798493
Wenhao Huang,fed62a4f250fbda97d875636fec49d4178ccb9f5,,2267127994
Zixuan Wang,fed62a4f250fbda97d875636fec49d4178ccb9f5,,2266724069
Yuanlong Deng,fed62a4f250fbda97d875636fec49d4178ccb9f5,,2302333100
Wenhao Cai,410c93f92fd20d4f75bc5e0fc255e95d2fcfe54f,,2317975996
Yajun Chen,410c93f92fd20d4f75bc5e0fc255e95d2fcfe54f,,2206429769
Xiaoyang Qiu,410c93f92fd20d4f75bc5e0fc255e95d2fcfe54f,,2303328405
Meiqi Niu,410c93f92fd20d4f75bc5e0fc255e95d2fcfe54f,,2317234452
Jianying Li,410c93f92fd20d4f75bc5e0fc255e95d2fcfe54f,,2317850232
Yunyi Gao,711fe34e0315f056923b2330f3b96b4c4a7a630b,,2330756563
Qiankun Liu,711fe34e0315f056923b2330f3b96b4c4a7a630b,,2237954356
Lin Gu,711fe34e0315f056923b2330f3b96b4c4a7a630b,,2290494499
Ying Fu,711fe34e0315f056923b2330f3b96b4c4a7a630b,,2262425671
Bin Wang,a660944549b2bfe9d356bf1a308aa4ac5f0cfd4c,,2152592769
Bin Zhang,a660944549b2bfe9d356bf1a308aa4ac5f0cfd4c,,2294748546
Jinfang Sheng,a660944549b2bfe9d356bf1a308aa4ac5f0cfd4c,,1710094
Tirui Wu,445378399762e7a875d332cf2a00689c36421ec4,,2285003251
M. Glavin,445378399762e7a875d332cf2a00689c36421ec4,,145906580
Edward Jones,445378399762e7a875d332cf2a00689c36421ec4,,1406238784
Jianjun He,79d25dd033c115234398271c98071e89e3bda9bb,,2153095348
Xiao Ji,79d25dd033c115234398271c98071e89e3bda9bb,,2371296151
Zhipeng Chen,79d25dd033c115234398271c98071e89e3bda9bb,,2111334817
Ling Shen,79d25dd033c115234398271c98071e89e3bda9bb,,2121271792
Weihua Gui,79d25dd033c115234398271c98071e89e3bda9bb,,2289227147
Hao Zhang,273a4bd1822fea523aeeb50846a506940149e2de,,2376113450
Lin Gao,273a4bd1822fea523aeeb50846a506940149e2de,,2296291358
Yuxiang Gong,273a4bd1822fea523aeeb50846a506940149e2de,,2376102064
Huaguo Liu,273a4bd1822fea523aeeb50846a506940149e2de,,2375446485
Yongdan Zhu,273a4bd1822fea523aeeb50846a506940149e2de,,2345685040
Yu Yang,273a4bd1822fea523aeeb50846a506940149e2de,,2296392822
Jingyu Ji,f701537a202e1891039b37fe920b3b33902b8876,,2310303430
Yuefei Zhao,f701537a202e1891039b37fe920b3b33902b8876,,2335441251
YuHua Zhang,f701537a202e1891039b37fe920b3b33902b8876,,2334661037
Xiaotong Zuo,f701537a202e1891039b37fe920b3b33902b8876,,2346158854
Changlong Wang,f701537a202e1891039b37fe920b3b33902b8876,,2361331404
Fengming Shi,f701537a202e1891039b37fe920b3b33902b8876,,2312441953
Ruoyu Guo,ddd2b809f65e61c604eb5cce287219b153593127,,2262091394
M. Pagnucco,ddd2b809f65e61c604eb5cce287219b153593127,,1783801
Yang Song,ddd2b809f65e61c604eb5cce287219b153593127,,2328578455
Tianqiang Li,0e9dc712f8fd8ba21dd477bc53ab3f8653a2ec39,,2118911249
Tian Guo,0e9dc712f8fd8ba21dd477bc53ab3f8653a2ec39,,2313902604
Deliang Xiang,0e9dc712f8fd8ba21dd477bc53ab3f8653a2ec39,,2345016090
Jun Young Park,016675a7392f901a4615b6aef73703b96d03b35f,,2393113721
Qiuyuan Ling,33bb0e657ea541c640144a2dc726e2a1009576c0,,2345248129
Xiaoyi Zhang,33bb0e657ea541c640144a2dc726e2a1009576c0,,2325705053
Zifeng Liang,33bb0e657ea541c640144a2dc726e2a1009576c0,,2448675408
Guang-liang Xie,33bb0e657ea541c640144a2dc726e2a1009576c0,,30949123
Zhou Liu,33bb0e657ea541c640144a2dc726e2a1009576c0,,2375380658
Wenshuai Yu,33bb0e657ea541c640144a2dc726e2a1009576c0,,2173520942
Xinqiang Chen,ce3b6388ce3f797c03d1aec7d5738cfaa410376f,,2396957101
Rui Yang,ce3b6388ce3f797c03d1aec7d5738cfaa410376f,,2279292987
Yang Sun,ce3b6388ce3f797c03d1aec7d5738cfaa410376f,,2302741361
Zichuang Wang,ce3b6388ce3f797c03d1aec7d5738cfaa410376f,,2159772398
Han Zhang,ce3b6388ce3f797c03d1aec7d5738cfaa410376f,,2364724004
O. Postolache,ce3b6388ce3f797c03d1aec7d5738cfaa410376f,,2396881452
Zixin Zhang,8499ad0e3d4a00ec9d8e58756fa90db5f148a028,,2363532169
Lutao Jiang,8499ad0e3d4a00ec9d8e58756fa90db5f148a028,,2373575157
Zeyu Wang,8499ad0e3d4a00ec9d8e58756fa90db5f148a028,,2280954258
Yingcong Chen,8499ad0e3d4a00ec9d8e58756fa90db5f148a028,,2296217926
Yohan Park,59a4c7b1ebad7749018ff6a4b685e5fac161d3f2,,2145069660
Xuejin Wang,22d65d9f9a43c9ef709bd800c6039e28ab45b1a5,,2108018987
Leilei Huang,22d65d9f9a43c9ef709bd800c6039e28ab45b1a5,,2297995497
Hangwei Chen,22d65d9f9a43c9ef709bd800c6039e28ab45b1a5;1fad5d24594230050df5375849b1fb6b82ac5fc2,,2145252631
Shaowei Weng,22d65d9f9a43c9ef709bd800c6039e28ab45b1a5,,2238663706
P. Shi,9aae66ff80d406c7ce310ddccb12e662644838ca,,2055356924
Xiwang Xu,9aae66ff80d406c7ce310ddccb12e662644838ca,,2292455147
Xinnan Fan,9aae66ff80d406c7ce310ddccb12e662644838ca,,2260779834
Xudong Yang,9aae66ff80d406c7ce310ddccb12e662644838ca,,2265828798
Yuanxue Xin,9aae66ff80d406c7ce310ddccb12e662644838ca,,23145231
Xingzheng Wang,0c1b87fa620a599458bf23ccfe7851cbf3fd39d9,,48631703
Kaiqiang Chen,0c1b87fa620a599458bf23ccfe7851cbf3fd39d9,,2118441715
Zixuan Wang,0c1b87fa620a599458bf23ccfe7851cbf3fd39d9,,2108400883
Wenhao Huang,0c1b87fa620a599458bf23ccfe7851cbf3fd39d9,,2158102842
Jiangli Shi,1fad5d24594230050df5375849b1fb6b82ac5fc2,,48377179
Feng Shao,1fad5d24594230050df5375849b1fb6b82ac5fc2,,2065221266
Chongzhen Tian,1fad5d24594230050df5375849b1fb6b82ac5fc2,,2149508465
Long Xu,1fad5d24594230050df5375849b1fb6b82ac5fc2,,2164656999
Yo-Sung Ho,1fad5d24594230050df5375849b1fb6b82ac5fc2,,143949085
Bo Li,9eef368b54747ce95fd48fe48a3e20bbeb4a5379,,2246445422
Dongjie Ye,3e2329282ea1ecc099c79480f125b569257a0906;c5d34758d3e2b9d3a1f222cba5b661ab072035e2,,32198004
Hanli Wang,3e2329282ea1ecc099c79480f125b569257a0906,,2774427
S. Kwong,3e2329282ea1ecc099c79480f125b569257a0906;c5d34758d3e2b9d3a1f222cba5b661ab072035e2;2a728d6370f5f229900e963c0d0880caaea4d760,,121840359
Rongfeng Zhou,84dc31e2d95c79443c5450a91966b6520330c9d7,,2260619255
Ping Li,84dc31e2d95c79443c5450a91966b6520330c9d7,,2267107644
Qing Lin,84dc31e2d95c79443c5450a91966b6520330c9d7,,2168343890
郭泓达 Guo Hongda,1de0934b46b325c85edf5f39fbbb1812b1b52815,,2301963474
董秀成 Dong Xiucheng,1de0934b46b325c85edf5f39fbbb1812b1b52815,,2133744109
郑永康 Zheng Yongkang,1de0934b46b325c85edf5f39fbbb1812b1b52815,,2301963644
雎雅玲 Ju Yaling,1de0934b46b325c85edf5f39fbbb1812b1b52815,,2301956088
张党成 Zhang Dangcheng,1de0934b46b325c85edf5f39fbbb1812b1b52815,,2301955966
Kun Zhou,f6107ba59dba91db16237465bf23a261c7889392,,2241255648
Hujun Bao,f6107ba59dba91db16237465bf23a261c7889392,,2286797568
Fengqi Zhang,8c866fdcaa8e3a722070fabc1966c4eb024fae9b,,2290062612
Weifeng Hao,8c866fdcaa8e3a722070fabc1966c4eb024fae9b,,2257954158
Yihao Chen,8c866fdcaa8e3a722070fabc1966c4eb024fae9b,,2271803346
Fei Li,8c866fdcaa8e3a722070fabc1966c4eb024fae9b,,2262197600
Mao Ye,8c866fdcaa8e3a722070fabc1966c4eb024fae9b,,2294040469
Jun Zhu,f50da5f831fd27184f76f63fcbaa3b7cdd46b56c,,2314684639
Fenglian Liu,f50da5f831fd27184f76f63fcbaa3b7cdd46b56c,,2306428730
Zhihang Xue,f50da5f831fd27184f76f63fcbaa3b7cdd46b56c,,2314391945
Wenwei Luo,f50da5f831fd27184f76f63fcbaa3b7cdd46b56c,,2268650985
Haoran Peng,f50da5f831fd27184f76f63fcbaa3b7cdd46b56c,,2314564261
Jun He,f50da5f831fd27184f76f63fcbaa3b7cdd46b56c,,2118174970
Zhengzheng Fu,f50da5f831fd27184f76f63fcbaa3b7cdd46b56c,,2313574285
Donghui Luo,f50da5f831fd27184f76f63fcbaa3b7cdd46b56c,,2313522994
Minh-Thien Duong,2a41ae1cb4df0c6c729c34407538289aa2de20b0;88b68350c2c9371dc791f8f7437370a58b64058f,,2268101537
Seongsoo Lee,2a41ae1cb4df0c6c729c34407538289aa2de20b0;88b68350c2c9371dc791f8f7437370a58b64058f,,2268174606
Min-Cheol Hong,2a41ae1cb4df0c6c729c34407538289aa2de20b0;88b68350c2c9371dc791f8f7437370a58b64058f,,2268097214
Saigopal Vasudevan,be9ec74bf7c3ccc23515ecb56bafc0377d19b81d,,2152393693
Mohamed Lamine Mekhalfi,be9ec74bf7c3ccc23515ecb56bafc0377d19b81d,,2327240591
C. Blanes,be9ec74bf7c3ccc23515ecb56bafc0377d19b81d,,3373930
F. Poiesi,be9ec74bf7c3ccc23515ecb56bafc0377d19b81d,,2247819406
Paul Ian Chippendale,be9ec74bf7c3ccc23515ecb56bafc0377d19b81d,,2327240632
Pablo Malvido Fresnillo,be9ec74bf7c3ccc23515ecb56bafc0377d19b81d,,2258131982
W. Mohammed,be9ec74bf7c3ccc23515ecb56bafc0377d19b81d,,2161838
J. M. Martinez Lastra,be9ec74bf7c3ccc23515ecb56bafc0377d19b81d,,2678886
Rui Xu,29edde4a44f733ea1c5fa7b9940b4e1a99d3934e,,2258303211
Yuezhou Li,29edde4a44f733ea1c5fa7b9940b4e1a99d3934e,,2049029951
Yuzhen Niu,29edde4a44f733ea1c5fa7b9940b4e1a99d3934e,,2056577475
Huangbiao Xu,29edde4a44f733ea1c5fa7b9940b4e1a99d3934e,,2306438622
Yuzhong Chen,29edde4a44f733ea1c5fa7b9940b4e1a99d3934e,,2297422420
Tiesong Zhao,29edde4a44f733ea1c5fa7b9940b4e1a99d3934e,,2153707464
Li Ziwei,42a560d634f3e388b1f6b7c617dcef6cc67625e3,,2319330034
Jinlong Liu,42a560d634f3e388b1f6b7c617dcef6cc67625e3,,2395985209
Huizhen Yang,42a560d634f3e388b1f6b7c617dcef6cc67625e3,,2268176945
Zhiguang Zhang,42a560d634f3e388b1f6b7c617dcef6cc67625e3,,2268540237
Zhaorun Zhou,6507196db1bf5c947c2971c7d55d6130839e45e8,,1720842659
Zhenghao Shi,6507196db1bf5c947c2971c7d55d6130839e45e8;64741709b904bcf90da8c9676b94820edb6bbd3b,,2853312
Wenqi Ren,6507196db1bf5c947c2971c7d55d6130839e45e8;64741709b904bcf90da8c9676b94820edb6bbd3b,,144850642
Xiaofeng Liu,e810e493b96bc9c2fb4f40bba568ac2e5235197e,,2257345982
Ziyu Yue,e810e493b96bc9c2fb4f40bba568ac2e5235197e,,2238954073
Ryan Wen Liu,cc3b299ea3cca09f0dc20f8157a1bcecc18e464a,,2202013693
Wenqi Ren,cc3b299ea3cca09f0dc20f8157a1bcecc18e464a,,2053308882
Te Li,68e372d65bc3105e6d70c2a36af289d074823a65,,2108970410
Zelin Pei,68e372d65bc3105e6d70c2a36af289d074823a65,,122304658
Xingjian Liu,68e372d65bc3105e6d70c2a36af289d074823a65,,1959234894
Ruhan Nie,68e372d65bc3105e6d70c2a36af289d074823a65,,2220461645
Xu Li,68e372d65bc3105e6d70c2a36af289d074823a65,,2116328427
Yongqing Wang,68e372d65bc3105e6d70c2a36af289d074823a65,,2143454216
Manyu Wang,64741709b904bcf90da8c9676b94820edb6bbd3b,,2229740188
Mingjie Xu,1ad1af40d52fbdb5ae9d3972d87e8ddb98618734,,2153557696
Chaoqun Zhuang,1ad1af40d52fbdb5ae9d3972d87e8ddb98618734,,2279568373
Feng Lu,1ad1af40d52fbdb5ae9d3972d87e8ddb98618734,,2279610393
Xiang Wang,997afb3e71f0431c133270793a8a8e9cb93ab70e,,2308500953
Youfang Lin,997afb3e71f0431c133270793a8a8e9cb93ab70e,,2624174
Shuo Zhang,997afb3e71f0431c133270793a8a8e9cb93ab70e,,2117777418
Jinde Cao,3e83a11fa56f265deda246195c89086119e4cfc6,,2161849202
Yanbu Guo,3e83a11fa56f265deda246195c89086119e4cfc6,,36447598
Wencheng Wang,b8948521dad7213cc82178c1c1eb0b07335efbfd,,2177239141
Dongliang Yan,b8948521dad7213cc82178c1c1eb0b07335efbfd,,2163515397
Weikai He,b8948521dad7213cc82178c1c1eb0b07335efbfd,,1825761822
Zhenxue Chen,b8948521dad7213cc82178c1c1eb0b07335efbfd,,145833455
Xiaohui Yuan,b8948521dad7213cc82178c1c1eb0b07335efbfd,,2115844662
Lun Li,b8948521dad7213cc82178c1c1eb0b07335efbfd,,2177362541
Zeyu Xiao,db295b4bd1ef52f2664ea225d4eee4cf87542aad,,1993383158
Zhiwei Xiong,db295b4bd1ef52f2664ea225d4eee4cf87542aad;f330e64b263af1c0631418619fd130e9a2314525,,2352456
O. J. Santana,dae6fee8860105aecd7d6bc1cbe85434748b52a9,,2754680
J. Lorenzo-Navarro,dae6fee8860105aecd7d6bc1cbe85434748b52a9,,1389895482
David Freire-Obregón,dae6fee8860105aecd7d6bc1cbe85434748b52a9,,1403815013
D. Hernández-Sosa,dae6fee8860105aecd7d6bc1cbe85434748b52a9,,1403176127
Modesto Castrillón-Santana,dae6fee8860105aecd7d6bc1cbe85434748b52a9,,1694554
刘伟强 Liu Weiqiang,faa5559ba3a0fda306207f643a2c541dc3c86729,,2134542484
赵鹏 Zhao Peng,faa5559ba3a0fda306207f643a2c541dc3c86729,,2128096318
宋向迎 Song Xiangying,faa5559ba3a0fda306207f643a2c541dc3c86729,,2236610591
Xiaohong Gu,b699ecc22800309c2957229047c711d0a72f0bd4,,2195789820
Shuyuan Shang,b699ecc22800309c2957229047c711d0a72f0bd4,,2144742191
Feng Wu,dd6c5e1e8e1bbb47a8abc93813f5588ad3275400,,144864333
Kang Wu,2a728d6370f5f229900e963c0d0880caaea4d760,,2115598201
Fanyu Zeng,2a728d6370f5f229900e963c0d0880caaea4d760,,2270084595
Jixin Liu,2a728d6370f5f229900e963c0d0880caaea4d760,,49722633
Ying Fu,54105be392628ba9f158ee5174ae2d9d544b2804,,2107214086
Zichun Wang,54105be392628ba9f158ee5174ae2d9d544b2804,,2117419117
T. Zhang,54105be392628ba9f158ee5174ae2d9d544b2804,,103245682
Jun Zhang,54105be392628ba9f158ee5174ae2d9d544b2804,,2186277910
Atik Garg,0788c8033e8b6a8bd29797eeb86799089245543e,,2106682399
X. Pan,0788c8033e8b6a8bd29797eeb86799089245543e,,2151989711
Lan-Rong Dung,0788c8033e8b6a8bd29797eeb86799089245543e,,1761962
Marco Cotogni,6db4668fc68ecfdd2c55329fa4bed0d83ec7f491,,
Yuan Gao,5de46fbe8d58f164242627a92fe6d71b988e45ca,,2118635997
Yongqi Guo,5de46fbe8d58f164242627a92fe6d71b988e45ca,,1409644701
Wenyu Xu,5de46fbe8d58f164242627a92fe6d71b988e45ca,,91552522
J. Bhattacharya,40bfa1bce2d75b64d06679a81e82e3e7e3921496,,9155672
Shatrughan Modi,40bfa1bce2d75b64d06679a81e82e3e7e3921496,,3078782
L. Gregorat,40bfa1bce2d75b64d06679a81e82e3e7e3921496,,2167214651
G. Ramponi,40bfa1bce2d75b64d06679a81e82e3e7e3921496,,144763839
Yajing Liu,f330e64b263af1c0631418619fd130e9a2314525,,2144470300
Keyu Yan,f330e64b263af1c0631418619fd130e9a2314525,,
Yukun Huang,f330e64b263af1c0631418619fd130e9a2314525,,2372145983
Xuan Liu,1ff85c5d6973ea1011a7f21e676f3b0690b19e0a,,2115530048
Chenfeng Zhang,1ff85c5d6973ea1011a7f21e676f3b0690b19e0a,,2404502
Yingzhi Wang,1ff85c5d6973ea1011a7f21e676f3b0690b19e0a,,2347579542
Kai Ding,1ff85c5d6973ea1011a7f21e676f3b0690b19e0a,,2053138582
Tailin Han,1ff85c5d6973ea1011a7f21e676f3b0690b19e0a,,36167972
Hong Liu,1ff85c5d6973ea1011a7f21e676f3b0690b19e0a,,2118903529
Yu Tian,1ff85c5d6973ea1011a7f21e676f3b0690b19e0a,,2152949673
Bo Xu,1ff85c5d6973ea1011a7f21e676f3b0690b19e0a,,2109511967
Mingchi Ju,1ff85c5d6973ea1011a7f21e676f3b0690b19e0a,,2051162325
Zhiying Li,10c37da65cac06ec4be6ec86af8f42e884b9cd26,,2109823100
Shuyuan Lin,10c37da65cac06ec4be6ec86af8f42e884b9cd26,,2150593706
Zhongmin Liang,10c37da65cac06ec4be6ec86af8f42e884b9cd26,,2427085416
Yongjia Lei,10c37da65cac06ec4be6ec86af8f42e884b9cd26,,2181902672
Zefan Wang,10c37da65cac06ec4be6ec86af8f42e884b9cd26,,2108727191
Hao Chen,10c37da65cac06ec4be6ec86af8f42e884b9cd26,,36620472
K. Chang,4bd0e86add248cf2cda39b64e26eb1e7ac8a0e01,,2107804555
Guiqing Li,4bd0e86add248cf2cda39b64e26eb1e7ac8a0e01,,2146571179
Praveen Ravirathinam,b78cc1c32383d5cb5b199b235abc705d1ce743f4,,1685654342
Divyam Goel,b78cc1c32383d5cb5b199b235abc705d1ce743f4,,2075784310
J. J. Ranjani,b78cc1c32383d5cb5b199b235abc705d1ce743f4,,2898084
Tian Ma,36c58e13ad1dcb9ff4fe3520fc23afae40e6704f,,2087495103
Ming Guo,36c58e13ad1dcb9ff4fe3520fc23afae40e6704f,,2112542970
Zhenhua Yu,36c58e13ad1dcb9ff4fe3520fc23afae40e6704f,,145267477
Yanping Chen,36c58e13ad1dcb9ff4fe3520fc23afae40e6704f,,2145269534
Xincheng Ren,36c58e13ad1dcb9ff4fe3520fc23afae40e6704f,,2087287383
Runtao Xi,36c58e13ad1dcb9ff4fe3520fc23afae40e6704f,,2080056738
Yuancheng Li,36c58e13ad1dcb9ff4fe3520fc23afae40e6704f,,2142159895
Xinlei Zhou,36c58e13ad1dcb9ff4fe3520fc23afae40e6704f,,47154971
Andreas Aakerberg,2aa69ccbd5cc5e1209fa6fb252a3e2ee4eb2d895,,9751640
Kamal Nasrollahi,2aa69ccbd5cc5e1209fa6fb252a3e2ee4eb2d895,,2143163793
T. Moeslund,2aa69ccbd5cc5e1209fa6fb252a3e2ee4eb2d895,,1700569
Ziwen Li,2ce4cca3303a1070909d7d6280296392eac2c12c,,2118275352
Yan Liu,b3473eb27185b690a4c043412e62f4f25cda0a13,,2157169403
Bingxue Lv,b3473eb27185b690a4c043412e62f4f25cda0a13,,1623497111
Jingwen Wang,b3473eb27185b690a4c043412e62f4f25cda0a13,,
Wei Huang,b3473eb27185b690a4c043412e62f4f25cda0a13,,2152492219
Tiantian Qiu,b3473eb27185b690a4c043412e62f4f25cda0a13,,48216378
Yunzhong Chen,b3473eb27185b690a4c043412e62f4f25cda0a13,,49070089
Jing Lian,c3525c1bd93382585f9e82ce4fd0408108c7c72e,,3597137
Jizhao Liu,c3525c1bd93382585f9e82ce4fd0408108c7c72e,,2108324267
Huaikun Zhang,c3525c1bd93382585f9e82ce4fd0408108c7c72e,,2143475266
Mingxuan Zhang,c3525c1bd93382585f9e82ce4fd0408108c7c72e,,2112122654
Yanming Kang,396c1d24292d750c1c7b8a9267c70be1d2006853,,2278790496
Xuan Li,396c1d24292d750c1c7b8a9267c70be1d2006853,,2108263450
Utsav Dihingia,e93dcb53023c4c0e17c9da01f41fd46bfba2a134,,2142840209
P. Amar,e93dcb53023c4c0e17c9da01f41fd46bfba2a134,,3225278
M. Shyam,e93dcb53023c4c0e17c9da01f41fd46bfba2a134,,2226525483
V. Thomas,e93dcb53023c4c0e17c9da01f41fd46bfba2a134,,2319095864
S. Chidambaram,e93dcb53023c4c0e17c9da01f41fd46bfba2a134,,50217555
R. ShortPaper,bd581f1a470f0536221adf3d2fa5ea3bcdaf4440,,2260051680
Z. Chaine,bd581f1a470f0536221adf3d2fa5ea3bcdaf4440,,2260060024
H. DengM.,bd581f1a470f0536221adf3d2fa5ea3bcdaf4440,,2260055727
Kim,bd581f1a470f0536221adf3d2fa5ea3bcdaf4440,,2260070995
†. JiachenDang,bd581f1a470f0536221adf3d2fa5ea3bcdaf4440,,2291170249
Zehao Li,bd581f1a470f0536221adf3d2fa5ea3bcdaf4440,,2307386990
Lishun Wang,bd581f1a470f0536221adf3d2fa5ea3bcdaf4440,,2108552973
Jingjiao You,9609a4f01acdd1db8fe32744248a5e706ffdf93c,,2350344084
Yuanyang Zhang,9609a4f01acdd1db8fe32744248a5e706ffdf93c,,2217169220
Tianchen Zhou,9609a4f01acdd1db8fe32744248a5e706ffdf93c,,2330536741
Yecheng Zhao,9609a4f01acdd1db8fe32744248a5e706ffdf93c,,2350254327
Li Yao,9609a4f01acdd1db8fe32744248a5e706ffdf93c,,2338680049
L. Jiao,f70367e8dc82dde5fac4f372c3eb32bf655ddef5,,2072514062
Fang-Lue Zhang,f70367e8dc82dde5fac4f372c3eb32bf655ddef5,,2290264792
， 徐常余,b60f10bdab36d2927dc29813a5f00a0988b129b7,,2364356798
LOL-Real 和 ExDark,b60f10bdab36d2927dc29813a5f00a0988b129b7,,2364361118
