citing_paper_id,doi,title,year,venue,cites,authors_raw,authors_detail
e0ec3e2eaf2c091fcc95f54749f2a1419c63263e,10.1109/icip61757.2026.11630294,SPIM-FUSE: Sparsely-Coded Image Fusion for Low-Light Enhancement,2026,International Conference on Information Photonics,0,Sena Yagmur Sen;Gazihan Alankus;Mehmet Turkan,"[{""author"":{""id"":""122478756"",""display_name"":""Sena Yagmur Sen""},""institutions"":[]},{""author"":{""id"":""2734839"",""display_name"":""Gazihan Alankus""},""institutions"":[]},{""author"":{""id"":""70031922"",""display_name"":""Mehmet Turkan""},""institutions"":[]}]"
ad8afccbec3dc798ec11eb2192307b3f77a47c8b,10.1109/JIOT.2026.3701729,ViD-EnlightenGAN: A Temporally Aware GAN for Unsupervised Low-Light Video Enhancement,2026,IEEE Internet of Things Journal,0,Heng Zhang;Yijie Xue;Yanli Liu;Yiwen Ye;Hao Jiang;Feng Shu;Zhimin Chen,"[{""author"":{""id"":""40940525"",""display_name"":""Heng Zhang""},""institutions"":[]},{""author"":{""id"":""100551091"",""display_name"":""Yijie Xue""},""institutions"":[]},{""author"":{""id"":""2108202965"",""display_name"":""Yanli Liu""},""institutions"":[]},{""author"":{""id"":""2170220899"",""display_name"":""Yiwen Ye""},""institutions"":[]},{""author"":{""id"":""2292414930"",""display_name"":""Hao Jiang""},""institutions"":[]},{""author"":{""id"":""2363573892"",""display_name"":""Feng Shu""},""institutions"":[]},{""author"":{""id"":""2111354272"",""display_name"":""Zhimin Chen""},""institutions"":[]}]"
2558070b1c2e5b9cf3a867d3a9d70eaa7f814062,,Bright-Channel Retinex Enhancement with a Conditional Overdispered-Noise Analysis,2026,,0,Jongpil Jeong,"[{""author"":{""id"":""2314526962"",""display_name"":""Jongpil Jeong""},""institutions"":[]}]"
d7665fb470327d388cbebbbbfb4143908445c2cd,,UBLLIE: Unified Backlight and Low-Light Image Enhancement,2026,,0,Yasmin Yasin;Muhammad Usman;Ibrahim Radwan;Saeed Anwar,"[{""author"":{""id"":""2237025751"",""display_name"":""Yasmin Yasin""},""institutions"":[]},{""author"":{""id"":""2223436301"",""display_name"":""Muhammad Usman""},""institutions"":[]},{""author"":{""id"":""2363859773"",""display_name"":""Ibrahim Radwan""},""institutions"":[]},{""author"":{""id"":""2297845544"",""display_name"":""Saeed Anwar""},""institutions"":[]}]"
94b12640c1ef5a6f3586a4529d1bb99a729eac58,10.1007/s44443-026-01095-6,UAV-LIENet: a low-light UAV image enhancement network via illumination estimation and guidance,2026,Journal of King Saud University: Computer and Information Sciences,0,Yueqing Kang;Ruitao Lu;Xiaogang Yang;Zhenhao Cheng;Zhanhong Zhuo;Jiwei Fan,"[{""author"":{""id"":""2457732225"",""display_name"":""Yueqing Kang""},""institutions"":[]},{""author"":{""id"":""2312758587"",""display_name"":""Ruitao Lu""},""institutions"":[]},{""author"":{""id"":""2275298208"",""display_name"":""Xiaogang Yang""},""institutions"":[]},{""author"":{""id"":""2152159726"",""display_name"":""Zhenhao Cheng""},""institutions"":[]},{""author"":{""id"":""2358272273"",""display_name"":""Zhanhong Zhuo""},""institutions"":[]},{""author"":{""id"":""3079153"",""display_name"":""Jiwei Fan""},""institutions"":[]}]"
12f83d029aa039d41c997f3e0ab52618fe17298b,10.3389/frai.2026.1858540,PSO-based parameter optimization of intuitionistic fuzzy generator for low-light image enhancement,2026,Frontiers in Artificial Intelligence,0,U. S.;J. S.,"[{""author"":{""id"":""2446810280"",""display_name"":""U. S.""},""institutions"":[]},{""author"":{""id"":""2438514864"",""display_name"":""J. S.""},""institutions"":[]}]"
0024e561025f20a598f477407646ec2bda40bdab,,Thresholded Cross-Attention for Reliable Intensity-Chromaticity Fusion in Low-Light Image Enhancement,2026,,0,Yanyi Wu;Xu Zhang;Junkai Chen;Laibin Chang;Jiaqi Ma;Shi Chen;Linwei Zhu;Jianglei Di;Huan Zhang,"[{""author"":{""id"":""2450169397"",""display_name"":""Yanyi Wu""},""institutions"":[]},{""author"":{""id"":""2309775557"",""display_name"":""Xu Zhang""},""institutions"":[]},{""author"":{""id"":""2450191207"",""display_name"":""Junkai Chen""},""institutions"":[]},{""author"":{""id"":""2121619327"",""display_name"":""Laibin Chang""},""institutions"":[]},{""author"":{""id"":""2386165627"",""display_name"":""Jiaqi Ma""},""institutions"":[]},{""author"":{""id"":""2352985671"",""display_name"":""Shi Chen""},""institutions"":[]},{""author"":{""id"":""1969075"",""display_name"":""Linwei Zhu""},""institutions"":[]},{""author"":{""id"":""2344127381"",""display_name"":""Jianglei Di""},""institutions"":[]},{""author"":{""id"":""2317142984"",""display_name"":""Huan Zhang""},""institutions"":[]}]"
2ac225ed6edb52c70ac924908af73695c47b7ef9,10.1109/TIP.2026.3709463,Probabilistic-Based Learning for Joint Light Field Image Compression and Enhancement Under Low-Light Conditions,2026,IEEE Transactions on Image Processing,0,Deyang Liu;Jimin Wang;Yifan Mao;Mounir Kaaniche;Xiaofei Zhou;Gangyi Jiang;Caifeng Shan,"[{""author"":{""id"":""2267870621"",""display_name"":""Deyang Liu""},""institutions"":[]},{""author"":{""id"":""2265361368"",""display_name"":""Jimin Wang""},""institutions"":[]},{""author"":{""id"":""2117694584"",""display_name"":""Yifan Mao""},""institutions"":[]},{""author"":{""id"":""2368358126"",""display_name"":""Mounir Kaaniche""},""institutions"":[]},{""author"":{""id"":""2142867508"",""display_name"":""Xiaofei Zhou""},""institutions"":[]},{""author"":{""id"":""2250176767"",""display_name"":""Gangyi Jiang""},""institutions"":[]},{""author"":{""id"":""2335875287"",""display_name"":""Caifeng Shan""},""institutions"":[]}]"
500ae7ee37662ef23a6ac4a9ba77340186a8b0cd,10.1016/j.neucom.2026.133613,Integration of KAN with an enhanced multi-scale mamba architecture for low-light image enhancement,2026,Neurocomputing,0,Jin Chen;Lei Wang;Yimei Zhang;Jintao Yu,"[{""author"":{""id"":""2108461272"",""display_name"":""Jin Chen""},""institutions"":[]},{""author"":{""id"":""2273651306"",""display_name"":""Lei Wang""},""institutions"":[]},{""author"":{""id"":""2408353005"",""display_name"":""Yimei Zhang""},""institutions"":[]},{""author"":{""id"":""2151482846"",""display_name"":""Jintao Yu""},""institutions"":[]}]"
fc0d6115c1d3e1806339eaef3b79cdac03d0e559,10.1016/j.knosys.2026.116205,Unleashing the potential of Mamba: A novel approach for low-light image enhancement,2026,Knowledge-Based Systems,2,Ge Wang;Yong Ma;Jun Huang;You Du;Fan Fan;Zhiqing Zhao;Yi Lu,"[{""author"":{""id"":""2296241759"",""display_name"":""Ge Wang""},""institutions"":[]},{""author"":{""id"":""2291680328"",""display_name"":""Yong Ma""},""institutions"":[]},{""author"":{""id"":""2118226234"",""display_name"":""Jun Huang""},""institutions"":[]},{""author"":{""id"":""2217235724"",""display_name"":""You Du""},""institutions"":[]},{""author"":{""id"":""40513331"",""display_name"":""Fan Fan""},""institutions"":[]},{""author"":{""id"":""2307016443"",""display_name"":""Zhiqing Zhao""},""institutions"":[]},{""author"":{""id"":""2398722320"",""display_name"":""Yi Lu""},""institutions"":[]}]"
c3832c68ac3cceb4105af2e6cf4fdb5a11cd112a,10.1007/s00371-026-04587-8,Diffusion-guided knowledge absorption for robust object detection under rainy night conditions,2026,The Visual Computer,0,Q. Hoang;Trung-Hieu Le,"[{""author"":{""id"":""2269652471"",""display_name"":""Q. Hoang""},""institutions"":[]},{""author"":{""id"":""46230648"",""display_name"":""Trung-Hieu Le""},""institutions"":[]}]"
e44e202dc19c9c57e8050f0fe41806ec9a97f12c,10.4028/p-MH2HkP,FRT-Net: A Lightweight Frequency-Spatial Framework for Low-Light Enhancement via Retinex Decomposition and FFT Filtering,2026,Advanced Engineering Forum,0,Dong Guo;Yi Han,"[{""author"":{""id"":""2279317726"",""display_name"":""Dong Guo""},""institutions"":[]},{""author"":{""id"":""2238916924"",""display_name"":""Yi Han""},""institutions"":[]}]"
1ce0351f318bb42c3d217c10fa96dd4b75e3fa60,10.1145/3805622.3810863,GAformer: Low-Light Image Enhancement Based on Gradient-Aware Kernel and Frequency-Modulated Transformer,2026,International Conference on Multimedia Retrieval,0,Yifan Shuai;Ke Wang;Weiming Feng;Shuai Pang;Dehua Zhou;Yikui Zhai,"[{""author"":{""id"":""2185687544"",""display_name"":""Yifan Shuai""},""institutions"":[]},{""author"":{""id"":""2133843529"",""display_name"":""Ke Wang""},""institutions"":[]},{""author"":{""id"":""2246983188"",""display_name"":""Weiming Feng""},""institutions"":[]},{""author"":{""id"":""2391277255"",""display_name"":""Shuai Pang""},""institutions"":[]},{""author"":{""id"":""2376466626"",""display_name"":""Dehua Zhou""},""institutions"":[]},{""author"":{""id"":""2205040886"",""display_name"":""Yikui Zhai""},""institutions"":[]}]"
78fcd41d22e896dd08cfd9a574d801fc9ee6a8ed,10.1088/1361-6501/ae7b6e,Deep multi-patch hierarchical network for coal-mine roller tank lug low-light image enhancement,2026,Measurement science and technology,0,Ning Ma;Xiang Lu;Fan Zhang,"[{""author"":{""id"":""2312080498"",""display_name"":""Ning Ma""},""institutions"":[]},{""author"":{""id"":""2127330048"",""display_name"":""Xiang Lu""},""institutions"":[]},{""author"":{""id"":""2346987783"",""display_name"":""Fan Zhang""},""institutions"":[]}]"
95c2c99787c133a5c0156fef6fc64fe35481ccf9,10.1145/3815421,Seeing in the Dark with Ambient Guidance,2026,ACM Trans. Multim. Comput. Commun. Appl.,0,Haofeng Huang;Wenhan Yang;Mengnan Wang;Lingyu Duan;Jiaying Liu,"[{""author"":{""id"":""48186372"",""display_name"":""Haofeng Huang""},""institutions"":[]},{""author"":{""id"":""2274269967"",""display_name"":""Wenhan Yang""},""institutions"":[]},{""author"":{""id"":""2302837742"",""display_name"":""Mengnan Wang""},""institutions"":[]},{""author"":{""id"":""2284844824"",""display_name"":""Lingyu Duan""},""institutions"":[]},{""author"":{""id"":""2239051902"",""display_name"":""Jiaying Liu""},""institutions"":[]}]"
47298d6f6faf953a41d57d7ab8bd7a5c08369946,10.1016/j.asoc.2026.115740,SEGCA-Net: Structure-exposure guided cross attention network for low-light image enhancement,2026,Applied Soft Computing,0,Dong Guo;Yi Han;Jiaqi Liu,"[{""author"":{""id"":""2279317726"",""display_name"":""Dong Guo""},""institutions"":[]},{""author"":{""id"":""2364634851"",""display_name"":""Yi Han""},""institutions"":[]},{""author"":{""id"":""2378614405"",""display_name"":""Jiaqi Liu""},""institutions"":[]}]"
b9919071c867f25fbaf394c0b833c53c20a6e69f,10.1016/j.neucom.2026.134361,CS³-Diff: Collaborative spatio-spectral-scale guided diffusion for low-light image enhancement,2026,Neurocomputing,0,Zhenghua Zhou;Yuanyuan Zhang;Chenyang Guo;Jianwei Zhao,"[{""author"":{""id"":""2524604"",""display_name"":""Zhenghua Zhou""},""institutions"":[]},{""author"":{""id"":""2145793664"",""display_name"":""Yuanyuan Zhang""},""institutions"":[]},{""author"":{""id"":""2340179320"",""display_name"":""Chenyang Guo""},""institutions"":[]},{""author"":{""id"":""2256473027"",""display_name"":""Jianwei Zhao""},""institutions"":[]}]"
a363d08af884fb0b425156099555cd27eca23741,10.3390/biomimetics11060401,Lightweight Low-Light Enhancement Network with Multi-Bio-Inspired Visual Mechanisms,2026,Biomimetics,0,Yafeng Zhao;Xiang Li;Shuaipeng Hao;Ming-Feng Yu;Yanli Gao;Shiwei Fan,"[{""author"":{""id"":""2391843151"",""display_name"":""Yafeng Zhao""},""institutions"":[]},{""author"":{""id"":""2359045345"",""display_name"":""Xiang Li""},""institutions"":[]},{""author"":{""id"":""2137059479"",""display_name"":""Shuaipeng Hao""},""institutions"":[]},{""author"":{""id"":""2152599571"",""display_name"":""Ming-Feng Yu""},""institutions"":[]},{""author"":{""id"":""2397855154"",""display_name"":""Yanli Gao""},""institutions"":[]},{""author"":{""id"":""2284487034"",""display_name"":""Shiwei Fan""},""institutions"":[]}]"
6da9fa0fe9b3b41fe7ba627d47a784a32056a84d,10.1109/CICSE70286.2026.11620715,Low-Light Video Frame Enhancement with High-Frequency Reflectance Boosting and Adaptive Illumination Adjustment,2026,2026 International Conference on Computer Intelligence and Software Engineering (CICSE),0,Hao Li,"[{""author"":{""id"":""2353793617"",""display_name"":""Hao Li""},""institutions"":[]}]"
1b2711b84d6abaf3bbcf182a2c27a357a166b727,10.1109/IV66570.2026.11624121,PenPy-DETR: A Penta-Pyramid Framework for Small Target Perception in Low-Light,2026,2026 IEEE Intelligent Vehicles Symposium (IV),0,Yanheng Wen;Yuehai Chen;Yi Shi;Jing Yang,"[{""author"":{""id"":""2454927646"",""display_name"":""Yanheng Wen""},""institutions"":[]},{""author"":{""id"":""2051695812"",""display_name"":""Yuehai Chen""},""institutions"":[]},{""author"":{""id"":""2170852501"",""display_name"":""Yi Shi""},""institutions"":[]},{""author"":{""id"":""2143851688"",""display_name"":""Jing Yang""},""institutions"":[]}]"
f032ef0a283f237c57449bb2bb220ddfabaaee09,10.48550/arXiv.2605.28605,Internally Referenced Low-Light Enhancement,2026,arXiv.org,1,Peiyuan He;Hainuo Wang;Hengxing Liu;Mingjia Li;Xiaojie Guo,"[{""author"":{""id"":""2438924353"",""display_name"":""Peiyuan He""},""institutions"":[]},{""author"":{""id"":""2344307474"",""display_name"":""Hainuo Wang""},""institutions"":[]},{""author"":{""id"":""2328382818"",""display_name"":""Hengxing Liu""},""institutions"":[]},{""author"":{""id"":""2297826009"",""display_name"":""Mingjia Li""},""institutions"":[]},{""author"":{""id"":""2256638354"",""display_name"":""Xiaojie Guo""},""institutions"":[]}]"
1a5f2a0dd475755922778d6c95dfba69d56bc785,10.48550/arXiv.2605.23531,PixIE: Prompted Pixel-Space Low-Light Image Enhancement,2026,arXiv.org,0,Ruirui Lin;Guoxi Huang;D. Bull;N. Anantrasirichai,"[{""author"":{""id"":""2283107688"",""display_name"":""Ruirui Lin""},""institutions"":[]},{""author"":{""id"":""2311632284"",""display_name"":""Guoxi Huang""},""institutions"":[]},{""author"":{""id"":""2241468553"",""display_name"":""D. Bull""},""institutions"":[]},{""author"":{""id"":""1756108"",""display_name"":""N. Anantrasirichai""},""institutions"":[]}]"
3826c2988bb6f03b0ca2da518545134e2e24a1ed,10.48550/arXiv.2605.22186,Event-Illumination Collaborative Low-light Image Enhancement with a High-resolution Real-world Dataset,2026,arXiv.org,2,Senyan Xu;Zhijing Sun;Kean Liu;Xin Lu;Ruixuan Jiang;Mingyang Huang;Xueyang Fu;Zheng-Jun Zha,"[{""author"":{""id"":""2298415902"",""display_name"":""Senyan Xu""},""institutions"":[]},{""author"":{""id"":""2298403164"",""display_name"":""Zhijing Sun""},""institutions"":[]},{""author"":{""id"":""2356372019"",""display_name"":""Kean Liu""},""institutions"":[]},{""author"":{""id"":""2308422305"",""display_name"":""Xin Lu""},""institutions"":[]},{""author"":{""id"":""2362329925"",""display_name"":""Ruixuan Jiang""},""institutions"":[]},{""author"":{""id"":""2357049631"",""display_name"":""Mingyang Huang""},""institutions"":[]},{""author"":{""id"":""2273893743"",""display_name"":""Xueyang Fu""},""institutions"":[]},{""author"":{""id"":""2292182136"",""display_name"":""Zheng-Jun Zha""},""institutions"":[]}]"
19d2f3701c200928f52b6fc6f94d919f76f41a12,10.48550/arXiv.2605.22455,Making the Discrete Continuous: Synthetic RAW Augmentations for Fine-Grained Evaluation of Person Detection Performance in Low Light,2026,arXiv.org,0,V. Pais;Malena Mendilaharzu;Daniele Faccio;Luis Oala;Christoph Clausen;Bruno Sanguinetti,"[{""author"":{""id"":""2372915569"",""display_name"":""V. Pais""},""institutions"":[]},{""author"":{""id"":""2449256835"",""display_name"":""Malena Mendilaharzu""},""institutions"":[]},{""author"":{""id"":""2289610948"",""display_name"":""Daniele Faccio""},""institutions"":[]},{""author"":{""id"":""2284772762"",""display_name"":""Luis Oala""},""institutions"":[]},{""author"":{""id"":""2064577502"",""display_name"":""Christoph Clausen""},""institutions"":[]},{""author"":{""id"":""2265450346"",""display_name"":""Bruno Sanguinetti""},""institutions"":[]}]"
7838b9795e995310ef06a552e4f2215ba03eda5c,10.1109/tpami.2026.3696458,Moment-Reenacting: Inverse Motion Degradation with Cross-shutter Guidance,2026,IEEE Transactions on Pattern Analysis and Machine Intelligence,0,Xiang Ji;Guixu Lin;Zhengwei Yin;Jiancheng Zhao;Yinqiang Zheng,"[{""author"":{""id"":""2267883576"",""display_name"":""Xiang Ji""},""institutions"":[]},{""author"":{""id"":""2261909172"",""display_name"":""Guixu Lin""},""institutions"":[]},{""author"":{""id"":""2325717969"",""display_name"":""Zhengwei Yin""},""institutions"":[]},{""author"":{""id"":""2325368986"",""display_name"":""Jiancheng Zhao""},""institutions"":[]},{""author"":{""id"":""2247926612"",""display_name"":""Yinqiang Zheng""},""institutions"":[]}]"
0a4601df6d5a9d39946c05aece1c70d1c107db08,10.1109/IC2PCT68894.2026.11584360,A Survey on Weak Contrast Image Enhancement,2026,"2026 IEEE 6th International Conference on Computing, Power, and Communication Technologies (IC2PCT)",0,Utkarsh;Shashank Singh;Vikash Kumar Gupta;Himanshu Gautam;Vivek Kumar Jaiswal,"[{""author"":{""id"":""2448470544"",""display_name"":""Utkarsh""},""institutions"":[]},{""author"":{""id"":""2448926515"",""display_name"":""Shashank Singh""},""institutions"":[]},{""author"":{""id"":""2448545181"",""display_name"":""Vikash Kumar Gupta""},""institutions"":[]},{""author"":{""id"":""2448470725"",""display_name"":""Himanshu Gautam""},""institutions"":[]},{""author"":{""id"":""2448470699"",""display_name"":""Vivek Kumar Jaiswal""},""institutions"":[]}]"
fb8e78777949e17a6492c5de6517240145fccff3,10.1038/s41598-026-50746-1,A low-light image enhancement network with attention and cross-branch interaction for real-world low-illumination scenes,2026,Scientific Reports,0,Yifeng Lin;Yang-kwon Jeong;Chenglin Wen,"[{""author"":{""id"":""2404161883"",""display_name"":""Yifeng Lin""},""institutions"":[]},{""author"":{""id"":""71041740"",""display_name"":""Yang-kwon Jeong""},""institutions"":[]},{""author"":{""id"":""2367323600"",""display_name"":""Chenglin Wen""},""institutions"":[]}]"
ea7f4fb3521989004186ddbc81c2bb68c2687cc0,10.48550/arXiv.2605.06084,AMIEOD: Adaptive Multi-Experts Image Enhancement for Object Detection in Low-Illumination Scenes,2026,IEEE transactions on multimedia,0,Xiaochen Huang;Honggang Chen;Weichen Zhang;Xiao Dai;Yongying Li;Linbo Qing;Xiaohai He,"[{""author"":{""id"":""2323717852"",""display_name"":""Xiaochen Huang""},""institutions"":[]},{""author"":{""id"":""6222832"",""display_name"":""Honggang Chen""},""institutions"":[]},{""author"":{""id"":""2108043700"",""display_name"":""Weichen Zhang""},""institutions"":[]},{""author"":{""id"":""2232115529"",""display_name"":""Xiao Dai""},""institutions"":[]},{""author"":{""id"":""2370960912"",""display_name"":""Yongying Li""},""institutions"":[]},{""author"":{""id"":""2393086506"",""display_name"":""Linbo Qing""},""institutions"":[]},{""author"":{""id"":""2290101341"",""display_name"":""Xiaohai He""},""institutions"":[]}]"
94b99de142cbeededc861f10bcd594da9de1f6ea,10.1016/j.image.2026.117607,A two-stage low-light image enhancement network combining spatial and frequency information,2026,Signal processing. Image communication,0,Xuxu Yang;Yitao Liang;Degang Xu;Bin Li;Juan Xia;Lan Li,"[{""author"":{""id"":""2274914394"",""display_name"":""Xuxu Yang""},""institutions"":[]},{""author"":{""id"":""2325728040"",""display_name"":""Yitao Liang""},""institutions"":[]},{""author"":{""id"":""2325706382"",""display_name"":""Degang Xu""},""institutions"":[]},{""author"":{""id"":""2326047051"",""display_name"":""Bin Li""},""institutions"":[]},{""author"":{""id"":""2325817144"",""display_name"":""Juan Xia""},""institutions"":[]},{""author"":{""id"":""2282087684"",""display_name"":""Lan Li""},""institutions"":[]}]"
05f3adfc38fca23385b27c210f37b03edd5a45cf,10.1007/s11760-026-05297-3,LIVE-Net: A unified lightweight network for low-light image and video enhancement with temporal consistency,2026,"Signal, Image and Video Processing",0,Minghai Jiao;Haoyang He;Yixian Liu;Wenyan Jiang;Jiangang Hu;Yuhuai Peng,"[{""author"":{""id"":""2307597055"",""display_name"":""Minghai Jiao""},""institutions"":[]},{""author"":{""id"":""2326999233"",""display_name"":""Haoyang He""},""institutions"":[]},{""author"":{""id"":""2394121791"",""display_name"":""Yixian Liu""},""institutions"":[]},{""author"":{""id"":""2308044987"",""display_name"":""Wenyan Jiang""},""institutions"":[]},{""author"":{""id"":""2382719073"",""display_name"":""Jiangang Hu""},""institutions"":[]},{""author"":{""id"":""2244594477"",""display_name"":""Yuhuai Peng""},""institutions"":[]}]"
8872519c1eb863cc5bc67fa66e5ca4306910bc1e,10.1109/MLISE70044.2026.11607532,LADC: A Dual-Branch Adaptive Image Enhancement Method Based on Feature Decoupling,2026,2026 6th International Conference on Machine Learning and Intelligent Systems Engineering (MLISE),0,Qingpeng Li;Haonan Li;Xinyu Ouyang;Zijian Li,"[{""author"":{""id"":""2108701200"",""display_name"":""Qingpeng Li""},""institutions"":[]},{""author"":{""id"":""2375343275"",""display_name"":""Haonan Li""},""institutions"":[]},{""author"":{""id"":""2452434783"",""display_name"":""Xinyu Ouyang""},""institutions"":[]},{""author"":{""id"":""2453047721"",""display_name"":""Zijian Li""},""institutions"":[]}]"
277888ed55e84bdd7148d3cf99d4f92c5f478dce,10.1109/yac71005.2026.11615882,An Online Alignment Method for Pixel Misalignment Between Inputs and Ground Truth,2026,Youth Academic Annual Conference of Chinese Association of Automation,0,Qiong Luo;Bin Pang,"[{""author"":{""id"":""2455628112"",""display_name"":""Qiong Luo""},""institutions"":[]},{""author"":{""id"":""2455605385"",""display_name"":""Bin Pang""},""institutions"":[]}]"
919041dd9587343cb799833c2dc235f595ddba31,10.48550/arXiv.2604.24053,Light 'em Up: Enabling Few-Shot Low-Light 3D Gaussian Splatting with Multi-Scale Explicit Retinex Illumination Decoupling,2026,arXiv.org,1,Yuhao Yin;Zongji Wang;Yuanben Zhang;Biqing Li;Jiesong Bai;Junyi Liu,"[{""author"":{""id"":""2301176355"",""display_name"":""Yuhao Yin""},""institutions"":[]},{""author"":{""id"":""2263735881"",""display_name"":""Zongji Wang""},""institutions"":[]},{""author"":{""id"":""2278439806"",""display_name"":""Yuanben Zhang""},""institutions"":[]},{""author"":{""id"":""2293549849"",""display_name"":""Biqing Li""},""institutions"":[]},{""author"":{""id"":""2300253561"",""display_name"":""Jiesong Bai""},""institutions"":[]},{""author"":{""id"":""2332040143"",""display_name"":""Junyi Liu""},""institutions"":[]}]"
a4619621fe01a821aa6cfecb4778c31683b660b0,10.48550/arXiv.2604.17669,Low Light Image Enhancement Challenge at NTIRE 2026,2026,arXiv.org,23,G. Ciubotariu;A. SharifSM;Abdur Rehman;F. Dharejo;R. Naqvi;Marcos V. Conde;R. Timofte;Zhi Jin;Hongjun Wu;Wenjian Zhang;Changqing Ye;Xunpeng Yi;Qinglong Yan;Yibing Zhang;Nikhil Neelkanth Akalwadi;Varda I Pattanshetty;Varsha I Pattanshetty;Padmashree Desai;Uma Mudenagudi;R. Tabib;Hao Yang;Ruikun Zhang;Liyuan Pan;Furkan Kınlı;Donghun Ryou;Inju Ha;Junoh Kang;Bohyung Han;Wei Zhou;Yuval Haitman;Ariel Lapid;Reuven Peretz;I. Diamant;Lei Cao;Shuo Zhang;Praful Hambarde;Prateek Shaily;J. Kumar;Hardik Sharma;Aashish Negi;Sachin Chaudhary;Akshay Dudhane;Amit Shukla;Mohao Wu;Lin Wang;Jiachen Tu;Guoyi Xu;Yaoxin Jiang;Jiajia Liu;Yaokun Shi;Raul Balmez;Alexandru Brateanu;Ciprian Orhei;Cosmin Ancuți;C. Ancuti;Bilel Benjdira;Anas M. Ali;Wadii Boulila;Kaifan Qiao;Bofei Chen;Jing Xu;Duo-yang Zhang;Xin Deng;Mai Xu;Shengxi Li;Lai Jiang;A. Harini;N. Ananya;K. Lakshanya;Ying Xu;Xinyi Zhu;Shijun Shi;Jiang-She Zhang;Yong Liu;Kai Hu;Jing Xu;Xianfang Zeng;Jinao Song;Guang Tang;Cheng Li;Yuqiang Yang;Ziyi Wang;Yan Chen;Long Bao;Heng Sun;Mohab Kishawy;Jun Chen;Wan-Chi Siu;Yihao Cheng;H. Lee;C. Hui,"[{""author"":{""id"":""1752864776"",""display_name"":""G. Ciubotariu""},""institutions"":[]},{""author"":{""id"":""2297774820"",""display_name"":""A. SharifSM""},""institutions"":[]},{""author"":{""id"":""2312768602"",""display_name"":""Abdur Rehman""},""institutions"":[]},{""author"":{""id"":""31624593"",""display_name"":""F. Dharejo""},""institutions"":[]},{""author"":{""id"":""8683310"",""display_name"":""R. Naqvi""},""institutions"":[]},{""author"":{""id"":""2335868692"",""display_name"":""Marcos V. Conde""},""institutions"":[]},{""author"":{""id"":""1732855"",""display_name"":""R. Timofte""},""institutions"":[]},{""author"":{""id"":""2297834069"",""display_name"":""Zhi Jin""},""institutions"":[]},{""author"":{""id"":""2264188652"",""display_name"":""Hongjun Wu""},""institutions"":[]},{""author"":{""id"":""2233975640"",""display_name"":""Wenjian Zhang""},""institutions"":[]},{""author"":{""id"":""2430780962"",""display_name"":""Changqing Ye""},""institutions"":[]},{""author"":{""id"":""2182439167"",""display_name"":""Xunpeng Yi""},""institutions"":[]},{""author"":{""id"":""2327962776"",""display_name"":""Qinglong Yan""},""institutions"":[]},{""author"":{""id"":""2372124732"",""display_name"":""Yibing Zhang""},""institutions"":[]},{""author"":{""id"":""2268207680"",""display_name"":""Nikhil Neelkanth Akalwadi""},""institutions"":[]},{""author"":{""id"":""2430638677"",""display_name"":""Varda I Pattanshetty""},""institutions"":[]},{""author"":{""id"":""2430638679"",""display_name"":""Varsha I Pattanshetty""},""institutions"":[]},{""author"":{""id"":""2313122504"",""display_name"":""Padmashree Desai""},""institutions"":[]},{""author"":{""id"":""2938896"",""display_name"":""Uma Mudenagudi""},""institutions"":[]},{""author"":{""id"":""9141151"",""display_name"":""R. Tabib""},""institutions"":[]},{""author"":{""id"":""2257352642"",""display_name"":""Hao Yang""},""institutions"":[]},{""author"":{""id"":""2327002722"",""display_name"":""Ruikun Zhang""},""institutions"":[]},{""author"":{""id"":""2363286836"",""display_name"":""Liyuan Pan""},""institutions"":[]},{""author"":{""id"":""1388060209"",""display_name"":""Furkan Kınlı""},""institutions"":[]},{""author"":{""id"":""2313247493"",""display_name"":""Donghun Ryou""},""institutions"":[]},{""author"":{""id"":""2313252216"",""display_name"":""Inju Ha""},""institutions"":[]},{""author"":{""id"":""2257134071"",""display_name"":""Junoh Kang""},""institutions"":[]},{""author"":{""id"":""2357492510"",""display_name"":""Bohyung Han""},""institutions"":[]},{""author"":{""id"":""2256662364"",""display_name"":""Wei Zhou""},""institutions"":[]},{""author"":{""id"":""1486439421"",""display_name"":""Yuval Haitman""},""institutions"":[]},{""author"":{""id"":""2328086787"",""display_name"":""Ariel Lapid""},""institutions"":[]},{""author"":{""id"":""1742529618"",""display_name"":""Reuven Peretz""},""institutions"":[]},{""author"":{""id"":""143804345"",""display_name"":""I. Diamant""},""institutions"":[]},{""author"":{""id"":""2238898783"",""display_name"":""Lei Cao""},""institutions"":[]},{""author"":{""id"":""2108032962"",""display_name"":""Shuo Zhang""},""institutions"":[]},{""author"":{""id"":""103864860"",""display_name"":""Praful Hambarde""},""institutions"":[]},{""author"":{""id"":""2403235332"",""display_name"":""Prateek Shaily""},""institutions"":[]},{""author"":{""id"":""2069634816"",""display_name"":""J. Kumar""},""institutions"":[]},{""author"":{""id"":""2298628611"",""display_name"":""Hardik Sharma""},""institutions"":[]},{""author"":{""id"":""2305808430"",""display_name"":""Aashish Negi""},""institutions"":[]},{""author"":{""id"":""2267052928"",""display_name"":""Sachin Chaudhary""},""institutions"":[]},{""author"":{""id"":""47634649"",""display_name"":""Akshay Dudhane""},""institutions"":[]},{""author"":{""id"":""2398909024"",""display_name"":""Amit Shukla""},""institutions"":[]},{""author"":{""id"":""2297819266"",""display_name"":""Mohao Wu""},""institutions"":[]},{""author"":{""id"":""2144734129"",""display_name"":""Lin Wang""},""institutions"":[]},{""author"":{""id"":""2360174435"",""display_name"":""Jiachen Tu""},""institutions"":[]},{""author"":{""id"":""2315615688"",""display_name"":""Guoyi Xu""},""institutions"":[]},{""author"":{""id"":""2410723309"",""display_name"":""Yaoxin Jiang""},""institutions"":[]},{""author"":{""id"":""2339225957"",""display_name"":""Jiajia Liu""},""institutions"":[]},{""author"":{""id"":""2360348276"",""display_name"":""Yaokun Shi""},""institutions"":[]},{""author"":{""id"":""2281742182"",""display_name"":""Raul Balmez""},""institutions"":[]},{""author"":{""id"":""2281742235"",""display_name"":""Alexandru Brateanu""},""institutions"":[]},{""author"":{""id"":""1389526435"",""display_name"":""Ciprian Orhei""},""institutions"":[]},{""author"":{""id"":""1701934"",""display_name"":""Cosmin Ancuți""},""institutions"":[]},{""author"":{""id"":""40124146"",""display_name"":""C. Ancuti""},""institutions"":[]},{""author"":{""id"":""11042085"",""display_name"":""Bilel Benjdira""},""institutions"":[]},{""author"":{""id"":""2244781345"",""display_name"":""Anas M. Ali""},""institutions"":[]},{""author"":{""id"":""3151219"",""display_name"":""Wadii Boulila""},""institutions"":[]},{""author"":{""id"":""2288007542"",""display_name"":""Kaifan Qiao""},""institutions"":[]},{""author"":{""id"":""2430858384"",""display_name"":""Bofei Chen""},""institutions"":[]},{""author"":{""id"":""2364858782"",""display_name"":""Jing Xu""},""institutions"":[]},{""author"":{""id"":""2324367319"",""display_name"":""Duo-yang Zhang""},""institutions"":[]},{""author"":{""id"":""2277041332"",""display_name"":""Xin Deng""},""institutions"":[]},{""author"":{""id"":""2297135177"",""display_name"":""Mai Xu""},""institutions"":[]},{""author"":{""id"":""2272184472"",""display_name"":""Shengxi Li""},""institutions"":[]},{""author"":{""id"":""150188542"",""display_name"":""Lai Jiang""},""institutions"":[]},{""author"":{""id"":""2305793425"",""display_name"":""A. Harini""},""institutions"":[]},{""author"":{""id"":""2430637617"",""display_name"":""N. Ananya""},""institutions"":[]},{""author"":{""id"":""2430637639"",""display_name"":""K. Lakshanya""},""institutions"":[]},{""author"":{""id"":null,""display_name"":""Ying Xu""},""institutions"":[]},{""author"":{""id"":""2344578591"",""display_name"":""Xinyi Zhu""},""institutions"":[]},{""author"":{""id"":""2260645441"",""display_name"":""Shijun Shi""},""institutions"":[]},{""author"":{""id"":""2281104439"",""display_name"":""Jiang-She Zhang""},""institutions"":[]},{""author"":{""id"":""2265222933"",""display_name"":""Yong Liu""},""institutions"":[]},{""author"":{""id"":""2341287465"",""display_name"":""Kai Hu""},""institutions"":[]},{""author"":{""id"":""2364858782"",""display_name"":""Jing Xu""},""institutions"":[]},{""author"":{""id"":""22248940"",""display_name"":""Xianfang Zeng""},""institutions"":[]},{""author"":{""id"":""2330723192"",""display_name"":""Jinao Song""},""institutions"":[]},{""author"":{""id"":""2065464227"",""display_name"":""Guang Tang""},""institutions"":[]},{""author"":{""id"":""2133092013"",""display_name"":""Cheng Li""},""institutions"":[]},{""author"":{""id"":""2108623429"",""display_name"":""Yuqiang Yang""},""institutions"":[]},{""author"":{""id"":""2293764319"",""display_name"":""Ziyi Wang""},""institutions"":[]},{""author"":{""id"":""2378026858"",""display_name"":""Yan Chen""},""institutions"":[]},{""author"":{""id"":""2183482952"",""display_name"":""Long Bao""},""institutions"":[]},{""author"":{""id"":""2287429540"",""display_name"":""Heng Sun""},""institutions"":[]},{""author"":{""id"":""2323043874"",""display_name"":""Mohab Kishawy""},""institutions"":[]},{""author"":{""id"":""2261186402"",""display_name"":""Jun Chen""},""institutions"":[]},{""author"":{""id"":""2255887862"",""display_name"":""Wan-Chi Siu""},""institutions"":[]},{""author"":{""id"":""2430788663"",""display_name"":""Yihao Cheng""},""institutions"":[]},{""author"":{""id"":""2374297943"",""display_name"":""H. Lee""},""institutions"":[]},{""author"":{""id"":""2186550786"",""display_name"":""C. Hui""},""institutions"":[]}]"
440abefc2c0ddff7c7c0c5bea3bcc5b5162cee6c,10.1109/ICSP69961.2026.11540708,DRE-YOLO: A dual-path retinex enhancement network for low-light object detection,2026,International Conference on the Software Process,1,Yikai Wu;Yonggui Liu,"[{""author"":{""id"":""2307395807"",""display_name"":""Yikai Wu""},""institutions"":[]},{""author"":{""id"":""2336536222"",""display_name"":""Yonggui Liu""},""institutions"":[]}]"
0f1f6925965405918e25d7ea84958837f84ebf13,10.1109/ICGMRS70230.2026.11542237,RZSL-PSR: Noise-Disentangled Retinex Zero-Shot Framework for Lunar PSR Image Enhancement,2026,"2026 7th International Conference on Geology, Mapping and Remote Sensing (ICGMRS)",0,Fengqin Zhang,"[{""author"":{""id"":""2182281837"",""display_name"":""Fengqin Zhang""},""institutions"":[]}]"
4e1eec57223adef054e396bf6d91f1f1babd50d8,10.48550/arXiv.2604.11230,NTIRE 2026 The 3rd Restore Any Image Model (RAIM) Challenge: AI Flash Portrait (Track 3),2026,arXiv.org,19,Yanxin Guan;Shao-Kui Zhang;Hang Guo;Yawen Wang;Xinyi Fan;Tianqu Zhuang;Jie Liang;Huimin Zeng;Guanyi Qin;Lishen Qu;Tao Dai;Shutao Xia;Lei Zhang;R. Timofte;Bin Chen;Yuanbo Zhou;Hongwei Wang;Qinquan Gao;Tong Tong;Yan Qian;Li You;Ji Cong;Lei Xiong;Shuyuan Zhu;Zhiyan Zhong;Kan Lv;Yang Yang;Kailing Tang;Minjian Zhang;Zhipei Lei;Zhe Xu;Liwen Zhang;Dingyong Gou;Yanlin Wu;Cong Li;Xiao Cui;Jiajia Liu;Guoyi Xu;Yaoxin Jiang;Yaokun Shi;Jiachen Tu;Liqing Wang;Shihang Li;Bo Zhang;Biao Wang;Hai Xu;Xiang Long;Xu Liao;Yan Zhai;Haozhe Li;Shijun Shi;Jiangning Zhang;Yong Liu;Kai Hu;Jing Xu;Xianfang Zeng;Yuyang Liu;Min Wei,"[{""author"":{""id"":""2308987472"",""display_name"":""Yanxin Guan""},""institutions"":[]},{""author"":{""id"":""2430762395"",""display_name"":""Shao-Kui Zhang""},""institutions"":[]},{""author"":{""id"":""2274202835"",""display_name"":""Hang Guo""},""institutions"":[]},{""author"":{""id"":""2299735214"",""display_name"":""Yawen Wang""},""institutions"":[]},{""author"":{""id"":""152912444"",""display_name"":""Xinyi Fan""},""institutions"":[]},{""author"":{""id"":""2316762685"",""display_name"":""Tianqu Zhuang""},""institutions"":[]},{""author"":{""id"":""2327922405"",""display_name"":""Jie Liang""},""institutions"":[]},{""author"":{""id"":""2356492701"",""display_name"":""Huimin Zeng""},""institutions"":[]},{""author"":{""id"":""2214084797"",""display_name"":""Guanyi Qin""},""institutions"":[]},{""author"":{""id"":""2294361582"",""display_name"":""Lishen Qu""},""institutions"":[]},{""author"":{""id"":""2268311556"",""display_name"":""Tao Dai""},""institutions"":[]},{""author"":{""id"":""2240063099"",""display_name"":""Shutao Xia""},""institutions"":[]},{""author"":{""id"":""2256830888"",""display_name"":""Lei Zhang""},""institutions"":[]},{""author"":{""id"":""1732855"",""display_name"":""R. Timofte""},""institutions"":[]},{""author"":{""id"":""2257347207"",""display_name"":""Bin Chen""},""institutions"":[]},{""author"":{""id"":""2261253070"",""display_name"":""Yuanbo Zhou""},""institutions"":[]},{""author"":{""id"":""2267866044"",""display_name"":""Hongwei Wang""},""institutions"":[]},{""author"":{""id"":""40214487"",""display_name"":""Qinquan Gao""},""institutions"":[]},{""author"":{""id"":""2281862171"",""display_name"":""Tong Tong""},""institutions"":[]},{""author"":{""id"":""2294314641"",""display_name"":""Yan Qian""},""institutions"":[]},{""author"":{""id"":""2325748334"",""display_name"":""Li You""},""institutions"":[]},{""author"":{""id"":""2375388352"",""display_name"":""Ji Cong""},""institutions"":[]},{""author"":{""id"":""2303873876"",""display_name"":""Lei Xiong""},""institutions"":[]},{""author"":{""id"":""2292364503"",""display_name"":""Shuyuan Zhu""},""institutions"":[]},{""author"":{""id"":""12760596"",""display_name"":""Zhiyan Zhong""},""institutions"":[]},{""author"":{""id"":""2367379090"",""display_name"":""Kan Lv""},""institutions"":[]},{""author"":{""id"":""2365327194"",""display_name"":""Yang Yang""},""institutions"":[]},{""author"":{""id"":""2279607887"",""display_name"":""Kailing Tang""},""institutions"":[]},{""author"":{""id"":""2142808686"",""display_name"":""Minjian Zhang""},""institutions"":[]},{""author"":{""id"":""2350435827"",""display_name"":""Zhipei Lei""},""institutions"":[]},{""author"":{""id"":""2184714875"",""display_name"":""Zhe Xu""},""institutions"":[]},{""author"":{""id"":""2349863323"",""display_name"":""Liwen Zhang""},""institutions"":[]},{""author"":{""id"":""2307004572"",""display_name"":""Dingyong Gou""},""institutions"":[]},{""author"":{""id"":""2303376551"",""display_name"":""Yanlin Wu""},""institutions"":[]},{""author"":{""id"":""2349949316"",""display_name"":""Cong Li""},""institutions"":[]},{""author"":{""id"":""2319593385"",""display_name"":""Xiao Cui""},""institutions"":[]},{""author"":{""id"":""2284527438"",""display_name"":""Jiajia Liu""},""institutions"":[]},{""author"":{""id"":""2315615688"",""display_name"":""Guoyi Xu""},""institutions"":[]},{""author"":{""id"":""2410723309"",""display_name"":""Yaoxin Jiang""},""institutions"":[]},{""author"":{""id"":""2360348276"",""display_name"":""Yaokun Shi""},""institutions"":[]},{""author"":{""id"":""2360174435"",""display_name"":""Jiachen Tu""},""institutions"":[]},{""author"":{""id"":""2142480154"",""display_name"":""Liqing Wang""},""institutions"":[]},{""author"":{""id"":""2395677485"",""display_name"":""Shihang Li""},""institutions"":[]},{""author"":{""id"":""2426012373"",""display_name"":""Bo Zhang""},""institutions"":[]},{""author"":{""id"":""2136790887"",""display_name"":""Biao Wang""},""institutions"":[]},{""author"":{""id"":""2334792994"",""display_name"":""Hai Xu""},""institutions"":[]},{""author"":{""id"":""2318980237"",""display_name"":""Xiang Long""},""institutions"":[]},{""author"":{""id"":""2200151070"",""display_name"":""Xu Liao""},""institutions"":[]},{""author"":{""id"":""2190307604"",""display_name"":""Yan Zhai""},""institutions"":[]},{""author"":{""id"":""2395282668"",""display_name"":""Haozhe Li""},""institutions"":[]},{""author"":{""id"":""2260645441"",""display_name"":""Shijun Shi""},""institutions"":[]},{""author"":{""id"":""73329364"",""display_name"":""Jiangning Zhang""},""institutions"":[]},{""author"":{""id"":""2257376004"",""display_name"":""Yong Liu""},""institutions"":[]},{""author"":{""id"":""2341287465"",""display_name"":""Kai Hu""},""institutions"":[]},{""author"":{""id"":""2364858782"",""display_name"":""Jing Xu""},""institutions"":[]},{""author"":{""id"":""22248940"",""display_name"":""Xianfang Zeng""},""institutions"":[]},{""author"":{""id"":""2344196587"",""display_name"":""Yuyang Liu""},""institutions"":[]},{""author"":{""id"":""2240479249"",""display_name"":""Min Wei""},""institutions"":[]}]"
afa86e42ae30272489debb9d4fdb388c8bcf30c2,10.48550/arXiv.2604.10359,Multinex: Lightweight Low-light Image Enhancement via Multi-prior Retinex,2026,arXiv.org,4,Alexandru Brateanu;Tingting Mu;C. Ancuti;Cosmin Ancuți,"[{""author"":{""id"":""2281742235"",""display_name"":""Alexandru Brateanu""},""institutions"":[]},{""author"":{""id"":""2274102566"",""display_name"":""Tingting Mu""},""institutions"":[]},{""author"":{""id"":""40124146"",""display_name"":""C. Ancuti""},""institutions"":[]},{""author"":{""id"":""1701934"",""display_name"":""Cosmin Ancuți""},""institutions"":[]}]"
99a42d8dfdea47593b1ac3d955abe1626fbb95ab,10.1109/ICCRAIDS67816.2026.11519577,Analysis of DCE Iterations Using ResNetDCE for Low-Light Enhancement,2026,2026 International Conference on Current Research in Artificial Intelligence and Data Science (ICCRAIDS),0,Riyadi Jimmy Iskandar;Chastine Fatichah;Anny Yuniarti,"[{""author"":{""id"":""2271306333"",""display_name"":""Riyadi Jimmy Iskandar""},""institutions"":[]},{""author"":{""id"":""3345616"",""display_name"":""Chastine Fatichah""},""institutions"":[]},{""author"":{""id"":""2238036539"",""display_name"":""Anny Yuniarti""},""institutions"":[]}]"
7b508ff2499b13014e593d8e1efdc0c488e4acc4,10.48550/arXiv.2604.05727,Single-Stage Signal Attenuation Diffusion Model for Low-Light Image Enhancement and Denoising,2026,arXiv.org,0,Ying Liu;Junchao Zhang;Caiyun Wu,"[{""author"":{""id"":""2308468836"",""display_name"":""Ying Liu""},""institutions"":[]},{""author"":{""id"":""2376519957"",""display_name"":""Junchao Zhang""},""institutions"":[]},{""author"":{""id"":""2286416676"",""display_name"":""Caiyun Wu""},""institutions"":[]}]"
7711a6b179eb36f66aaf4cdf338fd5454019277e,10.1117/12.3109885,SG-CIDNet: structure-guided low-light image enhancement network in HVI space,2026,International Conference on Computer Vision and Digital Art,0,Chenyan Zhou;Zhongxiang Liu;Shi-Chu Zhang,"[{""author"":{""id"":""51101047"",""display_name"":""Chenyan Zhou""},""institutions"":[]},{""author"":{""id"":""2394554013"",""display_name"":""Zhongxiang Liu""},""institutions"":[]},{""author"":{""id"":""2429010877"",""display_name"":""Shi-Chu Zhang""},""institutions"":[]}]"
67f6aa723071b1eb68692ceb6a74b08d5dd76145,10.1109/LRA.2026.3666388,EeveeDark: A Binary Neural Framework for Low-Light Video Enhancement via Event-Guided Sensor-Level Fusion,2026,IEEE Robotics and Automation Letters,0,O. Eker;Erkut Erdem;Aykut Erdem,"[{""author"":{""id"":""32449861"",""display_name"":""O. Eker""},""institutions"":[]},{""author"":{""id"":""152330322"",""display_name"":""Erkut Erdem""},""institutions"":[]},{""author"":{""id"":""2253752451"",""display_name"":""Aykut Erdem""},""institutions"":[]}]"
3dd0297a4e9133a38231a7744d56612b8cd8dfc3,10.1016/j.eswa.2026.132424,DarkCORE: Efficient low-light object detection via collaborative reflectance denoising and object-oriented feature enhancement,2026,Expert systems with applications,1,Xin Feng;Jie Wang;Yunlong Wang;Junxiang Zeng;Di Ming,"[{""author"":{""id"":""2279745469"",""display_name"":""Xin Feng""},""institutions"":[]},{""author"":{""id"":""2430757396"",""display_name"":""Jie Wang""},""institutions"":[]},{""author"":{""id"":""2279749885"",""display_name"":""Yunlong Wang""},""institutions"":[]},{""author"":{""id"":""2273686951"",""display_name"":""Junxiang Zeng""},""institutions"":[]},{""author"":{""id"":""2157428703"",""display_name"":""Di Ming""},""institutions"":[]}]"
9d7332dcc5222a31cfa001fc442082ac0abed1d7,10.1016/j.cviu.2026.104776,SNRD-Net: SNR-aware dual enhancement network for low-light images,2026,Computer Vision and Image Understanding,0,Muhammad Zain ul Abideen;Nan An;Long Ma;Risheng Liu,"[{""author"":{""id"":""88249299"",""display_name"":""Muhammad Zain ul Abideen""},""institutions"":[]},{""author"":{""id"":""2347539421"",""display_name"":""Nan An""},""institutions"":[]},{""author"":{""id"":""1732160"",""display_name"":""Long Ma""},""institutions"":[]},{""author"":{""id"":""2237951125"",""display_name"":""Risheng Liu""},""institutions"":[]}]"
1a7ad1717df80cb8bf1b5e072aedc748f3e79f6d,10.3390/sym18040564,DADNet: Dual-Branch Low-Light Image Enhancement Network Based on Attention Mechanism and Dark Channel Prior,2026,Symmetry,0,Lingyu Wang;Minli Tang;Hua Li;Feiyan Yang;Ming Yuan,"[{""author"":{""id"":""2287613462"",""display_name"":""Lingyu Wang""},""institutions"":[]},{""author"":{""id"":""2113728085"",""display_name"":""Minli Tang""},""institutions"":[]},{""author"":{""id"":""2127040617"",""display_name"":""Hua Li""},""institutions"":[]},{""author"":{""id"":""2351562707"",""display_name"":""Feiyan Yang""},""institutions"":[]},{""author"":{""id"":""2284290820"",""display_name"":""Ming Yuan""},""institutions"":[]}]"
de2cf5d002f911b1ef96e220dabea1c958f0d76e,10.3390/app16052450,HVIFormer: A Dual-Stage Low-Light Image Enhancement Method Based on HVI Representation,2026,Applied Sciences,0,Yimei Li;Liuhong Luo;Hongjun Li,"[{""author"":{""id"":""2291528175"",""display_name"":""Yimei Li""},""institutions"":[]},{""author"":{""id"":""1406038179"",""display_name"":""Liuhong Luo""},""institutions"":[]},{""author"":{""id"":""2155567069"",""display_name"":""Hongjun Li""},""institutions"":[]}]"
cd05df06b7616e4c07415155af1a186d611dd2a6,10.1109/JIOT.2025.3629839,Low-Light Image Enhancement for Edge-Based Security Surveillance in 6G-IoT Visual Systems,2026,IEEE Internet of Things Journal,2,V. K. Singh;Niharika Anand;Krishna Sharma S;.. A. Anjali;Mahendra K. Shukla;Rajkumar Singh Rathore;Weiwei Jiang,"[{""author"":{""id"":""2283591002"",""display_name"":""V. K. Singh""},""institutions"":[]},{""author"":{""id"":""2319927159"",""display_name"":""Niharika Anand""},""institutions"":[]},{""author"":{""id"":""2413139163"",""display_name"":""Krishna Sharma S""},""institutions"":[]},{""author"":{""id"":""2413138572"",""display_name"":"".. A. Anjali""},""institutions"":[]},{""author"":{""id"":""2413134930"",""display_name"":""Mahendra K. Shukla""},""institutions"":[]},{""author"":{""id"":""33058369"",""display_name"":""Rajkumar Singh Rathore""},""institutions"":[]},{""author"":{""id"":""2202878685"",""display_name"":""Weiwei Jiang""},""institutions"":[]}]"
7ac171d1c4d141c740c1a084b8fbfc58030026ef,10.1016/j.ijleo.2026.172729,Low-Light Image Enhancement via Deep Curve Estimation with Feature Refinement,2026,Optik (Stuttgart),0,Tan You;Tan Jian Ding;Lee Yan Kang;Kang Chao;Mohammad Arif Sobhan Bhuiyan,"[{""author"":{""id"":""2140101204"",""display_name"":""Tan You""},""institutions"":[]},{""author"":{""id"":""2277539233"",""display_name"":""Tan Jian Ding""},""institutions"":[]},{""author"":{""id"":""2277591191"",""display_name"":""Lee Yan Kang""},""institutions"":[]},{""author"":{""id"":""48509971"",""display_name"":""Kang Chao""},""institutions"":[]},{""author"":{""id"":""2238136596"",""display_name"":""Mohammad Arif Sobhan Bhuiyan""},""institutions"":[]}]"
5786b87bf2492a759f3b130c5dd3d53a73a8eb05,10.3390/digital6010013,Target Detection in Underground Mines Based on Low-Light Image Enhancement,2026,Digit.,3,Haodong Guo;Kaibo Lu;Shanning Zhan;Jiangtao Li;Zhifei Wu,"[{""author"":{""id"":""2365499273"",""display_name"":""Haodong Guo""},""institutions"":[]},{""author"":{""id"":""2070274721"",""display_name"":""Kaibo Lu""},""institutions"":[]},{""author"":{""id"":""2274571573"",""display_name"":""Shanning Zhan""},""institutions"":[]},{""author"":{""id"":""2371062775"",""display_name"":""Jiangtao Li""},""institutions"":[]},{""author"":{""id"":""2240327642"",""display_name"":""Zhifei Wu""},""institutions"":[]}]"
207be8dcde32a570c3453510d7caa5c6cf324a20,10.1007/s13042-025-02927-z,IGDBT: Illumination-guide dual branch transformer for low-light image enhancement,2026,International Journal of Machine Learning and Cybernetics,2,Yunuo Xie;Zhijia Zhang;Xin Huang;Xingqi Na,"[{""author"":{""id"":""2410953584"",""display_name"":""Yunuo Xie""},""institutions"":[]},{""author"":{""id"":""2337202911"",""display_name"":""Zhijia Zhang""},""institutions"":[]},{""author"":{""id"":""2368656770"",""display_name"":""Xin Huang""},""institutions"":[]},{""author"":{""id"":""2353512139"",""display_name"":""Xingqi Na""},""institutions"":[]}]"
4ff78b9e7112b9e40e53976bbda1cea6ffdc5e15,10.1109/LRA.2026.3717193,LiDAR-Anchored Collaborative Distillation for Robust 2D Representations,2026,IEEE Robotics and Automation Letters,0,Wonjun Jo;Hyunwoo Ha;Kim Ji-Yeon;Hawook Jeong;Tae-Hyun Oh,"[{""author"":{""id"":""2401827864"",""display_name"":""Wonjun Jo""},""institutions"":[]},{""author"":{""id"":""2281868998"",""display_name"":""Hyunwoo Ha""},""institutions"":[]},{""author"":{""id"":""2299701781"",""display_name"":""Kim Ji-Yeon""},""institutions"":[]},{""author"":{""id"":""2544084"",""display_name"":""Hawook Jeong""},""institutions"":[]},{""author"":{""id"":""2274931352"",""display_name"":""Tae-Hyun Oh""},""institutions"":[]}]"
4e0052c30b90e8188ed06e312a33d5e13bb42504,10.1109/CIPHER70417.2026.11523874,A Hybrid Approach for Low Light Image Enhancement using Traditional and Deep Learning,2026,"2026 International Conference on Intelligent Processing, Hardware, Electronics, and Radio Systems (CIPHER)",0,S.Pradeesh Kumar;Mithilesh Kumar Singh Yadav;Nagendra Pratap Singh,"[{""author"":{""id"":""2333847276"",""display_name"":""S.Pradeesh Kumar""},""institutions"":[]},{""author"":{""id"":""2212995586"",""display_name"":""Mithilesh Kumar Singh Yadav""},""institutions"":[]},{""author"":{""id"":""2347890077"",""display_name"":""Nagendra Pratap Singh""},""institutions"":[]}]"
5e30f5894843447fa762a695a361c36160aa1ecd,10.48550/arXiv.2602.08699,Low-Light Video Enhancement with An Effective Spatial-Temporal Decomposition Paradigm,2026,arXiv.org,0,Xiaogang Xu;Kun Zhou;Tao Hu;Jiafei Wu;Ruixing Wang;Hao Peng;Bei Yu,"[{""author"":{""id"":""2373442317"",""display_name"":""Xiaogang Xu""},""institutions"":[]},{""author"":{""id"":""2269757386"",""display_name"":""Kun Zhou""},""institutions"":[]},{""author"":{""id"":""2291014998"",""display_name"":""Tao Hu""},""institutions"":[]},{""author"":{""id"":""2276486864"",""display_name"":""Jiafei Wu""},""institutions"":[]},{""author"":{""id"":""2303302229"",""display_name"":""Ruixing Wang""},""institutions"":[]},{""author"":{""id"":""2362646460"",""display_name"":""Hao Peng""},""institutions"":[]},{""author"":{""id"":""2362514661"",""display_name"":""Bei Yu""},""institutions"":[]}]"
5c41c6c7890e59698249cc71ee596e5b1a1d80b8,10.1109/ACDSA67686.2026.11468198,ICE-GAN: A Low Light Image Enhancement Model,2026,"2026 International Conference on Artificial Intelligence, Computer, Data Sciences and Applications (ACDSA)",0,Divya Prasad K. H;A. S. Nair;S. G.,"[{""author"":{""id"":""2416778897"",""display_name"":""Divya Prasad K. H""},""institutions"":[]},{""author"":{""id"":""2055262721"",""display_name"":""A. S. Nair""},""institutions"":[]},{""author"":{""id"":""2219659637"",""display_name"":""S. G.""},""institutions"":[]}]"
1c54cb7c86f42be16cc8f907ff0a82f5ed9d9860,10.1016/j.optlastec.2025.114432,Frequency-aware retinex-wavelet decomposition hybrid network and luminance-guided transformers for low-light image enhancement,2026,Optics &amp; Laser Technology,9,Yi Lu;Jun Huang;Yong Ma;Fan Fan;Kangle Wu;Ge Wang,"[{""author"":{""id"":""2398722320"",""display_name"":""Yi Lu""},""institutions"":[]},{""author"":{""id"":""2118226234"",""display_name"":""Jun Huang""},""institutions"":[]},{""author"":{""id"":""2291680328"",""display_name"":""Yong Ma""},""institutions"":[]},{""author"":{""id"":""40513331"",""display_name"":""Fan Fan""},""institutions"":[]},{""author"":{""id"":""2296028507"",""display_name"":""Kangle Wu""},""institutions"":[]},{""author"":{""id"":""2296241759"",""display_name"":""Ge Wang""},""institutions"":[]}]"
81f6bab29783adbac76162ce567e8e351a325705,10.1007/s00371-026-04375-4,Enhancing low-light image quality: a multi-granularity memory approach with RetinexMemory,2026,The Visual Computer,1,Xinyang Zhang;Lei Zhang,"[{""author"":{""id"":""2399999294"",""display_name"":""Xinyang Zhang""},""institutions"":[]},{""author"":{""id"":""2286036173"",""display_name"":""Lei Zhang""},""institutions"":[]}]"
ce7d5ff349dfa2c029fde95913eb989a95c6f25c,10.1016/j.patrec.2026.02.002,LPENet: A laplacian pyramid enhancement network for object detection in low-light conditions,2026,Pattern Recognition Letters,1,Xiaoyu Wu;Yuxiang Shao;Xinyu Jin,"[{""author"":{""id"":""2329311875"",""display_name"":""Xiaoyu Wu""},""institutions"":[]},{""author"":{""id"":""2330076798"",""display_name"":""Yuxiang Shao""},""institutions"":[]},{""author"":{""id"":""2342650177"",""display_name"":""Xinyu Jin""},""institutions"":[]}]"
8f02484061efad6d886a593246b4de4378d7f494,10.1007/s00371-026-04368-3,SARA-Net: a lightweight and adaptive network for low-light image enhancement,2026,The Visual Computer,0,Hai Nan;Wan Chen;Hongji Chen,"[{""author"":{""id"":""2277257957"",""display_name"":""Hai Nan""},""institutions"":[]},{""author"":{""id"":""2411233726"",""display_name"":""Wan Chen""},""institutions"":[]},{""author"":{""id"":""2351796298"",""display_name"":""Hongji Chen""},""institutions"":[]}]"
0cafd88165887a449bb48b54d61368e92ac1e740,10.1016/j.dsp.2026.106010,A pretrained CNN-guided diffusion framework with color transfer for low-light image enhancement,2026,Digit. Signal Process.,0,Junfang Tu;Wei Li;Yongcan Zhao;Kunyan Zhang,"[{""author"":{""id"":""2369602864"",""display_name"":""Junfang Tu""},""institutions"":[]},{""author"":{""id"":""2285128159"",""display_name"":""Wei Li""},""institutions"":[]},{""author"":{""id"":""2297704345"",""display_name"":""Yongcan Zhao""},""institutions"":[]},{""author"":{""id"":""5332972"",""display_name"":""Kunyan Zhang""},""institutions"":[]}]"
38ad51f86512cb240b1b54e1708a46911ec5f42b,10.1007/s00034-025-03442-w,Structure Awareness Wavelet Transformer Network for Low-Light Image Enhancement,2026,"Circuits, systems, and signal processing",1,Kaige Cui;Weiwei Wang;Yujie Wang;Yi Wu,"[{""author"":{""id"":""2403809162"",""display_name"":""Kaige Cui""},""institutions"":[]},{""author"":{""id"":""2253902542"",""display_name"":""Weiwei Wang""},""institutions"":[]},{""author"":{""id"":""2403778864"",""display_name"":""Yujie Wang""},""institutions"":[]},{""author"":{""id"":""2403857945"",""display_name"":""Yi Wu""},""institutions"":[]}]"
bee75a66e333f7f890d448e2a1266f6f97389558,10.1109/ISCAIT69154.2026.11477491,Low-Light Image Enhancement Based on Retinex with Multi-Scale Attention Fusion,2026,2026 5th International Symposium on Computer Applications and Information Technology (ISCAIT),0,Simeng Tu;Qishen Li;Xiong Ying;Qiufeng Li;Hua Huang,"[{""author"":{""id"":""2430893368"",""display_name"":""Simeng Tu""},""institutions"":[]},{""author"":{""id"":""2108107216"",""display_name"":""Qishen Li""},""institutions"":[]},{""author"":{""id"":""2113267284"",""display_name"":""Xiong Ying""},""institutions"":[]},{""author"":{""id"":""2154487963"",""display_name"":""Qiufeng Li""},""institutions"":[]},{""author"":{""id"":""2154489526"",""display_name"":""Hua Huang""},""institutions"":[]}]"
39303b31c6786009a33cfca4032479d0122e2695,10.1007/s00530-025-02099-4,Multi-sparsity isotropic gradient regularization for edge-preserving image smoothing,2026,Multimedia Systems,1,Yang Yang;Xi Zhang;Yiwen Xiong;Xinsheng Wang;Xi Leng,"[{""author"":{""id"":""2242793598"",""display_name"":""Yang Yang""},""institutions"":[]},{""author"":{""id"":""2403343291"",""display_name"":""Xi Zhang""},""institutions"":[]},{""author"":{""id"":""2187774355"",""display_name"":""Yiwen Xiong""},""institutions"":[]},{""author"":{""id"":""2352975514"",""display_name"":""Xinsheng Wang""},""institutions"":[]},{""author"":{""id"":""2398799588"",""display_name"":""Xi Leng""},""institutions"":[]}]"
0caf47b532b37f2683bd38f87d4fef4a5a756439,10.1007/s10994-025-06981-0,Low-Light Scene Text Image Enhancement in the Wild,2026,Machine-mediated learning,0,Haiyang Yu;Wei Lu;Yinglian Zhu;Ke Niu;Xiangyang Xue;Bin Li,"[{""author"":{""id"":""2187451203"",""display_name"":""Haiyang Yu""},""institutions"":[]},{""author"":{""id"":""2347685425"",""display_name"":""Wei Lu""},""institutions"":[]},{""author"":{""id"":""2365422519"",""display_name"":""Yinglian Zhu""},""institutions"":[]},{""author"":{""id"":""2238955236"",""display_name"":""Ke Niu""},""institutions"":[]},{""author"":{""id"":""2212947154"",""display_name"":""Xiangyang Xue""},""institutions"":[]},{""author"":{""id"":""2212052721"",""display_name"":""Bin Li""},""institutions"":[]}]"
f2d383a7868f5ec1f51a32510c8819763cd0c6c6,10.1016/j.optlastec.2025.114175,HazeLightFormer: Joint transformer model for image dehazing and low-light restoration,2026,Optics &amp; Laser Technology,3,Nuthi Raju;Sathish Mothe;Kankanala Srinivas;Balaram Murthy Chintakindi,"[{""author"":{""id"":""2314715018"",""display_name"":""Nuthi Raju""},""institutions"":[]},{""author"":{""id"":""2387411517"",""display_name"":""Sathish Mothe""},""institutions"":[]},{""author"":{""id"":""2314725730"",""display_name"":""Kankanala Srinivas""},""institutions"":[]},{""author"":{""id"":""2209718856"",""display_name"":""Balaram Murthy Chintakindi""},""institutions"":[]}]"
ba8122d67ac7f2433359c8cbf7ac761641305238,10.1016/j.engappai.2025.113388,A robust zero-shot framework based on adaptive illumination perception and trichromatic calibration for extreme low-light image enhancement,2026,Engineering applications of artificial intelligence,3,Xuan Li;Zhaoming Feng;Weiwei Chen;Guomin Zhang;Yifan Ding;Li Cheng,"[{""author"":{""id"":""2243031426"",""display_name"":""Xuan Li""},""institutions"":[]},{""author"":{""id"":""2311811083"",""display_name"":""Zhaoming Feng""},""institutions"":[]},{""author"":{""id"":""2187150427"",""display_name"":""Weiwei Chen""},""institutions"":[]},{""author"":{""id"":""2311825194"",""display_name"":""Guomin Zhang""},""institutions"":[]},{""author"":{""id"":""2311857420"",""display_name"":""Yifan Ding""},""institutions"":[]},{""author"":{""id"":""2283966633"",""display_name"":""Li Cheng""},""institutions"":[]}]"
486dce624caa2b299a9c959219fa93fc71ea0345,10.1016/j.neucom.2026.132634,LowLight-NeRF: A novel framework for high-fidelity neural rendering in challenging low-light,2026,Neurocomputing,1,Xiaohui Wang;Zhenyu Yin;Feiqing Zhang,"[{""author"":{""id"":""2182521397"",""display_name"":""Xiaohui Wang""},""institutions"":[]},{""author"":{""id"":""2321488192"",""display_name"":""Zhenyu Yin""},""institutions"":[]},{""author"":{""id"":""151481679"",""display_name"":""Feiqing Zhang""},""institutions"":[]}]"
9ce5584b20ae0f420d627f03ac4a4acc7535e092,10.1016/j.dsp.2026.105933,Progressive enhancement method for low-light images via self-supervised learning,2026,Digit. Signal Process.,1,Wenxia Bao;Wentao Guo;Zonghao Tian;Nian Wang,"[{""author"":{""id"":""2311911116"",""display_name"":""Wenxia Bao""},""institutions"":[]},{""author"":{""id"":""2304937496"",""display_name"":""Wentao Guo""},""institutions"":[]},{""author"":{""id"":""2069521593"",""display_name"":""Zonghao Tian""},""institutions"":[]},{""author"":{""id"":""2152171257"",""display_name"":""Nian Wang""},""institutions"":[]}]"
022d5c3ac5a090a31a7927b542ee004ed5fa5941,10.1016/j.patcog.2026.113122,Illumination-adaptive feature enhancement for low-light object detection,2026,Pattern Recognition,4,Jiajia Lu;Wenping Zheng;Yuhua Qian;Xinyan Liang;Keqi Wang;Zhian Yuan,"[{""author"":{""id"":""2260059059"",""display_name"":""Jiajia Lu""},""institutions"":[]},{""author"":{""id"":""2407371549"",""display_name"":""Wenping Zheng""},""institutions"":[]},{""author"":{""id"":""2187326606"",""display_name"":""Yuhua Qian""},""institutions"":[]},{""author"":{""id"":""9540574"",""display_name"":""Xinyan Liang""},""institutions"":[]},{""author"":{""id"":""2318750600"",""display_name"":""Keqi Wang""},""institutions"":[]},{""author"":{""id"":""2279162346"",""display_name"":""Zhian Yuan""},""institutions"":[]}]"
d7471003063f7dbd8478241f5dc5ece9f567ccfe,10.32604/cmc.2025.067041,RetinexWT: Retinex-Based Low-Light Enhancement Method Combining Wavelet Transform,2026,Comput. Mater. Continua,3,Hongji Chen;Jianxun Zhang;Tianze Yu;Yingzhu Zeng;Huan Zeng,"[{""author"":{""id"":""2374279063"",""display_name"":""Hongji Chen""},""institutions"":[]},{""author"":{""id"":""2374286482"",""display_name"":""Jianxun Zhang""},""institutions"":[]},{""author"":{""id"":""2393902194"",""display_name"":""Tianze Yu""},""institutions"":[]},{""author"":{""id"":""2374288364"",""display_name"":""Yingzhu Zeng""},""institutions"":[]},{""author"":{""id"":""2380001065"",""display_name"":""Huan Zeng""},""institutions"":[]}]"
b3b59bc2ab0bf5f92e14dbbbb4d71f2deefbe30e,10.1049/ipr2.70341,Mean‐Local Binary Pattern‐Guided Multi‐Attention Network for Low‐Light Image Enhancement,2026,IET Image Processing,0,Binxin Tang;Xianchun Zhou;Jiewen Tian;Mengnan Lv;Ying Zhang,"[{""author"":{""id"":""2425784821"",""display_name"":""Binxin Tang""},""institutions"":[]},{""author"":{""id"":""9302947"",""display_name"":""Xianchun Zhou""},""institutions"":[]},{""author"":{""id"":""2265356246"",""display_name"":""Jiewen Tian""},""institutions"":[]},{""author"":{""id"":""2425704437"",""display_name"":""Mengnan Lv""},""institutions"":[]},{""author"":{""id"":""2292448853"",""display_name"":""Ying Zhang""},""institutions"":[]}]"
c62ffca0be9eda6b3e3726553615c4d4efbab3ec,10.1007/s00138-025-01778-6,Perceptual enhanced multi-exposure image fusion network based on dual-domain learning,2025,Machine Vision and Applications,1,Zheyu Shi;Yong Peng;Yong Zhong;Xiaolin Qin,"[{""author"":{""id"":""2258681113"",""display_name"":""Zheyu Shi""},""institutions"":[]},{""author"":{""id"":""2316519605"",""display_name"":""Yong Peng""},""institutions"":[]},{""author"":{""id"":""2316544777"",""display_name"":""Yong Zhong""},""institutions"":[]},{""author"":{""id"":""2342112963"",""display_name"":""Xiaolin Qin""},""institutions"":[]}]"
f5aa3dc69722c409ad3c3f0e3048d9215e2d475e,10.1109/IPMML68499.2025.11407408,SFD-Net: Spatial-frequency domain dual-branch cross-domain interactive denoising for Low-light Image Enhancement,2025,"2025 2nd International Conference on Image Processing, Multimedia Technology and Machine Learning (IPMML)",0,Zhao An,"[{""author"":{""id"":""2410514467"",""display_name"":""Zhao An""},""institutions"":[]}]"
24219205e77818547b2525f4efd7f0e80163164c,10.1109/EIECC67963.2025.11409619,Object Detection in Adverse Weather Based on Image Enhancement and Feature Decomposition and Enhancement,2025,2025 5th International Conference on Electronic Information Engineering and Computer Communication (EIECC),0,Jingwen Xie;Qishen Li;Ying Xiong;Qiufeng Li;Hua Huang,"[{""author"":{""id"":""2338861332"",""display_name"":""Jingwen Xie""},""institutions"":[]},{""author"":{""id"":""2108107216"",""display_name"":""Qishen Li""},""institutions"":[]},{""author"":{""id"":""2237132490"",""display_name"":""Ying Xiong""},""institutions"":[]},{""author"":{""id"":""2154487963"",""display_name"":""Qiufeng Li""},""institutions"":[]},{""author"":{""id"":""2154489526"",""display_name"":""Hua Huang""},""institutions"":[]}]"
29e7075854ea354a1f345402342d906a1961d16b,10.1109/ICEACE67491.2025.11439055,Towards Vehicle-Infrastructure Cooperation: A Retina-Inspired Model for Low-Light Image Enhancement,2025,"2025 IEEE 3rd International Conference on Electrical, Automation and Computer Engineering (ICEACE)",0,Fangzhou He;Jie Li;Xiaohui Li;Peixian Zhang;Yi Xiang;Zhihua Qu,"[{""author"":{""id"":""2289924670"",""display_name"":""Fangzhou He""},""institutions"":[]},{""author"":{""id"":""2298095688"",""display_name"":""Jie Li""},""institutions"":[]},{""author"":{""id"":""2257359990"",""display_name"":""Xiaohui Li""},""institutions"":[]},{""author"":{""id"":""2338057038"",""display_name"":""Peixian Zhang""},""institutions"":[]},{""author"":{""id"":""2372196505"",""display_name"":""Yi Xiang""},""institutions"":[]},{""author"":{""id"":""2293505841"",""display_name"":""Zhihua Qu""},""institutions"":[]}]"
03700ff0f8278b2b1d442ddf1a009dc7bc757eed,10.1109/TIP.2025.3644172,SGNet: Style-Guided Network With Temporal Compensation for Unpaired Low-Light Colonoscopy Video Enhancement,2025,IEEE Transactions on Image Processing,3,Guanghui Yue;Lixin Zhang;Wanqing Liu;Jingfeng Du;Tianwei Zhou;Hanhe Lin;Qiuping Jiang;Wenqi Ren,"[{""author"":{""id"":""2119003274"",""display_name"":""Guanghui Yue""},""institutions"":[]},{""author"":{""id"":""2321484379"",""display_name"":""Lixin Zhang""},""institutions"":[]},{""author"":{""id"":""2346047327"",""display_name"":""Wanqing Liu""},""institutions"":[]},{""author"":{""id"":""16291945"",""display_name"":""Jingfeng Du""},""institutions"":[]},{""author"":{""id"":""50018428"",""display_name"":""Tianwei Zhou""},""institutions"":[]},{""author"":{""id"":""2268019384"",""display_name"":""Hanhe Lin""},""institutions"":[]},{""author"":{""id"":""2238896888"",""display_name"":""Qiuping Jiang""},""institutions"":[]},{""author"":{""id"":""2260700948"",""display_name"":""Wenqi Ren""},""institutions"":[]}]"
7de2fbb68fb7c22a180c43e6d9052184019fe313,10.1109/MLCIPR68329.2025.11407279,Vision-Based Method for Visitor Detection in Nighttime Scenic Spots,2025,"2025 International Conference on Machine Learning, Computational Intelligence and Pattern Recognition (MLCIPR)",0,Jiachang Li;Yixuan Xing;Zhichao Xin;Yong Wu;Jianping Xing,"[{""author"":{""id"":""2292294135"",""display_name"":""Jiachang Li""},""institutions"":[]},{""author"":{""id"":""2409453648"",""display_name"":""Yixuan Xing""},""institutions"":[]},{""author"":{""id"":""2326618994"",""display_name"":""Zhichao Xin""},""institutions"":[]},{""author"":{""id"":""2115860396"",""display_name"":""Yong Wu""},""institutions"":[]},{""author"":{""id"":""2259092041"",""display_name"":""Jianping Xing""},""institutions"":[]}]"
fefcd069fced019d94688886f7bd77a266bd194f,10.1109/ICVRV67992.2025.00132,DINO-Night: A Low-Illumination Road Object Detection Method with Adaptive Illumination and Feature Fusion,2025,International Conference on Virtual Reality and Visualization,0,Ke Liu;Xiao-Hui Wang;De Li;Jin-Chun Piao,"[{""author"":{""id"":""2375719922"",""display_name"":""Ke Liu""},""institutions"":[]},{""author"":{""id"":""2118240587"",""display_name"":""Xiao-Hui Wang""},""institutions"":[]},{""author"":{""id"":""2282286360"",""display_name"":""De Li""},""institutions"":[]},{""author"":{""id"":""2281989811"",""display_name"":""Jin-Chun Piao""},""institutions"":[]}]"
6eadcc88c21fc5141eb63f014e162ca938c09987,10.3390/met15121380,Deep Learning-Based Automatic Recognition of Segregation in Continuous Casting Slabs,2025,Metals,2,Xiaojuan Wu;Jiwu Zhang;Fujian Guo;R. Devesh;Kumar Misra;Xuemin Wang;Xiucheng Li,"[{""author"":{""id"":""2154605634"",""display_name"":""Xiaojuan Wu""},""institutions"":[]},{""author"":{""id"":""2107982065"",""display_name"":""Jiwu Zhang""},""institutions"":[]},{""author"":{""id"":""117778344"",""display_name"":""Fujian Guo""},""institutions"":[]},{""author"":{""id"":""2363698601"",""display_name"":""R. Devesh""},""institutions"":[]},{""author"":{""id"":""2363698633"",""display_name"":""Kumar Misra""},""institutions"":[]},{""author"":{""id"":""2336530093"",""display_name"":""Xuemin Wang""},""institutions"":[]},{""author"":{""id"":""2329083599"",""display_name"":""Xiucheng Li""},""institutions"":[]}]"
994329253cc932f05882fdc360bf200830400430,10.1109/ISPCT68220.2025.11406860,Exploiting Temporal Redundancy with Generative Priors: A Transformer-based Framework for Low-Light Image Enhancement,2025,"2025 2nd International Conference on Image, Signal Processing and Communication Technology (ISPCT)",0,Miaomiao Tian;Shenshen Luan,"[{""author"":{""id"":""2056454564"",""display_name"":""Miaomiao Tian""},""institutions"":[]},{""author"":{""id"":""2294359625"",""display_name"":""Shenshen Luan""},""institutions"":[]}]"
ec571e94c2a8df622d55435c7cb1d0d0389bad0c,10.1016/j.sigpro.2025.110484,Dual enhancement of low-light image based on single-channel curve estimation,2025,Signal Processing,1,Wei Hu;Manli Wang;Changsen Zhang,"[{""author"":{""id"":""2384167852"",""display_name"":""Wei Hu""},""institutions"":[]},{""author"":{""id"":""2145276979"",""display_name"":""Manli Wang""},""institutions"":[]},{""author"":{""id"":""2204126324"",""display_name"":""Changsen Zhang""},""institutions"":[]}]"
1d66c63a9ae87a6c95b3a053fe1be692fe445e58,10.1038/s41598-025-26962-6,Multi-branch low-light image iterative enhancement network,2025,Scientific Reports,3,Yiwen Dou;Yiting Gao;Mei Gao;Senyan Zhao;Chenhao Zeng,"[{""author"":{""id"":""2395817702"",""display_name"":""Yiwen Dou""},""institutions"":[]},{""author"":{""id"":""2158445784"",""display_name"":""Yiting Gao""},""institutions"":[]},{""author"":{""id"":""2147416198"",""display_name"":""Mei Gao""},""institutions"":[]},{""author"":{""id"":""2000834112"",""display_name"":""Senyan Zhao""},""institutions"":[]},{""author"":{""id"":""2396318217"",""display_name"":""Chenhao Zeng""},""institutions"":[]}]"
4e55ace2eddd2fa8b3b59ba7031f8f9ee466d358,10.1016/j.displa.2025.103163,DRIGNet: Low-light image enhancement based on dual-range information guidance,2025,Displays (Guildford),2,Feng Huang;Jiong Huang;Jing Wu;Jianhua Lin;Jing Guo;Yunxiang Li;Zhewei Liu,"[{""author"":{""id"":""2153751686"",""display_name"":""Feng Huang""},""institutions"":[]},{""author"":{""id"":""2128676588"",""display_name"":""Jiong Huang""},""institutions"":[]},{""author"":{""id"":""2149267521"",""display_name"":""Jing Wu""},""institutions"":[]},{""author"":{""id"":""2279519332"",""display_name"":""Jianhua Lin""},""institutions"":[]},{""author"":{""id"":""2269771415"",""display_name"":""Jing Guo""},""institutions"":[]},{""author"":{""id"":""2297812171"",""display_name"":""Yunxiang Li""},""institutions"":[]},{""author"":{""id"":""2323398329"",""display_name"":""Zhewei Liu""},""institutions"":[]}]"
bd5fa1f313109383b484b710383bb19c223ac7b3,10.1016/j.displa.2025.103174,DELIA-Net: A Detail-Enhanced and Local Illumination Adjustment Network for nighttime road image enhancement,2025,Displays (Guildford),3,Ruoyu Yang;Huaixin Chen;Sijie Luo;Zhixi Wang,"[{""author"":{""id"":""2347942452"",""display_name"":""Ruoyu Yang""},""institutions"":[]},{""author"":{""id"":""2258684586"",""display_name"":""Huaixin Chen""},""institutions"":[]},{""author"":{""id"":""2316897483"",""display_name"":""Sijie Luo""},""institutions"":[]},{""author"":{""id"":""2350298082"",""display_name"":""Zhixi Wang""},""institutions"":[]}]"
45a1ca16efdfbcc43e8d409cf02e025f30586a01,10.1016/j.engappai.2025.112263,Diffusion-based feature absorption approach for improving lightweight object detectors in adverse weather conditions,2025,Engineering applications of artificial intelligence,3,Quoc-Viet Hoang;Trung-Hieu Le,"[{""author"":{""id"":""2303941072"",""display_name"":""Quoc-Viet Hoang""},""institutions"":[]},{""author"":{""id"":""46230648"",""display_name"":""Trung-Hieu Le""},""institutions"":[]}]"
a34645ce8ecf56e3279fc17c7bd8cea44ad222c6,10.1109/JSTSP.2025.3632537,Self-Supervised Low-Light Hyperspectral Image Enhancement via Fourier-Based Transformer Network,2025,IEEE Journal on Selected Topics in Signal Processing,0,M. Demirhan;S. E. Yuksel;Erkut Erdem;Aykut Erdem;A.-M. Raita-Hakola;I. Pölönen,"[{""author"":{""id"":""9449524"",""display_name"":""M. Demirhan""},""institutions"":[]},{""author"":{""id"":""3162554"",""display_name"":""S. E. Yuksel""},""institutions"":[]},{""author"":{""id"":""152330322"",""display_name"":""Erkut Erdem""},""institutions"":[]},{""author"":{""id"":""2253752451"",""display_name"":""Aykut Erdem""},""institutions"":[]},{""author"":{""id"":""2125362197"",""display_name"":""A.-M. Raita-Hakola""},""institutions"":[]},{""author"":{""id"":""2565479"",""display_name"":""I. Pölönen""},""institutions"":[]}]"
9618adcd534fff7a024a78fac074e7edc52f79d3,10.1109/STEPCon66008.2025.11473632,Zero-DiDCE: Dual-Illumination Curve Estimation For Zero-Reference Low-Light Image Enhancement,2025,2025 International Conference on Sustainable Technology in Energy and Power Systems (STEPCon),0,Yashwitha Reddy Chapala;Praveen Kumar Kalangi;Sriram Bodla;Aishwarya Tota;Nitisha Sharma;B. Goud;G. L. A. Babu;Gudepu Sai Krishna,"[{""author"":{""id"":""2428578257"",""display_name"":""Yashwitha Reddy Chapala""},""institutions"":[]},{""author"":{""id"":""2303924899"",""display_name"":""Praveen Kumar Kalangi""},""institutions"":[]},{""author"":{""id"":""2428578071"",""display_name"":""Sriram Bodla""},""institutions"":[]},{""author"":{""id"":""2428577907"",""display_name"":""Aishwarya Tota""},""institutions"":[]},{""author"":{""id"":""2405524302"",""display_name"":""Nitisha Sharma""},""institutions"":[]},{""author"":{""id"":""2283497149"",""display_name"":""B. Goud""},""institutions"":[]},{""author"":{""id"":""2287695861"",""display_name"":""G. L. A. Babu""},""institutions"":[]},{""author"":{""id"":""2381849293"",""display_name"":""Gudepu Sai Krishna""},""institutions"":[]}]"
6abc2e1f6d66c2f8c7b2b36e6c445e1a8bf2a592,10.1109/IoTaIS67227.2025.11282085,MDNet: Multi-Scale Detail-aware Network for Low-Light Image Enhancement,2025,International Conference on Internet of Things and Intelligence System,0,Aditya Bharadwaj;Inderjeet;J. S. Sahambi,"[{""author"":{""id"":""2399056560"",""display_name"":""Aditya Bharadwaj""},""institutions"":[]},{""author"":{""id"":""2212477566"",""display_name"":""Inderjeet""},""institutions"":[]},{""author"":{""id"":""2295129090"",""display_name"":""J. S. Sahambi""},""institutions"":[]}]"
0876840f8b2da1a08e89e343585c8f125959aa6d,10.48550/arXiv.2511.01510,Luminance-Aware Statistical Quantization: Unsupervised Hierarchical Learning for Illumination Enhancement,2025,Neural Information Processing Systems,3,Derong Kong;Zhixiong Yang;Shengxi Li;Shuaifeng Zhi;Li Liu;Zhen Liu;Jingyuan Xia,"[{""author"":{""id"":""2349817713"",""display_name"":""Derong Kong""},""institutions"":[]},{""author"":{""id"":""2244603168"",""display_name"":""Zhixiong Yang""},""institutions"":[]},{""author"":{""id"":""2298054749"",""display_name"":""Shengxi Li""},""institutions"":[]},{""author"":{""id"":""2315508563"",""display_name"":""Shuaifeng Zhi""},""institutions"":[]},{""author"":{""id"":""2390918957"",""display_name"":""Li Liu""},""institutions"":[]},{""author"":{""id"":""2296849096"",""display_name"":""Zhen Liu""},""institutions"":[]},{""author"":{""id"":""2339583268"",""display_name"":""Jingyuan Xia""},""institutions"":[]}]"
68ebb3ababe0a896baf3b317e007e8c468d0af26,10.1016/j.dsp.2025.105772,Zero-shot low-light image enhancement via scattering-based retinex decomposition,2025,Digit. Signal Process.,2,Zhangzhao Cha;Yi Tang,"[{""author"":{""id"":""2213174962"",""display_name"":""Zhangzhao Cha""},""institutions"":[]},{""author"":{""id"":""2332606773"",""display_name"":""Yi Tang""},""institutions"":[]}]"
2fe96346d3a5068a29d561cf0bf5c66ac68d40bd,10.1016/j.neunet.2025.108351,Rethinking progressive low-light image enhancement: A frequency-aware tripartite multi-scale network,2025,Neural Networks,1,Yingjian Li;Kaibing Zhang;Xuan Zhou;Zhouqiang Zhang;Sheng Hu,"[{""author"":{""id"":""2353663423"",""display_name"":""Yingjian Li""},""institutions"":[]},{""author"":{""id"":""2238968445"",""display_name"":""Kaibing Zhang""},""institutions"":[]},{""author"":{""id"":""2395969989"",""display_name"":""Xuan Zhou""},""institutions"":[]},{""author"":{""id"":""2330255180"",""display_name"":""Zhouqiang Zhang""},""institutions"":[]},{""author"":{""id"":""2299529311"",""display_name"":""Sheng Hu""},""institutions"":[]}]"
4dd342a27a2fa65b0b45bc08552caaa4c21dd49a,10.3390/s25227038,DCD-Net: Decoupling-Centric Decomposition Network for Low-Light Image Enhancement,2025,Italian National Conference on Sensors,1,Wei Wang;Yi Zhu;Mingming Zhang;Chao Xie,"[{""author"":{""id"":""2158505639"",""display_name"":""Wei Wang""},""institutions"":[]},{""author"":{""id"":""2354603437"",""display_name"":""Yi Zhu""},""institutions"":[]},{""author"":{""id"":""2353847483"",""display_name"":""Mingming Zhang""},""institutions"":[]},{""author"":{""id"":""2158024018"",""display_name"":""Chao Xie""},""institutions"":[]}]"
cea36c0be74a4d74c3f221b4d27b0f9ac2992328,10.36948/ijfmr.2025.v07i05.59348,A Contemporary Survey of Low-Light Image Enhancement: From Sensor Physics to Perceptual Synthesis,2025,International Journal For Multidisciplinary Research,0,Jigar Dalwadi;Niteen Vaghela;Poonam Sahibani;Vishal M. Patel,"[{""author"":{""id"":""2391596532"",""display_name"":""Jigar Dalwadi""},""institutions"":[]},{""author"":{""id"":""2391595175"",""display_name"":""Niteen Vaghela""},""institutions"":[]},{""author"":{""id"":""2391594909"",""display_name"":""Poonam Sahibani""},""institutions"":[]},{""author"":{""id"":""2319851443"",""display_name"":""Vishal M. Patel""},""institutions"":[]}]"
976c850636176addd29ee604868ddf657d8c7227,10.48550/arXiv.2510.26001,Larger Hausdorff Dimension in Scanning Pattern Facilitates Mamba-Based Methods in Low-Light Image Enhancement,2025,arXiv.org,0,Xinhua Wang;Caibo Feng;Xiang Fu;Chunxiao Liu,"[{""author"":{""id"":""2387431624"",""display_name"":""Xinhua Wang""},""institutions"":[]},{""author"":{""id"":""2365053308"",""display_name"":""Caibo Feng""},""institutions"":[]},{""author"":{""id"":""2304147289"",""display_name"":""Xiang Fu""},""institutions"":[]},{""author"":{""id"":""2107927047"",""display_name"":""Chunxiao Liu""},""institutions"":[]}]"
31e229005bfe8405349137eea3eccf658ff1bc30,10.1109/INISTA68122.2025.11249673,Retinex-Fusion: A Novel Paradigm for Ultra-Low Light Image Enhancement,2025,International Symposium on INnovations in Intelligent SysTems and Applications,0,Sena Yagmur Sen;Mehmet Turkan;Gazihan Alankus,"[{""author"":{""id"":""122478756"",""display_name"":""Sena Yagmur Sen""},""institutions"":[]},{""author"":{""id"":""70031922"",""display_name"":""Mehmet Turkan""},""institutions"":[]},{""author"":{""id"":""2734839"",""display_name"":""Gazihan Alankus""},""institutions"":[]}]"
5e7791b4c2eb34dd54e2535e906c62465599febe,10.1117/12.3069574,Context-based low-light image enhancement via multiscale neural implicit representation,2025,Environmental Remote Sensing,1,Wenchao Li;Shuyuan Wen;Jinhao Zhu;Qiaofeng Ou;Bangshu Xiong,"[{""author"":{""id"":""2265521694"",""display_name"":""Wenchao Li""},""institutions"":[]},{""author"":{""id"":""2265494825"",""display_name"":""Shuyuan Wen""},""institutions"":[]},{""author"":{""id"":""2265666097"",""display_name"":""Jinhao Zhu""},""institutions"":[]},{""author"":{""id"":""2261011"",""display_name"":""Qiaofeng Ou""},""institutions"":[]},{""author"":{""id"":""2265489543"",""display_name"":""Bangshu Xiong""},""institutions"":[]}]"
f72a3234a3bd0f866d05201ad790945c779dbf11,10.48550/arXiv.2510.23444,FRBNet: Revisiting Low-Light Vision through Frequency-Domain Radial Basis Network,2025,Neural Information Processing Systems,2,Fangtong Sun;Congyu Li;Ke Yang;Yuchen Pan;Hanwen Yu;Xichuan Zhang;Yiying Li,"[{""author"":{""id"":""2350157855"",""display_name"":""Fangtong Sun""},""institutions"":[]},{""author"":{""id"":""2281999332"",""display_name"":""Congyu Li""},""institutions"":[]},{""author"":{""id"":""2256475188"",""display_name"":""Ke Yang""},""institutions"":[]},{""author"":{""id"":""2277575514"",""display_name"":""Yuchen Pan""},""institutions"":[]},{""author"":{""id"":""2834956"",""display_name"":""Hanwen Yu""},""institutions"":[]},{""author"":{""id"":""2316516219"",""display_name"":""Xichuan Zhang""},""institutions"":[]},{""author"":{""id"":""2241488738"",""display_name"":""Yiying Li""},""institutions"":[]}]"
c80ca89f1a56a4e9025f7f771e48b332cf9a9f01,10.1145/3746027.3755510,Learning Structural Priors via Laplacian RWKV Diffusion with Light-Effect Dataset for Nighttime Visibility Enhancement,2025,ACM Multimedia,2,Dirui Xie;Xiaofang Hu;Zihan Wei;Zhengqi Yang;Yanlian Jiang;Yue Zhou,"[{""author"":{""id"":""2211254189"",""display_name"":""Dirui Xie""},""institutions"":[]},{""author"":{""id"":""2289192561"",""display_name"":""Xiaofang Hu""},""institutions"":[]},{""author"":{""id"":""2212099672"",""display_name"":""Zihan Wei""},""institutions"":[]},{""author"":{""id"":""72486540"",""display_name"":""Zhengqi Yang""},""institutions"":[]},{""author"":{""id"":""2388540423"",""display_name"":""Yanlian Jiang""},""institutions"":[]},{""author"":{""id"":""2116451313"",""display_name"":""Yue Zhou""},""institutions"":[]}]"
bb40f61e6205e7fcc54a2070e278a85cf0ce9363,10.1145/3746027.3758142,A Novel Perspective on Low-Light Image Enhancement: Leveraging Artifact Regularization and Walsh-Hadamard Transform,2025,ACM Multimedia,3,Weilin Wu;Shifan Yang;Qizhao Lin;Xinghong Chen;Kunping Yang;Jing Wang;Guannan Chen,"[{""author"":{""id"":""2377903351"",""display_name"":""Weilin Wu""},""institutions"":[]},{""author"":{""id"":""2389391519"",""display_name"":""Shifan Yang""},""institutions"":[]},{""author"":{""id"":""2261867936"",""display_name"":""Qizhao Lin""},""institutions"":[]},{""author"":{""id"":""2118654284"",""display_name"":""Xinghong Chen""},""institutions"":[]},{""author"":{""id"":""2274753939"",""display_name"":""Kunping Yang""},""institutions"":[]},{""author"":{""id"":""40470615"",""display_name"":""Jing Wang""},""institutions"":[]},{""author"":{""id"":""2363602708"",""display_name"":""Guannan Chen""},""institutions"":[]}]"
f1548da8816919e2626d71a1a22754a3d481274f,10.1109/ICCV51701.2025.00906,RetinexMCNet: A Memory Controller Dominated Network for Low-Light Video Enhancement Based on Retinex,2025,IEEE International Conference on Computer Vision,3,Mei-Yang Wang;Xuejing Kang;Yaxi Lu;Jie Xu,"[{""author"":{""id"":""2304686040"",""display_name"":""Mei-Yang Wang""},""institutions"":[]},{""author"":{""id"":""1690834884"",""display_name"":""Xuejing Kang""},""institutions"":[]},{""author"":{""id"":""2456527836"",""display_name"":""Yaxi Lu""},""institutions"":[]},{""author"":{""id"":""2328804723"",""display_name"":""Jie Xu""},""institutions"":[]}]"
319c2d6df5644d8175937574dd0e3a4a23762161,10.1109/ICCV51701.2025.00645,Task-Decoupled Bézier Surface Constraint for Uneven Low-Light Image Enhancement,2025,IEEE International Conference on Computer Vision,1,Xingxiang Zhou;Xiangdong Su;Haoran Zhang;Wei Chen;Guanglai Gao,"[{""author"":{""id"":""2323730117"",""display_name"":""Xingxiang Zhou""},""institutions"":[]},{""author"":{""id"":""80644791"",""display_name"":""Xiangdong Su""},""institutions"":[]},{""author"":{""id"":""152454078"",""display_name"":""Haoran Zhang""},""institutions"":[]},{""author"":{""id"":""2154940576"",""display_name"":""Wei Chen""},""institutions"":[]},{""author"":{""id"":""2296714815"",""display_name"":""Guanglai Gao""},""institutions"":[]}]"
11ec0fb679d971e79bc813c138bb362d39b47196,10.1109/ICCSNT67644.2025.11291435,Night-time Lightweight Vehicle Detection Algorithm Based on Knowledge Distillation,2025,International Conference on Computer Science and Network Technology,0,Qiyao Luo;Yongqing Qian,"[{""author"":{""id"":""2384402024"",""display_name"":""Qiyao Luo""},""institutions"":[]},{""author"":{""id"":""2342101368"",""display_name"":""Yongqing Qian""},""institutions"":[]}]"
bea462be12e4ba675441d9e9dc09bc523e5239ac,10.1109/CW68232.2025.00015,Structure-Aware and Implicit Restoration for Low-Light Light Field Image Compression,2025,International Conference on Cyberworlds,0,Yuan Shi;Jimin Wang;Yiren Chen;Xianyang Wang;Deyang Liu,"[{""author"":{""id"":""2400698445"",""display_name"":""Yuan Shi""},""institutions"":[]},{""author"":{""id"":""2265361368"",""display_name"":""Jimin Wang""},""institutions"":[]},{""author"":{""id"":""2339725758"",""display_name"":""Yiren Chen""},""institutions"":[]},{""author"":{""id"":""2327792169"",""display_name"":""Xianyang Wang""},""institutions"":[]},{""author"":{""id"":""2267870621"",""display_name"":""Deyang Liu""},""institutions"":[]}]"
98d189c98645fd5691f8d03aeab66786d84b71df,10.48550/arXiv.2510.09450,Dynamic Weight-based Temporal Aggregation for Low-light Video Enhancement,2025,International Conference on Information Photonics,0,Ruirui Lin;Guoxi Huang;N. Anantrasirichai,"[{""author"":{""id"":""2283107688"",""display_name"":""Ruirui Lin""},""institutions"":[]},{""author"":{""id"":""2311632284"",""display_name"":""Guoxi Huang""},""institutions"":[]},{""author"":{""id"":""1756108"",""display_name"":""N. Anantrasirichai""},""institutions"":[]}]"
05ba639c0fa98f6b03e61942cae405c79897f9a3,10.1109/TIP.2025.3616639,Rethinking the Low-Light Video Enhancement: Benchmark Datasets and Methods,2025,IEEE Transactions on Image Processing,3,Jiaxuan Wang;Huiyuan Fu;Wenkai Zheng;Xicong Wang;Xin Wang;Heng Zhang;Huadong Ma,"[{""author"":{""id"":""2271359439"",""display_name"":""Jiaxuan Wang""},""institutions"":[]},{""author"":{""id"":""2513605"",""display_name"":""Huiyuan Fu""},""institutions"":[]},{""author"":{""id"":""2186746235"",""display_name"":""Wenkai Zheng""},""institutions"":[]},{""author"":{""id"":""2271362374"",""display_name"":""Xicong Wang""},""institutions"":[]},{""author"":{""id"":""2322102717"",""display_name"":""Xin Wang""},""institutions"":[]},{""author"":{""id"":""2271866730"",""display_name"":""Heng Zhang""},""institutions"":[]},{""author"":{""id"":""2248034542"",""display_name"":""Huadong Ma""},""institutions"":[]}]"
a7be2f792b09500979702711bdb231d457e3e4dd,10.1007/s00530-025-01994-0,Ihenet: an illumination invariant hierarchical feature enhancement network for low-light object detection,2025,Multimedia Systems,27,Nuoya Li;Weiguo Pan;Bingxin Xu;Hongzhe Liu;Songyin Dai;Cheng Xu,"[{""author"":{""id"":""2283087675"",""display_name"":""Nuoya Li""},""institutions"":[]},{""author"":{""id"":""2307436131"",""display_name"":""Weiguo Pan""},""institutions"":[]},{""author"":{""id"":""2283059953"",""display_name"":""Bingxin Xu""},""institutions"":[]},{""author"":{""id"":""2283089934"",""display_name"":""Hongzhe Liu""},""institutions"":[]},{""author"":{""id"":""2150490850"",""display_name"":""Songyin Dai""},""institutions"":[]},{""author"":{""id"":""2348494903"",""display_name"":""Cheng Xu""},""institutions"":[]}]"
7218ea6ba075a9735298d537fbe42980b9233d7a,10.1117/12.3077108,Dual-conversion framework for effective low-light image enhancement,2025,International Conference on Advanced Image Processing Technology,0,X. Cai;Weinan Chen;Tierui Zhang;Jiayuan Cao,"[{""author"":{""id"":""2303230460"",""display_name"":""X. Cai""},""institutions"":[]},{""author"":{""id"":""2109085614"",""display_name"":""Weinan Chen""},""institutions"":[]},{""author"":{""id"":""2357699962"",""display_name"":""Tierui Zhang""},""institutions"":[]},{""author"":{""id"":""2240027790"",""display_name"":""Jiayuan Cao""},""institutions"":[]}]"
89a44c4e9b94a93f1fe8ca37257cb187057339fc,10.1117/12.3077019,Efficient traffic sign recognition via state space models and illumination-guide attention,2025,International Conference on Advanced Image Processing Technology,0,Houbo Zhang;Yitang Zuo,"[{""author"":{""id"":""2384712435"",""display_name"":""Houbo Zhang""},""institutions"":[]},{""author"":{""id"":""2393100989"",""display_name"":""Yitang Zuo""},""institutions"":[]}]"
61501862e1b8251c92900767992394fdfecdb1ed,10.1016/j.dsp.2025.105342,Real-time efficient image enhancement in low-light condition with novel supervised deep learning pipeline,2025,Digit. Signal Process.,6,Yongcan Zhao;Wei Li;Runxin Yang;Yinghao Liu,"[{""author"":{""id"":""2297704345"",""display_name"":""Yongcan Zhao""},""institutions"":[]},{""author"":{""id"":""2285128159"",""display_name"":""Wei Li""},""institutions"":[]},{""author"":{""id"":""2363945261"",""display_name"":""Runxin Yang""},""institutions"":[]},{""author"":{""id"":""2343996305"",""display_name"":""Yinghao Liu""},""institutions"":[]}]"
cc9cb2e89fd56f62d8b61b0478a4dca1fabc5d6b,10.1109/TCSVT.2025.3562423,Low-Light Image Enhancement Through Learning a Simplified Inverse Rendering Model,2025,IEEE transactions on circuits and systems for video technology (Print),2,Wenhui Wu;J. Pang;Shuaibo Gao;Pingping Zhang;Zhe Chen;Guoping Qiu,"[{""author"":{""id"":""2139644112"",""display_name"":""Wenhui Wu""},""institutions"":[]},{""author"":{""id"":""2277670084"",""display_name"":""J. Pang""},""institutions"":[]},{""author"":{""id"":""2220864349"",""display_name"":""Shuaibo Gao""},""institutions"":[]},{""author"":{""id"":""2154286605"",""display_name"":""Pingping Zhang""},""institutions"":[]},{""author"":{""id"":""2144321516"",""display_name"":""Zhe Chen""},""institutions"":[]},{""author"":{""id"":""2261750080"",""display_name"":""Guoping Qiu""},""institutions"":[]}]"
817b52af80189a230eb90a15e3947fff8fdde4de,10.1007/s44443-025-00270-5,LUXFormer: Low-light image enhancement via joint spatial-frequency illumination modeling,2025,Journal of King Saud University: Computer and Information Sciences,9,Yiqiang Zhou;Xindan Gao;Jifeng Guo;Guang Li;Lu Wang;Jing Liu,"[{""author"":{""id"":""2237957901"",""display_name"":""Yiqiang Zhou""},""institutions"":[]},{""author"":{""id"":""2323942678"",""display_name"":""Xindan Gao""},""institutions"":[]},{""author"":{""id"":""2349552436"",""display_name"":""Jifeng Guo""},""institutions"":[]},{""author"":{""id"":""2342632798"",""display_name"":""Guang Li""},""institutions"":[]},{""author"":{""id"":""2265156736"",""display_name"":""Lu Wang""},""institutions"":[]},{""author"":{""id"":""2386640187"",""display_name"":""Jing Liu""},""institutions"":[]}]"
47a310a67141f583d7252f438c306deef0a7650b,10.1109/CAC67268.2025.11486690,AIE-Net: Adaptive Illumination Estimation for Low-Light Image Enhancement in HVI Color Space,2025,ACM Cloud and Autonomic Computing Conference,0,Wenhao Yu;Jiangwei Weng;Jun Li,"[{""author"":{""id"":""2261366011"",""display_name"":""Wenhao Yu""},""institutions"":[]},{""author"":{""id"":""2301455592"",""display_name"":""Jiangwei Weng""},""institutions"":[]},{""author"":{""id"":""2330228278"",""display_name"":""Jun Li""},""institutions"":[]}]"
ec3777195a59213109b6614866ce753ee5deb986,10.1109/CAC67268.2025.11487061,Towards Real-World Unsupervised Enhancement of Low-Light Light Field Images,2025,ACM Cloud and Autonomic Computing Conference,0,Shifa Chen;Xingzheng Wang;Guoqiang Gong,"[{""author"":{""id"":""2433095905"",""display_name"":""Shifa Chen""},""institutions"":[]},{""author"":{""id"":""2289802165"",""display_name"":""Xingzheng Wang""},""institutions"":[]},{""author"":{""id"":""2350347193"",""display_name"":""Guoqiang Gong""},""institutions"":[]}]"
a0b5d840c7d9e7236d7e298887b8694d6bb0c2da,10.1109/icip55913.2025.11084303,Long-Short Exposure Fusion With Event Data For Low-Light Video Enhancement,2025,International Conference on Information Photonics,2,Daizong Tian;A. Choudhury;Walt Husak,"[{""author"":{""id"":""1452345027"",""display_name"":""Daizong Tian""},""institutions"":[]},{""author"":{""id"":""2526476"",""display_name"":""A. Choudhury""},""institutions"":[]},{""author"":{""id"":""47236701"",""display_name"":""Walt Husak""},""institutions"":[]}]"
e31f466cc29b189d73b31fd75703f577912d0ac9,10.1109/icip55913.2025.11084565,A Retinex-Based Variational Model with A Nonlocal Gradient-Type Constraint for Low-Light Image Enhancement,2025,International Conference on Information Photonics,1,Daniel Torres;Catalina Sbert;Joan Duran,"[{""author"":{""id"":""2289882421"",""display_name"":""Daniel Torres""},""institutions"":[]},{""author"":{""id"":""2289884726"",""display_name"":""Catalina Sbert""},""institutions"":[]},{""author"":{""id"":""2289881176"",""display_name"":""Joan Duran""},""institutions"":[]}]"
f6a7b7fc4c728f7d4bf77dd1f9e4741b4e75d83b,10.1109/icip55913.2025.11084752,Detection of Screen Usage During Eating Events Among Preschool-Aged Children,2025,International Conference on Information Photonics,1,Tonmoy Ghosh;Md Billal Hossain;Steven J. Holiday;Matthew R. Cribbet;Susan White;Yu Gan;Edward Sazonov,"[{""author"":{""id"":""148197904"",""display_name"":""Tonmoy Ghosh""},""institutions"":[]},{""author"":{""id"":""2302505667"",""display_name"":""Md Billal Hossain""},""institutions"":[]},{""author"":{""id"":""2324055594"",""display_name"":""Steven J. Holiday""},""institutions"":[]},{""author"":{""id"":""2377171877"",""display_name"":""Matthew R. Cribbet""},""institutions"":[]},{""author"":{""id"":""2184506057"",""display_name"":""Susan White""},""institutions"":[]},{""author"":{""id"":""2377064420"",""display_name"":""Yu Gan""},""institutions"":[]},{""author"":{""id"":""2324055743"",""display_name"":""Edward Sazonov""},""institutions"":[]}]"
a0f82fa244978864bfaa1df22be9e33d1840e212,10.1007/s10586-025-05494-8,Illuminating the darkness: experimental review of cutting-edge deep learning techniques for low-light image enhancement,2025,Cluster Computing,4,Hufsa Khan;Muhammad Tahir Rasheed;Shengli Zhang,"[{""author"":{""id"":""2147395983"",""display_name"":""Hufsa Khan""},""institutions"":[]},{""author"":{""id"":""2267912972"",""display_name"":""Muhammad Tahir Rasheed""},""institutions"":[]},{""author"":{""id"":""2186282191"",""display_name"":""Shengli Zhang""},""institutions"":[]}]"
9b5f149b92be81504734d01d833d2a5e1c15543e,10.1007/s11263-025-02542-z,DI-Retinex: Digital-Imaging Retinex Model for Low-Light Image Enhancement,2025,International Journal of Computer Vision,21,Shangquan Sun;Wenqi Ren;Jingyang Peng;Fenglong Song;Xiaochun Cao,"[{""author"":{""id"":""2125119000"",""display_name"":""Shangquan Sun""},""institutions"":[]},{""author"":{""id"":""2276950332"",""display_name"":""Wenqi Ren""},""institutions"":[]},{""author"":{""id"":""2295120922"",""display_name"":""Jingyang Peng""},""institutions"":[]},{""author"":{""id"":""2274326993"",""display_name"":""Fenglong Song""},""institutions"":[]},{""author"":{""id"":""2265310728"",""display_name"":""Xiaochun Cao""},""institutions"":[]}]"
558dae93b44d3e5a6f17dfad45d0f4077423a0c2,10.1007/s11760-025-04514-9,Dual-stream noise suppression low-light image enhancement network based on Retinex theory,2025,"Signal, Image and Video Processing",1,Guang Han;Binming Zeng;Zifan Rui;Yaolong Hu;Xiaofan Yu,"[{""author"":{""id"":""2184044895"",""display_name"":""Guang Han""},""institutions"":[]},{""author"":{""id"":""2379343244"",""display_name"":""Binming Zeng""},""institutions"":[]},{""author"":{""id"":""2379383196"",""display_name"":""Zifan Rui""},""institutions"":[]},{""author"":{""id"":""2380141326"",""display_name"":""Yaolong Hu""},""institutions"":[]},{""author"":{""id"":""2396842211"",""display_name"":""Xiaofan Yu""},""institutions"":[]}]"
cedf25a44f27c15910f41cc203dcff42e198205d,10.1016/j.patcog.2025.112468,Anisotropic pth-order TV-based Retinex decomposition with adaptive reflectance regularizer for low-light image enhancement,2025,Pattern Recognition,5,Po-Wen Hsieh;Suh-Yuh Yang,"[{""author"":{""id"":""1974017"",""display_name"":""Po-Wen Hsieh""},""institutions"":[]},{""author"":{""id"":""2547124"",""display_name"":""Suh-Yuh Yang""},""institutions"":[]}]"
0c06aea02a15be8a5d7b24de74a5f322141b0b4a,10.48550/arXiv.2509.01373,"Unsupervised Ultra-High-Resolution UAV Low-Light Image Enhancement: A Benchmark, Metric and Framework",2025,arXiv.org,1,Wei Lu;Lingyu Zhu;Sihao Chen,"[{""author"":{""id"":""2322593644"",""display_name"":""Wei Lu""},""institutions"":[]},{""author"":{""id"":""2281724124"",""display_name"":""Lingyu Zhu""},""institutions"":[]},{""author"":{""id"":""2301351160"",""display_name"":""Sihao Chen""},""institutions"":[]}]"
aa254d0f56473da507e04eda99abe6074add3387,10.1109/AI-SI66213.2025.11341233,Deep Neural Networks for Block-Level Video Enhancement: Transforming LR AVS to HR HEVC Video,2025,2025 International Conference on Artificial Intelligence for Sustainable Innovation (AI-SI),0,Mehmood Nawaz;M. Hamza;Muhammad Daud;Khadija Bibi;Muhammad A. A. Abdelgawad;Muhammad Shafique,"[{""author"":{""id"":""2322903403"",""display_name"":""Mehmood Nawaz""},""institutions"":[]},{""author"":{""id"":""2260414880"",""display_name"":""M. Hamza""},""institutions"":[]},{""author"":{""id"":""2341119606"",""display_name"":""Muhammad Daud""},""institutions"":[]},{""author"":{""id"":""2265881614"",""display_name"":""Khadija Bibi""},""institutions"":[]},{""author"":{""id"":""2287165902"",""display_name"":""Muhammad A. A. Abdelgawad""},""institutions"":[]},{""author"":{""id"":""2227916275"",""display_name"":""Muhammad Shafique""},""institutions"":[]}]"
ed44fc476f5bed5b6c7e5b95ce8711283a47f1cb,10.1007/s00530-025-01935-x,An adaptive weight fusion low-light image enhancement based on HSV space,2025,Multimedia Systems,0,Kai Jiang;Baoju Zhang;Bo Zhang;Cuiping Zhang;Bohua Chu;Yameng Zhang;Mengqi Xue,"[{""author"":{""id"":""2332505245"",""display_name"":""Kai Jiang""},""institutions"":[]},{""author"":{""id"":""2220183772"",""display_name"":""Baoju Zhang""},""institutions"":[]},{""author"":{""id"":""2208122861"",""display_name"":""Bo Zhang""},""institutions"":[]},{""author"":{""id"":""40531119"",""display_name"":""Cuiping Zhang""},""institutions"":[]},{""author"":{""id"":""2368859316"",""display_name"":""Bohua Chu""},""institutions"":[]},{""author"":{""id"":""2322610245"",""display_name"":""Yameng Zhang""},""institutions"":[]},{""author"":{""id"":""2322554149"",""display_name"":""Mengqi Xue""},""institutions"":[]}]"
eb24d02a7a00ae6bcd0f55b05f6f399991e5c2fb,10.1007/s11554-025-01744-5,Zero-shot learning with depthwise separable convolution for low-light image enhancement using hybrid perceptual loss,2025,Journal of Real-Time Image Processing,0,Supriya Singh;Deepa Raj,"[{""author"":{""id"":""2319615098"",""display_name"":""Supriya Singh""},""institutions"":[]},{""author"":{""id"":""2319471352"",""display_name"":""Deepa Raj""},""institutions"":[]}]"
a8fd06e37ce5081cefa0cf8d0c268c9e5b3a55ec,10.1145/3746027.3755351,DIME-Net: A Dual-Illumination Adaptive Enhancement Network Based on Retinex and Mixture-of-Experts,2025,ACM Multimedia,2,Ziang Wang;Xiaoqin Wang;Dingyi Wang;Qiang Li;Shushan Qiao,"[{""author"":{""id"":""2378243224"",""display_name"":""Ziang Wang""},""institutions"":[]},{""author"":{""id"":""2289215538"",""display_name"":""Xiaoqin Wang""},""institutions"":[]},{""author"":{""id"":""2145384996"",""display_name"":""Dingyi Wang""},""institutions"":[]},{""author"":{""id"":""2338298932"",""display_name"":""Qiang Li""},""institutions"":[]},{""author"":{""id"":""2139902800"",""display_name"":""Shushan Qiao""},""institutions"":[]}]"
4b8101c5284205dbc7be2afa5b8b18acebe111b3,10.1109/CVAA66438.2025.11193302,NP-YOLO: A Nighttime Pedestrian Detection Model for Video Surveillance,2025,"2025 5th International Conference on Computer Vision, Application and Algorithm (CVAA)",1,Zhipeng Huang;Weiming Liu,"[{""author"":{""id"":""2189696885"",""display_name"":""Zhipeng Huang""},""institutions"":[]},{""author"":{""id"":""1454014370"",""display_name"":""Weiming Liu""},""institutions"":[]}]"
f7e92ba8101a4572f1f975b23eab723d23425c14,10.1016/j.engappai.2025.110867,Unsupervised detail and color restorer for Retinex-based low-light image enhancement,2025,Engineering applications of artificial intelligence,10,Yue Sun;Yutao Jin;Xiaoyan Chen;Yanbin Xu;Xiaoning Yan;Zefu Liu,"[{""author"":{""id"":""2308737330"",""display_name"":""Yue Sun""},""institutions"":[]},{""author"":{""id"":""2308842803"",""display_name"":""Yutao Jin""},""institutions"":[]},{""author"":{""id"":""2315445463"",""display_name"":""Xiaoyan Chen""},""institutions"":[]},{""author"":{""id"":""2415871032"",""display_name"":""Yanbin Xu""},""institutions"":[]},{""author"":{""id"":""2152614428"",""display_name"":""Xiaoning Yan""},""institutions"":[]},{""author"":{""id"":""2224090559"",""display_name"":""Zefu Liu""},""institutions"":[]}]"
c269c28fe8dbf44c4784aff190a816ca1ba734dc,10.1016/j.neucom.2025.131174,TransDiff: Transformer-based diffusion model for low-light image enhancement,2025,Neurocomputing,6,Yonghua Zhang;Yujie Ding;Hongxuan Xie;Shuo Zhang;Hui Xu;Lvchen Cao;Ziqing Huang,"[{""author"":{""id"":""2210479199"",""display_name"":""Yonghua Zhang""},""institutions"":[]},{""author"":{""id"":""2266136792"",""display_name"":""Yujie Ding""},""institutions"":[]},{""author"":{""id"":""2387818911"",""display_name"":""Hongxuan Xie""},""institutions"":[]},{""author"":{""id"":""2350998079"",""display_name"":""Shuo Zhang""},""institutions"":[]},{""author"":{""id"":""2149189783"",""display_name"":""Hui Xu""},""institutions"":[]},{""author"":{""id"":""2266359800"",""display_name"":""Lvchen Cao""},""institutions"":[]},{""author"":{""id"":""2249123239"",""display_name"":""Ziqing Huang""},""institutions"":[]}]"
601020f3783235d43f1e2963f1a3bf72839be6bb,10.3390/s25165192,RICNET: Retinex-Inspired Illumination Curve Estimation for Low-Light Enhancement in Industrial Welding Scenes,2025,Italian National Conference on Sensors,3,Chenbo Shi;Xiangyu Zhang;Delin Wang;Changsheng Zhu;Aiping Liu;Chun Zhang;Xiaobing Feng,"[{""author"":{""id"":""2180146240"",""display_name"":""Chenbo Shi""},""institutions"":[]},{""author"":{""id"":""2325689187"",""display_name"":""Xiangyu Zhang""},""institutions"":[]},{""author"":{""id"":""2325613419"",""display_name"":""Delin Wang""},""institutions"":[]},{""author"":{""id"":""2256797855"",""display_name"":""Changsheng Zhu""},""institutions"":[]},{""author"":{""id"":""2374310747"",""display_name"":""Aiping Liu""},""institutions"":[]},{""author"":{""id"":""2180426467"",""display_name"":""Chun Zhang""},""institutions"":[]},{""author"":{""id"":""2348779279"",""display_name"":""Xiaobing Feng""},""institutions"":[]}]"
27f8c7910497f7cd6430ad6b32e72a351ebe5855,10.1016/j.cag.2025.104380,Multi-scale cascaded network with high-low frequency for low-light image enhancement,2025,Computers & graphics,2,Jianxing Wu;T. Ran;Wendong Xiao;Liang Yuan;Qing Tao,"[{""author"":{""id"":""2376831338"",""display_name"":""Jianxing Wu""},""institutions"":[]},{""author"":{""id"":""2088932195"",""display_name"":""T. Ran""},""institutions"":[]},{""author"":{""id"":""2093593356"",""display_name"":""Wendong Xiao""},""institutions"":[]},{""author"":{""id"":""2089025639"",""display_name"":""Liang Yuan""},""institutions"":[]},{""author"":{""id"":""2283776841"",""display_name"":""Qing Tao""},""institutions"":[]}]"
c144cf437977584f9988c9cd12d85ed7e539aa01,10.1007/s10489-025-06771-0,Memristive Bi-Path Wavelet Transformer for low-light image enhancement,2025,Applied intelligence (Boston),1,Dirui Xie;Qi Cheng;Yue Zhou;Xiaofang Hu,"[{""author"":{""id"":""2211254189"",""display_name"":""Dirui Xie""},""institutions"":[]},{""author"":{""id"":""2314354404"",""display_name"":""Qi Cheng""},""institutions"":[]},{""author"":{""id"":""2116451313"",""display_name"":""Yue Zhou""},""institutions"":[]},{""author"":{""id"":""2289192561"",""display_name"":""Xiaofang Hu""},""institutions"":[]}]"
0cec670edc2b33461e7b3a14c4d100f3ab5c9550,10.1038/s41598-025-10779-4,Application of CycleGAN-based low-light image enhancement algorithm in foreign object detection on belt conveyors in underground mines,2025,Scientific Reports,4,Anxin Zhao;Qiuhong Zheng;Liang Li,"[{""author"":{""id"":""2224937951"",""display_name"":""Anxin Zhao""},""institutions"":[]},{""author"":{""id"":""2374374920"",""display_name"":""Qiuhong Zheng""},""institutions"":[]},{""author"":{""id"":""2311346846"",""display_name"":""Liang Li""},""institutions"":[]}]"
28a5a72dfd4651191c64f0d1534cd4176566919a,10.23919/CCC64809.2025.11178759,Wavelet State Space Model for Low-Light Image Enhancement,2025,Cybersecurity and Cyberforensics Conference,0,Zeyang Yu;Yi Fang;Qiang Ling,"[{""author"":{""id"":""2385115118"",""display_name"":""Zeyang Yu""},""institutions"":[]},{""author"":{""id"":""2112786983"",""display_name"":""Yi Fang""},""institutions"":[]},{""author"":{""id"":""2242936090"",""display_name"":""Qiang Ling""},""institutions"":[]}]"
3d9f4ccbbd4d71555bcc14eb01aea6b701c08af0,10.3390/jimaging11080253,DFCNet: Dual-Stage Frequency-Domain Calibration Network for Low-Light Image Enhancement,2025,Journal of Imaging,2,Hui Zhou;Jun Li;Yaming Mao;Lu Liu;Yiyang Lu,"[{""author"":{""id"":""2342033285"",""display_name"":""Hui Zhou""},""institutions"":[]},{""author"":{""id"":""2334862594"",""display_name"":""Jun Li""},""institutions"":[]},{""author"":{""id"":""2375176508"",""display_name"":""Yaming Mao""},""institutions"":[]},{""author"":{""id"":""2368920049"",""display_name"":""Lu Liu""},""institutions"":[]},{""author"":{""id"":""2330417040"",""display_name"":""Yiyang Lu""},""institutions"":[]}]"
fdf086c90c16c029d32bff488a19903a01082ac8,10.1177/00202940251356201,Efficient detection model of UAVs under low-light conditions based on LL-YOLO and EnlightenGAN,2025,Measurement and control (London. 1968),2,Jun Ma;Zejie Sun;Yuling Wu;Dongyang Jin,"[{""author"":{""id"":""2306498022"",""display_name"":""Jun Ma""},""institutions"":[]},{""author"":{""id"":""2365273825"",""display_name"":""Zejie Sun""},""institutions"":[]},{""author"":{""id"":""2365190357"",""display_name"":""Yuling Wu""},""institutions"":[]},{""author"":{""id"":""2282024278"",""display_name"":""Dongyang Jin""},""institutions"":[]}]"
d07670a1374dc5e02ee2041686dda03e9f7a99f9,10.1109/ICRMS65480.2025.00046,Nighttime Driving Fatigue Detection Based on Improved Zero-DCE,2025,"International Conference on Reliability, Maintainability and Safety",1,Yang Yang;Yucheng Yang;Shihao Zhu;Zekai Shang;Xing Pan,"[{""author"":{""id"":""2322063612"",""display_name"":""Yang Yang""},""institutions"":[]},{""author"":{""id"":""2325105783"",""display_name"":""Yucheng Yang""},""institutions"":[]},{""author"":{""id"":""2368398075"",""display_name"":""Shihao Zhu""},""institutions"":[]},{""author"":{""id"":""2395010026"",""display_name"":""Zekai Shang""},""institutions"":[]},{""author"":{""id"":""2328542488"",""display_name"":""Xing Pan""},""institutions"":[]}]"
45e4fe27939543b7722c91d6af61017ff3bd63f0,10.1109/ACCTHPA65749.2025.11168575,Lightweight Low-Light Image Enhancement Techniques for Edge Devices,2025,2025 Advanced Computing and Communication Technologies for High Performance Applications (ACCTHPA),0,Ebin J Alapatt;Pankaj Kumar G;N. Eswar;Aman K Shihab;S. Bhatt;Sreevishnu Damodaran;A. A. Aswathy,"[{""author"":{""id"":""2381851649"",""display_name"":""Ebin J Alapatt""},""institutions"":[]},{""author"":{""id"":""2381853519"",""display_name"":""Pankaj Kumar G""},""institutions"":[]},{""author"":{""id"":""2003306999"",""display_name"":""N. Eswar""},""institutions"":[]},{""author"":{""id"":""2381854940"",""display_name"":""Aman K Shihab""},""institutions"":[]},{""author"":{""id"":""2381852092"",""display_name"":""S. Bhatt""},""institutions"":[]},{""author"":{""id"":""2381851710"",""display_name"":""Sreevishnu Damodaran""},""institutions"":[]},{""author"":{""id"":""2381851848"",""display_name"":""A. A. Aswathy""},""institutions"":[]}]"
811487d5781dac66f1571d051be542d8dd4c5408,10.1117/12.3071331,Partially decoupled low-light image enhancement for brightening and denoising,2025,"Conference on Image, Signal Processing, and Pattern Recognition",0,Kun Wang;Xiangchu Feng,"[{""author"":{""id"":""2280592774"",""display_name"":""Kun Wang""},""institutions"":[]},{""author"":{""id"":""2280730241"",""display_name"":""Xiangchu Feng""},""institutions"":[]}]"
dc7bab33d29f27880d4bcb7cd9e38ce026e30ccc,10.1109/ICCV51701.2025.00584,Robust Low-Light Scene Restoration via Illumination Transition,2025,IEEE International Conference on Computer Vision,4,Ze Li;Feng Zhang;Xiatian Zhu;Meng-Xia Zhang;Yanghong Zhou;P. Mok,"[{""author"":{""id"":""2292318468"",""display_name"":""Ze Li""},""institutions"":[]},{""author"":{""id"":""2373871211"",""display_name"":""Feng Zhang""},""institutions"":[]},{""author"":{""id"":""2310779366"",""display_name"":""Xiatian Zhu""},""institutions"":[]},{""author"":{""id"":""2190704140"",""display_name"":""Meng-Xia Zhang""},""institutions"":[]},{""author"":{""id"":""3087985"",""display_name"":""Yanghong Zhou""},""institutions"":[]},{""author"":{""id"":""2055816103"",""display_name"":""P. Mok""},""institutions"":[]}]"
846be46582c005e21fbaa50196d14ea6aca86ba0,10.1007/s00034-025-03219-1,EffRetMamba: A Light-Weight Mamba for Low-Light Image Enhancement,2025,"Circuits, systems, and signal processing",5,Xingpeng Zhang;Sijing Wu;Qiuli Wang;Kaixin Wang,"[{""author"":{""id"":""2268794543"",""display_name"":""Xingpeng Zhang""},""institutions"":[]},{""author"":{""id"":""2294680318"",""display_name"":""Sijing Wu""},""institutions"":[]},{""author"":{""id"":""2294672782"",""display_name"":""Qiuli Wang""},""institutions"":[]},{""author"":{""id"":""2331945233"",""display_name"":""Kaixin Wang""},""institutions"":[]}]"
08b7d6692d128572ab98f98103e19e1616a3a635,10.1016/j.aej.2025.04.047,Low-light object detection via adaptive enhancement and dynamic feature fusion,2025,Alexandria Engineering Journal,11,Siyong Fu;Qinghua Zhao;Hesheng Liu;Qiuxiang Tao;Danjuan Liu,"[{""author"":{""id"":""2271228851"",""display_name"":""Siyong Fu""},""institutions"":[]},{""author"":{""id"":""2265488947"",""display_name"":""Qinghua Zhao""},""institutions"":[]},{""author"":{""id"":""2265434180"",""display_name"":""Hesheng Liu""},""institutions"":[]},{""author"":{""id"":""2265480449"",""display_name"":""Qiuxiang Tao""},""institutions"":[]},{""author"":{""id"":""2358028416"",""display_name"":""Danjuan Liu""},""institutions"":[]}]"
cc65c6566708e267ea1d25fa34e891f71f2f8bfc,10.1109/TITS.2025.3553106,Daytime-Mixed Non-Aligned Learning for Real Nighttime Image Enhancement,2025,IEEE transactions on intelligent transportation systems (Print),3,Jiangwei Weng;Junkai Fan;Jianjun Qian;H. Zou;Ying-ji Tai;Jian Yang;Jun Li,"[{""author"":{""id"":""2301455592"",""display_name"":""Jiangwei Weng""},""institutions"":[]},{""author"":{""id"":""2266124407"",""display_name"":""Junkai Fan""},""institutions"":[]},{""author"":{""id"":""2261987864"",""display_name"":""Jianjun Qian""},""institutions"":[]},{""author"":{""id"":""103054625"",""display_name"":""H. Zou""},""institutions"":[]},{""author"":{""id"":""13459129"",""display_name"":""Ying-ji Tai""},""institutions"":[]},{""author"":{""id"":""2146236970"",""display_name"":""Jian Yang""},""institutions"":[]},{""author"":{""id"":""2298349023"",""display_name"":""Jun Li""},""institutions"":[]}]"
37fd320261a506883970ad9abcf280cf210862a8,10.1109/ICME59968.2025.11209427,Exploiting Long and Short Temporal Dependence for Low-Light Video Enhancement,2025,IEEE International Conference on Multimedia and Expo,1,Hao Luo;Lingyu Zhu;Yudong Mao;Yixuan Li;Zhiwei Zhong;Shanshe Wang;Shiqi Wang,"[{""author"":{""id"":""2320190989"",""display_name"":""Hao Luo""},""institutions"":[]},{""author"":{""id"":""2281724124"",""display_name"":""Lingyu Zhu""},""institutions"":[]},{""author"":{""id"":""2152119664"",""display_name"":""Yudong Mao""},""institutions"":[]},{""author"":{""id"":""2279762308"",""display_name"":""Yixuan Li""},""institutions"":[]},{""author"":{""id"":""2372089874"",""display_name"":""Zhiwei Zhong""},""institutions"":[]},{""author"":{""id"":""1755176"",""display_name"":""Shanshe Wang""},""institutions"":[]},{""author"":{""id"":""2372435169"",""display_name"":""Shiqi Wang""},""institutions"":[]}]"
84ff0cc36b158f7c9de7c6b88b393000ea53c6bc,10.1109/IJCNN64981.2025.11227405,IllumiCurveNet: Low-Light Image Enhancement of Lunar Permanently Shadowed Regions Using a Self-Guided Loss Framework,2025,IEEE International Joint Conference on Neural Network,1,Saksham Jain;Sparsh Jain;A. Prajapati;Garvita Singh;Dinesh Kumar Vishwakarma,"[{""author"":{""id"":""2383104557"",""display_name"":""Saksham Jain""},""institutions"":[]},{""author"":{""id"":""2290976695"",""display_name"":""Sparsh Jain""},""institutions"":[]},{""author"":{""id"":""93662805"",""display_name"":""A. Prajapati""},""institutions"":[]},{""author"":{""id"":""2190313064"",""display_name"":""Garvita Singh""},""institutions"":[]},{""author"":{""id"":""2325832992"",""display_name"":""Dinesh Kumar Vishwakarma""},""institutions"":[]}]"
2e7d834f3a49f979167bd5737a66a18b967edff3,10.1109/IJCNN64981.2025.11229284,LOPD: A Low-illumination Scene Occluded Pedestrian Detection Model Based on Domain Adaptation,2025,IEEE International Joint Conference on Neural Network,0,Liuyu Zhu;Zhiguan Wang;Yongsheng Hou;Zhiqiang Liu;Shen Li;Xiaoxue Li,"[{""author"":{""id"":""2316515199"",""display_name"":""Liuyu Zhu""},""institutions"":[]},{""author"":{""id"":""2890805"",""display_name"":""Zhiguan Wang""},""institutions"":[]},{""author"":{""id"":""114680093"",""display_name"":""Yongsheng Hou""},""institutions"":[]},{""author"":{""id"":""2316517942"",""display_name"":""Zhiqiang Liu""},""institutions"":[]},{""author"":{""id"":""2392899697"",""display_name"":""Shen Li""},""institutions"":[]},{""author"":{""id"":""2316520825"",""display_name"":""Xiaoxue Li""},""institutions"":[]}]"
5e43fee8fce5d9b28a30556ad333e561da5efb49,10.1007/s13735-025-00374-8,TPE-YOLO: improved low-light object detection using a two-way pyramid enhancement network,2025,International Journal of Multimedia Information Retrieval,3,Xiaofei Zhang;Xiaoguang Di;Runwen Zhu,"[{""author"":{""id"":""2283178437"",""display_name"":""Xiaofei Zhang""},""institutions"":[]},{""author"":{""id"":""2243656776"",""display_name"":""Xiaoguang Di""},""institutions"":[]},{""author"":{""id"":""2296442522"",""display_name"":""Runwen Zhu""},""institutions"":[]}]"
2c37b088e3a64cb5462ab13fb04a7bc78dea8198,10.1007/s44443-025-00102-6,Low-light image enhancement method based on retinex theory and dual-tree complex wavelet transform,2025,Journal of King Saud University: Computer and Information Sciences,8,Yuqian Zhang;Jie Jiang;Zhan Wang;Qi Zhang;Yudi Jiang;Jun Liu;Zeyao Hou,"[{""author"":{""id"":""2369216530"",""display_name"":""Yuqian Zhang""},""institutions"":[]},{""author"":{""id"":""2277419637"",""display_name"":""Jie Jiang""},""institutions"":[]},{""author"":{""id"":""2369951128"",""display_name"":""Zhan Wang""},""institutions"":[]},{""author"":{""id"":""2369247544"",""display_name"":""Qi Zhang""},""institutions"":[]},{""author"":{""id"":""2369292374"",""display_name"":""Yudi Jiang""},""institutions"":[]},{""author"":{""id"":""2375403233"",""display_name"":""Jun Liu""},""institutions"":[]},{""author"":{""id"":""2350339437"",""display_name"":""Zeyao Hou""},""institutions"":[]}]"
f4a31575a055204d0f9ab565d8b74c6b2d80d101,10.1145/3735973,Adaptive Multi-Exposure Image Correction via Joint Lightness and Structure Awareness,2025,ACM Trans. Multim. Comput. Commun. Appl.,1,Bo Peng;Jia Zhang;Zhe Zhang;Liying Xu;Qingming Huang;Tao Wang;Jianjun Lei,"[{""author"":{""id"":""2054590685"",""display_name"":""Bo Peng""},""institutions"":[]},{""author"":{""id"":""2271223169"",""display_name"":""Jia Zhang""},""institutions"":[]},{""author"":{""id"":""2177091563"",""display_name"":""Zhe Zhang""},""institutions"":[]},{""author"":{""id"":""2130011929"",""display_name"":""Liying Xu""},""institutions"":[]},{""author"":{""id"":""2237597856"",""display_name"":""Qingming Huang""},""institutions"":[]},{""author"":{""id"":""2257008916"",""display_name"":""Tao Wang""},""institutions"":[]},{""author"":{""id"":""143879230"",""display_name"":""Jianjun Lei""},""institutions"":[]}]"
10eb36a4ebf8a310d6493c428e83389089af7822,10.3390/electronics14122419,Component Generation Network-Based Image Enhancement Method for External Inspection of Electrical Equipment,2025,Electronics,1,Xiong Liu;Juan Zhang;Qiushi Cui;Yingyue Zhou;Qian Wang;Zining Zhao;Yong Li,"[{""author"":{""id"":""2110678576"",""display_name"":""Xiong Liu""},""institutions"":[]},{""author"":{""id"":""2108137577"",""display_name"":""Juan Zhang""},""institutions"":[]},{""author"":{""id"":""2333271928"",""display_name"":""Qiushi Cui""},""institutions"":[]},{""author"":{""id"":""2341934491"",""display_name"":""Yingyue Zhou""},""institutions"":[]},{""author"":{""id"":""2274346132"",""display_name"":""Qian Wang""},""institutions"":[]},{""author"":{""id"":""2367065092"",""display_name"":""Zining Zhao""},""institutions"":[]},{""author"":{""id"":""2275631168"",""display_name"":""Yong Li""},""institutions"":[]}]"
cfc3f2c32b6597830cac744a92b9fe3dfcf494d0,10.1007/s00530-025-01873-8,DBLDNet: dual branch low light object detector based on feature localization and multi-scale feature enhancement,2025,Multimedia Systems,1,Xiaofei Zhang;Xiaoguang Di;Maozhen Liu,"[{""author"":{""id"":""2283178437"",""display_name"":""Xiaofei Zhang""},""institutions"":[]},{""author"":{""id"":""2243656776"",""display_name"":""Xiaoguang Di""},""institutions"":[]},{""author"":{""id"":""2307982973"",""display_name"":""Maozhen Liu""},""institutions"":[]}]"
c4df330d510cd5352e5108e80b3e760620f8ec55,10.1109/TNNLS.2025.3566647,Deep Learning for Low-Light Vision: A Comprehensive Survey,2025,IEEE Transactions on Neural Networks and Learning Systems,25,Qian Zhao;Gang Li;Bin He;Run-Sheng Shen,"[{""author"":{""id"":""2283488059"",""display_name"":""Qian Zhao""},""institutions"":[]},{""author"":{""id"":""2284864325"",""display_name"":""Gang Li""},""institutions"":[]},{""author"":{""id"":""2082464010"",""display_name"":""Bin He""},""institutions"":[]},{""author"":{""id"":""2142196618"",""display_name"":""Run-Sheng Shen""},""institutions"":[]}]"
0fdb839b8df99a8b26a4de03a32db91175460277,10.1016/j.neucom.2025.130005,Pool-mamba: Pooling state space model for low-light image enhancement,2025,Neurocomputing,13,Qiao Zhang;Mingwen Shao;Xinyuan Chen,"[{""author"":{""id"":""2350761462"",""display_name"":""Qiao Zhang""},""institutions"":[]},{""author"":{""id"":""2350666331"",""display_name"":""Mingwen Shao""},""institutions"":[]},{""author"":{""id"":""2263978040"",""display_name"":""Xinyuan Chen""},""institutions"":[]}]"
9276df8ba23713cfa4665dca0f0c476ade58152b,10.1016/j.knosys.2025.113827,Advancing low-light image enhancement through deep learning: A comprehensive experimental study,2025,Knowledge-Based Systems,16,Muhammad Tahir Rasheed;Hufsa Khan;Junsong Wang;Yan Kang,"[{""author"":{""id"":""2267912972"",""display_name"":""Muhammad Tahir Rasheed""},""institutions"":[]},{""author"":{""id"":""2147395983"",""display_name"":""Hufsa Khan""},""institutions"":[]},{""author"":{""id"":""2346036934"",""display_name"":""Junsong Wang""},""institutions"":[]},{""author"":{""id"":""2346258624"",""display_name"":""Yan Kang""},""institutions"":[]}]"
c8471ba9b5fd9d1532f52c878806d7177420e5c9,10.1016/j.neunet.2025.107764,"LEESDFormer: A lightweight unsupervised CNN-Transformer-based curve estimation network for low-light image enhancement, exposure suppression, and denoising",2025,Neural Networks,9,Rui He;Xuanhe Li;Jian Wu,"[{""author"":{""id"":""2260455216"",""display_name"":""Rui He""},""institutions"":[]},{""author"":{""id"":""2266001395"",""display_name"":""Xuanhe Li""},""institutions"":[]},{""author"":{""id"":""2260728198"",""display_name"":""Jian Wu""},""institutions"":[]}]"
b680c96323a8bb37003c61d6310343a39af6f0cf,10.1016/j.neunet.2025.107700,Degradation-Guided cross-consistent deep unfolding network for video restoration under diverse weathers,2025,Neural Networks,2,Yuanshuo Cheng;Mingwen Shao;Yecong Wan;Yuanjian Qiao;Wangmeng Zuo;Deyu Meng,"[{""author"":{""id"":""2153514280"",""display_name"":""Yuanshuo Cheng""},""institutions"":[]},{""author"":{""id"":""2237783247"",""display_name"":""Mingwen Shao""},""institutions"":[]},{""author"":{""id"":""2147200675"",""display_name"":""Yecong Wan""},""institutions"":[]},{""author"":{""id"":""1828827901"",""display_name"":""Yuanjian Qiao""},""institutions"":[]},{""author"":{""id"":""2279210262"",""display_name"":""Wangmeng Zuo""},""institutions"":[]},{""author"":{""id"":""2324996221"",""display_name"":""Deyu Meng""},""institutions"":[]}]"
904e1cb8651090fc9e4395522cf02ffc080e838e,10.1016/j.displa.2025.103136,Adaptive frequency selection network for low-light image enhancement,2025,Displays (Guildford),1,Shubo Zhou;Jingjing Jiang;Zhijun Fang;Xiaoming Ding;Rongfang Huang;Xue-qin Jiang,"[{""author"":{""id"":""2346284010"",""display_name"":""Shubo Zhou""},""institutions"":[]},{""author"":{""id"":""2369221495"",""display_name"":""Jingjing Jiang""},""institutions"":[]},{""author"":{""id"":""2348313475"",""display_name"":""Zhijun Fang""},""institutions"":[]},{""author"":{""id"":""2117434876"",""display_name"":""Xiaoming Ding""},""institutions"":[]},{""author"":{""id"":""2453818449"",""display_name"":""Rongfang Huang""},""institutions"":[]},{""author"":{""id"":""2313868791"",""display_name"":""Xue-qin Jiang""},""institutions"":[]}]"
41e72810e7255f1df67db39bac39d3b4afb75aa9,10.1007/s00371-025-03924-7,DED-net: multi-scale fusion and illumination-guided enhancement for low-light image restoration,2025,The Visual Computer,6,Haosen Dong;Shihao Cheng;Tianyou Fang;Jin Chen;Zhigang Tu,"[{""author"":{""id"":""2176367668"",""display_name"":""Haosen Dong""},""institutions"":[]},{""author"":{""id"":""2353201686"",""display_name"":""Shihao Cheng""},""institutions"":[]},{""author"":{""id"":""2364470230"",""display_name"":""Tianyou Fang""},""institutions"":[]},{""author"":{""id"":""2303900987"",""display_name"":""Jin Chen""},""institutions"":[]},{""author"":{""id"":""2352932765"",""display_name"":""Zhigang Tu""},""institutions"":[]}]"
0ddeaf3de20334bb5b5442df1b4bedb31b3ee4e0,10.1007/s13369-025-10264-0,MIDNet: Multilevel Integration and Disintegration Network for Low-Light Image Enhancement,2025,The Arabian journal for science and engineering,5,Sathish Mothe;Srinivas Kankanala,"[{""author"":{""id"":""2346449677"",""display_name"":""Sathish Mothe""},""institutions"":[]},{""author"":{""id"":""2346439254"",""display_name"":""Srinivas Kankanala""},""institutions"":[]}]"
22ceda1805805b23c194c75f745f9aa4c19a99cf,10.1109/INCET64471.2025.11140343,Attention-Driven Multi-Scale GAN with Complementary Learning Sub-Network for Low-Light Image Enhancement,2025,2025 6th International Conference for Emerging Technology (INCET),0,P. Wijesiri;Guhanathan Poravi,"[{""author"":{""id"":""2379243985"",""display_name"":""P. Wijesiri""},""institutions"":[]},{""author"":{""id"":""51938252"",""display_name"":""Guhanathan Poravi""},""institutions"":[]}]"
e03a0ca129332cb4d36139b30706e8432f0ea008,10.1109/ICRA55743.2025.11127459,Dark-DENet: A Lightweight Enhancement Network for Low-Light Object Detection,2025,IEEE International Conference on Robotics and Automation,1,Xiaoyu Wu;Yuxiang Shao;Xinyu Jin,"[{""author"":{""id"":""2329311875"",""display_name"":""Xiaoyu Wu""},""institutions"":[]},{""author"":{""id"":""2330076798"",""display_name"":""Yuxiang Shao""},""institutions"":[]},{""author"":{""id"":""2342650177"",""display_name"":""Xinyu Jin""},""institutions"":[]}]"
e03f140683277d7511baba7cf40ac3f5d953abc5,10.3390/app15105556,Semantic-Aware Low-Light Image Enhancement by Learning from Multiple Color Spaces,2025,Applied Sciences,1,Bo Jiang;Xuefei Wang;Naidi Yang;Yuhan Liu;Xi Chen;Qiwen Wu,"[{""author"":{""id"":""2177275988"",""display_name"":""Bo Jiang""},""institutions"":[]},{""author"":{""id"":""2238884908"",""display_name"":""Xuefei Wang""},""institutions"":[]},{""author"":{""id"":""2361885635"",""display_name"":""Naidi Yang""},""institutions"":[]},{""author"":{""id"":""2361876338"",""display_name"":""Yuhan Liu""},""institutions"":[]},{""author"":{""id"":""2362354067"",""display_name"":""Xi Chen""},""institutions"":[]},{""author"":{""id"":""2442315181"",""display_name"":""Qiwen Wu""},""institutions"":[]}]"
58fd1c049f6c0333f3448d45dd2f5302611e7710,10.1109/CVPRW67362.2025.00139,NTIRE 2025 Challenge on UGC Video Enhancement: Methods and Results,2025,2025 IEEE/CVF Conference on Computer Vision and Pattern Recognition Workshops (CVPRW),24,Nikolay Safonov;A. Bryncev;Andrey Moskalenko;D. Kulikov;Dmitry Vatolin;R. Timofte;Haibo Lei;Qifan Gao;Qin Luo;Yaqing Li;Jie Song;Shaozhe Hao;Mei Zheng;Jingyi Xu;Chen Wu;Jiahui Liu;Ying Chen;Xin Deng;Mai Xu;Peipei Liang;Jie Ma;Junjie Jin;Yingxue Pang;Fang Luo;Kai Chen;Shijie Zhao;Mingyang Wu;Renjie Li;Yushen Zuo;Shengyun Zhong;Zhengzhong Tu,"[{""author"":{""id"":""2359256183"",""display_name"":""Nikolay Safonov""},""institutions"":[]},{""author"":{""id"":""2322443872"",""display_name"":""A. Bryncev""},""institutions"":[]},{""author"":{""id"":""2300283845"",""display_name"":""Andrey Moskalenko""},""institutions"":[]},{""author"":{""id"":""2408467680"",""display_name"":""D. Kulikov""},""institutions"":[]},{""author"":{""id"":""2316638138"",""display_name"":""Dmitry Vatolin""},""institutions"":[]},{""author"":{""id"":""1732855"",""display_name"":""R. Timofte""},""institutions"":[]},{""author"":{""id"":""2306995181"",""display_name"":""Haibo Lei""},""institutions"":[]},{""author"":{""id"":""2357684338"",""display_name"":""Qifan Gao""},""institutions"":[]},{""author"":{""id"":""2170777697"",""display_name"":""Qin Luo""},""institutions"":[]},{""author"":{""id"":""2316786355"",""display_name"":""Yaqing Li""},""institutions"":[]},{""author"":{""id"":""2316774352"",""display_name"":""Jie Song""},""institutions"":[]},{""author"":{""id"":""2154574545"",""display_name"":""Shaozhe Hao""},""institutions"":[]},{""author"":{""id"":""46934753"",""display_name"":""Mei Zheng""},""institutions"":[]},{""author"":{""id"":""2294177215"",""display_name"":""Jingyi Xu""},""institutions"":[]},{""author"":{""id"":""2365099202"",""display_name"":""Chen Wu""},""institutions"":[]},{""author"":{""id"":""2338215188"",""display_name"":""Jiahui Liu""},""institutions"":[]},{""author"":{""id"":""2359764258"",""display_name"":""Ying Chen""},""institutions"":[]},{""author"":{""id"":""2277041332"",""display_name"":""Xin Deng""},""institutions"":[]},{""author"":{""id"":""2297135177"",""display_name"":""Mai Xu""},""institutions"":[]},{""author"":{""id"":""2359257098"",""display_name"":""Peipei Liang""},""institutions"":[]},{""author"":{""id"":""2343778637"",""display_name"":""Jie Ma""},""institutions"":[]},{""author"":{""id"":""2316923322"",""display_name"":""Junjie Jin""},""institutions"":[]},{""author"":{""id"":""2292139663"",""display_name"":""Yingxue Pang""},""institutions"":[]},{""author"":{""id"":""2274846794"",""display_name"":""Fang Luo""},""institutions"":[]},{""author"":{""id"":""2259864823"",""display_name"":""Kai Chen""},""institutions"":[]},{""author"":{""id"":""2316587852"",""display_name"":""Shijie Zhao""},""institutions"":[]},{""author"":{""id"":""2304945393"",""display_name"":""Mingyang Wu""},""institutions"":[]},{""author"":{""id"":""2351000281"",""display_name"":""Renjie Li""},""institutions"":[]},{""author"":{""id"":""2355427138"",""display_name"":""Yushen Zuo""},""institutions"":[]},{""author"":{""id"":""2299392793"",""display_name"":""Shengyun Zhong""},""institutions"":[]},{""author"":{""id"":""40992714"",""display_name"":""Zhengzhong Tu""},""institutions"":[]}]"
d2513ab14208ae58f345a3b586c4baed95203eb2,10.1109/TCSVT.2024.3520802,Efficient Retinex-Based Framework for Low-Light Image Enhancement Without Additional Networks,2025,IEEE transactions on circuits and systems for video technology (Print),19,Chunxiao Liu;Zelong Wang;Phil Birch;Xun Wang,"[{""author"":{""id"":""2337269077"",""display_name"":""Chunxiao Liu""},""institutions"":[]},{""author"":{""id"":""2161310427"",""display_name"":""Zelong Wang""},""institutions"":[]},{""author"":{""id"":""2268519091"",""display_name"":""Phil Birch""},""institutions"":[]},{""author"":{""id"":""2261797107"",""display_name"":""Xun Wang""},""institutions"":[]}]"
c10a43013925f1bf60de375b721cd695cdc730a1,10.1016/j.aei.2025.103165,Vehicle spatiotemporal distribution identification in low-light environment based on image enhancement and object detection,2025,Advanced Engineering Informatics,13,Jie Zhang;Jiaqiang Peng;X. Kong;Shuo Wang;Jiexuan Hu,"[{""author"":{""id"":""2266631253"",""display_name"":""Jie Zhang""},""institutions"":[]},{""author"":{""id"":""2334335002"",""display_name"":""Jiaqiang Peng""},""institutions"":[]},{""author"":{""id"":""2241849332"",""display_name"":""X. Kong""},""institutions"":[]},{""author"":{""id"":""2259924207"",""display_name"":""Shuo Wang""},""institutions"":[]},{""author"":{""id"":""98909817"",""display_name"":""Jiexuan Hu""},""institutions"":[]}]"
0d92aac9bd1336e613368353c457df0a90fd0068,10.1016/j.dsp.2025.105355,FE-YOLO: Fourier enhancement YOLO for end-to-end object detection in low-light conditions,2025,Digit. Signal Process.,8,Yang Li;Xianguo Li;Michael Lin,"[{""author"":{""id"":""2324638380"",""display_name"":""Yang Li""},""institutions"":[]},{""author"":{""id"":""2305446858"",""display_name"":""Xianguo Li""},""institutions"":[]},{""author"":{""id"":""2266035447"",""display_name"":""Michael Lin""},""institutions"":[]}]"
1e55ce34fbf8874936955472b790d17bc405cd9a,10.1016/j.image.2025.117345,ZERRIN-Net: Adaptive low-light image enhancement using Retinex decomposition and noise extraction,2025,Signal processing. Image communication,4,Wenchao Li;Shuyuan Wen;Jinhao Zhu;Qiaofeng Ou;Yanchun Guo;Jiabao Chen;Bangshu Xiong,"[{""author"":{""id"":""2265521694"",""display_name"":""Wenchao Li""},""institutions"":[]},{""author"":{""id"":""2265494825"",""display_name"":""Shuyuan Wen""},""institutions"":[]},{""author"":{""id"":""2265666097"",""display_name"":""Jinhao Zhu""},""institutions"":[]},{""author"":{""id"":""2261011"",""display_name"":""Qiaofeng Ou""},""institutions"":[]},{""author"":{""id"":""2345710109"",""display_name"":""Yanchun Guo""},""institutions"":[]},{""author"":{""id"":""2265518764"",""display_name"":""Jiabao Chen""},""institutions"":[]},{""author"":{""id"":""2265489543"",""display_name"":""Bangshu Xiong""},""institutions"":[]}]"
e067035c97e4b79228cdf3b70f4b60bb98a7749e,10.1109/ICECCC65144.2025.11063831,EUI: A Novel Underwater Image Enhancement Network,2025,"2025 International Conference on Electronics, Computing, Communication and Control Technology (ICECCC)",0,S. A;A. K.,"[{""author"":{""id"":""2307915077"",""display_name"":""S. A""},""institutions"":[]},{""author"":{""id"":""2219796840"",""display_name"":""A. K.""},""institutions"":[]}]"
324d102224c21ca51ff73eba20640fee57ed9d1e,10.1109/TCE.2024.3516366,Back Projection Generative Strategy for Low and Normal Light Image Pairs With Enhanced Statistical Fidelity and Diversity,2025,IEEE transactions on consumer electronics,2,Ieee Cheuk-Yiu Chan Student Member;Ieee Wan-Chi Siu Life Fellow;Ieee Yuk-Hee Chan Member;Ieee H. Anthony Chan Life Fellow;Cheuk-Yiu Chan;Yuk-Hee Chan,"[{""author"":{""id"":""2376356742"",""display_name"":""Ieee Cheuk-Yiu Chan Student Member""},""institutions"":[]},{""author"":{""id"":""2376356718"",""display_name"":""Ieee Wan-Chi Siu Life Fellow""},""institutions"":[]},{""author"":{""id"":""2376356716"",""display_name"":""Ieee Yuk-Hee Chan Member""},""institutions"":[]},{""author"":{""id"":""2376356749"",""display_name"":""Ieee H. Anthony Chan Life Fellow""},""institutions"":[]},{""author"":{""id"":""2186563089"",""display_name"":""Cheuk-Yiu Chan""},""institutions"":[]},{""author"":{""id"":""2271606055"",""display_name"":""Yuk-Hee Chan""},""institutions"":[]}]"
7f303d346529e7cf01424d50a72d9eb24e72119f,10.1038/s41598-025-98484-0,Transferring enhanced material knowledge via image quality enhancement and feature distillation for pavement condition identification,2025,Scientific Reports,1,Zejiu Wu;Yuxing Zou;Boyang Liu;Zhijie Li;Dong-Hong Ji;Hongbin Zhang,"[{""author"":{""id"":""2356808228"",""display_name"":""Zejiu Wu""},""institutions"":[]},{""author"":{""id"":""2357790825"",""display_name"":""Yuxing Zou""},""institutions"":[]},{""author"":{""id"":""2357042495"",""display_name"":""Boyang Liu""},""institutions"":[]},{""author"":{""id"":""2271436377"",""display_name"":""Zhijie Li""},""institutions"":[]},{""author"":{""id"":""2278041994"",""display_name"":""Dong-Hong Ji""},""institutions"":[]},{""author"":{""id"":""2356797331"",""display_name"":""Hongbin Zhang""},""institutions"":[]}]"
84bf4169dc99cefe454a469efb0cd6c78ba7b86d,10.48550/arXiv.2504.12204,Towards Realistic Low-Light Image Enhancement via ISP Driven Data Modeling,2025,arXiv.org,2,Zhihua Wang;Yu Long;Qinghua Lin;Kai Zhang;Yazhun Zhang;Yuming Fang;Li Liu;Xiaochun Cao,"[{""author"":{""id"":""2355239773"",""display_name"":""Zhihua Wang""},""institutions"":[]},{""author"":{""id"":""2340430182"",""display_name"":""Yu Long""},""institutions"":[]},{""author"":{""id"":""2357332309"",""display_name"":""Qinghua Lin""},""institutions"":[]},{""author"":{""id"":""2338711216"",""display_name"":""Kai Zhang""},""institutions"":[]},{""author"":{""id"":""2400661783"",""display_name"":""Yazhun Zhang""},""institutions"":[]},{""author"":{""id"":""2355404388"",""display_name"":""Yuming Fang""},""institutions"":[]},{""author"":{""id"":""2355058489"",""display_name"":""Li Liu""},""institutions"":[]},{""author"":{""id"":""2312733924"",""display_name"":""Xiaochun Cao""},""institutions"":[]}]"
008cd18d91bc34d4a3264451daf170defc3e0f61,10.1007/s00371-025-03875-z,Enhancing image brightness without paired data: a fast no-reference deep learning method,2025,The Visual Computer,2,Alireza Khajehvandi;Mehdi Ezoji,"[{""author"":{""id"":""2355196474"",""display_name"":""Alireza Khajehvandi""},""institutions"":[]},{""author"":{""id"":""2355197422"",""display_name"":""Mehdi Ezoji""},""institutions"":[]}]"
3023feb777b2ce806aca113273af4ae3e20d88aa,10.1007/s11263-025-02551-y,Nonlocal Retinex-Based Variational Model and its Deep Unfolding Twin for Low-Light Image Enhancement,2025,International Journal of Computer Vision,1,Daniel Torres;Joan Duran;Julia Navarro;Catalina Sbert,"[{""author"":{""id"":""2289882421"",""display_name"":""Daniel Torres""},""institutions"":[]},{""author"":{""id"":""2289881176"",""display_name"":""Joan Duran""},""institutions"":[]},{""author"":{""id"":""2289926527"",""display_name"":""Julia Navarro""},""institutions"":[]},{""author"":{""id"":""2289884726"",""display_name"":""Catalina Sbert""},""institutions"":[]}]"
35896d1cd85e78e9f76f94657423cd51cd54e697,10.1038/s41598-025-95329-8,SwinLightGAN a study of low-light image enhancement algorithms using depth residuals and transformer techniques,2025,Scientific Reports,17,Min He;Rugang Wang;Mingyang Zhang;Feiyang Lv;Yuanyuan Wang;Feng Zhou;Xuesheng Bian,"[{""author"":{""id"":""2358828220"",""display_name"":""Min He""},""institutions"":[]},{""author"":{""id"":""49908074"",""display_name"":""Rugang Wang""},""institutions"":[]},{""author"":{""id"":""2293555715"",""display_name"":""Mingyang Zhang""},""institutions"":[]},{""author"":{""id"":""2324120772"",""display_name"":""Feiyang Lv""},""institutions"":[]},{""author"":{""id"":""2146025300"",""display_name"":""Yuanyuan Wang""},""institutions"":[]},{""author"":{""id"":""97662451"",""display_name"":""Feng Zhou""},""institutions"":[]},{""author"":{""id"":""2287083741"",""display_name"":""Xuesheng Bian""},""institutions"":[]}]"
76457ac4d45f6fef74a74a8704cc6407b65edd38,10.1109/ICASSP49660.2025.10889442,PDCE: Patch-wise Dynamic Curve Estimation for Low-Light Image Enhancement,2025,"IEEE International Conference on Acoustics, Speech, and Signal Processing",0,Ruiyuan Chen;Zhixin Li;Han Zeng;Yifan Liu;Tao He;Tiecheng Song,"[{""author"":{""id"":""2305799735"",""display_name"":""Ruiyuan Chen""},""institutions"":[]},{""author"":{""id"":""2349884904"",""display_name"":""Zhixin Li""},""institutions"":[]},{""author"":{""id"":""2376094675"",""display_name"":""Han Zeng""},""institutions"":[]},{""author"":{""id"":""2273559907"",""display_name"":""Yifan Liu""},""institutions"":[]},{""author"":{""id"":""2349943849"",""display_name"":""Tao He""},""institutions"":[]},{""author"":{""id"":""2292177904"",""display_name"":""Tiecheng Song""},""institutions"":[]}]"
4277f6a529daa2c3732ac70f993a1a2c17dfb255,10.1109/ICASSP49660.2025.10890723,Advancing Dark Action Recognition via Modality Fusion and Dark-to-Light Diffusion Model,2025,"IEEE International Conference on Acoustics, Speech, and Signal Processing",1,Yuxuan Wang;Zhen Xing;Zuxuan Wu,"[{""author"":{""id"":""2287759908"",""display_name"":""Yuxuan Wang""},""institutions"":[]},{""author"":{""id"":""2332354247"",""display_name"":""Zhen Xing""},""institutions"":[]},{""author"":{""id"":""2341646178"",""display_name"":""Zuxuan Wu""},""institutions"":[]}]"
2a748044582a4b54a794d1b1a7e742001c1a9354,10.1007/s11760-025-04004-y,Image denoising by attention U-Net based network module for automated enhancement of low light images,2025,"Signal, Image and Video Processing",17,C. Vaidya;Amudhavel Jayavel;P. .. Mishra,"[{""author"":{""id"":""46798788"",""display_name"":""C. Vaidya""},""institutions"":[]},{""author"":{""id"":""1814242750"",""display_name"":""Amudhavel Jayavel""},""institutions"":[]},{""author"":{""id"":""2310921239"",""display_name"":""P. .. Mishra""},""institutions"":[]}]"
028861bab0ac6e2da5c89b4ae06cf9e74f1b78f3,10.1109/TAI.2024.3499950,LoRaDIP: Low-Rank Adaptation With Deep Image Prior for Generative Low-Light Image Enhancement,2025,IEEE Transactions on Artificial Intelligence,5,Zunjin Zhao;Daming Shi,"[{""author"":{""id"":""1638057237"",""display_name"":""Zunjin Zhao""},""institutions"":[]},{""author"":{""id"":""2259006000"",""display_name"":""Daming Shi""},""institutions"":[]}]"
fc455241cd0fa99f73d018b39640ba687d10c4ec,10.1016/j.image.2025.117336,MA-MNN: Multi-flow attentive memristive neural network for multi-task image restoration,2025,Signal processing. Image communication,0,Peng He;Lin Zhang;Yu Yang;Yue Zhou;Shukai Duan;Xiaofang Hu,"[{""author"":{""id"":""2163127089"",""display_name"":""Peng He""},""institutions"":[]},{""author"":{""id"":""2143838789"",""display_name"":""Lin Zhang""},""institutions"":[]},{""author"":{""id"":""2337464172"",""display_name"":""Yu Yang""},""institutions"":[]},{""author"":{""id"":""2116451313"",""display_name"":""Yue Zhou""},""institutions"":[]},{""author"":{""id"":""2269227618"",""display_name"":""Shukai Duan""},""institutions"":[]},{""author"":{""id"":""2289192561"",""display_name"":""Xiaofang Hu""},""institutions"":[]}]"
425416f67664e7fa602ca2de3c6ea9440faf1e23,10.1109/TCSVT.2025.3632359,OwlSight: A Robust Illumination Adaptation Framework for Dark Video Human Action Recognition,2025,IEEE transactions on circuits and systems for video technology (Print),4,Shihao Cheng;Jinlu Zhang;Yue Liu;Aoran Xiao;Zhigang Tu,"[{""author"":{""id"":""2353201686"",""display_name"":""Shihao Cheng""},""institutions"":[]},{""author"":{""id"":""2144199915"",""display_name"":""Jinlu Zhang""},""institutions"":[]},{""author"":{""id"":null,""display_name"":""Yue Liu""},""institutions"":[]},{""author"":{""id"":""2351067177"",""display_name"":""Aoran Xiao""},""institutions"":[]},{""author"":{""id"":""2352932765"",""display_name"":""Zhigang Tu""},""institutions"":[]}]"
524e13cbf780070b339332381eb17b7967701f88,10.1038/s41598-025-92161-y,A hybrid framework for curve estimation based low light image enhancement,2025,Scientific Reports,3,Yutao Jin;Yue Sun;Jiabao Liang;Xiaoning Yan;Zeyao Hou;Shuangwu Zheng;Yang Chen;Xiaoyan Chen,"[{""author"":{""id"":""2308842803"",""display_name"":""Yutao Jin""},""institutions"":[]},{""author"":{""id"":""2308737330"",""display_name"":""Yue Sun""},""institutions"":[]},{""author"":{""id"":""2338154815"",""display_name"":""Jiabao Liang""},""institutions"":[]},{""author"":{""id"":""2152614428"",""display_name"":""Xiaoning Yan""},""institutions"":[]},{""author"":{""id"":""2350339437"",""display_name"":""Zeyao Hou""},""institutions"":[]},{""author"":{""id"":""1561195926"",""display_name"":""Shuangwu Zheng""},""institutions"":[]},{""author"":{""id"":""2352874139"",""display_name"":""Yang Chen""},""institutions"":[]},{""author"":{""id"":""2315445463"",""display_name"":""Xiaoyan Chen""},""institutions"":[]}]"
9653ce2bdb8d6aa8b08e9ad703a4447286fad203,10.1109/CVPR52734.2025.02626,DEAL: Data-Efficient Adversarial Learning for High-Quality Infrared Imaging,2025,Computer Vision and Pattern Recognition,10,Zhu Liu;Zijun Wang;Jinyuan Liu;Fanqi Meng;Long Ma;Risheng Liu,"[{""author"":{""id"":""2292191683"",""display_name"":""Zhu Liu""},""institutions"":[]},{""author"":{""id"":""2365991217"",""display_name"":""Zijun Wang""},""institutions"":[]},{""author"":{""id"":""2293559619"",""display_name"":""Jinyuan Liu""},""institutions"":[]},{""author"":{""id"":""2289696942"",""display_name"":""Fanqi Meng""},""institutions"":[]},{""author"":{""id"":""2331460441"",""display_name"":""Long Ma""},""institutions"":[]},{""author"":{""id"":""2237951125"",""display_name"":""Risheng Liu""},""institutions"":[]}]"
66709d91cf593a95eb8cf1d8047985af49cd138e,10.1007/s00371-025-03842-8,Implicit guidance for enhancing low-light optical flow estimation via channel attention networks,2025,The Visual Computer,3,Weichen Dai;Hexing Wu;Xiaoyang Weng;Wanzeng Kong,"[{""author"":{""id"":""2274931426"",""display_name"":""Weichen Dai""},""institutions"":[]},{""author"":{""id"":""2347884061"",""display_name"":""Hexing Wu""},""institutions"":[]},{""author"":{""id"":""2347796866"",""display_name"":""Xiaoyang Weng""},""institutions"":[]},{""author"":{""id"":""2274933718"",""display_name"":""Wanzeng Kong""},""institutions"":[]}]"
71da951422acac60603638598a5fc0cfa7717bce,10.1109/JIOT.2025.3590733,CLIP-Optimized Multimodal Image Enhancement via ISP-CNN Fusion for Coal Mine IoVT Under Uneven Illumination,2025,IEEE Internet of Things Journal,3,Shuai Wang;Shihao Zhang;Jiaqi Wu;Zijian Tian;Wei Chen;Tongzhu Jin;Miaomiao Xue;Zehua Wang;F. Yu;Victor C. M. Leung,"[{""author"":{""id"":""2283888173"",""display_name"":""Shuai Wang""},""institutions"":[]},{""author"":{""id"":""2296627645"",""display_name"":""Shihao Zhang""},""institutions"":[]},{""author"":{""id"":""2292459577"",""display_name"":""Jiaqi Wu""},""institutions"":[]},{""author"":{""id"":""2296220264"",""display_name"":""Zijian Tian""},""institutions"":[]},{""author"":{""id"":""2329164441"",""display_name"":""Wei Chen""},""institutions"":[]},{""author"":{""id"":""150320259"",""display_name"":""Tongzhu Jin""},""institutions"":[]},{""author"":{""id"":""2335718761"",""display_name"":""Miaomiao Xue""},""institutions"":[]},{""author"":{""id"":""2261096811"",""display_name"":""Zehua Wang""},""institutions"":[]},{""author"":{""id"":""2256990287"",""display_name"":""F. Yu""},""institutions"":[]},{""author"":{""id"":""2316063125"",""display_name"":""Victor C. M. Leung""},""institutions"":[]}]"
4ddaee876782adfa9b812dd699dd575d084475bd,10.1109/SMC58881.2025.11342785,LUMINA-Net: Low-light Upgrade through Multi-stage Illumination and Noise Adaptation Network for Image Enhancement,2025,"IEEE International Conference on Systems, Man and Cybernetics",1,Namrah Siddiqua;Suneung Kim,"[{""author"":{""id"":""2346835169"",""display_name"":""Namrah Siddiqua""},""institutions"":[]},{""author"":{""id"":""30938069"",""display_name"":""Suneung Kim""},""institutions"":[]}]"
858c7d5174059ed0e6bab0fe04b851ecc9bd6698,10.1007/s00371-025-03835-7,Multi-stage residual network with two fold attention mechanisms for low-light image enhancement,2025,The Visual Computer,16,Sathish Mothe;Srinivas Kankanala,"[{""author"":{""id"":""2346449677"",""display_name"":""Sathish Mothe""},""institutions"":[]},{""author"":{""id"":""2346439254"",""display_name"":""Srinivas Kankanala""},""institutions"":[]}]"
b48eef198800731e823075d763df6c913a9244a2,10.1371/journal.pone.0314541,ILR-Net: Low-light image enhancement network based on the combination of iterative learning mechanism and Retinex theory,2025,PLoS ONE,12,Mohan Yin;Jianbai Yang,"[{""author"":{""id"":""2324132665"",""display_name"":""Mohan Yin""},""institutions"":[]},{""author"":{""id"":""2324217174"",""display_name"":""Jianbai Yang""},""institutions"":[]}]"
a699c0be5519c67d0e74ddecb795bcf8c18304f8,10.1117/12.3057717,A wavelet-based diffusion model for low-light image enhancement in raw space,2025,International Conference on Graphic and Image Processing,1,Xinyu Zhang;Yang Xu;Zhihui Wei;Zebin Wu,"[{""author"":{""id"":""2287799135"",""display_name"":""Xinyu Zhang""},""institutions"":[]},{""author"":{""id"":""2115681716"",""display_name"":""Yang Xu""},""institutions"":[]},{""author"":{""id"":""2157387443"",""display_name"":""Zhihui Wei""},""institutions"":[]},{""author"":{""id"":""134909078"",""display_name"":""Zebin Wu""},""institutions"":[]}]"
ad2c732ed31a652dfc5ccbf077d2169dc1dabd33,10.1007/s11831-025-10226-7,"A Review on Computational Low-Light Image Enhancement Models: Challenges, Benchmarks, and Perspectives",2025,Archives of Computational Methods in Engineering,17,Pallavi Singh;A. Bhandari,"[{""author"":{""id"":""2291444214"",""display_name"":""Pallavi Singh""},""institutions"":[]},{""author"":{""id"":""2019243"",""display_name"":""A. Bhandari""},""institutions"":[]}]"
bf1b6b485dbd34efc80a3eb4d52851fe1c66f659,10.3390/app15031604,Patch-Wise-Based Diffusion Model with Uncertainty Guidance for Low-Light Image Enhancement,2025,Applied Sciences,3,Li Li;Jishen Peng;Yingcai Wan,"[{""author"":{""id"":""2305255455"",""display_name"":""Li Li""},""institutions"":[]},{""author"":{""id"":""153179279"",""display_name"":""Jishen Peng""},""institutions"":[]},{""author"":{""id"":""2329062830"",""display_name"":""Yingcai Wan""},""institutions"":[]}]"
dac7705a861701fd8f676692e2867cbbce7673ca,10.1016/j.optlaseng.2024.108700,Illumination enhancement discriminator and compensation attention based low-light visible and infrared image fusion,2025,Optics and lasers in engineering,15,Xingfei Zhang;Gang Liu;Mengliang Xing;Gaoqiang Wang;D. P. Bavirisetti,"[{""author"":{""id"":""2332291838"",""display_name"":""Xingfei Zhang""},""institutions"":[]},{""author"":{""id"":""2266223708"",""display_name"":""Gang Liu""},""institutions"":[]},{""author"":{""id"":""2188403500"",""display_name"":""Mengliang Xing""},""institutions"":[]},{""author"":{""id"":""2331074432"",""display_name"":""Gaoqiang Wang""},""institutions"":[]},{""author"":{""id"":""9151922"",""display_name"":""D. P. Bavirisetti""},""institutions"":[]}]"
7b736bc630abcb497d347b77e190c6849f034dfb,10.1016/j.neucom.2025.129553,Crossing the Chasm: A practical architecture augmentation for low-quality object detection,2025,Neurocomputing,3,Xinwei Xue;Haoze Zheng;Yuechao Gao;Tengyu Ma;Long Ma;Qi Jia,"[{""author"":{""id"":""2324342252"",""display_name"":""Xinwei Xue""},""institutions"":[]},{""author"":{""id"":""2349798388"",""display_name"":""Haoze Zheng""},""institutions"":[]},{""author"":{""id"":""2343597165"",""display_name"":""Yuechao Gao""},""institutions"":[]},{""author"":{""id"":""2238532971"",""display_name"":""Tengyu Ma""},""institutions"":[]},{""author"":{""id"":""2340912932"",""display_name"":""Long Ma""},""institutions"":[]},{""author"":{""id"":""2129979738"",""display_name"":""Qi Jia""},""institutions"":[]}]"
65e615c7da4148cb6042ff8c7d80d65f50cb119b,10.1016/j.neucom.2025.129572,MDANet: A multi-stage domain adaptation framework for generalizable low-light image enhancement,2025,Neurocomputing,33,Jianhui Wang;Yangfan He;Kun Li;Sida Li;Lan Zhao;Jun Yin;Miao Zhang;Tianyu Shi;Xueqian Wang,"[{""author"":{""id"":""2339243505"",""display_name"":""Jianhui Wang""},""institutions"":[]},{""author"":{""id"":""2310318734"",""display_name"":""Yangfan He""},""institutions"":[]},{""author"":{""id"":""2339536802"",""display_name"":""Kun Li""},""institutions"":[]},{""author"":{""id"":""2339479443"",""display_name"":""Sida Li""},""institutions"":[]},{""author"":{""id"":""2312099266"",""display_name"":""Lan Zhao""},""institutions"":[]},{""author"":{""id"":""2340409875"",""display_name"":""Jun Yin""},""institutions"":[]},{""author"":{""id"":""2339241115"",""display_name"":""Miao Zhang""},""institutions"":[]},{""author"":{""id"":""2323017980"",""display_name"":""Tianyu Shi""},""institutions"":[]},{""author"":{""id"":""2292032615"",""display_name"":""Xueqian Wang""},""institutions"":[]}]"
09314d8e44e3dfb2d4ddedbb36b0f97a75330133,10.1016/j.inffus.2025.103036,"A comprehensive survey of visible and infrared imaging in complex environments: Principle, degradation and enhancement",2025,Information Fusion,17,Yuanbo Li;Ping Zhou;Gongbo Zhou;Haozhe Wang;Yunqi Lu;Yuxing Peng,"[{""author"":{""id"":""2110481394"",""display_name"":""Yuanbo Li""},""institutions"":[]},{""author"":{""id"":""2106946559"",""display_name"":""Ping Zhou""},""institutions"":[]},{""author"":{""id"":""2276049239"",""display_name"":""Gongbo Zhou""},""institutions"":[]},{""author"":{""id"":""2314588095"",""display_name"":""Haozhe Wang""},""institutions"":[]},{""author"":{""id"":""2308011658"",""display_name"":""Yunqi Lu""},""institutions"":[]},{""author"":{""id"":""2357909116"",""display_name"":""Yuxing Peng""},""institutions"":[]}]"
728afc9ebcd9a188eb7fe2e5d0fc72ce5e40b8a6,10.1109/IJCNN64981.2025.11227308,DLEN: Dual Branch of Transformer for Low-Light Image Enhancement in Dual Domains,2025,IEEE International Joint Conference on Neural Network,5,Junyu Xia;Jiesong Bai;Yihang Dong,"[{""author"":{""id"":""2341880156"",""display_name"":""Junyu Xia""},""institutions"":[]},{""author"":{""id"":""2300253561"",""display_name"":""Jiesong Bai""},""institutions"":[]},{""author"":{""id"":""2316519915"",""display_name"":""Yihang Dong""},""institutions"":[]}]"
22c8e269ac0bc2349226204ee772156e0e9ff82f,10.1007/s11760-024-03768-z,GLE-YOLO: intelligent detection of road linear damage in shadow condition,2025,"Signal, Image and Video Processing",3,Zhaopeng Zhang;Zhijie Xu;Jianqin Zhang,"[{""author"":{""id"":""2319408902"",""display_name"":""Zhaopeng Zhang""},""institutions"":[]},{""author"":{""id"":""2136387927"",""display_name"":""Zhijie Xu""},""institutions"":[]},{""author"":{""id"":""2107981027"",""display_name"":""Jianqin Zhang""},""institutions"":[]}]"
6376714e819f0e57033aa4db5b4eab86d9885661,10.1145/3711929,Wakeup-Darkness: When Multimodal Meets Unsupervised Low-Light Image Enhancement,2025,ACM Trans. Multim. Comput. Commun. Appl.,18,Xiaofeng Zhang;Zishan Xu;Hao Tang;Chaochen Gu;Wei Chen;Abdulmotaleb El Saddik,"[{""author"":{""id"":""2257953748"",""display_name"":""Xiaofeng Zhang""},""institutions"":[]},{""author"":{""id"":""2258090051"",""display_name"":""Zishan Xu""},""institutions"":[]},{""author"":{""id"":""2275194660"",""display_name"":""Hao Tang""},""institutions"":[]},{""author"":{""id"":""2253450209"",""display_name"":""Chaochen Gu""},""institutions"":[]},{""author"":{""id"":""2154942699"",""display_name"":""Wei Chen""},""institutions"":[]},{""author"":{""id"":""2192549899"",""display_name"":""Abdulmotaleb El Saddik""},""institutions"":[]}]"
0fb47ad2ce75eb344c70f32defbfbea379f38324,10.1109/NNICE64954.2025.11064605,Local-Global Two-Branch Synergy to Optimize Exposure Correction,2025,"2025 5th International Conference on Neural Networks, Information and Communication Engineering (NNICE)",0,Yonghua Zhang;Yinghao Liu;Yongbo Liu;Lvchen Cao;Ziqing Huang,"[{""author"":{""id"":""2210479199"",""display_name"":""Yonghua Zhang""},""institutions"":[]},{""author"":{""id"":""2343996305"",""display_name"":""Yinghao Liu""},""institutions"":[]},{""author"":{""id"":""2144407203"",""display_name"":""Yongbo Liu""},""institutions"":[]},{""author"":{""id"":""2266359800"",""display_name"":""Lvchen Cao""},""institutions"":[]},{""author"":{""id"":""2249123239"",""display_name"":""Ziqing Huang""},""institutions"":[]}]"
3bd1e4f276ee5e0fc46f271f63bc725e7324dd7e,10.1109/WACVW65960.2025.00037,HipyrNet: Hypernet-Guided Feature Pyramid Network for Mixed-Exposure Correction,2025,2025 IEEE/CVF Winter Conference on Applications of Computer Vision Workshops (WACVW),3,Shaurya Rathore;Aravind Shenoy;Krish Didwania;Aditya Kasliwal;Ujjwal Verma,"[{""author"":{""id"":""2339262666"",""display_name"":""Shaurya Rathore""},""institutions"":[]},{""author"":{""id"":""2339269078"",""display_name"":""Aravind Shenoy""},""institutions"":[]},{""author"":{""id"":""2284761247"",""display_name"":""Krish Didwania""},""institutions"":[]},{""author"":{""id"":""2192732131"",""display_name"":""Aditya Kasliwal""},""institutions"":[]},{""author"":{""id"":""2284761245"",""display_name"":""Ujjwal Verma""},""institutions"":[]}]"
3ecd5f926d30a56c7adad3fbd7e949738c756fea,10.1016/j.dsp.2024.104851,Efficient recurrent real video restoration,2025,Digit. Signal Process.,0,A. Buades;J. Lisani,"[{""author"":{""id"":""2330728644"",""display_name"":""A. Buades""},""institutions"":[]},{""author"":{""id"":""2142405"",""display_name"":""J. Lisani""},""institutions"":[]}]"
66df6f1ecbd79cc439e836da07b13d2e3b734daf,10.1016/j.displa.2024.102954,Wavelet-based enhancement network for low-light image,2025,Displays (Guildford),7,Xiaopeng Hu;Kang Liu;Xiangchen Yin;Xin Gao;Pingsheng Jiang;Xu Qian,"[{""author"":{""id"":""2338531367"",""display_name"":""Xiaopeng Hu""},""institutions"":[]},{""author"":{""id"":""2146386319"",""display_name"":""Kang Liu""},""institutions"":[]},{""author"":{""id"":""2240802580"",""display_name"":""Xiangchen Yin""},""institutions"":[]},{""author"":{""id"":""2239459437"",""display_name"":""Xin Gao""},""institutions"":[]},{""author"":{""id"":""2338646599"",""display_name"":""Pingsheng Jiang""},""institutions"":[]},{""author"":{""id"":""2067732973"",""display_name"":""Xu Qian""},""institutions"":[]}]"
7f5bf037fbc8427ed30db78b20bb301255637c31,10.1016/j.neucom.2025.129426,FIPNet: Self-supervised low-light image enhancement combining feature and illumination priors,2025,Neurocomputing,31,Jie Cao;Qijie Zou;Xin Ning;Zhen Wang;Gang Wang,"[{""author"":{""id"":""2342453404"",""display_name"":""Jie Cao""},""institutions"":[]},{""author"":{""id"":""2340324021"",""display_name"":""Qijie Zou""},""institutions"":[]},{""author"":{""id"":""2195492834"",""display_name"":""Xin Ning""},""institutions"":[]},{""author"":{""id"":""2304369480"",""display_name"":""Zhen Wang""},""institutions"":[]},{""author"":{""id"":""2307771123"",""display_name"":""Gang Wang""},""institutions"":[]}]"
7dd480c7954f163c030c6c56778a6372ed4730ec,10.1016/j.eswa.2025.126504,ILENet: Illumination-Modulated Laplacian-Pyramid Enhancement Network for low-light object detection,2025,Expert systems with applications,9,Xiaofeng Wang;Rentao Yang;Zhize Wu;Lingma Sun;Jiashan Liu;Le Zou,"[{""author"":{""id"":""2237108013"",""display_name"":""Xiaofeng Wang""},""institutions"":[]},{""author"":{""id"":""2332302314"",""display_name"":""Rentao Yang""},""institutions"":[]},{""author"":{""id"":""2239946463"",""display_name"":""Zhize Wu""},""institutions"":[]},{""author"":{""id"":""2312689449"",""display_name"":""Lingma Sun""},""institutions"":[]},{""author"":{""id"":""2332299960"",""display_name"":""Jiashan Liu""},""institutions"":[]},{""author"":{""id"":""2296258261"",""display_name"":""Le Zou""},""institutions"":[]}]"
f4f201b160b568caa95417bdb5904883efe6910c,10.1016/j.displa.2025.102979,ColorBoost-LLIE: A multi-loss guided low-light image enhancement algorithm with decoupled color and luminance restoration,2025,Displays (Guildford),4,Xiaoyang Shen;Haibin Li;Yaqian Li;Wenming Zhang,"[{""author"":{""id"":""2321356235"",""display_name"":""Xiaoyang Shen""},""institutions"":[]},{""author"":{""id"":""2321051136"",""display_name"":""Haibin Li""},""institutions"":[]},{""author"":{""id"":""2267309136"",""display_name"":""Yaqian Li""},""institutions"":[]},{""author"":{""id"":""2107979694"",""display_name"":""Wenming Zhang""},""institutions"":[]}]"
1bd0a409568b7214f8c20dc8046baff150a7be89,10.1016/j.knosys.2025.112998,Reffusion: Enhancement Conditional Diffusion Framework with Dual Domain Interaction Transformer for image restoration,2025,Knowledge-Based Systems,8,Dirui Xie;Xiaofang Hu;He Xiao;Yue Zhou;Shukai Duan,"[{""author"":{""id"":""2211254189"",""display_name"":""Dirui Xie""},""institutions"":[]},{""author"":{""id"":""2289192561"",""display_name"":""Xiaofang Hu""},""institutions"":[]},{""author"":{""id"":""2114210605"",""display_name"":""He Xiao""},""institutions"":[]},{""author"":{""id"":""2116451313"",""display_name"":""Yue Zhou""},""institutions"":[]},{""author"":{""id"":""2269227618"",""display_name"":""Shukai Duan""},""institutions"":[]}]"
bf7e12cad1af19cf9ff0b899b7857ac68e4346bd,10.1109/TPAMI.2024.3524538,Interpretable Optimization-Inspired Unfolding Network for Low-Light Image Enhancement,2025,IEEE Transactions on Pattern Analysis and Machine Intelligence,38,Wenhui Wu;Jian Weng;Pingping Zhang;Xu Wang;Wenhan Yang;Jianmin Jiang,"[{""author"":{""id"":""2139644112"",""display_name"":""Wenhui Wu""},""institutions"":[]},{""author"":{""id"":""2173437827"",""display_name"":""Jian Weng""},""institutions"":[]},{""author"":{""id"":""2154286605"",""display_name"":""Pingping Zhang""},""institutions"":[]},{""author"":{""id"":""2240192851"",""display_name"":""Xu Wang""},""institutions"":[]},{""author"":{""id"":""2274269967"",""display_name"":""Wenhan Yang""},""institutions"":[]},{""author"":{""id"":""2244585958"",""display_name"":""Jianmin Jiang""},""institutions"":[]}]"
d1d1cb5fc148fd7f89319bda766df17b8d12b284,10.1155/int/8834271,R‐YOLOv5s: Improved YOLOv5s for Object Detection in Low‐Light Environments,2025,International Journal of Intelligent Systems,2,Yimeng Xia;Yuanmei Wang;Hao Luo;Sheng Liu;Tao Li,"[{""author"":{""id"":""2324707927"",""display_name"":""Yimeng Xia""},""institutions"":[]},{""author"":{""id"":""2444707894"",""display_name"":""Yuanmei Wang""},""institutions"":[]},{""author"":{""id"":""2352068946"",""display_name"":""Hao Luo""},""institutions"":[]},{""author"":{""id"":""2319348089"",""display_name"":""Sheng Liu""},""institutions"":[]},{""author"":{""id"":""2351431675"",""display_name"":""Tao Li""},""institutions"":[]}]"
6b43f420428303c923033f3a956a66ce8d9f6a48,10.1109/ICMEE63700.2024.11025299,A Multi-Scale Enhancement Network for Object Detection in Low-Light Conditions,2024,International Conference on Mechanical and Electronics Engineering,0,Haoyang Tang;Xinyu Liu;Yanhong Li;Xinyue Yao,"[{""author"":{""id"":""2112389177"",""display_name"":""Haoyang Tang""},""institutions"":[]},{""author"":{""id"":""2346919018"",""display_name"":""Xinyu Liu""},""institutions"":[]},{""author"":{""id"":""2306346902"",""display_name"":""Yanhong Li""},""institutions"":[]},{""author"":{""id"":""2345441023"",""display_name"":""Xinyue Yao""},""institutions"":[]}]"
1e24ba86592a75b4f045b90171de2fad3b60487b,10.1109/TIP.2024.3519997,Residual Quotient Learning for Zero-Reference Low-Light Image Enhancement,2024,IEEE Transactions on Image Processing,17,Chao Xie;Linfeng Fei;Huanjie Tao;Yaocong Hu;Wei Zhou;Jiun Tian Hoe;Weipeng Hu;Yap-Peng Tan,"[{""author"":{""id"":""2064757396"",""display_name"":""Chao Xie""},""institutions"":[]},{""author"":{""id"":""2205900248"",""display_name"":""Linfeng Fei""},""institutions"":[]},{""author"":{""id"":""46232650"",""display_name"":""Huanjie Tao""},""institutions"":[]},{""author"":{""id"":""2265512842"",""display_name"":""Yaocong Hu""},""institutions"":[]},{""author"":{""id"":""2337299236"",""display_name"":""Wei Zhou""},""institutions"":[]},{""author"":{""id"":""2130147135"",""display_name"":""Jiun Tian Hoe""},""institutions"":[]},{""author"":{""id"":""2273624548"",""display_name"":""Weipeng Hu""},""institutions"":[]},{""author"":{""id"":""2273608727"",""display_name"":""Yap-Peng Tan""},""institutions"":[]}]"
fbc859aa27414e505f88342b79838a9f0bd94c52,10.1007/s00530-024-01589-1,Gated image-adaptive network for driving-scene object detection under nighttime conditions,2024,Multimedia Systems,7,Yuantao Wang;Yuanyao Lu;Yongsheng Qiu,"[{""author"":{""id"":""2203021722"",""display_name"":""Yuantao Wang""},""institutions"":[]},{""author"":{""id"":""2266200183"",""display_name"":""Yuanyao Lu""},""institutions"":[]},{""author"":{""id"":""47604559"",""display_name"":""Yongsheng Qiu""},""institutions"":[]}]"
60b1af8c1570bf7e9b6562de5e6d023377f0c74d,10.1007/s10489-024-06044-2,Low-light image enhancement via an attention-guided deep Retinex decomposition model,2024,Applied intelligence (Boston),12,Yu Luo;Guoliang Lv;Jie Ling;Xiaomin Hu,"[{""author"":{""id"":""2108803162"",""display_name"":""Yu Luo""},""institutions"":[]},{""author"":{""id"":""2221040667"",""display_name"":""Guoliang Lv""},""institutions"":[]},{""author"":{""id"":""2238214058"",""display_name"":""Jie Ling""},""institutions"":[]},{""author"":{""id"":""2148969750"",""display_name"":""Xiaomin Hu""},""institutions"":[]}]"
721c7db7f5cdaa9894da49d0ef3ad824b2cdeef9,10.1007/s40747-024-01681-z,LDWLE: self-supervised driven low-light object detection framework,2024,Complex & Intelligent Systems,16,Xiaoyang Shen;Haibin Li;Yaqian Li;Wenming Zhang,"[{""author"":{""id"":""2321356235"",""display_name"":""Xiaoyang Shen""},""institutions"":[]},{""author"":{""id"":""2321051136"",""display_name"":""Haibin Li""},""institutions"":[]},{""author"":{""id"":""2267309136"",""display_name"":""Yaqian Li""},""institutions"":[]},{""author"":{""id"":""2107979694"",""display_name"":""Wenming Zhang""},""institutions"":[]}]"
8443289418f219d112df63b2f32fcbd3d46ff695,10.48550/arXiv.2412.13401,Zero-Shot Low Light Image Enhancement with Diffusion Prior,2024,arXiv.org,7,Joshua Cho;Sara Aghajanzadeh;Zhen Zhu;D. Forsyth,"[{""author"":{""id"":""50546194"",""display_name"":""Joshua Cho""},""institutions"":[]},{""author"":{""id"":""94297661"",""display_name"":""Sara Aghajanzadeh""},""institutions"":[]},{""author"":{""id"":""2375959469"",""display_name"":""Zhen Zhu""},""institutions"":[]},{""author"":{""id"":""2294360961"",""display_name"":""D. Forsyth""},""institutions"":[]}]"
7e99518616703d8e193df6d80aca6ad78f57289b,10.1016/j.neucom.2024.129236,A light-weight deep learning framework for Low Light Image Enhancement,2024,Neurocomputing,14,Laraib Zainab;H. Afzal;Khawir Mahmood;Omar Arif,"[{""author"":{""id"":""1573664976"",""display_name"":""Laraib Zainab""},""institutions"":[]},{""author"":{""id"":""1777100"",""display_name"":""H. Afzal""},""institutions"":[]},{""author"":{""id"":""120533414"",""display_name"":""Khawir Mahmood""},""institutions"":[]},{""author"":{""id"":""2066153846"",""display_name"":""Omar Arif""},""institutions"":[]}]"
5c7b2a9b70ff59e4d99877823e8d508175648d10,10.1109/ICDSCA63855.2024.10859773,Low-Light Image Enhancement Method Based on Optimized Generative Adversarial Network,2024,2024 IEEE 4th International Conference on Data Science and Computer Application (ICDSCA),1,Zhaokang Ji;Tao Liu;Ping Zhang,"[{""author"":{""id"":""2266524865"",""display_name"":""Zhaokang Ji""},""institutions"":[]},{""author"":{""id"":""2298538217"",""display_name"":""Tao Liu""},""institutions"":[]},{""author"":{""id"":""2154286304"",""display_name"":""Ping Zhang""},""institutions"":[]}]"
2031c884326b1d4c0d5801513af949c814828d3c,10.1109/ICICML63543.2024.10958001,Enhancing Low-light Images Using a Coarse-to-fine Linear Mapping Strategy,2024,"2024 International Conference on Image Processing, Computer Vision and Machine Learning (ICICML)",0,Jingxi Liao;Shijie Hao,"[{""author"":{""id"":""2357795020"",""display_name"":""Jingxi Liao""},""institutions"":[]},{""author"":{""id"":""2355541760"",""display_name"":""Shijie Hao""},""institutions"":[]}]"
a39946648bede4a4788e185352b73da77138eaf3,10.1109/ICICML63543.2024.10957894,A Comprehensive Review of Low-light Image Enhancement Techniques,2024,"2024 International Conference on Image Processing, Computer Vision and Machine Learning (ICICML)",1,Tian Gao;Peilin Tao,"[{""author"":{""id"":""2072688487"",""display_name"":""Tian Gao""},""institutions"":[]},{""author"":{""id"":""2364884284"",""display_name"":""Peilin Tao""},""institutions"":[]}]"
bc2de31b9489005844b0b0c6aabe34b169ed2853,10.1145/3708778.3708787,Leveraging Two-Stage Transfer Learning with YOLOv7 and CNN-Based LLI Enhancement for Trike Detection,2024,International Conference on Computational Intelligence and Intelligent Systems,0,J. P. Tomas;C. A. D. Dela Cruz;E. G. M. Domingo;Mia B. Enciso;B. Doma,"[{""author"":{""id"":""1382050142"",""display_name"":""J. P. Tomas""},""institutions"":[]},{""author"":{""id"":""2360517490"",""display_name"":""C. A. D. Dela Cruz""},""institutions"":[]},{""author"":{""id"":""2333494049"",""display_name"":""E. G. M. Domingo""},""institutions"":[]},{""author"":{""id"":""2333498384"",""display_name"":""Mia B. Enciso""},""institutions"":[]},{""author"":{""id"":""12731001"",""display_name"":""B. Doma""},""institutions"":[]}]"
7c264b974532aff39709bcf468ef442b59bf8fd2,10.1145/3697294.3697304,Low-light Video Enhancement with Conditional Diffusion Models and Wavelet Interscale Attentions,2024,Conference on Visual Media Production,11,Ruirui Lin;Qi Sun;N. Anantrasirichai,"[{""author"":{""id"":""2283107688"",""display_name"":""Ruirui Lin""},""institutions"":[]},{""author"":{""id"":""2112428315"",""display_name"":""Qi Sun""},""institutions"":[]},{""author"":{""id"":""1756108"",""display_name"":""N. Anantrasirichai""},""institutions"":[]}]"
8ea7114fb79c7fe51e4d692e08ddfb13718c3848,10.1007/s11227-024-06683-9,GDNet: a low-light image enhancement network based on Ghost-Block and unique image decomposition,2024,Journal of Supercomputing,0,Rui Chang;Gang Liu;Yao Qian;Haojie Tang;Gaoqiang Wang;D. P. Bavirisetti,"[{""author"":{""id"":""2266196000"",""display_name"":""Rui Chang""},""institutions"":[]},{""author"":{""id"":""2266223708"",""display_name"":""Gang Liu""},""institutions"":[]},{""author"":{""id"":""2188412783"",""display_name"":""Yao Qian""},""institutions"":[]},{""author"":{""id"":""2266236016"",""display_name"":""Haojie Tang""},""institutions"":[]},{""author"":{""id"":""2331074432"",""display_name"":""Gaoqiang Wang""},""institutions"":[]},{""author"":{""id"":""9151922"",""display_name"":""D. P. Bavirisetti""},""institutions"":[]}]"
4173308755023f15eb02c449dd0ddefac7bb7220,10.23919/ISITA60732.2024.10858232,Object Detection for Low-Illumination Scenes Based on Enhanced Yolov7 Architecture,2024,International Symposium on Information Theory and its Applications,0,Chia-Hsien Lin;G. Peng;C. Lin,"[{""author"":{""id"":""2116503871"",""display_name"":""Chia-Hsien Lin""},""institutions"":[]},{""author"":{""id"":""2343828307"",""display_name"":""G. Peng""},""institutions"":[]},{""author"":{""id"":""2267152832"",""display_name"":""C. Lin""},""institutions"":[]}]"
1fe7060189b8f55c11d512531d33682e4d2392ac,10.1109/WACV61041.2025.00872,UnDIVE: Generalized Underwater Video Enhancement Using Generative Priors,2024,IEEE Workshop/Winter Conference on Applications of Computer Vision,4,Suhas Srinath;A. Chandrasekar;Hemang Jamadagni;R. Soundararajan;AP Prathosh,"[{""author"":{""id"":""2000469004"",""display_name"":""Suhas Srinath""},""institutions"":[]},{""author"":{""id"":""47387170"",""display_name"":""A. Chandrasekar""},""institutions"":[]},{""author"":{""id"":""2330191770"",""display_name"":""Hemang Jamadagni""},""institutions"":[]},{""author"":{""id"":""2510315"",""display_name"":""R. Soundararajan""},""institutions"":[]},{""author"":{""id"":""2286960334"",""display_name"":""AP Prathosh""},""institutions"":[]}]"
f237d90bf7fc1453b84bc066c9a4344b153fc6bb,10.1109/APCCAS62602.2024.10808279,COLEA: A Low-light Enhancement Accelerator with Memory-usage Reducing Strategy,2024,Asia Pacific Conference on Circuits and Systems,1,Junhao Zhang;Liang Chang,"[{""author"":{""id"":""2308346531"",""display_name"":""Junhao Zhang""},""institutions"":[]},{""author"":{""id"":""2337777569"",""display_name"":""Liang Chang""},""institutions"":[]}]"
73d236cb58be36fae351d935bc7d81cee52e378b,10.1016/j.patcog.2024.111180,STARNet: Low-light video enhancement using spatio-temporal consistency aggregation,2024,Pattern Recognition,12,Zhe Wu;Zehua Sheng;Xue Zhang;Sixi Cao;Runmin Zhang;Beinan Yu;Chenghao Zhang;Bailin Yang;Hui Shen,"[{""author"":{""id"":""2303650385"",""display_name"":""Zhe Wu""},""institutions"":[]},{""author"":{""id"":""2160714209"",""display_name"":""Zehua Sheng""},""institutions"":[]},{""author"":{""id"":""2144543653"",""display_name"":""Xue Zhang""},""institutions"":[]},{""author"":{""id"":""113288744"",""display_name"":""Sixi Cao""},""institutions"":[]},{""author"":{""id"":""2294502116"",""display_name"":""Runmin Zhang""},""institutions"":[]},{""author"":{""id"":""2427745307"",""display_name"":""Beinan Yu""},""institutions"":[]},{""author"":{""id"":""2307582272"",""display_name"":""Chenghao Zhang""},""institutions"":[]},{""author"":{""id"":""2294676528"",""display_name"":""Bailin Yang""},""institutions"":[]},{""author"":{""id"":""2110827120"",""display_name"":""Hui Shen""},""institutions"":[]}]"
1e69a89c9e25c49246bc7b791b3e160eda494540,10.1016/j.displa.2024.102877,Perceptually-calibrated synergy network for night-time image quality assessment with enhancement booster and knowledge cross-sharing,2024,Displays (Guildford),7,Zhuo Li;Xiao'er Li;Jiangli Shi;Feng Shao,"[{""author"":{""id"":""2332478852"",""display_name"":""Zhuo Li""},""institutions"":[]},{""author"":{""id"":""2332040948"",""display_name"":""Xiao'er Li""},""institutions"":[]},{""author"":{""id"":""2241079713"",""display_name"":""Jiangli Shi""},""institutions"":[]},{""author"":{""id"":""2166597539"",""display_name"":""Feng Shao""},""institutions"":[]}]"
a87b1d59124e1724d12c96abbfc7bf712b012701,10.1016/j.jvcir.2024.104337,Enhanced soft domain adaptation for object detection in the dark,2024,Journal of Visual Communication and Image Representation,2,Yunfei Bai;Chang Liu;Rui Yang;Xiaomao Li,"[{""author"":{""id"":""2294674122"",""display_name"":""Yunfei Bai""},""institutions"":[]},{""author"":{""id"":""2293017870"",""display_name"":""Chang Liu""},""institutions"":[]},{""author"":{""id"":""2325570097"",""display_name"":""Rui Yang""},""institutions"":[]},{""author"":{""id"":""2325564239"",""display_name"":""Xiaomao Li""},""institutions"":[]}]"
f0da348a4c4bdcd46a9f609025e84d3d0bcd6227,10.1109/JAS.2024.124521,Image Enhancement via Associated Perturbation Removal and Texture Reconstruction Learning,2024,IEEE/CAA Journal of Automatica Sinica,14,Kui Jiang;Ruoxi Wang;Yi Xiao;Junjun Jiang;Xin Xu;Tao Lu,"[{""author"":{""id"":""2237233392"",""display_name"":""Kui Jiang""},""institutions"":[]},{""author"":{""id"":""2206521468"",""display_name"":""Ruoxi Wang""},""institutions"":[]},{""author"":{""id"":""2153507956"",""display_name"":""Yi Xiao""},""institutions"":[]},{""author"":{""id"":""2260831387"",""display_name"":""Junjun Jiang""},""institutions"":[]},{""author"":{""id"":""2152775854"",""display_name"":""Xin Xu""},""institutions"":[]},{""author"":{""id"":""2297165137"",""display_name"":""Tao Lu""},""institutions"":[]}]"
51c24527068e122e9b9980f383ea27f2aa464d13,10.1016/j.jksuci.2024.102234,"Low-light image enhancement: A comprehensive review on methods, datasets and evaluation metrics",2024,Journal of King Saud University: Computer and Information Sciences,43,Jingchun Zhan;Eg Su Goh;M. S. Sunar,"[{""author"":{""id"":""2409206447"",""display_name"":""Jingchun Zhan""},""institutions"":[]},{""author"":{""id"":""67195982"",""display_name"":""Eg Su Goh""},""institutions"":[]},{""author"":{""id"":""2036992"",""display_name"":""M. S. Sunar""},""institutions"":[]}]"
3ec3230ceef6776daf2bab9087ebe28354ee93e6,10.1109/CAC63892.2024.10865239,Unsupervised Enhancement Model for Brightness Equalization of Small Celestial Body,2024,ACM Cloud and Autonomic Computing Conference,0,Qinjie Zhou;Wei Shao,"[{""author"":{""id"":""2345650135"",""display_name"":""Qinjie Zhou""},""institutions"":[]},{""author"":{""id"":""2303002780"",""display_name"":""Wei Shao""},""institutions"":[]}]"
6fe9aa2ce159c2fb8ff754b93abf9f2230b424dd,10.1109/TIP.2024.3486610,AnlightenDiff: Anchoring Diffusion Probabilistic Model on Low Light Image Enhancement,2024,IEEE Transactions on Image Processing,34,Student Member Ieee Cheuk-Yiu Chan;Life Fellow Ieee Wan-Chi Siu;Member Ieee Yuk-Hee Chan;L. F. I. H. Anthony Chan;Cheuk-Yiu Chan;Yuk-Hee Chan,"[{""author"":{""id"":""2329863978"",""display_name"":""Student Member Ieee Cheuk-Yiu Chan""},""institutions"":[]},{""author"":{""id"":""2329862477"",""display_name"":""Life Fellow Ieee Wan-Chi Siu""},""institutions"":[]},{""author"":{""id"":""2329859187"",""display_name"":""Member Ieee Yuk-Hee Chan""},""institutions"":[]},{""author"":{""id"":""2329863896"",""display_name"":""L. F. I. H. Anthony Chan""},""institutions"":[]},{""author"":{""id"":""2186563089"",""display_name"":""Cheuk-Yiu Chan""},""institutions"":[]},{""author"":{""id"":""2271606055"",""display_name"":""Yuk-Hee Chan""},""institutions"":[]}]"
06343cb261eb78849320f5b4f680555deed401e5,10.1145/3664647.3681370,Exploring in Extremely Dark: Low-Light Video Enhancement with Real Events,2024,ACM Multimedia,6,Xicong Wang;Huiyuan Fu;Jiaxuan Wang;Xin Wang;Heng Zhang;Huadong Ma,"[{""author"":{""id"":""2271362374"",""display_name"":""Xicong Wang""},""institutions"":[]},{""author"":{""id"":""2513605"",""display_name"":""Huiyuan Fu""},""institutions"":[]},{""author"":{""id"":""2271359439"",""display_name"":""Jiaxuan Wang""},""institutions"":[]},{""author"":{""id"":""2322102717"",""display_name"":""Xin Wang""},""institutions"":[]},{""author"":{""id"":""2271866730"",""display_name"":""Heng Zhang""},""institutions"":[]},{""author"":{""id"":""2248034542"",""display_name"":""Huadong Ma""},""institutions"":[]}]"
c5d430d24c9fcdc14536d381f06f452c10135c3f,10.48550/arXiv.2410.18398,You Only Look Around: Learning Illumination Invariant Feature for Low-light Object Detection,2024,Neural Information Processing Systems,48,Mingbo Hong;Shen Cheng;Haibin Huang;Haoqiang Fan;Shuaicheng Liu,"[{""author"":{""id"":""2309478918"",""display_name"":""Mingbo Hong""},""institutions"":[]},{""author"":{""id"":""2116727508"",""display_name"":""Shen Cheng""},""institutions"":[]},{""author"":{""id"":""2269046040"",""display_name"":""Haibin Huang""},""institutions"":[]},{""author"":{""id"":""2249400286"",""display_name"":""Haoqiang Fan""},""institutions"":[]},{""author"":{""id"":""2311739754"",""display_name"":""Shuaicheng Liu""},""institutions"":[]}]"
62d8dd07ca185034107388c60e3d17b1c9b1334e,10.48550/arXiv.2410.19164,HUE Dataset: High-Resolution Event and Frame Sequences for Low-Light Vision,2024,ECCV Workshops,6,Burak Ercan;O. Eker;Aykut Erdem;Erkut Erdem,"[{""author"":{""id"":""2077142890"",""display_name"":""Burak Ercan""},""institutions"":[]},{""author"":{""id"":""32449861"",""display_name"":""O. Eker""},""institutions"":[]},{""author"":{""id"":""2253752451"",""display_name"":""Aykut Erdem""},""institutions"":[]},{""author"":{""id"":""152330322"",""display_name"":""Erkut Erdem""},""institutions"":[]}]"
adac4ffe16937fee00a3b296e30561c9c3f1d61b,10.1007/s11263-024-02250-0,Learning Accurate Low-bit Quantization towards Efficient Computational Imaging,2024,International Journal of Computer Vision,5,Sheng Xu;Yanjing Li;Chuanjian Liu;Baochang Zhang,"[{""author"":{""id"":""2110923498"",""display_name"":""Sheng Xu""},""institutions"":[]},{""author"":{""id"":""2110500972"",""display_name"":""Yanjing Li""},""institutions"":[]},{""author"":{""id"":""2293567185"",""display_name"":""Chuanjian Liu""},""institutions"":[]},{""author"":{""id"":""2261599344"",""display_name"":""Baochang Zhang""},""institutions"":[]}]"
3d20723f19a406b3af9966e7467e1b3646ee0a0b,10.1007/s00034-024-02890-0,MDFF-Net: Multi-level Dynamic Feature Fusion Network Combined with Deep Supervision Mechanism for Low-Light Image Enhancement,2024,"Circuits, systems, and signal processing",1,Xuxu Yang;Yitao Liang;Degang Xu;Bin Li;Juan Xia;Lan Li,"[{""author"":{""id"":""2325742353"",""display_name"":""Xuxu Yang""},""institutions"":[]},{""author"":{""id"":""2325728040"",""display_name"":""Yitao Liang""},""institutions"":[]},{""author"":{""id"":""2325706382"",""display_name"":""Degang Xu""},""institutions"":[]},{""author"":{""id"":""2326047051"",""display_name"":""Bin Li""},""institutions"":[]},{""author"":{""id"":""2325817144"",""display_name"":""Juan Xia""},""institutions"":[]},{""author"":{""id"":""2282087684"",""display_name"":""Lan Li""},""institutions"":[]}]"
406eb95f07c669b7854b362e9ca467d772c469d3,10.1016/j.dsp.2024.104808,Low-light image enhancement guided by multi-domain features for detail and texture enhancement,2024,Digit. Signal Process.,6,Xiaoyang Shen;Haibin Li;Yaqian Li;Wenming Zhang,"[{""author"":{""id"":""2321356235"",""display_name"":""Xiaoyang Shen""},""institutions"":[]},{""author"":{""id"":""2321051136"",""display_name"":""Haibin Li""},""institutions"":[]},{""author"":{""id"":""2267309136"",""display_name"":""Yaqian Li""},""institutions"":[]},{""author"":{""id"":""2107979694"",""display_name"":""Wenming Zhang""},""institutions"":[]}]"
a0ad5915ba61ae307cc85d32a4bf3d792a2e5e2f,10.1016/j.image.2024.117229,A new two-stage low-light enhancement network with progressive attention fusion strategy,2024,Signal processing. Image communication,1,Hegui Zhu;Luyang Wang;Zhan Gao;Yuelin Liu;Qian Zhao,"[{""author"":{""id"":""2117693876"",""display_name"":""Hegui Zhu""},""institutions"":[]},{""author"":{""id"":""2440937125"",""display_name"":""Luyang Wang""},""institutions"":[]},{""author"":{""id"":""2266386588"",""display_name"":""Zhan Gao""},""institutions"":[]},{""author"":{""id"":""2293174306"",""display_name"":""Yuelin Liu""},""institutions"":[]},{""author"":{""id"":""2287531441"",""display_name"":""Qian Zhao""},""institutions"":[]}]"
8316aa8637b125a274534f305d1159b314e35e4b,10.1111/cgf.15210,Exploring Fast and Flexible Zero‐Shot Low‐Light Image/Video Enhancement,2024,Computer graphics forum (Print),1,Xianjun Han;Taoli Bao;Hongyu Yang,"[{""author"":{""id"":""29976668"",""display_name"":""Xianjun Han""},""institutions"":[]},{""author"":{""id"":""2327763826"",""display_name"":""Taoli Bao""},""institutions"":[]},{""author"":{""id"":""2156052951"",""display_name"":""Hongyu Yang""},""institutions"":[]}]"
cd520701e8816f67ccbb0dddfef494906c768e32,10.48550/arXiv.2409.18899,Unsupervised Low-light Image Enhancement with Lookup Tables and Diffusion Priors,2024,arXiv.org,10,Yunlong Lin;Zhenqi Fu;Kairun Wen;Tian Ye;Sixiang Chen;Ge Meng;Yingying Wang;Yue Huang;Xiaotong Tu;Xinghao Ding,"[{""author"":{""id"":""2262081005"",""display_name"":""Yunlong Lin""},""institutions"":[]},{""author"":{""id"":""31419775"",""display_name"":""Zhenqi Fu""},""institutions"":[]},{""author"":{""id"":""2268673110"",""display_name"":""Kairun Wen""},""institutions"":[]},{""author"":{""id"":""2280882260"",""display_name"":""Tian Ye""},""institutions"":[]},{""author"":{""id"":""2111636335"",""display_name"":""Sixiang Chen""},""institutions"":[]},{""author"":{""id"":""2261749921"",""display_name"":""Ge Meng""},""institutions"":[]},{""author"":{""id"":""2261894410"",""display_name"":""Yingying Wang""},""institutions"":[]},{""author"":{""id"":""1950637"",""display_name"":""Yue Huang""},""institutions"":[]},{""author"":{""id"":""30693423"",""display_name"":""Xiaotong Tu""},""institutions"":[]},{""author"":{""id"":""2262201427"",""display_name"":""Xinghao Ding""},""institutions"":[]}]"
cc3e28b9adad86cf5352aa346ec1cd767f6adde0,10.1109/ITNEC60942.2024.10733286,Image Light Enhancement Model Based on Illuminance- Diffusion,2024,"2024 IEEE 7th Information Technology, Networking, Electronic and Automation Control Conference (ITNEC)",0,Wei Zhao;Xuejing Chen;Li Yang;Man Zhou,"[{""author"":{""id"":""2329332720"",""display_name"":""Wei Zhao""},""institutions"":[]},{""author"":{""id"":""2145449316"",""display_name"":""Xuejing Chen""},""institutions"":[]},{""author"":{""id"":""2153206048"",""display_name"":""Li Yang""},""institutions"":[]},{""author"":{""id"":""2272766397"",""display_name"":""Man Zhou""},""institutions"":[]}]"
d8430c6a33f9d3824250bb7540d1d86d7fab2a28,10.1145/3703935.3703987,A NeRF Rendering Method for Low-Light Scenes Using Occlusion Perception and Network Decomposition,2024,Proceedings of the 2024 7th International Conference on Artificial Intelligence and Pattern Recognition,0,Zongyao Liu;Weiwei Kong,"[{""author"":{""id"":""2346683576"",""display_name"":""Zongyao Liu""},""institutions"":[]},{""author"":{""id"":""2306371594"",""display_name"":""Weiwei Kong""},""institutions"":[]}]"
a2e81e5fec7faa9611519dc1589dc6ea04a453b1,10.1007/s12559-024-10347-4,A Joint Network for Low-Light Image Enhancement Based on Retinex,2024,Cognitive Computation,20,Yonglong Jiang;Jiahe Zhu;Liangliang Li;Hongbing Ma,"[{""author"":{""id"":""2185025897"",""display_name"":""Yonglong Jiang""},""institutions"":[]},{""author"":{""id"":""2217888910"",""display_name"":""Jiahe Zhu""},""institutions"":[]},{""author"":{""id"":""2214104890"",""display_name"":""Liangliang Li""},""institutions"":[]},{""author"":{""id"":""2153231160"",""display_name"":""Hongbing Ma""},""institutions"":[]}]"
14abe8b55078629a9df950400170cec7e89adc9a,10.48550/arXiv.2409.08585,Optimizing 4D Lookup Table for Low-light Video Enhancement via Wavelet Priori,2024,arXiv.org,2,Jinhong He;Minglong Xue;Wenhai Wang;Mingliang Zhou,"[{""author"":{""id"":""2278779333"",""display_name"":""Jinhong He""},""institutions"":[]},{""author"":{""id"":""2239994043"",""display_name"":""Minglong Xue""},""institutions"":[]},{""author"":{""id"":""2278582110"",""display_name"":""Wenhai Wang""},""institutions"":[]},{""author"":{""id"":""2278620870"",""display_name"":""Mingliang Zhou""},""institutions"":[]}]"
68ca72861531e1993b7c318d71a04f571d48c5a3,10.1145/3696474.3708464,Multi-scale Structure Aggregation with Instance-aware Enhancement for Object Detection,2024,Proceedings of the 2024 4th International Joint Conference on Robotics and Artificial Intelligence,0,Jingsi Zhang;Xiaosheng Yu;Zhixin Dong;Chengdong Wu,"[{""author"":{""id"":""2107924895"",""display_name"":""Jingsi Zhang""},""institutions"":[]},{""author"":{""id"":""9305845"",""display_name"":""Xiaosheng Yu""},""institutions"":[]},{""author"":{""id"":""2319813971"",""display_name"":""Zhixin Dong""},""institutions"":[]},{""author"":{""id"":""2238041387"",""display_name"":""Chengdong Wu""},""institutions"":[]}]"
6ffe412d303705239835a6b49ba5c191e61fe24b,10.1109/TMM.2024.3521760,RCNet: Deep Recurrent Collaborative Network for Multi-View Low-Light Image Enhancement,2024,IEEE transactions on multimedia,15,Hao Luo;Baoliang Chen;Lingyu Zhu;Peilin Chen;Shiqi Wang,"[{""author"":{""id"":""2320190989"",""display_name"":""Hao Luo""},""institutions"":[]},{""author"":{""id"":""1919597217"",""display_name"":""Baoliang Chen""},""institutions"":[]},{""author"":{""id"":""2281724124"",""display_name"":""Lingyu Zhu""},""institutions"":[]},{""author"":{""id"":""2158171902"",""display_name"":""Peilin Chen""},""institutions"":[]},{""author"":{""id"":""2279744514"",""display_name"":""Shiqi Wang""},""institutions"":[]}]"
17489be469deca5718217f25d9550aa1c9c56d7e,10.1109/TPAMI.2025.3617801,"EvLight++: Low-Light Video Enhancement With an Event Camera: A Large-Scale Real-World Dataset, Novel Method, and More",2024,IEEE Transactions on Pattern Analysis and Machine Intelligence,16,Kanghao Chen;Guoqiang Liang;Yunfan Lu;Hangyu Li;Lin Wang,"[{""author"":{""id"":""2294580844"",""display_name"":""Kanghao Chen""},""institutions"":[]},{""author"":{""id"":""2294359232"",""display_name"":""Guoqiang Liang""},""institutions"":[]},{""author"":{""id"":""2014217"",""display_name"":""Yunfan Lu""},""institutions"":[]},{""author"":{""id"":""2294767989"",""display_name"":""Hangyu Li""},""institutions"":[]},{""author"":{""id"":""2294355997"",""display_name"":""Lin Wang""},""institutions"":[]}]"
bd1f29a11de077284838d284cf21c5305aa71b6b,10.1111/cgf.15192,Row–Column Separated Attention Based Low‐Light Image/Video Enhancement,2024,Computer graphics forum (Print),0,Chengqi Dong;Zhiyuan Cao;Tuoshi Qi;Kexin Wu;Yixing Gao;Fan Tang,"[{""author"":{""id"":""2319898417"",""display_name"":""Chengqi Dong""},""institutions"":[]},{""author"":{""id"":""2320094469"",""display_name"":""Zhiyuan Cao""},""institutions"":[]},{""author"":{""id"":""2367590891"",""display_name"":""Tuoshi Qi""},""institutions"":[]},{""author"":{""id"":""2292672610"",""display_name"":""Kexin Wu""},""institutions"":[]},{""author"":{""id"":""2299097283"",""display_name"":""Yixing Gao""},""institutions"":[]},{""author"":{""id"":""2318387317"",""display_name"":""Fan Tang""},""institutions"":[]}]"
0ccb8d9ead57a908f247cd0b2d9b57429ec60770,10.48550/arXiv.2408.16235,LMT-GP: Combined Latent Mean-Teacher and Gaussian Process for Semi-supervised Low-light Image Enhancement,2024,European Conference on Computer Vision,11,Ye Yu;Fengxin Chen;Jun Yu;Zhen Kan,"[{""author"":{""id"":""2318541742"",""display_name"":""Ye Yu""},""institutions"":[]},{""author"":{""id"":""2261934212"",""display_name"":""Fengxin Chen""},""institutions"":[]},{""author"":{""id"":""2318696183"",""display_name"":""Jun Yu""},""institutions"":[]},{""author"":{""id"":""2317981241"",""display_name"":""Zhen Kan""},""institutions"":[]}]"
5f635d114a1b61b1fdcb15c882aea0ac0b6c72fe,10.48550/arXiv.2408.14916,Towards Real-world Event-guided Low-light Video Enhancement and Deblurring,2024,European Conference on Computer Vision,36,Taewoo Kim;Jaeseok Jeong;Hoonhee Cho;Yuhwan Jeong;Kuk-Jin Yoon,"[{""author"":{""id"":""2111182649"",""display_name"":""Taewoo Kim""},""institutions"":[]},{""author"":{""id"":""72286913"",""display_name"":""Jaeseok Jeong""},""institutions"":[]},{""author"":{""id"":""2148275179"",""display_name"":""Hoonhee Cho""},""institutions"":[]},{""author"":{""id"":""2279930538"",""display_name"":""Yuhwan Jeong""},""institutions"":[]},{""author"":{""id"":""2279721731"",""display_name"":""Kuk-Jin Yoon""},""institutions"":[]}]"
757ccd22e43bc6fdccfddf94266f3dcb5d856113,10.1109/WRCSARA64167.2024.10685674,Deep learning-based low-light image enhancement method for driving behavior recognition*,2024,2024 WRC Symposium on Advanced Robotics and Automation (WRC SARA),2,Chenjie Zhang;Jialu Li;Hanping Hu;Xuemei Bai,"[{""author"":{""id"":""2244133607"",""display_name"":""Chenjie Zhang""},""institutions"":[]},{""author"":{""id"":""2244130303"",""display_name"":""Jialu Li""},""institutions"":[]},{""author"":{""id"":""2244144525"",""display_name"":""Hanping Hu""},""institutions"":[]},{""author"":{""id"":""2244383485"",""display_name"":""Xuemei Bai""},""institutions"":[]}]"
3ced108a14812f54d17b2bd773e59fde6cb1bac5,10.48550/arXiv.2408.12316,Unrolled Decomposed Unpaired Learning for Controllable Low-Light Video Enhancement,2024,European Conference on Computer Vision,18,Lingyu Zhu;Wenhan Yang;Baoliang Chen;Hanwei Zhu;Zhangkai Ni;Qi Mao;Shiqi Wang,"[{""author"":{""id"":""2281724124"",""display_name"":""Lingyu Zhu""},""institutions"":[]},{""author"":{""id"":""2274269967"",""display_name"":""Wenhan Yang""},""institutions"":[]},{""author"":{""id"":""1919597217"",""display_name"":""Baoliang Chen""},""institutions"":[]},{""author"":{""id"":""151482176"",""display_name"":""Hanwei Zhu""},""institutions"":[]},{""author"":{""id"":""38748686"",""display_name"":""Zhangkai Ni""},""institutions"":[]},{""author"":{""id"":""2316635994"",""display_name"":""Qi Mao""},""institutions"":[]},{""author"":{""id"":""2303523184"",""display_name"":""Shiqi Wang""},""institutions"":[]}]"
37bbf33fceb92290a333d32df87a8d1604a0fc19,10.1007/s11042-024-20086-1,Low light image enhancement using reflection model and wavelet fusion,2024,Multimedia tools and applications,5,Pallavi Singh;A. Bhandari;Reman Kumar,"[{""author"":{""id"":""2291444214"",""display_name"":""Pallavi Singh""},""institutions"":[]},{""author"":{""id"":""2019243"",""display_name"":""A. Bhandari""},""institutions"":[]},{""author"":{""id"":""2157583053"",""display_name"":""Reman Kumar""},""institutions"":[]}]"
0ac5a12a3edafd2dd732ef52d88567094b86c47a,10.48550/arXiv.2408.10934,SDI-Net: Toward Sufficient Dual-View Interaction for Low-light Stereo Image Enhancement,2024,arXiv.org,0,Linlin Hu;Ao Sun;Shijie Hao;Richang Hong;Meng Wang,"[{""author"":{""id"":""2279334429"",""display_name"":""Linlin Hu""},""institutions"":[]},{""author"":{""id"":""2316490173"",""display_name"":""Ao Sun""},""institutions"":[]},{""author"":{""id"":""6175623"",""display_name"":""Shijie Hao""},""institutions"":[]},{""author"":{""id"":""2279214329"",""display_name"":""Richang Hong""},""institutions"":[]},{""author"":{""id"":""2146058658"",""display_name"":""Meng Wang""},""institutions"":[]}]"
f4a19e007b7ee8553413ca018d94b2195b1c9a4c,10.1109/WACV61042.2026.00672,From Darkness to Detail: Frequency-Aware SSMs for Low-Light Vision,2024,IEEE Workshop/Winter Conference on Applications of Computer Vision,10,Eashan Adhikarla;Kai Zhang;Gong Chen;John Nicholson;Brian D. Davison,"[{""author"":{""id"":""2123636086"",""display_name"":""Eashan Adhikarla""},""institutions"":[]},{""author"":{""id"":""2335134242"",""display_name"":""Kai Zhang""},""institutions"":[]},{""author"":{""id"":""2406942164"",""display_name"":""Gong Chen""},""institutions"":[]},{""author"":{""id"":""2269473262"",""display_name"":""John Nicholson""},""institutions"":[]},{""author"":{""id"":""2269472995"",""display_name"":""Brian D. Davison""},""institutions"":[]}]"
ac3f2f70ae5853d82dd08a4950c9d169a576e5b9,10.1007/s11554-024-01532-7,Real-time low-light video enhancement on smartphones,2024,Journal of Real-Time Image Processing,12,Yiming Zhou;Callen MacPhee;Wesley Gunawan;A. Farahani;Bahram Jalali,"[{""author"":{""id"":""2110329268"",""display_name"":""Yiming Zhou""},""institutions"":[]},{""author"":{""id"":""2153711687"",""display_name"":""Callen MacPhee""},""institutions"":[]},{""author"":{""id"":""2317717631"",""display_name"":""Wesley Gunawan""},""institutions"":[]},{""author"":{""id"":""2307125212"",""display_name"":""A. Farahani""},""institutions"":[]},{""author"":{""id"":""2223401065"",""display_name"":""Bahram Jalali""},""institutions"":[]}]"
138e34501e97f13ba1bd137efa50bf9952819852,10.1111/cgf.15213,Gaussian in the Dark: Real‐Time View Synthesis From Inconsistent Dark Images Using Gaussian Splatting,2024,Computer graphics forum (Print),34,Sheng Ye;Zhen-Hui Dong;Yubin Hu;Yu-Hui Wen;Yong-Jin Liu,"[{""author"":{""id"":""2190436787"",""display_name"":""Sheng Ye""},""institutions"":[]},{""author"":{""id"":""2316666844"",""display_name"":""Zhen-Hui Dong""},""institutions"":[]},{""author"":{""id"":""2112240517"",""display_name"":""Yubin Hu""},""institutions"":[]},{""author"":{""id"":""2114784556"",""display_name"":""Yu-Hui Wen""},""institutions"":[]},{""author"":{""id"":""2311459761"",""display_name"":""Yong-Jin Liu""},""institutions"":[]}]"
f71ffa51c5c62420ccedc323353188fff40ca3d0,10.1109/IROS58592.2024.10802761,Latent Disentanglement for Low Light Image Enhancement,2024,IEEE/RJS International Conference on Intelligent RObots and Systems,3,Zhihao Zheng;Mooi Choo Choo Chuah,"[{""author"":{""id"":""2115549646"",""display_name"":""Zhihao Zheng""},""institutions"":[]},{""author"":{""id"":""144811861"",""display_name"":""Mooi Choo Choo Chuah""},""institutions"":[]}]"
ee154e5a6906ecae7138b664f1d96cfbcdc9e449,10.1007/s11042-024-19907-0,HCSAM-Net: multistage network with a hybrid of convolution and self-attention mechanism for low-light image enhancement,2024,Multimedia tools and applications,1,Jiale Chen;Qiusheng Lian;Xinyu Zhang;Dan Zhang;Yuchi Yang,"[{""author"":{""id"":""2290357890"",""display_name"":""Jiale Chen""},""institutions"":[]},{""author"":{""id"":""1933741"",""display_name"":""Qiusheng Lian""},""institutions"":[]},{""author"":{""id"":""2315892943"",""display_name"":""Xinyu Zhang""},""institutions"":[]},{""author"":{""id"":""2268246826"",""display_name"":""Dan Zhang""},""institutions"":[]},{""author"":{""id"":""153690296"",""display_name"":""Yuchi Yang""},""institutions"":[]}]"
0281adec15d01773593b4993019b33c055e6d403,10.1007/s11760-024-03439-z,An unsupervised low-light video enhancement network based on inter-frame consistency,2024,"Signal, Image and Video Processing",4,Shuyuan Wen;Wenchao Li,"[{""author"":{""id"":""2265494825"",""display_name"":""Shuyuan Wen""},""institutions"":[]},{""author"":{""id"":""2265521694"",""display_name"":""Wenchao Li""},""institutions"":[]}]"
be5af6dbd1a138edf26f180ad7a1e1b20c4d2925,10.1016/j.compeleceng.2024.109310,Research on inshore ship detection under nighttime low-visibility environment for maritime surveillance,2024,Computers & electrical engineering,12,Sen Li;Xiaohua Cao;Zhigang Zhou,"[{""author"":{""id"":""2362970396"",""display_name"":""Sen Li""},""institutions"":[]},{""author"":{""id"":""2276795811"",""display_name"":""Xiaohua Cao""},""institutions"":[]},{""author"":{""id"":""2276817156"",""display_name"":""Zhigang Zhou""},""institutions"":[]}]"
e28a2008c524b93407357b401d596842851d927b,10.1109/TETCI.2024.3369858,Unsupervised Low-Light Image Enhancement via Luminance Mask and Luminance-Independent Representation Decoupling,2024,IEEE Transactions on Emerging Topics in Computational Intelligence,8,Bo Peng;Jia Zhang;Zhe Zhang;Qingming Huang;Li-qiong Chen;Jianjun Lei,"[{""author"":{""id"":""2054590685"",""display_name"":""Bo Peng""},""institutions"":[]},{""author"":{""id"":""2271223169"",""display_name"":""Jia Zhang""},""institutions"":[]},{""author"":{""id"":""2177091563"",""display_name"":""Zhe Zhang""},""institutions"":[]},{""author"":{""id"":""2237597856"",""display_name"":""Qingming Huang""},""institutions"":[]},{""author"":{""id"":""2155570120"",""display_name"":""Li-qiong Chen""},""institutions"":[]},{""author"":{""id"":""143879230"",""display_name"":""Jianjun Lei""},""institutions"":[]}]"
543c8d486ccc6bb8e084f12eb1539fe417b6ac30,10.1016/j.imavis.2024.105202,MPE-DETR: A multiscale pyramid enhancement network for object detection in low-light images,2024,Image and Vision Computing,22,Rui Xue;Jialu Duan;Zhengwei Du,"[{""author"":{""id"":""2198770953"",""display_name"":""Rui Xue""},""institutions"":[]},{""author"":{""id"":""2260650068"",""display_name"":""Jialu Duan""},""institutions"":[]},{""author"":{""id"":""2198776157"",""display_name"":""Zhengwei Du""},""institutions"":[]}]"
5716a42ef706dcb6ad12c34fca4ec688a053baba,10.1016/j.neunet.2024.106622,Dark-DSAR: Lightweight one-step pipeline for action recognition in dark videos,2024,Neural Networks,14,Yuwei Yin;Miao Liu;Renjie Yang;Yuanzhong Liu;Zhigang Tu,"[{""author"":{""id"":""2315786138"",""display_name"":""Yuwei Yin""},""institutions"":[]},{""author"":{""id"":""2108511234"",""display_name"":""Miao Liu""},""institutions"":[]},{""author"":{""id"":""2387639781"",""display_name"":""Renjie Yang""},""institutions"":[]},{""author"":{""id"":""2051276746"",""display_name"":""Yuanzhong Liu""},""institutions"":[]},{""author"":{""id"":""2061178292"",""display_name"":""Zhigang Tu""},""institutions"":[]}]"
63359f93a81ac201778924f4f5185bd01f986688,10.3390/jimaging10080204,Optimisation of Convolution-Based Image Lightness Processing,2024,Journal of Imaging,1,D. Rowlands;Graham D. Finlayson,"[{""author"":{""id"":""2248611046"",""display_name"":""D. Rowlands""},""institutions"":[]},{""author"":{""id"":""2256917785"",""display_name"":""Graham D. Finlayson""},""institutions"":[]}]"
0f05bb3f445aad94d36d62117c123813bd329b51,10.23919/CCC63176.2024.10661815,Low-Light Image Enhancement Network Based on Hierarchical Residual and Attention Mechanism,2024,Cybersecurity and Cyberforensics Conference,1,Shengjun Xu;Chi Nan;Huan Yang,"[{""author"":{""id"":""2321677070"",""display_name"":""Shengjun Xu""},""institutions"":[]},{""author"":{""id"":""30854901"",""display_name"":""Chi Nan""},""institutions"":[]},{""author"":{""id"":""2156108881"",""display_name"":""Huan Yang""},""institutions"":[]}]"
4c8bc85c4110461efc4eb09af9ad2b44f7f69f08,10.1007/s11760-024-03431-7,Illumination-guided semi-supervised network for low-light image enhancement jointly with denoising,2024,"Signal, Image and Video Processing",6,Jingzhi Ouyang;Keya Huang,"[{""author"":{""id"":""2313401071"",""display_name"":""Jingzhi Ouyang""},""institutions"":[]},{""author"":{""id"":""2313617236"",""display_name"":""Keya Huang""},""institutions"":[]}]"
dbd742492c4ac3358e55281b29a5dfdd77c28619,10.48550/arXiv.2407.14900,AGLLDiff: Guiding Diffusion Models Towards Unsupervised Training-free Real-world Low-light Image Enhancement,2024,AAAI Conference on Artificial Intelligence,41,Yunlong Lin;Tian Ye;Sixiang Chen;Zhenqi Fu;Yingying Wang;Wenhao Chai;Zhaohu Xing;Lei Zhu;Xinghao Ding,"[{""author"":{""id"":""2262081005"",""display_name"":""Yunlong Lin""},""institutions"":[]},{""author"":{""id"":""2280882260"",""display_name"":""Tian Ye""},""institutions"":[]},{""author"":{""id"":""2111636335"",""display_name"":""Sixiang Chen""},""institutions"":[]},{""author"":{""id"":""31419775"",""display_name"":""Zhenqi Fu""},""institutions"":[]},{""author"":{""id"":""2261894410"",""display_name"":""Yingying Wang""},""institutions"":[]},{""author"":{""id"":""2308312508"",""display_name"":""Wenhao Chai""},""institutions"":[]},{""author"":{""id"":""153107262"",""display_name"":""Zhaohu Xing""},""institutions"":[]},{""author"":{""id"":""2265684978"",""display_name"":""Lei Zhu""},""institutions"":[]},{""author"":{""id"":""2262201427"",""display_name"":""Xinghao Ding""},""institutions"":[]}]"
ed1a1e556e3c685e2c8a07da244c80667dbdf610,10.1145/3700035.3700054,ASFN: An RGB-T Adaptive Selection Fusion Network for Nighttime Tracking,2024,Proceedings of the 2024 International Conference on Intelligent Perception and Pattern Recognition,0,Linxin Zhang;Xianglong Chen;Jinsheng Liu;Tao Yan,"[{""author"":{""id"":""2327499797"",""display_name"":""Linxin Zhang""},""institutions"":[]},{""author"":{""id"":""2306139944"",""display_name"":""Xianglong Chen""},""institutions"":[]},{""author"":{""id"":""2330057440"",""display_name"":""Jinsheng Liu""},""institutions"":[]},{""author"":{""id"":""2106094117"",""display_name"":""Tao Yan""},""institutions"":[]}]"
2dde243299bb4cbc05470254ee30e83cf70d781b,10.1117/12.3035098,Dim-light image processing strategy rooted in improved dual-branch generative adversarial network,2024,International Conference on Image Processing and Artificial Intelligence,0,Keyi Li;Zongshou Wei,"[{""author"":{""id"":""2330053537"",""display_name"":""Keyi Li""},""institutions"":[]},{""author"":{""id"":""31331817"",""display_name"":""Zongshou Wei""},""institutions"":[]}]"
7534645cceb13394fe2298d573401e40c913b70d,10.48550/arXiv.2407.12431,GLARE: Low Light Image Enhancement via Generative Latent Feature based Codebook Retrieval,2024,European Conference on Computer Vision,89,Han Zhou;Wei Dong;Xiaohong Liu;Shuaicheng Liu;Xiongkuo Min;Guangtao Zhai;Jun Chen,"[{""author"":{""id"":""2305206336"",""display_name"":""Han Zhou""},""institutions"":[]},{""author"":{""id"":""2305622986"",""display_name"":""Wei Dong""},""institutions"":[]},{""author"":{""id"":""2311271429"",""display_name"":""Xiaohong Liu""},""institutions"":[]},{""author"":{""id"":""2311739754"",""display_name"":""Shuaicheng Liu""},""institutions"":[]},{""author"":{""id"":""2246414"",""display_name"":""Xiongkuo Min""},""institutions"":[]},{""author"":{""id"":""2266393212"",""display_name"":""Guangtao Zhai""},""institutions"":[]},{""author"":{""id"":""2261186402"",""display_name"":""Jun Chen""},""institutions"":[]}]"
c4c6fa4b3c7999cd9d8c55bedbb6328d401fafba,10.1109/AVSS61716.2024.10672597,Zero Reference based Low-light Enhancement with Wavelet Optimization,2024,Advanced Video and Signal Based Surveillance,0,Vivek Deshmukh;A. Dukre;Ashutosh Kulkarni;Prashant W. Patil;Santosh Kumar Vipparthi;Subrahmanyam Murala;A. Gonde,"[{""author"":{""id"":""2308310942"",""display_name"":""Vivek Deshmukh""},""institutions"":[]},{""author"":{""id"":""2308310785"",""display_name"":""A. Dukre""},""institutions"":[]},{""author"":{""id"":""2147218269"",""display_name"":""Ashutosh Kulkarni""},""institutions"":[]},{""author"":{""id"":""1430720118"",""display_name"":""Prashant W. Patil""},""institutions"":[]},{""author"":{""id"":""145353981"",""display_name"":""Santosh Kumar Vipparthi""},""institutions"":[]},{""author"":{""id"":""1827383"",""display_name"":""Subrahmanyam Murala""},""institutions"":[]},{""author"":{""id"":""2636421"",""display_name"":""A. Gonde""},""institutions"":[]}]"
04ada684161f99e2a1c237887f68561dee92ac73,10.1109/ICME57554.2024.10687442,A Channel-Wise Guidance Sparse Transformer for Effective Dark Image Enhancement,2024,IEEE International Conference on Multimedia and Expo,0,Haiyan Jin;Yifan Shuai;Fengyuan Zuo;Haonan Su;Zhaolin Xiao;Bin Wang;Yuanlin Zhang,"[{""author"":{""id"":""2261118967"",""display_name"":""Haiyan Jin""},""institutions"":[]},{""author"":{""id"":""2185687544"",""display_name"":""Yifan Shuai""},""institutions"":[]},{""author"":{""id"":""2280672476"",""display_name"":""Fengyuan Zuo""},""institutions"":[]},{""author"":{""id"":""2240413352"",""display_name"":""Haonan Su""},""institutions"":[]},{""author"":{""id"":""2760487"",""display_name"":""Zhaolin Xiao""},""institutions"":[]},{""author"":{""id"":""2152595061"",""display_name"":""Bin Wang""},""institutions"":[]},{""author"":{""id"":""2292883413"",""display_name"":""Yuanlin Zhang""},""institutions"":[]}]"
7da6f70ecc09a2ac615d475d82e2a1d747428403,10.48550/arXiv.2407.04621,OneRestore: A Universal Restoration Framework for Composite Degradation,2024,European Conference on Computer Vision,136,Yu Guo;Yuan Gao;Yuxu Lu;Huilin Zhu;Ryan Wen Liu;Shengfeng He,"[{""author"":{""id"":""2310688922"",""display_name"":""Yu Guo""},""institutions"":[]},{""author"":{""id"":""2244143114"",""display_name"":""Yuan Gao""},""institutions"":[]},{""author"":{""id"":""121713030"",""display_name"":""Yuxu Lu""},""institutions"":[]},{""author"":{""id"":""2000555299"",""display_name"":""Huilin Zhu""},""institutions"":[]},{""author"":{""id"":""2268299485"",""display_name"":""Ryan Wen Liu""},""institutions"":[]},{""author"":{""id"":""2310814137"",""display_name"":""Shengfeng He""},""institutions"":[]}]"
1ee2e797d4bafc6013d87e71a53b58df70bae4ef,10.1016/j.image.2024.117174,A modified hue and range preserving color assignment function with a component-wise saturation adjustment for color image enhancement,2024,Signal processing. Image communication,3,Sepideh Khormaeipour;F. Shakeri,"[{""author"":{""id"":""2312591734"",""display_name"":""Sepideh Khormaeipour""},""institutions"":[]},{""author"":{""id"":""2312590610"",""display_name"":""F. Shakeri""},""institutions"":[]}]"
c2e9ce7ebc4789a25fc7f1bf666434ea6425c498,10.1016/j.eswa.2024.124923,A robust and real-time lane detection method in low-light scenarios to advanced driver assistance systems,2024,Expert systems with applications,16,Ronghui Zhang;Jingtao Peng;Wanting Gou;Yuhang Ma;Junzhou Chen;Hongyu Hu;Weihua Li;Guodong Yin;Zhiwu Li,"[{""author"":{""id"":""2152042536"",""display_name"":""Ronghui Zhang""},""institutions"":[]},{""author"":{""id"":""2304309507"",""display_name"":""Jingtao Peng""},""institutions"":[]},{""author"":{""id"":""2124837318"",""display_name"":""Wanting Gou""},""institutions"":[]},{""author"":{""id"":""2314811604"",""display_name"":""Yuhang Ma""},""institutions"":[]},{""author"":{""id"":""2282087105"",""display_name"":""Junzhou Chen""},""institutions"":[]},{""author"":{""id"":""2266705952"",""display_name"":""Hongyu Hu""},""institutions"":[]},{""author"":{""id"":""153021240"",""display_name"":""Weihua Li""},""institutions"":[]},{""author"":{""id"":""2264175328"",""display_name"":""Guodong Yin""},""institutions"":[]},{""author"":{""id"":""2299107307"",""display_name"":""Zhiwu Li""},""institutions"":[]}]"
16f5bd6b9a50ae08bc9e42c199881c67f72a98b4,10.1109/IJCNN60899.2024.10650361,YOLO-DS: Application of One-Stage Instance Segmentation in the Dark at Construction Sites,2024,IEEE International Joint Conference on Neural Network,2,Cong Zhang;Jie Shen,"[{""author"":{""id"":""2276024367"",""display_name"":""Cong Zhang""},""institutions"":[]},{""author"":{""id"":""2275989034"",""display_name"":""Jie Shen""},""institutions"":[]}]"
138d74ccd98541688096bbafd52cb25b2d000c19,10.1109/TIACOMP64125.2024.00087,An Experiment Based Improved Image Enhancement Methods Analysis,2024,2024 First International Conference on Technological Innovations and Advance Computing (TIACOMP),0,Lakshmi Kumari;Neetu Mittal;Megha Modi,"[{""author"":{""id"":""2292765872"",""display_name"":""Lakshmi Kumari""},""institutions"":[]},{""author"":{""id"":""6883706"",""display_name"":""Neetu Mittal""},""institutions"":[]},{""author"":{""id"":""49779047"",""display_name"":""Megha Modi""},""institutions"":[]}]"
1cc783dd2602b095c02045c45a3a2676434f0328,10.1371/journal.pone.0300792,Exposure image correction of electrical equipment nameplate based on the LMPEC algorithm,2024,PLoS ONE,1,Hao Wu;Yanxi Liu;Zhongyang Jin;Yuanjie Zhou,"[{""author"":{""id"":""2360520904"",""display_name"":""Hao Wu""},""institutions"":[]},{""author"":{""id"":""2237952694"",""display_name"":""Yanxi Liu""},""institutions"":[]},{""author"":{""id"":""2200984558"",""display_name"":""Zhongyang Jin""},""institutions"":[]},{""author"":{""id"":""2346546582"",""display_name"":""Yuanjie Zhou""},""institutions"":[]}]"
1cc0adaa701a077edd3a5b009dcb2ad9797c823a,10.3390/agriculture14071003,Improved Lightweight Zero-Reference Deep Curve Estimation Low-Light Enhancement Algorithm for Night-Time Cow Detection,2024,Agriculture,12,Zijian Yu;Yangyang Guo;Liyuan Zhang;Yi Ding;Gan Zhang;Dongyan Zhang,"[{""author"":{""id"":""2337083635"",""display_name"":""Zijian Yu""},""institutions"":[]},{""author"":{""id"":""2250557927"",""display_name"":""Yangyang Guo""},""institutions"":[]},{""author"":{""id"":""2308626842"",""display_name"":""Liyuan Zhang""},""institutions"":[]},{""author"":{""id"":""2364938868"",""display_name"":""Yi Ding""},""institutions"":[]},{""author"":{""id"":""2291694517"",""display_name"":""Gan Zhang""},""institutions"":[]},{""author"":{""id"":""2291643624"",""display_name"":""Dongyan Zhang""},""institutions"":[]}]"
2c1fd3595737c548072762324e62518f5685b7ec,10.1007/s11042-024-19594-x,Laplacian and gaussian pyramid based multiscale fusion for nighttime image enhancement,2024,Multimedia tools and applications,9,Pallavi Singh;A. Bhandari,"[{""author"":{""id"":""2291444214"",""display_name"":""Pallavi Singh""},""institutions"":[]},{""author"":{""id"":""2019243"",""display_name"":""A. Bhandari""},""institutions"":[]}]"
ac96c7f3cf2d4b18f0b2779dddce3e8361aa203f,10.1016/j.eswa.2023.122844,DedustGAN: Unpaired learning for image dedusting based on Retinex with GANs,2024,Expert systems with applications,31,Xianglong Meng;Jiayan Huang;Zuoyong Li;Chuansheng Wang;Shenghua Teng;Antoni Grau-Saldes,"[{""author"":{""id"":""2375859321"",""display_name"":""Xianglong Meng""},""institutions"":[]},{""author"":{""id"":""2115946545"",""display_name"":""Jiayan Huang""},""institutions"":[]},{""author"":{""id"":""2258422375"",""display_name"":""Zuoyong Li""},""institutions"":[]},{""author"":{""id"":""2109152855"",""display_name"":""Chuansheng Wang""},""institutions"":[]},{""author"":{""id"":""2677515"",""display_name"":""Shenghua Teng""},""institutions"":[]},{""author"":{""id"":""2303489844"",""display_name"":""Antoni Grau-Saldes""},""institutions"":[]}]"
89632ceab7cb79c1e9b683c4036669c00ac997cb,10.1109/TETCI.2024.3369447,A Global Self-Attention Memristive Neural Network for Image Restoration,2024,IEEE Transactions on Emerging Topics in Computational Intelligence,6,Wenhao Zhang;He Xiao;Dirui Xie;Yue Zhou;Shukai Duan;Xiaofang Hu,"[{""author"":{""id"":""2291690841"",""display_name"":""Wenhao Zhang""},""institutions"":[]},{""author"":{""id"":""2114210605"",""display_name"":""He Xiao""},""institutions"":[]},{""author"":{""id"":""2211254189"",""display_name"":""Dirui Xie""},""institutions"":[]},{""author"":{""id"":""2116451313"",""display_name"":""Yue Zhou""},""institutions"":[]},{""author"":{""id"":""2269227618"",""display_name"":""Shukai Duan""},""institutions"":[]},{""author"":{""id"":""47027727"",""display_name"":""Xiaofang Hu""},""institutions"":[]}]"
c7e424e9f36a9b9e2831beec5198419a274c392b,10.1016/j.displa.2024.102774,Blind quality assessment of night-time photos: A region selective approach,2024,Displays (Guildford),2,Zongxi Han;Rong Xie,"[{""author"":{""id"":""2113961851"",""display_name"":""Zongxi Han""},""institutions"":[]},{""author"":{""id"":""2200263735"",""display_name"":""Rong Xie""},""institutions"":[]}]"
535149249a303960328e020f20e1fb851b99133f,10.3390/s24123794,Research on Unsupervised Low-Light Railway Fastener Image Enhancement Method Based on Contrastive Learning GAN,2024,Italian National Conference on Sensors,4,Yijie Cai;Xuehai Liu;Huoxing Li;Fei Lu;Xinghua Gu;Kang Qin,"[{""author"":{""id"":""2216665371"",""display_name"":""Yijie Cai""},""institutions"":[]},{""author"":{""id"":""2337870644"",""display_name"":""Xuehai Liu""},""institutions"":[]},{""author"":{""id"":""2109107007"",""display_name"":""Huoxing Li""},""institutions"":[]},{""author"":{""id"":""2277250246"",""display_name"":""Fei Lu""},""institutions"":[]},{""author"":{""id"":""2177521350"",""display_name"":""Xinghua Gu""},""institutions"":[]},{""author"":{""id"":""2293841228"",""display_name"":""Kang Qin""},""institutions"":[]}]"
73bc98c437c327316b49c8fe9ee5cd8456c6590c,10.1109/AIIoT61789.2024.10578944,Preserving Details in Darkness: A VQ-VAE Based Approach with SSIM Loss for Low-Light Image Enhancement,2024,2024 IEEE World AI IoT Congress (AIIoT),3,Farzaneh Koohestani;Zahra Nabizadeh-ShahrBabak;Nader Karimi;S. Samavi,"[{""author"":{""id"":""2276423439"",""display_name"":""Farzaneh Koohestani""},""institutions"":[]},{""author"":{""id"":""2312740156"",""display_name"":""Zahra Nabizadeh-ShahrBabak""},""institutions"":[]},{""author"":{""id"":""2288318017"",""display_name"":""Nader Karimi""},""institutions"":[]},{""author"":{""id"":""143837075"",""display_name"":""S. Samavi""},""institutions"":[]}]"
c65b73d18022bd95733888c58bfc8713ab9b3518,10.3390/computers13060134,DCTE-LLIE: A Dual Color-and-Texture-Enhancement-Based Method for Low-Light Image Enhancement,2024,De Computis,0,Hua Wang;Jianzhong Cao;Lei Yang;Jijiang Huang,"[{""author"":{""id"":""2287562678"",""display_name"":""Hua Wang""},""institutions"":[]},{""author"":{""id"":""2152964359"",""display_name"":""Jianzhong Cao""},""institutions"":[]},{""author"":{""id"":""2118929457"",""display_name"":""Lei Yang""},""institutions"":[]},{""author"":{""id"":""151483379"",""display_name"":""Jijiang Huang""},""institutions"":[]}]"
f35573beb971d8f3549acf452250e3153c882ab1,10.48550/arXiv.2405.16105,MambaLLIE: Implicit Retinex-Aware Low Light Enhancement with Global-then-Local State Space,2024,Neural Information Processing Systems,103,Jiangwei Weng;Zhiqiang Yan;Ying-ji Tai;J. Qian;Jian Yang;Jun Li,"[{""author"":{""id"":""2301455592"",""display_name"":""Jiangwei Weng""},""institutions"":[]},{""author"":{""id"":""2143627370"",""display_name"":""Zhiqiang Yan""},""institutions"":[]},{""author"":{""id"":""13459129"",""display_name"":""Ying-ji Tai""},""institutions"":[]},{""author"":{""id"":""40074541"",""display_name"":""J. Qian""},""institutions"":[]},{""author"":{""id"":""2273535040"",""display_name"":""Jian Yang""},""institutions"":[]},{""author"":{""id"":""2265939036"",""display_name"":""Jun Li""},""institutions"":[]}]"
4540ff851c63492210d96944f1c2750f064fcc0c,10.24963/ijcai.2025/238,Low-Light Video Enhancement via Spatial-Temporal Consistent Decomposition,2024,International Joint Conference on Artificial Intelligence,6,Xiaogang Xu;Kun Zhou;Tao Hu;Jiafei Wu;Ruixing Wang;Hao Peng;Bei Yu,"[{""author"":{""id"":""2276483420"",""display_name"":""Xiaogang Xu""},""institutions"":[]},{""author"":{""id"":""2269757386"",""display_name"":""Kun Zhou""},""institutions"":[]},{""author"":{""id"":""2291014998"",""display_name"":""Tao Hu""},""institutions"":[]},{""author"":{""id"":""2276486864"",""display_name"":""Jiafei Wu""},""institutions"":[]},{""author"":{""id"":""2303302229"",""display_name"":""Ruixing Wang""},""institutions"":[]},{""author"":{""id"":""2362646460"",""display_name"":""Hao Peng""},""institutions"":[]},{""author"":{""id"":""2362514661"",""display_name"":""Bei Yu""},""institutions"":[]}]"
43e5420583ae03d0421f133a47fe59eada235892,10.1371/journal.pone.0303696,A Retinex-based network for image enhancement in low-light environments,2024,PLoS ONE,12,Ji Wu;Bing Ding;Beining Zhang;Jie Ding,"[{""author"":{""id"":""2333585886"",""display_name"":""Ji Wu""},""institutions"":[]},{""author"":{""id"":""2376718468"",""display_name"":""Bing Ding""},""institutions"":[]},{""author"":{""id"":""2323500396"",""display_name"":""Beining Zhang""},""institutions"":[]},{""author"":{""id"":""2269691445"",""display_name"":""Jie Ding""},""institutions"":[]}]"
d3c69517243e18db7e017cb9f26dcaa3d7e1031e,10.1109/ICETCI61221.2024.10594098,Improved Attention-based Fusion Model Integrating DnCNN and Unet for Low-Light Image Enhancement,2024,"2024 IEEE 4th International Conference on Electronic Technology, Communication and Information (ICETCI)",0,Yuhang Peng,"[{""author"":{""id"":""2349153100"",""display_name"":""Yuhang Peng""},""institutions"":[]}]"
3ac173213b682e01f554d0e48431608494acaf68,10.1007/s11263-024-02084-w,Temporally Consistent Enhancement of Low-Light Videos via Spatial-Temporal Compatible Learning,2024,International Journal of Computer Vision,30,Lingyu Zhu;Wenhan Yang;Baoliang Chen;Hanwei Zhu;Xiandong Meng;Shiqi Wang,"[{""author"":{""id"":""2281724124"",""display_name"":""Lingyu Zhu""},""institutions"":[]},{""author"":{""id"":""2274269967"",""display_name"":""Wenhan Yang""},""institutions"":[]},{""author"":{""id"":""1919597217"",""display_name"":""Baoliang Chen""},""institutions"":[]},{""author"":{""id"":""151482176"",""display_name"":""Hanwei Zhu""},""institutions"":[]},{""author"":{""id"":""2303545586"",""display_name"":""Xiandong Meng""},""institutions"":[]},{""author"":{""id"":""2283201042"",""display_name"":""Shiqi Wang""},""institutions"":[]}]"
4b8401e8f6d43099a1cefda90da315d5d06344e9,10.1049/ipr2.13110,DAF-Retinex: Preserve the image detailed features and restore the reflected image,2024,IET Image Processing,1,Shiyu Huang;Zijun Gao;Jue Wang;Bo Li,"[{""author"":{""id"":""2308210377"",""display_name"":""Shiyu Huang""},""institutions"":[]},{""author"":{""id"":""2268050385"",""display_name"":""Zijun Gao""},""institutions"":[]},{""author"":{""id"":""2109763930"",""display_name"":""Jue Wang""},""institutions"":[]},{""author"":{""id"":""2165247651"",""display_name"":""Bo Li""},""institutions"":[]}]"
af65cddbb918657abddcd25177d73f9e5f593ca2,10.1145/3685088.3685191,The Analysis of Urban Low-light Image Enhancement Algorithms,2024,Proceedings of the 2024 International Conference on Smart City and Information System,0,Ruiyao Wang;Rajamohan Parthasarathy,"[{""author"":{""id"":""2341172811"",""display_name"":""Ruiyao Wang""},""institutions"":[]},{""author"":{""id"":""2257009921"",""display_name"":""Rajamohan Parthasarathy""},""institutions"":[]}]"
30d5e63de8ee196b99f95ce187a288cb2b56280a,10.1109/SIU61531.2024.10600998,Low-light Image Enhancement Using Attention Mechanisms on Edge-Connect Architecture,2024,Signal Processing and Communications Applications Conference,0,Muhammet Nuri Dudak;Büşra Söylemez;S. Çiftçi,"[{""author"":{""id"":""2215111325"",""display_name"":""Muhammet Nuri Dudak""},""institutions"":[]},{""author"":{""id"":""2294457581"",""display_name"":""Büşra Söylemez""},""institutions"":[]},{""author"":{""id"":""32656225"",""display_name"":""S. Çiftçi""},""institutions"":[]}]"
01daa23b1cdce9b9043a9db9a943bb29b049efb7,10.1007/978-3-031-91838-4_7,RMT-BVQA: Recurrent Memory Transformer-based Blind Video Quality Assessment for Enhanced Video Content,2024,ECCV Workshops,2,Tianhao Peng;Chen Feng;Duolikun Danier;Fan Zhang;David R. Bull,"[{""author"":{""id"":""2269736998"",""display_name"":""Tianhao Peng""},""institutions"":[]},{""author"":{""id"":""2117346009"",""display_name"":""Chen Feng""},""institutions"":[]},{""author"":{""id"":""2051683028"",""display_name"":""Duolikun Danier""},""institutions"":[]},{""author"":{""id"":""2265620853"",""display_name"":""Fan Zhang""},""institutions"":[]},{""author"":{""id"":""2138393856"",""display_name"":""David R. Bull""},""institutions"":[]}]"
fde1f92e6119cdd285eb70e08a489e098f457289,10.1007/s00371-024-03427-x,Fragrant: frequency-auxiliary guided relational attention network for low-light action recognition,2024,The Visual Computer,13,Wenxuan Liu;Xuemei Jia;Yihao Ju;Yakun Ju;Kui Jiang;Shifeng Wu;Luo Zhong;Xian Zhong,"[{""author"":{""id"":""1432791325"",""display_name"":""Wenxuan Liu""},""institutions"":[]},{""author"":{""id"":""2100723008"",""display_name"":""Xuemei Jia""},""institutions"":[]},{""author"":{""id"":""2301655459"",""display_name"":""Yihao Ju""},""institutions"":[]},{""author"":{""id"":""144904672"",""display_name"":""Yakun Ju""},""institutions"":[]},{""author"":{""id"":""2301686249"",""display_name"":""Kui Jiang""},""institutions"":[]},{""author"":{""id"":""47403229"",""display_name"":""Shifeng Wu""},""institutions"":[]},{""author"":{""id"":""2281210871"",""display_name"":""Luo Zhong""},""institutions"":[]},{""author"":{""id"":""2240204468"",""display_name"":""Xian Zhong""},""institutions"":[]}]"
c645d41fd14d747d9446dddac7d3268bb58fdd45,10.3390/electronics13101814,A 5K Efficient Low-Light Enhancement Model by Estimating Increment between Dark Image and Transmission Map Based on Local Maximum Color Value Prior,2024,Electronics,3,Qikang Deng;DongWon Choo;H. Ji;Dohoon Lee,"[{""author"":{""id"":""2100612835"",""display_name"":""Qikang Deng""},""institutions"":[]},{""author"":{""id"":""2300608052"",""display_name"":""DongWon Choo""},""institutions"":[]},{""author"":{""id"":""2358980155"",""display_name"":""H. Ji""},""institutions"":[]},{""author"":{""id"":""2271397772"",""display_name"":""Dohoon Lee""},""institutions"":[]}]"
dde611bfff032d9f5556b48845f464a56b11277c,10.1109/CSCWD61410.2024.10580802,Low-light Image Enhancement Algorithm Based on Improved Multi-scale Retinex with Adaptive Brightness Compensation,2024,International Conference on Computer Supported Cooperative Work in Design,6,Xinxin Wang;Ru Yi;Mingyang Sun;Zhaozheng Zhang,"[{""author"":{""id"":""2310648996"",""display_name"":""Xinxin Wang""},""institutions"":[]},{""author"":{""id"":""2310627751"",""display_name"":""Ru Yi""},""institutions"":[]},{""author"":{""id"":""2311080531"",""display_name"":""Mingyang Sun""},""institutions"":[]},{""author"":{""id"":""2310757027"",""display_name"":""Zhaozheng Zhang""},""institutions"":[]}]"
89c966eda932d8182bd2033bd6a2fb232d4e6e7a,10.48550/arXiv.2405.03333,Light-VQA+: A Video Quality Assessment Model for Exposure Correction with Vision-Language Guidance,2024,arXiv.org,8,Xunchu Zhou;Xiaohong Liu;Yunlong Dong;Tengchuan Kou;Yixuan Gao;Zicheng Zhang;Chunyi Li;Haoning Wu;Guangtao Zhai,"[{""author"":{""id"":""2217414612"",""display_name"":""Xunchu Zhou""},""institutions"":[]},{""author"":{""id"":""2211737291"",""display_name"":""Xiaohong Liu""},""institutions"":[]},{""author"":{""id"":""2212175505"",""display_name"":""Yunlong Dong""},""institutions"":[]},{""author"":{""id"":""2131091027"",""display_name"":""Tengchuan Kou""},""institutions"":[]},{""author"":{""id"":""2118544238"",""display_name"":""Yixuan Gao""},""institutions"":[]},{""author"":{""id"":""2116459218"",""display_name"":""Zicheng Zhang""},""institutions"":[]},{""author"":{""id"":""2109738874"",""display_name"":""Chunyi Li""},""institutions"":[]},{""author"":{""id"":""120155330"",""display_name"":""Haoning Wu""},""institutions"":[]},{""author"":{""id"":""2266393212"",""display_name"":""Guangtao Zhai""},""institutions"":[]}]"
1f790b4cb07824dbba80fdf96e07de16c0688021,10.48550/arXiv.2405.03349,Retinexmamba: Retinex-based Mamba for Low-light Image Enhancement,2024,International Conference on Neural Information Processing,144,Jiesong Bai;Yuhao Yin;Qiyuan He;Yuanxiang Li;Xiaofeng Zhang,"[{""author"":{""id"":""2300253561"",""display_name"":""Jiesong Bai""},""institutions"":[]},{""author"":{""id"":""2301176355"",""display_name"":""Yuhao Yin""},""institutions"":[]},{""author"":{""id"":""2394129855"",""display_name"":""Qiyuan He""},""institutions"":[]},{""author"":{""id"":""2144420776"",""display_name"":""Yuanxiang Li""},""institutions"":[]},{""author"":{""id"":""2328309571"",""display_name"":""Xiaofeng Zhang""},""institutions"":[]}]"
d18c804bbd9925cac059ff3943b6e98865d9b5f9,10.1016/j.eswa.2024.124301,Multi-path parallel enhancement of low-light images based on multiscale spatially aware Retinex decomposition,2024,Expert systems with applications,18,Quan Lu;Chengwei Li;Linfei Yin,"[{""author"":{""id"":""2274925998"",""display_name"":""Quan Lu""},""institutions"":[]},{""author"":{""id"":""2394624155"",""display_name"":""Chengwei Li""},""institutions"":[]},{""author"":{""id"":""9152493"",""display_name"":""Linfei Yin""},""institutions"":[]}]"
28ede5678c292a55649fc8064eb03780b9bde80f,10.1016/j.patrec.2024.05.013,Select & Enhance: Masked-based image enhancement through tree-search theory and deep reinforcement learning,2024,Pattern Recognition Letters,3,Marco Cotogni;Claudio Cusano,"[{""author"":{""id"":""2265674038"",""display_name"":""Marco Cotogni""},""institutions"":[]},{""author"":{""id"":""2265669375"",""display_name"":""Claudio Cusano""},""institutions"":[]}]"
69314b7b8499cb269d040aa33915c1b1e0f9d36f,10.1007/s10489-024-05534-7,Understanding and improving zero-reference deep curve estimation for low-light image enhancement,2024,Applied intelligence (Boston),15,Jiahao Wu;Dandan Zhan;Zhi Jin,"[{""author"":{""id"":""2316011150"",""display_name"":""Jiahao Wu""},""institutions"":[]},{""author"":{""id"":""2133210939"",""display_name"":""Dandan Zhan""},""institutions"":[]},{""author"":{""id"":""2300435939"",""display_name"":""Zhi Jin""},""institutions"":[]}]"
06e73d7ac69babae6dd1cdec219c662849f24192,10.1145/3663976.3663988,Low light image enhancement algorithm based on edge and colour information,2024,CVIPPR,1,Zhenyu Li,"[{""author"":{""id"":""2274447113"",""display_name"":""Zhenyu Li""},""institutions"":[]}]"
b6ed3cc2b0e4cad5e2b0ca7feeada355abef0c0e,10.1007/s00521-024-09687-x,Luminance domain-guided low-light image enhancement,2024,Neural computing & applications (Print),5,Yuhang Li;Chao Wang;Bing Liang;Feifan Cai;Youdong Ding,"[{""author"":{""id"":""2110539473"",""display_name"":""Yuhang Li""},""institutions"":[]},{""author"":{""id"":""2144446642"",""display_name"":""Chao Wang""},""institutions"":[]},{""author"":{""id"":""2180418786"",""display_name"":""Bing Liang""},""institutions"":[]},{""author"":{""id"":""2203092308"",""display_name"":""Feifan Cai""},""institutions"":[]},{""author"":{""id"":""2249071896"",""display_name"":""Youdong Ding""},""institutions"":[]}]"
643c09cf02d08cfd5b59194d905f6cc364456747,10.3390/math12081228,LLE-NET: A Low-Light Image Enhancement Algorithm Based on Curve Estimation,2024,Mathematics,10,Xiujie Cao;Jingjun Yu,"[{""author"":{""id"":""2297839069"",""display_name"":""Xiujie Cao""},""institutions"":[]},{""author"":{""id"":""2279668138"",""display_name"":""Jingjun Yu""},""institutions"":[]}]"
59b109fa35c29a0de2ec37ad07963e7964a49bf5,10.1038/s41598-024-58965-0,Content-illumination coupling guided low-light image enhancement network,2024,Scientific Reports,5,Rui Zhao;Meilin Xie;Xubin Feng;Xiuqin Su;Huiming Zhang;Wei Yang,"[{""author"":{""id"":""2241032311"",""display_name"":""Rui Zhao""},""institutions"":[]},{""author"":{""id"":""2283105060"",""display_name"":""Meilin Xie""},""institutions"":[]},{""author"":{""id"":""51025015"",""display_name"":""Xubin Feng""},""institutions"":[]},{""author"":{""id"":""2283643539"",""display_name"":""Xiuqin Su""},""institutions"":[]},{""author"":{""id"":""2143469822"",""display_name"":""Huiming Zhang""},""institutions"":[]},{""author"":{""id"":""2325918526"",""display_name"":""Wei Yang""},""institutions"":[]}]"
a55b7dd50bf59d4211e98ce4f1df2a732d4cd6d4,10.1007/s11042-024-19087-x,Low-light DEtection TRansformer (LDETR): object detection in low-light and adverse weather conditions,2024,Multimedia tools and applications,26,Alok Kumar Tiwari;M. Pattanaik;G. Sharma,"[{""author"":{""id"":""2280506119"",""display_name"":""Alok Kumar Tiwari""},""institutions"":[]},{""author"":{""id"":""144168964"",""display_name"":""M. Pattanaik""},""institutions"":[]},{""author"":{""id"":""2280450857"",""display_name"":""G. Sharma""},""institutions"":[]}]"
161182018bca245feaf662fbbbf4fab925fb9107,10.1007/s11263-024-01995-y,PIE: Physics-Inspired Low-Light Enhancement,2024,International Journal of Computer Vision,26,Dong Liang;Zhengyan Xu;Ling Li;Mingqiang Wei;Songcan Chen,"[{""author"":{""id"":""2292770439"",""display_name"":""Dong Liang""},""institutions"":[]},{""author"":{""id"":""2295691931"",""display_name"":""Zhengyan Xu""},""institutions"":[]},{""author"":{""id"":""2146625427"",""display_name"":""Ling Li""},""institutions"":[]},{""author"":{""id"":""2295690600"",""display_name"":""Mingqiang Wei""},""institutions"":[]},{""author"":{""id"":""2295789828"",""display_name"":""Songcan Chen""},""institutions"":[]}]"
934775a29e913a0a0a455d110142120871625039,10.48550/arXiv.2404.03327,DI-Retinex: Digital-Imaging Retinex Theory for Low-Light Image Enhancement,2024,arXiv.org,13,Shangquan Sun;Wenqi Ren;Jingyang Peng;Fenglong Song;Xiaochun Cao,"[{""author"":{""id"":""2125119000"",""display_name"":""Shangquan Sun""},""institutions"":[]},{""author"":{""id"":""2265263152"",""display_name"":""Wenqi Ren""},""institutions"":[]},{""author"":{""id"":""2295120922"",""display_name"":""Jingyang Peng""},""institutions"":[]},{""author"":{""id"":""2274326993"",""display_name"":""Fenglong Song""},""institutions"":[]},{""author"":{""id"":""2265310728"",""display_name"":""Xiaochun Cao""},""institutions"":[]}]"
1d8d5b7c9b95d718d8d78e001273d9c798c2f2e1,10.1109/CVPR52733.2024.01191,Motion Blur Decomposition with Cross-shutter Guidance,2024,Computer Vision and Pattern Recognition,6,Xiang Ji;Haiyang Jiang;Yinqiang Zheng,"[{""author"":{""id"":""2267883576"",""display_name"":""Xiang Ji""},""institutions"":[]},{""author"":{""id"":""152743682"",""display_name"":""Haiyang Jiang""},""institutions"":[]},{""author"":{""id"":""2242543861"",""display_name"":""Yinqiang Zheng""},""institutions"":[]}]"
c9ed01a2a4d93c8aef914e730e4996ba5fdfeea3,10.1016/j.knosys.2024.111779,Degraded Structure and Hue Guided Auxiliary Learning for low-light image enhancement,2024,Knowledge-Based Systems,24,Heming Xu;Xintong Liu;Hanwen Zhang;Xiaohe Wu;Wangmeng Zuo,"[{""author"":{""id"":""2297051352"",""display_name"":""Heming Xu""},""institutions"":[]},{""author"":{""id"":""2361993114"",""display_name"":""Xintong Liu""},""institutions"":[]},{""author"":{""id"":""2385421727"",""display_name"":""Hanwen Zhang""},""institutions"":[]},{""author"":{""id"":""2261408604"",""display_name"":""Xiaohe Wu""},""institutions"":[]},{""author"":{""id"":""2279210262"",""display_name"":""Wangmeng Zuo""},""institutions"":[]}]"
a2c2a5d7fcb90227c2dc4ba610ecbb293d66479c,10.1109/AINIT61980.2024.10581462,Research on Remote Sensing Image Enhancement for Complex Environment Design Field,2024,"2024 5th International Seminar on Artificial Intelligence, Networking and Information Technology (AINIT)",0,Na Li;Yao Liu,"[{""author"":{""id"":""2157952367"",""display_name"":""Na Li""},""institutions"":[]},{""author"":{""id"":""2310860456"",""display_name"":""Yao Liu""},""institutions"":[]}]"
2a217feb40c0ed047dc4b29d9134e9230e085288,10.1109/ICIT58233.2024.10540891,Dual-Branch Low-Light Image Enhancement via Spatial and Multi-Scale Frequency Domain Fusion,2024,International Conference on Industrial Technology,2,Huaiyao Wang;Lu Chen;Zixin Guan,"[{""author"":{""id"":""2304891666"",""display_name"":""Huaiyao Wang""},""institutions"":[]},{""author"":{""id"":""2305594274"",""display_name"":""Lu Chen""},""institutions"":[]},{""author"":{""id"":""2402721800"",""display_name"":""Zixin Guan""},""institutions"":[]}]"
fc7f86c88f2b3f9b23a3c5966c470eb8613f5bf6,10.1117/12.3020944,Semantic combined lightweight transformer low light image enhancement method,2024,International Conference on Graphic and Image Processing,0,Hao Zhang;Hongmei Jin;Zhanli Li,"[{""author"":{""id"":""2302787661"",""display_name"":""Hao Zhang""},""institutions"":[]},{""author"":{""id"":""2182115787"",""display_name"":""Hongmei Jin""},""institutions"":[]},{""author"":{""id"":""2238918132"",""display_name"":""Zhanli Li""},""institutions"":[]}]"
35a97db1ed260df4071f93252690853675946c04,10.1007/s00530-024-01298-9,Dual-band low-light image enhancement,2024,Multimedia Systems,7,Aizhong Mi;Wenhui Luo;Zhanqiang Huo,"[{""author"":{""id"":""1894034"",""display_name"":""Aizhong Mi""},""institutions"":[]},{""author"":{""id"":""2212920973"",""display_name"":""Wenhui Luo""},""institutions"":[]},{""author"":{""id"":""2293441519"",""display_name"":""Zhanqiang Huo""},""institutions"":[]}]"
f779a1a0d293aca6d753cc4c6d67c1ddbc147899,10.1609/aaai.v38i5.28273,Multi-Domain Multi-Scale Diffusion Model for Low-Light Image Enhancement,2024,AAAI Conference on Artificial Intelligence,35,K. Shang;Mingwen Shao;Chao Wang;Yuanshuo Cheng;Shuigen Wang,"[{""author"":{""id"":""2293399989"",""display_name"":""K. Shang""},""institutions"":[]},{""author"":{""id"":""2237783247"",""display_name"":""Mingwen Shao""},""institutions"":[]},{""author"":{""id"":""2293588391"",""display_name"":""Chao Wang""},""institutions"":[]},{""author"":{""id"":""2153514280"",""display_name"":""Yuanshuo Cheng""},""institutions"":[]},{""author"":{""id"":""2311903161"",""display_name"":""Shuigen Wang""},""institutions"":[]}]"
6724e07e3a5837c5cc9add00d842c09de7857dc0,10.1609/aaai.v38i7.28624,Enhancing Neural Radiance Fields with Adaptive Multi-Exposure Fusion: A Bilevel Optimization Approach for Novel View Synthesis,2024,AAAI Conference on Artificial Intelligence,21,Yang Zou;Xingyuan Li;Zhiying Jiang;Jinyuan Liu,"[{""author"":{""id"":""2277598978"",""display_name"":""Yang Zou""},""institutions"":[]},{""author"":{""id"":""2238012581"",""display_name"":""Xingyuan Li""},""institutions"":[]},{""author"":{""id"":""2292303526"",""display_name"":""Zhiying Jiang""},""institutions"":[]},{""author"":{""id"":""2293559619"",""display_name"":""Jinyuan Liu""},""institutions"":[]}]"
dd04c41b5069f89b64f8d46cdd09944ff5b6229f,10.48550/arXiv.2403.13337,Learning Novel View Synthesis from Heterogeneous Low-light Captures,2024,arXiv.org,1,Quan Zheng;Hao Sun;Huiyao Xu;Fanjiang Xu,"[{""author"":{""id"":""2374374914"",""display_name"":""Quan Zheng""},""institutions"":[]},{""author"":{""id"":""2292353431"",""display_name"":""Hao Sun""},""institutions"":[]},{""author"":{""id"":""2292737926"",""display_name"":""Huiyao Xu""},""institutions"":[]},{""author"":{""id"":""2205592862"",""display_name"":""Fanjiang Xu""},""institutions"":[]}]"
8284839ad130ff6f803f37e8292fe4c3abad6b9c,10.24012/dumf.1395168,Edge Boosted Global Awared Low-light Image Enhancement Network,2024,DÜMF Mühendislik Dergisi,0,Büşra Söylemez;S. Çiftçi,"[{""author"":{""id"":""2294457581"",""display_name"":""Büşra Söylemez""},""institutions"":[]},{""author"":{""id"":""32656225"",""display_name"":""S. Çiftçi""},""institutions"":[]}]"
b9c6588dc5165e4dbe9d8796d764d31c1556ed9c,10.48550/arXiv.2403.11220,CPA-Enhancer: Chain-of-Thought Prompted Adaptive Enhancer for Object Detection under Unknown Degradations,2024,arXiv.org,17,Yuwei Zhang;Yan Wu;Yanming Liu;Xinyue Peng,"[{""author"":{""id"":""2292027671"",""display_name"":""Yuwei Zhang""},""institutions"":[]},{""author"":{""id"":""2431555852"",""display_name"":""Yan Wu""},""institutions"":[]},{""author"":{""id"":""2328628732"",""display_name"":""Yanming Liu""},""institutions"":[]},{""author"":{""id"":""2291082069"",""display_name"":""Xinyue Peng""},""institutions"":[]}]"
30689949aaaf655a0dcb5d4eb66957c425d93724,10.3390/agriculture14030485,An Apple Detection and Localization Method for Automated Harvesting under Adverse Light Conditions,2024,Agriculture,14,Guoyu Zhang;Ye Tian;Wenhan Yin;Change Zheng,"[{""author"":{""id"":""2323189165"",""display_name"":""Guoyu Zhang""},""institutions"":[]},{""author"":{""id"":""2143700164"",""display_name"":""Ye Tian""},""institutions"":[]},{""author"":{""id"":""2311963925"",""display_name"":""Wenhan Yin""},""institutions"":[]},{""author"":{""id"":""2153619472"",""display_name"":""Change Zheng""},""institutions"":[]}]"
47f4e14f5353c47028bf3faf1453173162e46049,10.1007/s11063-024-11565-5,Rethinking Zero-DCE for Low-Light Image Enhancement,2024,Neural Processing Letters,43,Aizhong Mi;Wenhui Luo;Yingxu Qiao;Zhanqiang Huo,"[{""author"":{""id"":""1894034"",""display_name"":""Aizhong Mi""},""institutions"":[]},{""author"":{""id"":""2212920973"",""display_name"":""Wenhui Luo""},""institutions"":[]},{""author"":{""id"":""103972450"",""display_name"":""Yingxu Qiao""},""institutions"":[]},{""author"":{""id"":""2293441519"",""display_name"":""Zhanqiang Huo""},""institutions"":[]}]"
343298a89b6938230e2dcfa958ce48293d5db45d,10.3389/fnins.2024.1297671,DCENet-based low-light image enhancement improved by spiking encoding and convLSTM,2024,Frontiers in Neuroscience,3,Xinghao Wang;Qiang Wang;Lei Zhang;Yiyang Qu;Fan Yi;Jiayang Yu;Qiuhan Liu;Ruicong Xia;Ziling Xu;Sirong Tong,"[{""author"":{""id"":""2244566885"",""display_name"":""Xinghao Wang""},""institutions"":[]},{""author"":{""id"":""2244577452"",""display_name"":""Qiang Wang""},""institutions"":[]},{""author"":{""id"":""2290620461"",""display_name"":""Lei Zhang""},""institutions"":[]},{""author"":{""id"":""2408480683"",""display_name"":""Yiyang Qu""},""institutions"":[]},{""author"":{""id"":""2290573419"",""display_name"":""Fan Yi""},""institutions"":[]},{""author"":{""id"":""2244603033"",""display_name"":""Jiayang Yu""},""institutions"":[]},{""author"":{""id"":""1915113309"",""display_name"":""Qiuhan Liu""},""institutions"":[]},{""author"":{""id"":""1381665939"",""display_name"":""Ruicong Xia""},""institutions"":[]},{""author"":{""id"":""2290632545"",""display_name"":""Ziling Xu""},""institutions"":[]},{""author"":{""id"":""2290510812"",""display_name"":""Sirong Tong""},""institutions"":[]}]"
a3326d90ef8e0bb00a5532bc65d4ef0270cf19ce,10.1109/TCSVT.2023.3299232,SNR-Prior Guided Trajectory-Aware Transformer for Low-Light Video Enhancement,2024,IEEE transactions on circuits and systems for video technology (Print),13,Jing Ye;Changzhen Qiu;Zhiyong Zhang,"[{""author"":{""id"":""144030865"",""display_name"":""Jing Ye""},""institutions"":[]},{""author"":{""id"":""9326186"",""display_name"":""Changzhen Qiu""},""institutions"":[]},{""author"":{""id"":""2117992459"",""display_name"":""Zhiyong Zhang""},""institutions"":[]}]"
7c1a766f88e9cd95d0a0b6f8ad43c26c88adc8ae,10.1016/j.eswa.2024.123722,Joint low-light enhancement and deblurring with structural priors guidance,2024,Expert systems with applications,10,Jing Ye;Linjie Yang;Changzhen Qiu;Zhiyong Zhang,"[{""author"":{""id"":""2274013848"",""display_name"":""Jing Ye""},""institutions"":[]},{""author"":{""id"":""2293361156"",""display_name"":""Linjie Yang""},""institutions"":[]},{""author"":{""id"":""9326186"",""display_name"":""Changzhen Qiu""},""institutions"":[]},{""author"":{""id"":""2117992459"",""display_name"":""Zhiyong Zhang""},""institutions"":[]}]"
b610179e3c2fb63deb20e08b55f85d3d23e0729c,10.1016/j.jvcir.2024.104133,Multi-Frequency Field Perception and Sparse Progressive Network for low-light image enhancement,2024,Journal of Visual Communication and Image Representation,7,Shuang Yuan;Jinjiang Li;Lu Ren;Zheng Chen,"[{""author"":{""id"":""2379614103"",""display_name"":""Shuang Yuan""},""institutions"":[]},{""author"":{""id"":""2555126"",""display_name"":""Jinjiang Li""},""institutions"":[]},{""author"":{""id"":""2218529854"",""display_name"":""Lu Ren""},""institutions"":[]},{""author"":{""id"":""2117203134"",""display_name"":""Zheng Chen""},""institutions"":[]}]"
e6551abe523b4b5c7dcabdde18226395ab592c1a,10.1117/1.JEI.33.2.023020,Low-light image enhancement via multistage Laplacian feature fusion,2024,J. Electronic Imaging,2,Zhenbing Liu;Yingxin Huang;Ruojie Zhang;Haoxiang Lu;Wenhao Wang;Zhaoyuan Zhang,"[{""author"":{""id"":""1904697"",""display_name"":""Zhenbing Liu""},""institutions"":[]},{""author"":{""id"":""2218463297"",""display_name"":""Yingxin Huang""},""institutions"":[]},{""author"":{""id"":""2277152094"",""display_name"":""Ruojie Zhang""},""institutions"":[]},{""author"":{""id"":""2115608321"",""display_name"":""Haoxiang Lu""},""institutions"":[]},{""author"":{""id"":""2243110072"",""display_name"":""Wenhao Wang""},""institutions"":[]},{""author"":{""id"":""2232743830"",""display_name"":""Zhaoyuan Zhang""},""institutions"":[]}]"
aec3c8ebc11830fd62fc97e61798ebae1b0c53d4,10.3390/s24051586,Restoration of UAV-Based Backlit Images for Geological Mapping of a High-Steep Slope,2024,Italian National Conference on Sensors,2,Tengyue Li,"[{""author"":{""id"":""1914871113"",""display_name"":""Tengyue Li""},""institutions"":[]}]"
b3088d114ebe135ee8d7953eb42f64c4ced914b7,10.1142/S0218001425540138,A Lightweight Low-Light Image Enhancement Network via Channel Prior and Gamma Correction,2024,International journal of pattern recognition and artificial intelligence,28,Shyang-En Weng;S. Miaou;Ricky Christanto,"[{""author"":{""id"":""2223933672"",""display_name"":""Shyang-En Weng""},""institutions"":[]},{""author"":{""id"":""1720218"",""display_name"":""S. Miaou""},""institutions"":[]},{""author"":{""id"":""3071190"",""display_name"":""Ricky Christanto""},""institutions"":[]}]"
af69b2bc0192a2b4959e32c57c8ed1eab0173652,10.1145/3664647.3681136,Learning Exposure Correction in Dynamic Scenes,2024,ACM Multimedia,3,Jin Liu;Bo Wang;Chuanming Wang;Huiyuan Fu;Huadong Ma,"[{""author"":{""id"":""2280860118"",""display_name"":""Jin Liu""},""institutions"":[]},{""author"":{""id"":""2213743543"",""display_name"":""Bo Wang""},""institutions"":[]},{""author"":{""id"":""2109153220"",""display_name"":""Chuanming Wang""},""institutions"":[]},{""author"":{""id"":""2513605"",""display_name"":""Huiyuan Fu""},""institutions"":[]},{""author"":{""id"":""2263653397"",""display_name"":""Huadong Ma""},""institutions"":[]}]"
281bea068ca7e3446345fd3102bd27569a67c0b5,10.1109/EEBDA60612.2024.10486027,High-Fidelity StyleGAN Inversion and Attribute Editing for Low Light Images,2024,"2024 IEEE 3rd International Conference on Electrical Engineering, Big Data and Algorithms (EEBDA)",1,Ling Wu;Jun Zhang,"[{""author"":{""id"":""2295912069"",""display_name"":""Ling Wu""},""institutions"":[]},{""author"":{""id"":""2269054494"",""display_name"":""Jun Zhang""},""institutions"":[]}]"
0bb1462309d0f9a7f4d5117f592dbc7cbb249d7b,10.48550/arXiv.2402.15469,Benchmarking the Robustness of Panoptic Segmentation for Automated Driving,2024,arXiv.org,8,Yiting Wang;Haonan Zhao;Daniel Gummadi;M. Dianati;K. Debattista;Valentina Donzella,"[{""author"":{""id"":""2284178771"",""display_name"":""Yiting Wang""},""institutions"":[]},{""author"":{""id"":""2284409012"",""display_name"":""Haonan Zhao""},""institutions"":[]},{""author"":{""id"":""2275641863"",""display_name"":""Daniel Gummadi""},""institutions"":[]},{""author"":{""id"":""1953808"",""display_name"":""M. Dianati""},""institutions"":[]},{""author"":{""id"":""2276423748"",""display_name"":""K. Debattista""},""institutions"":[]},{""author"":{""id"":""2362738993"",""display_name"":""Valentina Donzella""},""institutions"":[]}]"
88a31457e51bb7b23ec860582427297c454721fb,10.3390/electronics13040788,RadiantVisions: Illuminating Low-Light Imagery with a Multi-Scale Branch Network,2024,Electronics,0,Yu Zhang;Shan Jiang;Xiangyun Tang,"[{""author"":{""id"":""2287926217"",""display_name"":""Yu Zhang""},""institutions"":[]},{""author"":{""id"":""2287783281"",""display_name"":""Shan Jiang""},""institutions"":[]},{""author"":{""id"":""2287916499"",""display_name"":""Xiangyun Tang""},""institutions"":[]}]"
c47548a2ef73662d1aaba81aca5bbccbc70f25a3,10.1007/s13353-024-00835-6,Triticale field phenotyping using RGB camera for ear counting and yield estimation,2024,Journal of Applied Genetics,7,Piotr Stefański;Sajid Ullah;Przemysław Matysik;Krystyna Rybka,"[{""author"":{""id"":""2284057056"",""display_name"":""Piotr Stefański""},""institutions"":[]},{""author"":{""id"":""2284051843"",""display_name"":""Sajid Ullah""},""institutions"":[]},{""author"":{""id"":""89131918"",""display_name"":""Przemysław Matysik""},""institutions"":[]},{""author"":{""id"":""2284058890"",""display_name"":""Krystyna Rybka""},""institutions"":[]}]"
42816bb24d7ebd999e5b489c6e2a9287b6d641fa,10.1080/13682199.2024.2315855,A novel method for video enhancement under low light using BFR-SEQT technique,2024,Imaging Science Journal,0,J. Bright Jose;R. P. Anto Kumar,"[{""author"":{""id"":""2284240314"",""display_name"":""J. Bright Jose""},""institutions"":[]},{""author"":{""id"":""2284239264"",""display_name"":""R. P. Anto Kumar""},""institutions"":[]}]"
53c07a9eed5f07d34e7446357edaad0444b41aa3,10.1145/3731715.3733456,Troublemaker Learning for Low-Light Image Enhancement,2024,International Conference on Multimedia Retrieval,5,Yinghao Song;Hao Ma;Bo Yang;Yanchun Liang;H. Ge;Heow Pueh Lee;Chunguo Wu,"[{""author"":{""id"":""2370146919"",""display_name"":""Yinghao Song""},""institutions"":[]},{""author"":{""id"":""2313199753"",""display_name"":""Hao Ma""},""institutions"":[]},{""author"":{""id"":""2283535774"",""display_name"":""Bo Yang""},""institutions"":[]},{""author"":{""id"":""2283265662"",""display_name"":""Yanchun Liang""},""institutions"":[]},{""author"":{""id"":""5951184"",""display_name"":""H. Ge""},""institutions"":[]},{""author"":{""id"":""2196525215"",""display_name"":""Heow Pueh Lee""},""institutions"":[]},{""author"":{""id"":""1989477"",""display_name"":""Chunguo Wu""},""institutions"":[]}]"
15f2630e054aae73438abebf5d98c379c06f16a5,10.1145/3651671.3651761,Visual-Based Detection Method for Oil Leakage in Antarctic Power-Generation Cabin,2024,International Conference on Machine Learning and Computing,0,Xiaoxi Ge;Tao Wang;Kanjian Zhang,"[{""author"":{""id"":""2314452489"",""display_name"":""Xiaoxi Ge""},""institutions"":[]},{""author"":{""id"":""2156018085"",""display_name"":""Tao Wang""},""institutions"":[]},{""author"":{""id"":""2197323448"",""display_name"":""Kanjian Zhang""},""institutions"":[]}]"
08c3edb77b8869527a335d63d62e8ec86bbc33de,10.1109/TCSVT.2023.3286802,Pixel-Wise Gamma Correction Mapping for Low-Light Image Enhancement,2024,IEEE transactions on circuits and systems for video technology (Print),55,Xiangsheng Li;Manlu Liu;Q. Ling,"[{""author"":{""id"":""2221832747"",""display_name"":""Xiangsheng Li""},""institutions"":[]},{""author"":{""id"":""47842165"",""display_name"":""Manlu Liu""},""institutions"":[]},{""author"":{""id"":""40177644"",""display_name"":""Q. Ling""},""institutions"":[]}]"
8d061e8089b9058a6be7b9e08e81f9533f396307,10.1109/TCSVT.2023.3292940,Efficient Saliency Map Detection for Low-Light Images Based on Image Gradient,2024,IEEE transactions on circuits and systems for video technology (Print),9,Chun-Yi Lin;Muhamad Amirul Haq;Jiun-Han Chen;S. Ruan;E. Naroska,"[{""author"":{""id"":""2116764384"",""display_name"":""Chun-Yi Lin""},""institutions"":[]},{""author"":{""id"":""101954925"",""display_name"":""Muhamad Amirul Haq""},""institutions"":[]},{""author"":{""id"":""2222364174"",""display_name"":""Jiun-Han Chen""},""institutions"":[]},{""author"":{""id"":""144611095"",""display_name"":""S. Ruan""},""institutions"":[]},{""author"":{""id"":""1746800"",""display_name"":""E. Naroska""},""institutions"":[]}]"
11c52757c7dd3d50fc62fccc7971c6d3894e28d0,10.1109/TIV.2023.3347952,AiOENet: All-in-One Low-Visibility Enhancement to Improve Visual Perception for Intelligent Marine Vehicles Under Severe Weather Conditions,2024,IEEE Transactions on Intelligent Vehicles,35,Ryan Wen Liu;Yuxu Lu;Yu Guo;Wenqi Ren;Fenghua Zhu;Yisheng Lv,"[{""author"":{""id"":""2124017717"",""display_name"":""Ryan Wen Liu""},""institutions"":[]},{""author"":{""id"":""121713030"",""display_name"":""Yuxu Lu""},""institutions"":[]},{""author"":{""id"":""2143378699"",""display_name"":""Yu Guo""},""institutions"":[]},{""author"":{""id"":""2276950332"",""display_name"":""Wenqi Ren""},""institutions"":[]},{""author"":{""id"":""2273630436"",""display_name"":""Fenghua Zhu""},""institutions"":[]},{""author"":{""id"":""2268452822"",""display_name"":""Yisheng Lv""},""institutions"":[]}]"
08dfdabca3e90170cc62924486b8dbe2ec9ef866,10.1109/TCE.2024.3367728,Neuromorphic Vision Restoration Network for Advanced Driver Assistance System,2024,IEEE transactions on consumer electronics,8,Dirui Xie;He Xiao;Xiaofang Hu;Yue Zhou;G. Zhou;Shukai Duan,"[{""author"":{""id"":""2211254189"",""display_name"":""Dirui Xie""},""institutions"":[]},{""author"":{""id"":""2114210605"",""display_name"":""He Xiao""},""institutions"":[]},{""author"":{""id"":""47027727"",""display_name"":""Xiaofang Hu""},""institutions"":[]},{""author"":{""id"":""2116451313"",""display_name"":""Yue Zhou""},""institutions"":[]},{""author"":{""id"":""31498835"",""display_name"":""G. Zhou""},""institutions"":[]},{""author"":{""id"":""2269227618"",""display_name"":""Shukai Duan""},""institutions"":[]}]"
8e95f569c88824cf81037837aa5578aec8a061a3,10.48550/arXiv.2401.14754,"VJT: A Video Transformer on Joint Tasks of Deblurring, Low-light Enhancement and Denoising",2024,arXiv.org,3,Yuxiang Hui;Yang Liu;Yaofang Liu;Fan Jia;Jinshan Pan;Raymond H. Chan;Tieyong Zeng,"[{""author"":{""id"":""2281643588"",""display_name"":""Yuxiang Hui""},""institutions"":[]},{""author"":{""id"":""2258961576"",""display_name"":""Yang Liu""},""institutions"":[]},{""author"":{""id"":""2142860074"",""display_name"":""Yaofang Liu""},""institutions"":[]},{""author"":{""id"":""2277464549"",""display_name"":""Fan Jia""},""institutions"":[]},{""author"":{""id"":""2303583664"",""display_name"":""Jinshan Pan""},""institutions"":[]},{""author"":{""id"":""2258962579"",""display_name"":""Raymond H. Chan""},""institutions"":[]},{""author"":{""id"":""2277505260"",""display_name"":""Tieyong Zeng""},""institutions"":[]}]"
57bd188a43d7da2b209590402bd5aa99fb787241,10.3390/s24030772,Anomaly Detection on the Edge Using Smart Cameras under Low-Light Conditions,2024,Italian National Conference on Sensors,9,Yaser Abu Awwad;Omer F. Rana;Charith Perera,"[{""author"":{""id"":""2287643311"",""display_name"":""Yaser Abu Awwad""},""institutions"":[]},{""author"":{""id"":""2247641509"",""display_name"":""Omer F. Rana""},""institutions"":[]},{""author"":{""id"":""2121000333"",""display_name"":""Charith Perera""},""institutions"":[]}]"
8dc606911def4954a78817a27a13013579f2af83,10.48550/arXiv.2401.06438,Improving Low-Light Image Recognition Performance Based on Image-adaptive Learnable Module,2024,VISIGRAPP : VISAPP,3,Seitaro Ono;Yuka Ogino;Takahiro Toizumi;Atsushi Ito;Masato Tsukada,"[{""author"":{""id"":""2279335504"",""display_name"":""Seitaro Ono""},""institutions"":[]},{""author"":{""id"":""2265077533"",""display_name"":""Yuka Ogino""},""institutions"":[]},{""author"":{""id"":""2265077373"",""display_name"":""Takahiro Toizumi""},""institutions"":[]},{""author"":{""id"":""2279337594"",""display_name"":""Atsushi Ito""},""institutions"":[]},{""author"":{""id"":""2264787303"",""display_name"":""Masato Tsukada""},""institutions"":[]}]"
3fac8c15bdf162f61ed5afe5b0f8439971bde0cf,10.1109/IDCIoT59759.2024.10467387,Image Recognition in Low-Light Conditions with Deep Learning Model,2024,2024 2nd International Conference on Intelligent Data Communication Technologies and Internet of Things (IDCIoT),5,R. Balakrishnan;Ruchira Rawat;Sathish Kannan;W. Pate;Harshal Pati;S. Rajkumar,"[{""author"":{""id"":""2292767320"",""display_name"":""R. Balakrishnan""},""institutions"":[]},{""author"":{""id"":""35676331"",""display_name"":""Ruchira Rawat""},""institutions"":[]},{""author"":{""id"":""2292750155"",""display_name"":""Sathish Kannan""},""institutions"":[]},{""author"":{""id"":""143851610"",""display_name"":""W. Pate""},""institutions"":[]},{""author"":{""id"":""2292749577"",""display_name"":""Harshal Pati""},""institutions"":[]},{""author"":{""id"":""2292757113"",""display_name"":""S. Rajkumar""},""institutions"":[]}]"
eb8dd8e17871392c469826eae8713c3e11a5985f,10.1109/WACV57701.2024.00575,LIVENet: A novel network for real-world low-light image denoising and enhancement,2024,IEEE Workshop/Winter Conference on Applications of Computer Vision,27,D. Makwana;Gayatri S Deshmukh;Onkar Susladkar;Sparsh Mittal;S. R.,"[{""author"":{""id"":""2077569514"",""display_name"":""D. Makwana""},""institutions"":[]},{""author"":{""id"":""119582522"",""display_name"":""Gayatri S Deshmukh""},""institutions"":[]},{""author"":{""id"":""2149412487"",""display_name"":""Onkar Susladkar""},""institutions"":[]},{""author"":{""id"":""2262215176"",""display_name"":""Sparsh Mittal""},""institutions"":[]},{""author"":{""id"":""2279428520"",""display_name"":""S. R.""},""institutions"":[]}]"
d33b99720363883e745adeba9b078d4d630c9514,10.1016/j.cviu.2024.103930,PPformer: Using pixel-wise and patch-wise cross-attention for low-light image enhancement,2024,Computer Vision and Image Understanding,45,Jiachen Dang;Yong Zhong;Xiaolin Qin,"[{""author"":{""id"":""2339471830"",""display_name"":""Jiachen Dang""},""institutions"":[]},{""author"":{""id"":""2258070450"",""display_name"":""Yong Zhong""},""institutions"":[]},{""author"":{""id"":""2268725569"",""display_name"":""Xiaolin Qin""},""institutions"":[]}]"
6526b69c1a527a46da195b6e79fc00dcbb5d8334,10.1016/j.jvcir.2024.104050,Contextual recovery network for low-light image enhancement with texture recovery,2024,Journal of Visual Communication and Image Representation,6,Zhen Wang;Xiaohuan Zhang,"[{""author"":{""id"":""2118453658"",""display_name"":""Zhen Wang""},""institutions"":[]},{""author"":{""id"":""2108583832"",""display_name"":""Xiaohuan Zhang""},""institutions"":[]}]"
3e0aec5cfbab04c311abbb3e65c465aaf0afc36b,10.18280/ts.400634,Augmenting Face Detection in Extremely Low-Light CCTV Footage Using the EDCE Enhancement Model,2023,Traitement du signal,2,S. Sony Priya;R. Minu,"[{""author"":{""id"":""2277374246"",""display_name"":""S. Sony Priya""},""institutions"":[]},{""author"":{""id"":""2348646213"",""display_name"":""R. Minu""},""institutions"":[]}]"
3251bb694e36894db161ba552739ac494adbb83a,10.1007/s11760-023-02927-y,Attention-based multi-scale recursive residual network for low-light image enhancement,2023,"Signal, Image and Video Processing",4,Kaidi Wang;Yuanlin Zheng;Kaiyang Liao;Haiwen Liu;Bangyong Sun,"[{""author"":{""id"":""2277145169"",""display_name"":""Kaidi Wang""},""institutions"":[]},{""author"":{""id"":""65787202"",""display_name"":""Yuanlin Zheng""},""institutions"":[]},{""author"":{""id"":""2971452"",""display_name"":""Kaiyang Liao""},""institutions"":[]},{""author"":{""id"":""2258583395"",""display_name"":""Haiwen Liu""},""institutions"":[]},{""author"":{""id"":""2258321506"",""display_name"":""Bangyong Sun""},""institutions"":[]}]"
74bb8f44d963dda6cba41fd7e5f89fd9654529aa,10.1007/s00371-024-03452-w,A non-uniform low-light image enhancement method with multi-scale attention transformer and luminance consistency loss,2023,The Visual Computer,19,Xiao Fang;Xin Gao;Baofeng Li;Feng Zhai;Yu Qin;Zhihang Meng;Jiansheng Lu;Chun Xiao,"[{""author"":{""id"":""2276991612"",""display_name"":""Xiao Fang""},""institutions"":[]},{""author"":{""id"":""2321262054"",""display_name"":""Xin Gao""},""institutions"":[]},{""author"":{""id"":""48218713"",""display_name"":""Baofeng Li""},""institutions"":[]},{""author"":{""id"":""2256852764"",""display_name"":""Feng Zhai""},""institutions"":[]},{""author"":{""id"":""2276963896"",""display_name"":""Yu Qin""},""institutions"":[]},{""author"":{""id"":""2256860810"",""display_name"":""Zhihang Meng""},""institutions"":[]},{""author"":{""id"":""2268723013"",""display_name"":""Jiansheng Lu""},""institutions"":[]},{""author"":{""id"":""2268598145"",""display_name"":""Chun Xiao""},""institutions"":[]}]"
410edab7ceab90a315df3e7f405e1039c3bddd39,10.1109/iThings-GreenCom-CPSCom-SmartData-Cybermatics60724.2023.00065,Patch-Based Transformer for Low-Light Image Enhancement,2023,"2023 IEEE International Conferences on Internet of Things (iThings) and IEEE Green Computing & Communications (GreenCom) and IEEE Cyber, Physical & Social Computing (CPSCom) and IEEE Smart Data (SmartData) and IEEE Congress on Cybermatics (Cybermatics)",1,Yu Zhang;Shan Jiang;Xiangyun Tang,"[{""author"":{""id"":""2287926217"",""display_name"":""Yu Zhang""},""institutions"":[]},{""author"":{""id"":""2287783281"",""display_name"":""Shan Jiang""},""institutions"":[]},{""author"":{""id"":""2287916499"",""display_name"":""Xiangyun Tang""},""institutions"":[]}]"
bd253d46a5f76653623fea4eab514c491131a1ee,10.1109/ICSAI61474.2023.10423325,Dynamic Residual Illuminating Network for Low-Light Image Enhancement,2023,International Conference on Systems and Informatics,0,Xueyang Zhong;Haihui Wang;Yanpu Chen,"[{""author"":{""id"":""2332538610"",""display_name"":""Xueyang Zhong""},""institutions"":[]},{""author"":{""id"":""2283508460"",""display_name"":""Haihui Wang""},""institutions"":[]},{""author"":{""id"":""2283521937"",""display_name"":""Yanpu Chen""},""institutions"":[]}]"
ca39b7afedd3cfedc558ab09a8b92e7a242d31f5,10.48550/arXiv.2312.10109,Enlighten-Your-Voice: When Multimodal Meets Zero-shot Low-light Image Enhancement,2023,arXiv.org,5,Xiaofeng Zhang;Zishan Xu;Hao Tang;Chaochen Gu;Wei Chen;Shanying Zhu;Xinping Guan,"[{""author"":{""id"":""2257953748"",""display_name"":""Xiaofeng Zhang""},""institutions"":[]},{""author"":{""id"":""2258090051"",""display_name"":""Zishan Xu""},""institutions"":[]},{""author"":{""id"":""2275194660"",""display_name"":""Hao Tang""},""institutions"":[]},{""author"":{""id"":""2253450209"",""display_name"":""Chaochen Gu""},""institutions"":[]},{""author"":{""id"":""2154942699"",""display_name"":""Wei Chen""},""institutions"":[]},{""author"":{""id"":""2160533297"",""display_name"":""Shanying Zhu""},""institutions"":[]},{""author"":{""id"":""2066614902"",""display_name"":""Xinping Guan""},""institutions"":[]}]"
a923cdda361ca3d147494355112d2350e3628382,10.3390/electronics12245022,Real-Time Low-Light Imaging in Space Based on the Fusion of Spatial and Frequency Domains,2023,Electronics,0,Jiaxin Wu;Haifeng Zhang;Biao Li;Jiaxin Duan;Qianxi Li;Zeyu He;Jianzhong Cao;Hao Wang,"[{""author"":{""id"":""2267015115"",""display_name"":""Jiaxin Wu""},""institutions"":[]},{""author"":{""id"":""2181571727"",""display_name"":""Haifeng Zhang""},""institutions"":[]},{""author"":{""id"":""2274910584"",""display_name"":""Biao Li""},""institutions"":[]},{""author"":{""id"":""2266888433"",""display_name"":""Jiaxin Duan""},""institutions"":[]},{""author"":{""id"":""2256779819"",""display_name"":""Qianxi Li""},""institutions"":[]},{""author"":{""id"":""2274916829"",""display_name"":""Zeyu He""},""institutions"":[]},{""author"":{""id"":""2267034784"",""display_name"":""Jianzhong Cao""},""institutions"":[]},{""author"":{""id"":""2256769585"",""display_name"":""Hao Wang""},""institutions"":[]}]"
c799930bc727d1e891a578dd7001a3d7e1380957,10.48550/arXiv.2312.09093,Aleth-NeRF: Illumination Adaptive NeRF with Concealing Field Assumption,2023,AAAI Conference on Artificial Intelligence,78,Ziteng Cui;Lin Gu;Xiao Sun;Xianzheng Ma;Yu Qiao;Tatsuya Harada,"[{""author"":{""id"":""2152101108"",""display_name"":""Ziteng Cui""},""institutions"":[]},{""author"":{""id"":""2261518797"",""display_name"":""Lin Gu""},""institutions"":[]},{""author"":{""id"":""2273669927"",""display_name"":""Xiao Sun""},""institutions"":[]},{""author"":{""id"":""2261892326"",""display_name"":""Xianzheng Ma""},""institutions"":[]},{""author"":{""id"":""2266467340"",""display_name"":""Yu Qiao""},""institutions"":[]},{""author"":{""id"":""2256612994"",""display_name"":""Tatsuya Harada""},""institutions"":[]}]"
4f49411957fe84682c2da677c2d832dd6904b4b6,10.1049/ipr2.13004,Forest nighttime image enhancement based on improved SCI light estimation and reflection optimization,2023,IET Image Processing,1,Xian Zhang;Yanfeng Li;Hanyue Zhang,"[{""author"":{""id"":""2108304020"",""display_name"":""Xian Zhang""},""institutions"":[]},{""author"":{""id"":""2275033194"",""display_name"":""Yanfeng Li""},""institutions"":[]},{""author"":{""id"":""2274868012"",""display_name"":""Hanyue Zhang""},""institutions"":[]}]"
cc86713f40a34b62aeea625230e2995295eece86,10.1109/HDIS60872.2023.10499557,Deep Learning Strategies for Addressing Anomalous Exposure in Image Processing: The FARDBUNet Approach,2023,2023 International Conference on High Performance Big Data and Intelligent Systems (HDIS),0,Qi Zhou;Kai Yang;Zunwang Ke;Gang Wang;Yugui Zhang;Yizhen Jia;Fengcai Cao;Junxiao Ma;Changlin Liu;Kaijie Zhang;Min Wu,"[{""author"":{""id"":""2297146736"",""display_name"":""Qi Zhou""},""institutions"":[]},{""author"":{""id"":""2297064507"",""display_name"":""Kai Yang""},""institutions"":[]},{""author"":{""id"":""2014735862"",""display_name"":""Zunwang Ke""},""institutions"":[]},{""author"":{""id"":""2297314711"",""display_name"":""Gang Wang""},""institutions"":[]},{""author"":{""id"":""2297060382"",""display_name"":""Yugui Zhang""},""institutions"":[]},{""author"":{""id"":""2297431855"",""display_name"":""Yizhen Jia""},""institutions"":[]},{""author"":{""id"":""2297024863"",""display_name"":""Fengcai Cao""},""institutions"":[]},{""author"":{""id"":""2297139395"",""display_name"":""Junxiao Ma""},""institutions"":[]},{""author"":{""id"":""2297217008"",""display_name"":""Changlin Liu""},""institutions"":[]},{""author"":{""id"":""2297373826"",""display_name"":""Kaijie Zhang""},""institutions"":[]},{""author"":{""id"":""2149348420"",""display_name"":""Min Wu""},""institutions"":[]}]"
c05d4f44ead1df35fff17b6e06f8eeeb668d7b5a,10.1109/ICRA55743.2025.11127546,LDM-ISP: Enhancing Neural ISP for Low Light with Latent Diffusion Models,2023,IEEE International Conference on Robotics and Automation,3,Qiang Wen;Zhefan Rao;Yazhou Xing;Qifeng Chen,"[{""author"":{""id"":""2269459289"",""display_name"":""Qiang Wen""},""institutions"":[]},{""author"":{""id"":""2261750244"",""display_name"":""Zhefan Rao""},""institutions"":[]},{""author"":{""id"":""2072727444"",""display_name"":""Yazhou Xing""},""institutions"":[]},{""author"":{""id"":""2269692452"",""display_name"":""Qifeng Chen""},""institutions"":[]}]"
0c291c421fb11b5b27e2d3526efb2353d88c27a8,,Test-Time Degradation Adaptation for Open-Set Image Restoration,2023,International Conference on Machine Learning,29,Yuanbiao Gou;Haiyu Zhao;Boyun Li;Xinyan Xiao;Xi Peng,"[{""author"":{""id"":""1781457837"",""display_name"":""Yuanbiao Gou""},""institutions"":[]},{""author"":{""id"":""2271570535"",""display_name"":""Haiyu Zhao""},""institutions"":[]},{""author"":{""id"":""150044582"",""display_name"":""Boyun Li""},""institutions"":[]},{""author"":{""id"":""2269770258"",""display_name"":""Xinyan Xiao""},""institutions"":[]},{""author"":{""id"":""2269759322"",""display_name"":""Xi Peng""},""institutions"":[]}]"
77d2914fad72f335708ae8917558ad2d8a30cf9c,10.1109/CVPR52733.2024.01204,Boosting Object Detection with Zero-Shot Day-Night Domain Adaptation,2023,Computer Vision and Pattern Recognition,76,Zhipeng Du;Miaojing Shi;Jiankang Deng,"[{""author"":{""id"":""2180661093"",""display_name"":""Zhipeng Du""},""institutions"":[]},{""author"":{""id"":""2283110033"",""display_name"":""Miaojing Shi""},""institutions"":[]},{""author"":{""id"":""2269769487"",""display_name"":""Jiankang Deng""},""institutions"":[]}]"
f5ac9f12c7a58c0c48f497ccd6789cbf2d9a59fc,10.1016/j.iot.2023.101054,LEGAN: A low-light image enhancement generative adversarial network for industrial internet of smart-cameras,2023,Internet of Things,26,Jing Tao;Junliang Wang;Peng Zhang;Jie Zhang;Kai-Leung Yung;Andrew W. H. Ip,"[{""author"":{""id"":""2218896520"",""display_name"":""Jing Tao""},""institutions"":[]},{""author"":{""id"":""46584628"",""display_name"":""Junliang Wang""},""institutions"":[]},{""author"":{""id"":""2374290319"",""display_name"":""Peng Zhang""},""institutions"":[]},{""author"":{""id"":""2262092430"",""display_name"":""Jie Zhang""},""institutions"":[]},{""author"":{""id"":""2193369847"",""display_name"":""Kai-Leung Yung""},""institutions"":[]},{""author"":{""id"":""2284517762"",""display_name"":""Andrew W. H. Ip""},""institutions"":[]}]"
44572ecd0b7dc88da5c96ca857ab809dacaed77e,10.1016/j.displa.2023.102550,"LEES-Net: Fast, lightweight unsupervised curve estimation network for low-light image enhancement and exposure suppression",2023,Displays (Guildford),21,Xuanhe Li;Rui He;Jian Wu;Hu Yan;Xianfeng Chen,"[{""author"":{""id"":""2266001395"",""display_name"":""Xuanhe Li""},""institutions"":[]},{""author"":{""id"":""2260455216"",""display_name"":""Rui He""},""institutions"":[]},{""author"":{""id"":""2260728198"",""display_name"":""Jian Wu""},""institutions"":[]},{""author"":{""id"":""2249195924"",""display_name"":""Hu Yan""},""institutions"":[]},{""author"":{""id"":""2282950088"",""display_name"":""Xianfeng Chen""},""institutions"":[]}]"
1680490c18fb88ebb45bc3e2321ccc842fb04c5f,10.1109/JSYST.2023.3262593,Efficient Contrast Adjustment and Fusion Method for Underexposed Images in Industrial Cyber-Physical Systems,2023,IEEE Systems Journal,24,Ziaur Rahman;M. Aamir;Zafar Ali;Abdul Khader Jilani Saudagar;Abdullah Altameem;K. Muhammad,"[{""author"":{""id"":""145760130"",""display_name"":""Ziaur Rahman""},""institutions"":[]},{""author"":{""id"":""2147469944"",""display_name"":""M. Aamir""},""institutions"":[]},{""author"":{""id"":""2143648228"",""display_name"":""Zafar Ali""},""institutions"":[]},{""author"":{""id"":""2788046"",""display_name"":""Abdul Khader Jilani Saudagar""},""institutions"":[]},{""author"":{""id"":""1403869508"",""display_name"":""Abdullah Altameem""},""institutions"":[]},{""author"":{""id"":""134260245"",""display_name"":""K. Muhammad""},""institutions"":[]}]"
ff8232aa426d53d90bd083c691218e46257b5ea1,10.1007/s13042-023-01983-7,Efficient low-light image enhancement with model parameters scaled down to 0.02M,2023,International Journal of Machine Learning and Cybernetics,6,Shaoliang Yang;Dongming Zhou,"[{""author"":{""id"":""2162395521"",""display_name"":""Shaoliang Yang""},""institutions"":[]},{""author"":{""id"":""2153594632"",""display_name"":""Dongming Zhou""},""institutions"":[]}]"
e1b03b050240e6a6c710eb11193f97b8c07a461c,10.1109/CAC59555.2023.10450804,Two-Stage Low-Light Image Enhancement Method Based on Generating Saturation-Corrected Reference Images,2023,ACM Cloud and Autonomic Computing Conference,0,Weilin Yi;Changhui Hu;Zhen Wang,"[{""author"":{""id"":""2222786115"",""display_name"":""Weilin Yi""},""institutions"":[]},{""author"":{""id"":""2257389126"",""display_name"":""Changhui Hu""},""institutions"":[]},{""author"":{""id"":""2144787261"",""display_name"":""Zhen Wang""},""institutions"":[]}]"
1a9d04868074845eb3a38caa5c5807d4b372a2ed,10.1109/CAC59555.2023.10451820,SPANet—Sparse Convolutional Pyramid Attention Network for Grasping Detection in Low-Light Conditions,2023,ACM Cloud and Autonomic Computing Conference,2,Kun Zhang;Qinghua Li;Kaiyue Liu;Mengyao Zhang;Xuyang Wang;Chao Feng,"[{""author"":{""id"":""2292209926"",""display_name"":""Kun Zhang""},""institutions"":[]},{""author"":{""id"":""2108492563"",""display_name"":""Qinghua Li""},""institutions"":[]},{""author"":{""id"":""2263481510"",""display_name"":""Kaiyue Liu""},""institutions"":[]},{""author"":{""id"":""2292593221"",""display_name"":""Mengyao Zhang""},""institutions"":[]},{""author"":{""id"":""2264352213"",""display_name"":""Xuyang Wang""},""institutions"":[]},{""author"":{""id"":""2117344819"",""display_name"":""Chao Feng""},""institutions"":[]}]"
ef189445cd5b1aa7b531f81a6366b854a8192d98,10.1038/s41598-023-46693-w,A depth iterative illumination estimation network for low-light image enhancement based on retinex theory,2023,Scientific Reports,23,Yongqiang Chen;Chenglin Wen;Weifeng Liu;Wei He,"[{""author"":{""id"":""2245331388"",""display_name"":""Yongqiang Chen""},""institutions"":[]},{""author"":{""id"":""2238106022"",""display_name"":""Chenglin Wen""},""institutions"":[]},{""author"":{""id"":""2258306407"",""display_name"":""Weifeng Liu""},""institutions"":[]},{""author"":{""id"":""2244412699"",""display_name"":""Wei He""},""institutions"":[]}]"
6667597ad1c3310fbbb0afd501fa94103b153e08,10.3390/electronics12224556,A Roadheader Positioning Method Based on Multi-Sensor Fusion,2023,Electronics,4,Haoran Wang;Zhenglong Li;Hongwei Wang;Wenyan Cao;Fujing Zhang;Yuheng Wang,"[{""author"":{""id"":""2125123823"",""display_name"":""Haoran Wang""},""institutions"":[]},{""author"":{""id"":""2145367383"",""display_name"":""Zhenglong Li""},""institutions"":[]},{""author"":{""id"":""2266008826"",""display_name"":""Hongwei Wang""},""institutions"":[]},{""author"":{""id"":""2265799989"",""display_name"":""Wenyan Cao""},""institutions"":[]},{""author"":{""id"":""2224144111"",""display_name"":""Fujing Zhang""},""institutions"":[]},{""author"":{""id"":""2224060448"",""display_name"":""Yuheng Wang""},""institutions"":[]}]"
3011f420df87f85d2b477cd66d88b02d87772837,10.1007/s11042-023-17527-8,TCPCNet: a transformer-CNN parallel cooperative network for low-light image enhancement,2023,Multimedia tools and applications,11,Wanjun Zhang;Yujie Ding;Miaohui Zhang;Yonghua Zhang;Lvchen Cao;Ziqing Huang;Jun Wang,"[{""author"":{""id"":""2213866940"",""display_name"":""Wanjun Zhang""},""institutions"":[]},{""author"":{""id"":""2266136792"",""display_name"":""Yujie Ding""},""institutions"":[]},{""author"":{""id"":""2249455099"",""display_name"":""Miaohui Zhang""},""institutions"":[]},{""author"":{""id"":""2210479199"",""display_name"":""Yonghua Zhang""},""institutions"":[]},{""author"":{""id"":""2266359800"",""display_name"":""Lvchen Cao""},""institutions"":[]},{""author"":{""id"":""2249123239"",""display_name"":""Ziqing Huang""},""institutions"":[]},{""author"":{""id"":""2250713079"",""display_name"":""Jun Wang""},""institutions"":[]}]"
df9fa85d1674879e648e62126743cd8dc1e19841,10.48550/arXiv.2311.02995,Zero-Shot Enhancement of Low-Light Image Based on Retinex Decomposition,2023,arXiv.org,7,Wenchao Li;Bangshu Xiong;Qiaofeng Ou;Xiaoyun Long;Jinhao Zhu;Jiabao Chen;Shuyuan Wen,"[{""author"":{""id"":""2265521694"",""display_name"":""Wenchao Li""},""institutions"":[]},{""author"":{""id"":""2265489543"",""display_name"":""Bangshu Xiong""},""institutions"":[]},{""author"":{""id"":""2261011"",""display_name"":""Qiaofeng Ou""},""institutions"":[]},{""author"":{""id"":""2150017862"",""display_name"":""Xiaoyun Long""},""institutions"":[]},{""author"":{""id"":""2265666097"",""display_name"":""Jinhao Zhu""},""institutions"":[]},{""author"":{""id"":""2265518764"",""display_name"":""Jiabao Chen""},""institutions"":[]},{""author"":{""id"":""2265494825"",""display_name"":""Shuyuan Wen""},""institutions"":[]}]"
7aaf9d1ef4891f70aa25aaa073857ac699c4f48f,10.1016/j.eswa.2023.122427,MWA-MNN: Multi-patch Wavelet Attention Memristive Neural Network for image restoration,2023,Expert systems with applications,20,Dirui Xie;He Xiao;Yue Zhou;Shukai Duan;Xiaofang Hu,"[{""author"":{""id"":""2211254189"",""display_name"":""Dirui Xie""},""institutions"":[]},{""author"":{""id"":""2114210605"",""display_name"":""He Xiao""},""institutions"":[]},{""author"":{""id"":""2116451313"",""display_name"":""Yue Zhou""},""institutions"":[]},{""author"":{""id"":""2159433014"",""display_name"":""Shukai Duan""},""institutions"":[]},{""author"":{""id"":""47027727"",""display_name"":""Xiaofang Hu""},""institutions"":[]}]"
38d72d1c03f81e0a78802bde3d675e7909f39132,10.1016/j.engappai.2023.107003,A Semi-Supervised Network Framework for low-light image enhancement,2023,Engineering applications of artificial intelligence,22,Jin Chen;Yong Wang;Yujuan Han,"[{""author"":{""id"":""2108458965"",""display_name"":""Jin Chen""},""institutions"":[]},{""author"":{""id"":""2237392111"",""display_name"":""Yong Wang""},""institutions"":[]},{""author"":{""id"":""2112896698"",""display_name"":""Yujuan Han""},""institutions"":[]}]"
176a31e61a636165362322cc1d070b100f16e8d3,10.1016/j.engappai.2023.106925,BOLD-net: Brightness enhancement for old images using deep curve estimation and attention modules,2023,Engineering applications of artificial intelligence,2,Arshiana Shamir;N. Park;Bumshik Lee,"[{""author"":{""id"":""2192209672"",""display_name"":""Arshiana Shamir""},""institutions"":[]},{""author"":{""id"":""2052429129"",""display_name"":""N. Park""},""institutions"":[]},{""author"":{""id"":""2672583"",""display_name"":""Bumshik Lee""},""institutions"":[]}]"
a1e8a799b8784bb688ff7a823baeaf3a55bea0d9,10.1016/j.jvcir.2023.103978,Multi-scale dynamic fusion for correcting uneven illumination images,2023,Journal of Visual Communication and Image Representation,8,Junyu Fan;Jinjiang Li;Lu Ren;Zheng Chen,"[{""author"":{""id"":""2198876207"",""display_name"":""Junyu Fan""},""institutions"":[]},{""author"":{""id"":""2555126"",""display_name"":""Jinjiang Li""},""institutions"":[]},{""author"":{""id"":""2218529854"",""display_name"":""Lu Ren""},""institutions"":[]},{""author"":{""id"":""2117203134"",""display_name"":""Zheng Chen""},""institutions"":[]}]"
803825f36c2d0d23f75b53388ac9f1d6c11825d0,10.1117/1.OE.62.11.118101,ARODNet: adaptive rain image enhancement object detection network for autonomous driving in adverse weather conditions,2023,Optical Engineering: The Journal of SPIE,4,Yongsheng Qiu;Yuanyao Lu;Yuantao Wang;Haiyang Jiang,"[{""author"":{""id"":""47604559"",""display_name"":""Yongsheng Qiu""},""institutions"":[]},{""author"":{""id"":""2266200183"",""display_name"":""Yuanyao Lu""},""institutions"":[]},{""author"":{""id"":""2203021722"",""display_name"":""Yuantao Wang""},""institutions"":[]},{""author"":{""id"":""2266241316"",""display_name"":""Haiyang Jiang""},""institutions"":[]}]"
bb8fcd46ff93316dfc3d79b0fc7a5c015d492d73,10.1109/APSIPAASC58517.2023.10317339,Low-light is More Than Darkness: An Empirical Study on Illumination Types and Enhancement Methods,2023,Asia-Pacific Signal and Information Processing Association Annual Summit and Conference,0,Hui Sze Liew;Y. P. Loh;Simying Ong,"[{""author"":{""id"":""2267654584"",""display_name"":""Hui Sze Liew""},""institutions"":[]},{""author"":{""id"":""34676974"",""display_name"":""Y. P. Loh""},""institutions"":[]},{""author"":{""id"":""33567862"",""display_name"":""Simying Ong""},""institutions"":[]}]"
93a9ba0330764f84d862cce08da0499f74bd03fa,10.1007/s13042-023-01991-7,RDMA: low-light image enhancement based on retinex decomposition and multi-scale adjustment,2023,International Journal of Machine Learning and Cybernetics,9,Jiafeng Li;Shuai Hao;Tianshuo Li;Li Zhuo;Jing Zhang,"[{""author"":{""id"":""3117925"",""display_name"":""Jiafeng Li""},""institutions"":[]},{""author"":{""id"":""47595917"",""display_name"":""Shuai Hao""},""institutions"":[]},{""author"":{""id"":""2259268733"",""display_name"":""Tianshuo Li""},""institutions"":[]},{""author"":{""id"":""2105909391"",""display_name"":""Li Zhuo""},""institutions"":[]},{""author"":{""id"":""2260279898"",""display_name"":""Jing Zhang""},""institutions"":[]}]"
d0078ff59184a3ca422bbbc16fb76b4a60bb382b,10.1109/IECON51785.2023.10312449,Unsupervised Low Light Enhancement Method with Inherent Diffuse Map,2023,Annual Conference of the IEEE Industrial Electronics Society,1,Wei Wang;Chaobing Zheng,"[{""author"":{""id"":""2158626214"",""display_name"":""Wei Wang""},""institutions"":[]},{""author"":{""id"":""24329943"",""display_name"":""Chaobing Zheng""},""institutions"":[]}]"
940134448d1bc596b2e79a7a1e4ff0653ac2a3ea,10.1109/ICIP49359.2023.10222311,DLEN: Deep Laplacian Enhancement Networks for Low-Light Images,2023,International Conference on Information Photonics,10,Xinjie Wei;Kan Chang;Guiqing Li;Mengyuan Huang;Qingpao Qin,"[{""author"":{""id"":""2226310405"",""display_name"":""Xinjie Wei""},""institutions"":[]},{""author"":{""id"":""2217958366"",""display_name"":""Kan Chang""},""institutions"":[]},{""author"":{""id"":""2238134221"",""display_name"":""Guiqing Li""},""institutions"":[]},{""author"":{""id"":""2112586477"",""display_name"":""Mengyuan Huang""},""institutions"":[]},{""author"":{""id"":""2210509112"",""display_name"":""Qingpao Qin""},""institutions"":[]}]"
36694b981f73eb4c96b4a0166afb8fdcdbfd4c98,10.1109/ICCVW60793.2023.00237,LightNet: Generative Model for Enhancement of Low-Light Images,2023,2023 IEEE/CVF International Conference on Computer Vision Workshops (ICCVW),11,Chaitra Desai;Nikhil Neelkanth Akalwadi;Amogh Joshi;Sampada Malagi;Chinmayee Mandi;R. Tabib;Ujwala Patil;Uma Mudenagudi,"[{""author"":{""id"":""32173170"",""display_name"":""Chaitra Desai""},""institutions"":[]},{""author"":{""id"":""2268207680"",""display_name"":""Nikhil Neelkanth Akalwadi""},""institutions"":[]},{""author"":{""id"":""2276533020"",""display_name"":""Amogh Joshi""},""institutions"":[]},{""author"":{""id"":""2268207014"",""display_name"":""Sampada Malagi""},""institutions"":[]},{""author"":{""id"":""2276529634"",""display_name"":""Chinmayee Mandi""},""institutions"":[]},{""author"":{""id"":""9141151"",""display_name"":""R. Tabib""},""institutions"":[]},{""author"":{""id"":""148268483"",""display_name"":""Ujwala Patil""},""institutions"":[]},{""author"":{""id"":""2938896"",""display_name"":""Uma Mudenagudi""},""institutions"":[]}]"
f47ec81f6fac8aaca3afb1f109205754d66e1fcd,10.1109/ICCV51070.2023.00974,Coherent Event Guided Low-Light Video Enhancement,2023,IEEE International Conference on Computer Vision,65,Jinxiu Liang;Yixin Yang;Boyu Li;Peiqi Duan;Yong Xu;Boxin Shi,"[{""author"":{""id"":""2118674813"",""display_name"":""Jinxiu Liang""},""institutions"":[]},{""author"":{""id"":""2265716567"",""display_name"":""Yixin Yang""},""institutions"":[]},{""author"":{""id"":""2265682272"",""display_name"":""Boyu Li""},""institutions"":[]},{""author"":{""id"":""2265682931"",""display_name"":""Peiqi Duan""},""institutions"":[]},{""author"":{""id"":""2265799628"",""display_name"":""Yong Xu""},""institutions"":[]},{""author"":{""id"":""2273929993"",""display_name"":""Boxin Shi""},""institutions"":[]}]"
7043818c120a0a8313418fbd7eacf753f85efa90,10.1109/ICCV51070.2023.01183,Dancing in the Dark: A Benchmark towards General Low-light Video Enhancement,2023,IEEE International Conference on Computer Vision,46,Huiyuan Fu;Wenkai Zheng;Xicong Wang;Jiaxuan Wang;Heng Zhang;Huadong Ma,"[{""author"":{""id"":""2513605"",""display_name"":""Huiyuan Fu""},""institutions"":[]},{""author"":{""id"":""2186746235"",""display_name"":""Wenkai Zheng""},""institutions"":[]},{""author"":{""id"":""2271362374"",""display_name"":""Xicong Wang""},""institutions"":[]},{""author"":{""id"":""2271359439"",""display_name"":""Jiaxuan Wang""},""institutions"":[]},{""author"":{""id"":""2271866730"",""display_name"":""Heng Zhang""},""institutions"":[]},{""author"":{""id"":""2263653397"",""display_name"":""Huadong Ma""},""institutions"":[]}]"
fda40305a1ad8f88cf2e67795e7edcd7a0e91276,10.1016/j.jksuci.2023.101814,BrightsightNet: A lightweight progressive low-light image enhancement network and its application in “Rainbow” maglev train,2023,Journal of King Saud University: Computer and Information Sciences,12,Zhichao Chen;Jie Yang;Chong Yang,"[{""author"":{""id"":""2262790719"",""display_name"":""Zhichao Chen""},""institutions"":[]},{""author"":{""id"":""2263258061"",""display_name"":""Jie Yang""},""institutions"":[]},{""author"":{""id"":""2260907960"",""display_name"":""Chong Yang""},""institutions"":[]}]"
1b137a0e5699c2e27eefd17009ddd2b8df4c347c,10.1016/j.knosys.2023.111099,ULBPNet: Low-light image enhancement using U-shaped lightening back-projection,2023,Knowledge-Based Systems,19,Jun Young Park;Cheol Woo Park;I. Eom,"[{""author"":{""id"":""2369288915"",""display_name"":""Jun Young Park""},""institutions"":[]},{""author"":{""id"":""2140588967"",""display_name"":""Cheol Woo Park""},""institutions"":[]},{""author"":{""id"":""3260798"",""display_name"":""I. Eom""},""institutions"":[]}]"
db79931458fc4ea5361cc7e64f3063b1a1b3210e,10.3390/s23208442,Image Restoration via Low-Illumination to Normal-Illumination Networks Based on Retinex Theory,2023,Italian National Conference on Sensors,1,C. Wen;Ting Nie;Mingxuan Li;Xiaofeng Wang;Liang Huang,"[{""author"":{""id"":""2068036068"",""display_name"":""C. Wen""},""institutions"":[]},{""author"":{""id"":""47476066"",""display_name"":""Ting Nie""},""institutions"":[]},{""author"":{""id"":""2258417102"",""display_name"":""Mingxuan Li""},""institutions"":[]},{""author"":{""id"":""2258446554"",""display_name"":""Xiaofeng Wang""},""institutions"":[]},{""author"":{""id"":""2109047463"",""display_name"":""Liang Huang""},""institutions"":[]}]"
061b8595446b7ac6ae21403a81531de07c94cf17,10.1016/j.cag.2023.10.016,Relevance gradient descent for parameter optimization of image enhancement,2023,Computers & graphics,5,Y. Rao;Yuling Yi;O. T. Nartey;Saeed Ullah Jan,"[{""author"":{""id"":""2240329584"",""display_name"":""Y. Rao""},""institutions"":[]},{""author"":{""id"":""2146876592"",""display_name"":""Yuling Yi""},""institutions"":[]},{""author"":{""id"":""1391407625"",""display_name"":""O. T. Nartey""},""institutions"":[]},{""author"":{""id"":""2314221897"",""display_name"":""Saeed Ullah Jan""},""institutions"":[]}]"
9f490ac5529a7e3a0ee5d5df77add2817f3d6df2,10.1109/ITSC57777.2023.10421803,The Effect of Camera Data Degradation Factors on Panoptic Segmentation for Automated Driving,2023,2023 IEEE 26th International Conference on Intelligent Transportation Systems (ITSC),14,Yiting Wang;Haonan Zhao;K. Debattista;Valentina Donzella,"[{""author"":{""id"":""2284178771"",""display_name"":""Yiting Wang""},""institutions"":[]},{""author"":{""id"":""2284409012"",""display_name"":""Haonan Zhao""},""institutions"":[]},{""author"":{""id"":""2276423748"",""display_name"":""K. Debattista""},""institutions"":[]},{""author"":{""id"":""2362738993"",""display_name"":""Valentina Donzella""},""institutions"":[]}]"
027b0fcd3c0559824ff4cfa47f9d280d9e5d8926,10.1145/3627377.3627438,Semi-supervised learning with CNN for low-light images enhancement,2023,ICBDT,0,Yanzhi Fan;Haozhe Jia;Xin Wei;Qiguo Cao;Yingfeng Wang;Sen Xiang,"[{""author"":{""id"":""2308241522"",""display_name"":""Yanzhi Fan""},""institutions"":[]},{""author"":{""id"":""2269784443"",""display_name"":""Haozhe Jia""},""institutions"":[]},{""author"":{""id"":""2269749335"",""display_name"":""Xin Wei""},""institutions"":[]},{""author"":{""id"":""2269462319"",""display_name"":""Qiguo Cao""},""institutions"":[]},{""author"":{""id"":""2269704838"",""display_name"":""Yingfeng Wang""},""institutions"":[]},{""author"":{""id"":""2269461907"",""display_name"":""Sen Xiang""},""institutions"":[]}]"
38bfbfa14c8e90c2080c565e5d6883ad3b2db104,10.1109/EIECS59936.2023.10434282,Low-light Road Target Detection based on Lightweight Generative Adversarial Networks,2023,2023 3rd International Conference on Electronic Information Engineering and Computer Science (EIECS),1,Xiaowei Wei;Saisai Yu;Shuqing He,"[{""author"":{""id"":""2197785017"",""display_name"":""Xiaowei Wei""},""institutions"":[]},{""author"":{""id"":""2284952650"",""display_name"":""Saisai Yu""},""institutions"":[]},{""author"":{""id"":""2290008759"",""display_name"":""Shuqing He""},""institutions"":[]}]"
c3d9e9aeddfc887c01fcf504d70db15255b23a35,10.3390/electronics12183907,DBENet: Dual-Branch Brightness Enhancement Fusion Network for Low-Light Image Enhancement,2023,Electronics,3,Yongqiang Chen;Chenglin Wen;Weifeng Liu;Wei He,"[{""author"":{""id"":""2245331388"",""display_name"":""Yongqiang Chen""},""institutions"":[]},{""author"":{""id"":""2238106022"",""display_name"":""Chenglin Wen""},""institutions"":[]},{""author"":{""id"":""1732108"",""display_name"":""Weifeng Liu""},""institutions"":[]},{""author"":{""id"":""2244412699"",""display_name"":""Wei He""},""institutions"":[]}]"
a8a230fa18d904176af58ad40aad971543adb0f0,10.1109/TITS.2024.3359755,Double Domain Guided Real-Time Low-Light Image Enhancement for Ultra-High-Definition Transportation Surveillance,2023,IEEE transactions on intelligent transportation systems (Print),75,Jingxiang Qu;R. W. Liu;Yuan Gao;Yu Guo;Fenghua Zhu;Fei Wang,"[{""author"":{""id"":""2189470689"",""display_name"":""Jingxiang Qu""},""institutions"":[]},{""author"":{""id"":""3136503"",""display_name"":""R. W. Liu""},""institutions"":[]},{""author"":{""id"":""2244143114"",""display_name"":""Yuan Gao""},""institutions"":[]},{""author"":{""id"":""2143378699"",""display_name"":""Yu Guo""},""institutions"":[]},{""author"":{""id"":""2242533246"",""display_name"":""Fenghua Zhu""},""institutions"":[]},{""author"":{""id"":""2274447159"",""display_name"":""Fei Wang""},""institutions"":[]}]"
9cdb56c7c1024204c3fc2087b6e9870bda0a6176,10.1109/ICASSP49660.2025.10888283,DEFormer: DCT-driven Enhancement Transformer for Low-light Image and Dark Vision,2023,"IEEE International Conference on Acoustics, Speech, and Signal Processing",4,Xiangchen Yin;Zhenda Yu;Xin Gao;Ran Ju;Xiao Sun;Xinyu Zhang,"[{""author"":{""id"":""2240802580"",""display_name"":""Xiangchen Yin""},""institutions"":[]},{""author"":{""id"":""2239467883"",""display_name"":""Zhenda Yu""},""institutions"":[]},{""author"":{""id"":""2239459437"",""display_name"":""Xin Gao""},""institutions"":[]},{""author"":{""id"":""33687539"",""display_name"":""Ran Ju""},""institutions"":[]},{""author"":{""id"":""2318258797"",""display_name"":""Xiao Sun""},""institutions"":[]},{""author"":{""id"":""120070100"",""display_name"":""Xinyu Zhang""},""institutions"":[]}]"
474edb68077a94617570173012fda2e61f2c4dee,10.1007/s11082-023-05224-7,Sub-network modeling and integration for low-light enhancement of aerial images,2023,Optical and quantum electronics,0,G. Uganya;C. H. S. Devi;Abhay Chaturvedi;B. Shankar;J. V. N. Ramesh;Ajmeera Kiran,"[{""author"":{""id"":""2329274003"",""display_name"":""G. Uganya""},""institutions"":[]},{""author"":{""id"":""2359251284"",""display_name"":""C. H. S. Devi""},""institutions"":[]},{""author"":{""id"":""2238567994"",""display_name"":""Abhay Chaturvedi""},""institutions"":[]},{""author"":{""id"":""2252450266"",""display_name"":""B. Shankar""},""institutions"":[]},{""author"":{""id"":""2211558308"",""display_name"":""J. V. N. Ramesh""},""institutions"":[]},{""author"":{""id"":""144652286"",""display_name"":""Ajmeera Kiran""},""institutions"":[]}]"
b6f811568a3d46afa22d4aba47f46a13e04731cb,10.1109/ICCV51070.2023.01154,Empowering Low-Light Image Enhancer through Customized Learnable Priors,2023,IEEE International Conference on Computer Vision,78,Naishan Zheng;Man Zhou;Yanmeng Dong;Xiangyu Rui;Jie Huang;Chongyi Li;Fengmei Zhao,"[{""author"":{""id"":""104219880"",""display_name"":""Naishan Zheng""},""institutions"":[]},{""author"":{""id"":""2121684731"",""display_name"":""Man Zhou""},""institutions"":[]},{""author"":{""id"":""2237962719"",""display_name"":""Yanmeng Dong""},""institutions"":[]},{""author"":{""id"":""2056920436"",""display_name"":""Xiangyu Rui""},""institutions"":[]},{""author"":{""id"":""2110284557"",""display_name"":""Jie Huang""},""institutions"":[]},{""author"":{""id"":""2237956540"",""display_name"":""Chongyi Li""},""institutions"":[]},{""author"":{""id"":""2152335165"",""display_name"":""Fengmei Zhao""},""institutions"":[]}]"
1e4b9fb2efa19a026c644665abfab70c4215508c,10.48550/arXiv.2309.01627,Cross-Consistent Deep Unfolding Network for Adaptive All-In-One Video Restoration,2023,arXiv.org,7,Yuanshuo Cheng;Mingwen Shao;Yecong Wan;Lixu Zhang;W. Zuo;Deyu Meng,"[{""author"":{""id"":""2153514280"",""display_name"":""Yuanshuo Cheng""},""institutions"":[]},{""author"":{""id"":""2237783247"",""display_name"":""Mingwen Shao""},""institutions"":[]},{""author"":{""id"":""2147200675"",""display_name"":""Yecong Wan""},""institutions"":[]},{""author"":{""id"":""2222925195"",""display_name"":""Lixu Zhang""},""institutions"":[]},{""author"":{""id"":""1724520"",""display_name"":""W. Zuo""},""institutions"":[]},{""author"":{""id"":""2237802857"",""display_name"":""Deyu Meng""},""institutions"":[]}]"
837b385de43ad6701753d058dbe122a9a7bd416e,10.48550/arXiv.2309.01183,Holistic Dynamic Frequency Transformer for Image Fusion and Exposure Correction,2023,Information Fusion,37,Xiaoke Shang;Gehui Li;Zhiying Jiang;Shaomin Zhang;Nai Ding;Jinyuan Liu,"[{""author"":{""id"":""2237813973"",""display_name"":""Xiaoke Shang""},""institutions"":[]},{""author"":{""id"":""2237952104"",""display_name"":""Gehui Li""},""institutions"":[]},{""author"":{""id"":""3109913"",""display_name"":""Zhiying Jiang""},""institutions"":[]},{""author"":{""id"":""2116576639"",""display_name"":""Shaomin Zhang""},""institutions"":[]},{""author"":{""id"":""2237813761"",""display_name"":""Nai Ding""},""institutions"":[]},{""author"":{""id"":""2108510456"",""display_name"":""Jinyuan Liu""},""institutions"":[]}]"
ea2aba7ac6a556cb541564af11ae794e5301e518,10.1145/3581783.3612436,Fearless Luminance Adaptation: A Macro-Micro-Hierarchical Transformer for Exposure Correction,2023,ACM Multimedia,16,Gehui Li;Jinyuan Liu;Long Ma;Zhiying Jiang;Xin-Yue Fan;Risheng Liu,"[{""author"":{""id"":""2237952104"",""display_name"":""Gehui Li""},""institutions"":[]},{""author"":{""id"":""2108510456"",""display_name"":""Jinyuan Liu""},""institutions"":[]},{""author"":{""id"":""1732160"",""display_name"":""Long Ma""},""institutions"":[]},{""author"":{""id"":""3109913"",""display_name"":""Zhiying Jiang""},""institutions"":[]},{""author"":{""id"":""2117800366"",""display_name"":""Xin-Yue Fan""},""institutions"":[]},{""author"":{""id"":""34469457"",""display_name"":""Risheng Liu""},""institutions"":[]}]"
ac73dc53da782a988f78125785bea3c8334923d1,10.3390/s23187763,A Survey of Deep Learning-Based Low-Light Image Enhancement,2023,Italian National Conference on Sensors,102,Zhen Tian;Peixin Qu;Jielin Li;Yukun Sun;Guohou Li;Zheng Liang;W. Zhang,"[{""author"":{""id"":""2117804765"",""display_name"":""Zhen Tian""},""institutions"":[]},{""author"":{""id"":""36060293"",""display_name"":""Peixin Qu""},""institutions"":[]},{""author"":{""id"":""2148947747"",""display_name"":""Jielin Li""},""institutions"":[]},{""author"":{""id"":""2324211263"",""display_name"":""Yukun Sun""},""institutions"":[]},{""author"":{""id"":""2108466535"",""display_name"":""Guohou Li""},""institutions"":[]},{""author"":{""id"":""2194606464"",""display_name"":""Zheng Liang""},""institutions"":[]},{""author"":{""id"":""143715293"",""display_name"":""W. Zhang""},""institutions"":[]}]"
2753e3b0e5ed29a5694976b75ac024ce4c5388c0,10.1088/1742-6596/2589/1/012007,Low illumination image enhancement based on attention mechanism and global illumination estimation,2023,Journal of Physics: Conference Series,0,Linshuai Shen;Weimin Wei;Tao Chen,"[{""author"":{""id"":""2246732324"",""display_name"":""Linshuai Shen""},""institutions"":[]},{""author"":{""id"":""2591043"",""display_name"":""Weimin Wei""},""institutions"":[]},{""author"":{""id"":""2285247023"",""display_name"":""Tao Chen""},""institutions"":[]}]"
3a2abefcec3dfd33d6f1ea17f6cf086d140b22ad,10.1117/1.JEI.32.5.053018,Low-illumination image contrast enhancement using adaptive gamma correction and deep learning model for person identification and verification,2023,J. Electronic Imaging,3,Suresh Tommandru;Domnic Sandanam,"[{""author"":{""id"":""2051746729"",""display_name"":""Suresh Tommandru""},""institutions"":[]},{""author"":{""id"":""152318934"",""display_name"":""Domnic Sandanam""},""institutions"":[]}]"
fd636be3bf691d63a7394f5fbb1f81cf018a2f43,10.1038/s41598-023-40899-8,Low-light image enhancement via adaptive frequency decomposition network,2023,Scientific Reports,30,Xiwen Liang;Xiaoyan Chen;Keying Ren;Xia Miao;Zhihui Chen;Yutao Jin,"[{""author"":{""id"":""51291599"",""display_name"":""Xiwen Liang""},""institutions"":[]},{""author"":{""id"":""2143799176"",""display_name"":""Xiaoyan Chen""},""institutions"":[]},{""author"":{""id"":""2158202544"",""display_name"":""Keying Ren""},""institutions"":[]},{""author"":{""id"":""2158202576"",""display_name"":""Xia Miao""},""institutions"":[]},{""author"":{""id"":""2157177905"",""display_name"":""Zhihui Chen""},""institutions"":[]},{""author"":{""id"":""2154182385"",""display_name"":""Yutao Jin""},""institutions"":[]}]"
5b72b515490e0a8b0e48efe52142821812604b50,10.1016/j.dsp.2024.104802,CDAN: Convolutional Dense Attention-guided Network for Low-light Image Enhancement,2023,Digit. Signal Process.,38,Hossein Shakibania;Sina Raoufi;H. Khotanlou,"[{""author"":{""id"":""2232780861"",""display_name"":""Hossein Shakibania""},""institutions"":[]},{""author"":{""id"":""2232781030"",""display_name"":""Sina Raoufi""},""institutions"":[]},{""author"":{""id"":""2264128"",""display_name"":""H. Khotanlou""},""institutions"":[]}]"
1e08bac0be006183efd104693af5011e080672da,10.3390/jmse11081625,Multi-Feature Fusion-Guided Low-Visibility Image Enhancement for Maritime Surveillance,2023,Journal of Marine Science and Engineering,2,Wenbo Zhou;Bin Li;Guo-Feng Luo,"[{""author"":{""id"":""2337800531"",""display_name"":""Wenbo Zhou""},""institutions"":[]},{""author"":{""id"":""2185910798"",""display_name"":""Bin Li""},""institutions"":[]},{""author"":{""id"":""2269991404"",""display_name"":""Guo-Feng Luo""},""institutions"":[]}]"
8074a3b01a78034d23db339ca89373693211072f,10.1109/ICCUBEA58933.2023.10392067,Attention U-Net for Low Light Image Enhancement,2023,International Conference on Computing Communication Control and automation,1,S. Bendre;Shovin Kaul;Shubhodiya Ghosh;Sneha Pujari;Deepa Mahajan;Varsha Bendre,"[{""author"":{""id"":""2309514984"",""display_name"":""S. Bendre""},""institutions"":[]},{""author"":{""id"":""2280605820"",""display_name"":""Shovin Kaul""},""institutions"":[]},{""author"":{""id"":""2280903998"",""display_name"":""Shubhodiya Ghosh""},""institutions"":[]},{""author"":{""id"":""2154646309"",""display_name"":""Sneha Pujari""},""institutions"":[]},{""author"":{""id"":""2357351767"",""display_name"":""Deepa Mahajan""},""institutions"":[]},{""author"":{""id"":""2295007041"",""display_name"":""Varsha Bendre""},""institutions"":[]}]"
72040a1cf65787d7236fa49a0550f01ae8c18f0c,10.1109/ICCV51070.2023.01119,SYENet: A Simple Yet Effective Network for Multiple Low-Level Vision Tasks with Real-time Performance on Mobile Device,2023,IEEE International Conference on Computer Vision,14,Weiran Gou;Ziyao Yi;Yan Xiang;Shaoqing Li;Zibin Liu;Dehui Kong;Ke Xu,"[{""author"":{""id"":""2229834485"",""display_name"":""Weiran Gou""},""institutions"":[]},{""author"":{""id"":""9733944"",""display_name"":""Ziyao Yi""},""institutions"":[]},{""author"":{""id"":""2223778244"",""display_name"":""Yan Xiang""},""institutions"":[]},{""author"":{""id"":""2156638692"",""display_name"":""Shaoqing Li""},""institutions"":[]},{""author"":{""id"":""2190291532"",""display_name"":""Zibin Liu""},""institutions"":[]},{""author"":{""id"":""1515883521"",""display_name"":""Dehui Kong""},""institutions"":[]},{""author"":{""id"":""2117101322"",""display_name"":""Ke Xu""},""institutions"":[]}]"
f5ced410680b9a5070e606ea9765581addfebd3d,10.1145/3616013,A Collaborative Learning-based Urban Low-light Small-target Face Image Enhancement Method,2023,ACM transactions on sensor networks,2,Zheng Wu;Kehua Guo;Liwei Wang;Min Hu;Sheng Ren,"[{""author"":{""id"":""2210244397"",""display_name"":""Zheng Wu""},""institutions"":[]},{""author"":{""id"":""1808299"",""display_name"":""Kehua Guo""},""institutions"":[]},{""author"":{""id"":""2210261748"",""display_name"":""Liwei Wang""},""institutions"":[]},{""author"":{""id"":""2093566373"",""display_name"":""Min Hu""},""institutions"":[]},{""author"":{""id"":""2075290131"",""display_name"":""Sheng Ren""},""institutions"":[]}]"
4f90e5d708e3a9c1c02b3fd7af184e9889d813ac,10.1145/3581783.3611933,FastLLVE: Real-Time Low-Light Video Enhancement with Intensity-Aware Look-Up Table,2023,ACM Multimedia,29,Wenhao Li;Guangyang Wu;Wenyi Wang;Peiran Ren;Xiaohong Liu,"[{""author"":{""id"":""2108770289"",""display_name"":""Wenhao Li""},""institutions"":[]},{""author"":{""id"":""153204485"",""display_name"":""Guangyang Wu""},""institutions"":[]},{""author"":{""id"":""47825380"",""display_name"":""Wenyi Wang""},""institutions"":[]},{""author"":{""id"":""3246404"",""display_name"":""Peiran Ren""},""institutions"":[]},{""author"":{""id"":""2211737291"",""display_name"":""Xiaohong Liu""},""institutions"":[]}]"
ba1ad159f8bfa0f9a6b2fe94326c13658e6174d1,10.1007/s00371-023-03039-x,SCDet: decoupling discriminative representation for dark object detection via supervised contrastive learning,2023,The Visual Computer,10,Tongxu Lin;Guoheng Huang;Xiaochen Yuan;Guo Zhong;Xiaocong Huang;Chi-Man Pun,"[{""author"":{""id"":""2220777913"",""display_name"":""Tongxu Lin""},""institutions"":[]},{""author"":{""id"":""2376100"",""display_name"":""Guoheng Huang""},""institutions"":[]},{""author"":{""id"":""2179621872"",""display_name"":""Xiaochen Yuan""},""institutions"":[]},{""author"":{""id"":""2198727784"",""display_name"":""Guo Zhong""},""institutions"":[]},{""author"":{""id"":""2214796301"",""display_name"":""Xiaocong Huang""},""institutions"":[]},{""author"":{""id"":""145956876"",""display_name"":""Chi-Man Pun""},""institutions"":[]}]"
f1cb56a1e715e90e9e5bde84485d5b3f680ea812,10.1109/TIP.2024.3420797,Enhancing Low-Light Light Field Images With a Deep Compensation Unfolding Network,2023,IEEE Transactions on Image Processing,37,Xianqiang Lyu;Junhui Hou,"[{""author"":{""id"":""2004173843"",""display_name"":""Xianqiang Lyu""},""institutions"":[]},{""author"":{""id"":""40630305"",""display_name"":""Junhui Hou""},""institutions"":[]}]"
e464ec8421fcdfb43d6f67a6c3fa0d89b2031164,10.1109/TIP.2023.3301332,Unsupervised Low-Light Video Enhancement With Spatial-Temporal Co-Attention Transformer,2023,IEEE Transactions on Image Processing,23,Xiaoqian Lv;Shengping Zhang;Chenyang Wang;Weigang Zhang;H. Yao;Qingming Huang,"[{""author"":{""id"":""2112411035"",""display_name"":""Xiaoqian Lv""},""institutions"":[]},{""author"":{""id"":""1761159"",""display_name"":""Shengping Zhang""},""institutions"":[]},{""author"":{""id"":""2109502294"",""display_name"":""Chenyang Wang""},""institutions"":[]},{""author"":{""id"":""2108142645"",""display_name"":""Weigang Zhang""},""institutions"":[]},{""author"":{""id"":""1720100"",""display_name"":""H. Yao""},""institutions"":[]},{""author"":{""id"":""1689702"",""display_name"":""Qingming Huang""},""institutions"":[]}]"
6080a62b313bae259b1aef6e600eae9e667e9533,10.1109/MWSCAS57524.2023.10406144,FPGA Implementation of Dehazing Model Based Low-Light Image Enhancement Algorithm,2023,Midwest Symposium on Circuits and Systems,3,Bharat Bhushan Upadhyay;K. Sarawadekar,"[{""author"":{""id"":""2064069612"",""display_name"":""Bharat Bhushan Upadhyay""},""institutions"":[]},{""author"":{""id"":""144633454"",""display_name"":""K. Sarawadekar""},""institutions"":[]}]"
9ef08479be1df9787f6542a860aedfb1e7316e04,10.1016/j.bspc.2023.104874,Non-contact human respiratory rate measurement under dark environments by low-light video enhancement,2023,Biomedical Signal Processing and Control,7,Haipeng Wang;Shuai Zhang,"[{""author"":{""id"":""1897728715"",""display_name"":""Haipeng Wang""},""institutions"":[]},{""author"":{""id"":""2108432177"",""display_name"":""Shuai Zhang""},""institutions"":[]}]"
be2b7423d744749572797026fb3318ffc8021f05,10.48550/arXiv.2308.00591,Visibility Enhancement for Low-light Hazy Scenarios,2023,arXiv.org,0,Chaoqun Zhuang;Yunfei Liu;Sijia Wen;Feng Lu,"[{""author"":{""id"":""101722863"",""display_name"":""Chaoqun Zhuang""},""institutions"":[]},{""author"":{""id"":""47908555"",""display_name"":""Yunfei Liu""},""institutions"":[]},{""author"":{""id"":""2206692"",""display_name"":""Sijia Wen""},""institutions"":[]},{""author"":{""id"":""1388864077"",""display_name"":""Feng Lu""},""institutions"":[]}]"
59b0b38fa068a29c0a8cf1bf9f927196257b2ad2,10.1016/j.cag.2023.08.004,Multi-Resolution Edge-aware Lighting Enhancement Network,2023,Computers & graphics,1,Wenyong Gong;Wenzhu Chen;Zhongwei Yu;Xiaohua Xie,"[{""author"":{""id"":""3307072"",""display_name"":""Wenyong Gong""},""institutions"":[]},{""author"":{""id"":""2109078473"",""display_name"":""Wenzhu Chen""},""institutions"":[]},{""author"":{""id"":""2302530808"",""display_name"":""Zhongwei Yu""},""institutions"":[]},{""author"":{""id"":""46397019"",""display_name"":""Xiaohua Xie""},""institutions"":[]}]"
84cf4cee91148c408593032be37f261214c369fb,10.3390/s23167306,A Zero-Shot Low Light Image Enhancement Method Integrating Gating Mechanism,2023,Italian National Conference on Sensors,5,Junhao Tian;Jianwei Zhang,"[{""author"":{""id"":""2175750276"",""display_name"":""Junhao Tian""},""institutions"":[]},{""author"":{""id"":""36062319"",""display_name"":""Jianwei Zhang""},""institutions"":[]}]"
ba5744f935523e3fa44fa6dc989f1331ca63aa9d,10.3390/e25081201,A Low-Illumination Enhancement Method Based on Structural Layer and Detail Layer,2023,Entropy,1,W. Ge;Le Zhang;Weida Zhan;Jiale Wang;Depeng Zhu;Yang Hong,"[{""author"":{""id"":""2276074860"",""display_name"":""W. Ge""},""institutions"":[]},{""author"":{""id"":""2309294410"",""display_name"":""Le Zhang""},""institutions"":[]},{""author"":{""id"":""2066339511"",""display_name"":""Weida Zhan""},""institutions"":[]},{""author"":{""id"":""2109656315"",""display_name"":""Jiale Wang""},""institutions"":[]},{""author"":{""id"":""32402125"",""display_name"":""Depeng Zhu""},""institutions"":[]},{""author"":{""id"":""2194028417"",""display_name"":""Yang Hong""},""institutions"":[]}]"
239a9ab24ee6de059b84a72b7e0fc21ef98181a7,10.1145/3603165.3607375,MoEnlight: Energy-efficient and self-adaptive Low-light Video Stream Enhancement on Mobile Devices,2023,ACM Turing Celebration Conference,0,Sicong Liu;Xiaocheng Li;Zimu Zhou;Bin Guo;Yuan Xu;Zhiwen Yu,"[{""author"":{""id"":""2155857286"",""display_name"":""Sicong Liu""},""institutions"":[]},{""author"":{""id"":""2181651024"",""display_name"":""Xiaocheng Li""},""institutions"":[]},{""author"":{""id"":""2246189563"",""display_name"":""Zimu Zhou""},""institutions"":[]},{""author"":{""id"":""2209648697"",""display_name"":""Bin Guo""},""institutions"":[]},{""author"":{""id"":""2145139708"",""display_name"":""Yuan Xu""},""institutions"":[]},{""author"":{""id"":""2256618"",""display_name"":""Zhiwen Yu""},""institutions"":[]}]"
d7ccab17a627d32d090c0af4823d6f2e1ce35038,10.1007/s11042-023-16207-x,Unevenly illuminated image distortion correction using brightness perception and chromatic luminance,2023,Multimedia tools and applications,5,Manish Kumar;A. Bhandari;Manvi Jha,"[{""author"":{""id"":""2166624481"",""display_name"":""Manish Kumar""},""institutions"":[]},{""author"":{""id"":""2019243"",""display_name"":""A. Bhandari""},""institutions"":[]},{""author"":{""id"":""2131301990"",""display_name"":""Manvi Jha""},""institutions"":[]}]"
d7f4f1935faa3d4f5d98103efd0a2a215d79a030,10.23919/CCC58697.2023.10240033,A Modern Physical GAN for Unsupervised Low-Light Image Enhancement via Illumination Estimation,2023,Cybersecurity and Cyberforensics Conference,1,Tong Liu;Wenda Xu;Yufeng Liu;Siyuan Liu;Xiaolu Chen,"[{""author"":{""id"":""2243379302"",""display_name"":""Tong Liu""},""institutions"":[]},{""author"":{""id"":""2298880547"",""display_name"":""Wenda Xu""},""institutions"":[]},{""author"":{""id"":""2108845271"",""display_name"":""Yufeng Liu""},""institutions"":[]},{""author"":{""id"":""2243428378"",""display_name"":""Siyuan Liu""},""institutions"":[]},{""author"":{""id"":""2292664333"",""display_name"":""Xiaolu Chen""},""institutions"":[]}]"
eaeed27b6be6886649b3fd5f06085020b9fa031b,10.48550/arXiv.2307.10953,PE-YOLO: Pyramid Enhancement Network for Dark Object Detection,2023,International Conference on Artificial Neural Networks,110,Xi Yin;Zhen Yu;Zetao Fei;Wen Lv;Xinchen Gao,"[{""author"":{""id"":""2147421661"",""display_name"":""Xi Yin""},""institutions"":[]},{""author"":{""id"":""143884267"",""display_name"":""Zhen Yu""},""institutions"":[]},{""author"":{""id"":""2151381542"",""display_name"":""Zetao Fei""},""institutions"":[]},{""author"":{""id"":""2184812353"",""display_name"":""Wen Lv""},""institutions"":[]},{""author"":{""id"":""2156258152"",""display_name"":""Xinchen Gao""},""institutions"":[]}]"
a2dd0ce5e61161e008d36b1b56c4a12842a8c70e,10.48550/arXiv.2307.09104,Division Gets Better: Learning Brightness-Aware and Detail-Sensitive Representations for Low-Light Image Enhancement,2023,Knowledge-Based Systems,43,Huake Wang;Xiaoyang Yan;Xingsong Hou;Junhui Li;Yujie Dun;Kaibing Zhang,"[{""author"":{""id"":""153469646"",""display_name"":""Huake Wang""},""institutions"":[]},{""author"":{""id"":""2223950230"",""display_name"":""Xiaoyang Yan""},""institutions"":[]},{""author"":{""id"":""1837363"",""display_name"":""Xingsong Hou""},""institutions"":[]},{""author"":{""id"":""2144510593"",""display_name"":""Junhui Li""},""institutions"":[]},{""author"":{""id"":""3126881"",""display_name"":""Yujie Dun""},""institutions"":[]},{""author"":{""id"":""1723685"",""display_name"":""Kaibing Zhang""},""institutions"":[]}]"
df224376c4514ea5f781a4aa104a297054347d23,10.3390/electronics12143089,Research on Improved YOLOv5 for Low-Light Environment Object Detection,2023,Electronics,70,Junchang Wang;Peng Yang;Yuansheng Liu;Duo Shang;Xin Hui;Jinho Song;Xuehui Chen,"[{""author"":{""id"":""2031695"",""display_name"":""Junchang Wang""},""institutions"":[]},{""author"":{""id"":""2292940288"",""display_name"":""Peng Yang""},""institutions"":[]},{""author"":{""id"":""2143862667"",""display_name"":""Yuansheng Liu""},""institutions"":[]},{""author"":{""id"":""2223787717"",""display_name"":""Duo Shang""},""institutions"":[]},{""author"":{""id"":""2223781491"",""display_name"":""Xin Hui""},""institutions"":[]},{""author"":{""id"":""2223880555"",""display_name"":""Jinho Song""},""institutions"":[]},{""author"":{""id"":""2199252142"",""display_name"":""Xuehui Chen""},""institutions"":[]}]"
00aa073b0eec68863a81fbd114886c28efa42f1b,10.1109/ICCV51070.2023.01143,ExposureDiffusion: Learning to Expose for Low-light Image Enhancement,2023,IEEE International Conference on Computer Vision,86,Yufei Wang;Yi Yu;Wenhan Yang;Lanqing Guo;Lap-Pui Chau;A. Kot;B. Wen,"[{""author"":{""id"":""2108111745"",""display_name"":""Yufei Wang""},""institutions"":[]},{""author"":{""id"":""2182655452"",""display_name"":""Yi Yu""},""institutions"":[]},{""author"":{""id"":""1898172"",""display_name"":""Wenhan Yang""},""institutions"":[]},{""author"":{""id"":""13559584"",""display_name"":""Lanqing Guo""},""institutions"":[]},{""author"":{""id"":""145662587"",""display_name"":""Lap-Pui Chau""},""institutions"":[]},{""author"":{""id"":""1711097"",""display_name"":""A. Kot""},""institutions"":[]},{""author"":{""id"":""1766554"",""display_name"":""B. Wen""},""institutions"":[]}]"
2c13ce79922126d33eeab1a40c1e15c8a9d89c2d,10.3390/app13148148,Improved Retinex-Theory-Based Low-Light Image Enhancement Algorithm,2023,Applied Sciences,16,Jiarui Wang;Han-jiao Wang;Yu Sun;Jie Yang,"[{""author"":{""id"":""2295270986"",""display_name"":""Jiarui Wang""},""institutions"":[]},{""author"":{""id"":""2334436201"",""display_name"":""Han-jiao Wang""},""institutions"":[]},{""author"":{""id"":""2168600643"",""display_name"":""Yu Sun""},""institutions"":[]},{""author"":{""id"":""34463165"",""display_name"":""Jie Yang""},""institutions"":[]}]"
0feaf9992a05764f3f1a689ad46757a7ba20cf93,10.1109/ICSIP57908.2023.10270950,Targeted Module Design In Low-light Image Enhancement,2023,IEEE International Conference on Signal and Image Processing,0,Junhao Chen;Meng Zhang,"[{""author"":{""id"":""2256837609"",""display_name"":""Junhao Chen""},""institutions"":[]},{""author"":{""id"":""2371141264"",""display_name"":""Meng Zhang""},""institutions"":[]}]"
68fc10aa814d2927963f20609117e935c8da7e0c,10.1109/ICARM58088.2023.10218913,A Three-Stage Low-Illumination Image Enhancement Method Based on Feature Refining and Its Application in Inspection Robot for High-Voltage Substation Room,2023,International Conference on Advanced Robotics and Mechatronics,0,Bosi Fu;Hongguang Wang;Yong Jiang;Yifeng Song,"[{""author"":{""id"":""2075409552"",""display_name"":""Bosi Fu""},""institutions"":[]},{""author"":{""id"":""2125018715"",""display_name"":""Hongguang Wang""},""institutions"":[]},{""author"":{""id"":""145859336"",""display_name"":""Yong Jiang""},""institutions"":[]},{""author"":{""id"":""2740647"",""display_name"":""Yifeng Song""},""institutions"":[]}]"
ea7a7b44ea7f801475d1d86f198facb2e114bef1,10.1109/ICCCNT56998.2023.10308027,A Sequential Model of Neural Networks for Low Light Image Enhancement,2023,International Conference on Computing Communication and Networking Technologies,1,Naveen Kumar Ashok;S. T. R,"[{""author"":{""id"":""2268073959"",""display_name"":""Naveen Kumar Ashok""},""institutions"":[]},{""author"":{""id"":""2268076749"",""display_name"":""S. T. R""},""institutions"":[]}]"
4e7e1a42c0d5a8b6766fa12d2341d3cff7ebb6d2,10.24132/jwscg.2023.2,ALIVE: Adaptive-Chromaticity for Interactive Low-light Image and Video Enhancement,2023,Journal of WSCG,0,Sumit Shekhar,"[{""author"":{""id"":""35223379"",""display_name"":""Sumit Shekhar""},""institutions"":[]}]"
219fc61eacfd11aef565328ca40949a07fda25d1,10.48550/arXiv.2306.16782,Low-Light Enhancement in the Frequency Domain,2023,arXiv.org,4,In The;Frequency Domain;Hao Chen;Zhi Jin,"[{""author"":{""id"":""2085948203"",""display_name"":""In The""},""institutions"":[]},{""author"":{""id"":""2220830170"",""display_name"":""Frequency Domain""},""institutions"":[]},{""author"":{""id"":""2051536212"",""display_name"":""Hao Chen""},""institutions"":[]},{""author"":{""id"":""2111471831"",""display_name"":""Zhi Jin""},""institutions"":[]}]"
e7b8fa2281f00ccba1f17589f3bf7b3cfa64f58b,10.1117/12.2680479,DRA-Net: densely residual attention based low-light image enhancement,2023,International Conference on Graphic and Image Processing,3,Sami Ul Rehman;Ammar Hawbani;Xingfu Wang;Muhammad Hamza;Liang Zhao;Saeed H. Alsamhi;Majjed Al-Qatf,"[{""author"":{""id"":""2220645647"",""display_name"":""Sami Ul Rehman""},""institutions"":[]},{""author"":{""id"":""3132704"",""display_name"":""Ammar Hawbani""},""institutions"":[]},{""author"":{""id"":""2144802055"",""display_name"":""Xingfu Wang""},""institutions"":[]},{""author"":{""id"":""1615108183"",""display_name"":""Muhammad Hamza""},""institutions"":[]},{""author"":{""id"":""144000223"",""display_name"":""Liang Zhao""},""institutions"":[]},{""author"":{""id"":""2220640967"",""display_name"":""Saeed H. Alsamhi""},""institutions"":[]},{""author"":{""id"":""1411261544"",""display_name"":""Majjed Al-Qatf""},""institutions"":[]}]"
1956f7770663fc45d9035278e39eb14fefcdd76a,10.1609/aaai.v37i3.25486,Polarization-Aware Low-Light Image Enhancement,2023,AAAI Conference on Artificial Intelligence,40,Chu Zhou;Minggui Teng;Youwei Lyu;Si Li;Chao Xu;Boxin Shi,"[{""author"":{""id"":""1491265213"",""display_name"":""Chu Zhou""},""institutions"":[]},{""author"":{""id"":""1557343782"",""display_name"":""Minggui Teng""},""institutions"":[]},{""author"":{""id"":""1381102412"",""display_name"":""Youwei Lyu""},""institutions"":[]},{""author"":{""id"":""2118155941"",""display_name"":""Si Li""},""institutions"":[]},{""author"":{""id"":""2190472895"",""display_name"":""Chao Xu""},""institutions"":[]},{""author"":{""id"":""35580784"",""display_name"":""Boxin Shi""},""institutions"":[]}]"
0f308833cd365c09d36e51f290bf3316c2d587df,10.1007/s11760-023-02661-5,Edge-aware image smoothing via weighted sparse gradient reconstruction,2023,"Signal, Image and Video Processing",4,Lanling Zeng;Yucheng Chen;Yang Yang;Zhigeng Pan,"[{""author"":{""id"":""2100791"",""display_name"":""Lanling Zeng""},""institutions"":[]},{""author"":{""id"":""1519043401"",""display_name"":""Yucheng Chen""},""institutions"":[]},{""author"":{""id"":""2152915963"",""display_name"":""Yang Yang""},""institutions"":[]},{""author"":{""id"":""2069544453"",""display_name"":""Zhigeng Pan""},""institutions"":[]}]"
751ae8997220dcbe9d24b90dcc23088ff3fb3753,10.1109/IJCNN54540.2023.10190996,Learning Hierarchical Semantic Information for Efficient Low-Light Image Enhancement,2023,IEEE International Joint Conference on Neural Network,2,Wenfeng Huang;Xiangyun Liao;Yinling Qian;W. Jia,"[{""author"":{""id"":""2158105217"",""display_name"":""Wenfeng Huang""},""institutions"":[]},{""author"":{""id"":""2930922"",""display_name"":""Xiangyun Liao""},""institutions"":[]},{""author"":{""id"":""2278482"",""display_name"":""Yinling Qian""},""institutions"":[]},{""author"":{""id"":""1714410"",""display_name"":""W. Jia""},""institutions"":[]}]"
1206c494a6f562a16a82b7eff8b595294361860d,10.48550/arXiv.2306.10286,Enlighten-Anything: When Segment Anything Model Meets Low-Light Image Enhancement,2023,arXiv.org,20,Qihan Zhao;Xiaofeng Zhang;Hao Tang;Chaochen Gu;Shanying Zhu,"[{""author"":{""id"":""2268376879"",""display_name"":""Qihan Zhao""},""institutions"":[]},{""author"":{""id"":""2144525229"",""display_name"":""Xiaofeng Zhang""},""institutions"":[]},{""author"":{""id"":""145462888"",""display_name"":""Hao Tang""},""institutions"":[]},{""author"":{""id"":""5494837"",""display_name"":""Chaochen Gu""},""institutions"":[]},{""author"":{""id"":""2160533297"",""display_name"":""Shanying Zhu""},""institutions"":[]}]"
5393dbfbd8444ed60d948df3cd698b2f1cfe686c,10.48550/arXiv.2306.07083,LUT-GCE: Lookup Table Global Curve Estimation for Fast Low-light Image Enhancement,2023,arXiv.org,3,Chang-Hao Wu;Jiangxin Dong;Jinhui Tang,"[{""author"":{""id"":""2146290048"",""display_name"":""Chang-Hao Wu""},""institutions"":[]},{""author"":{""id"":""3367248"",""display_name"":""Jiangxin Dong""},""institutions"":[]},{""author"":{""id"":""152949418"",""display_name"":""Jinhui Tang""},""institutions"":[]}]"
f30bda8ca6e82a9de253ba797189bd134c55c4df,,"Large, Complex, and Realistic Safety Clothing and Helmet Detection: Dataset and Method",2023,,3,Fusheng Yu;Xiaoping Wang;Jiang Li;Shaojin Wu;Jun-jie Zhang;Zhigang Zeng,"[{""author"":{""id"":""2219022512"",""display_name"":""Fusheng Yu""},""institutions"":[]},{""author"":{""id"":""2144674712"",""display_name"":""Xiaoping Wang""},""institutions"":[]},{""author"":{""id"":""2118505917"",""display_name"":""Jiang Li""},""institutions"":[]},{""author"":{""id"":""2204169104"",""display_name"":""Shaojin Wu""},""institutions"":[]},{""author"":{""id"":""2155570238"",""display_name"":""Jun-jie Zhang""},""institutions"":[]},{""author"":{""id"":""2150468817"",""display_name"":""Zhigang Zeng""},""institutions"":[]}]"
15216cd6148e5f88258c160d7204688941cb9d5b,10.1088/1742-6596/2478/6/062022,Low-light image enhancement based on simulated multi-exposure fusion,2023,"Journal of Physics, Conference Series",2,Yongcheng Han;Wenwen Zhang;Weiji He,"[{""author"":{""id"":""48386441"",""display_name"":""Yongcheng Han""},""institutions"":[]},{""author"":{""id"":""2108037429"",""display_name"":""Wenwen Zhang""},""institutions"":[]},{""author"":{""id"":""21659648"",""display_name"":""Weiji He""},""institutions"":[]}]"
d61724f51b33e52e434a66f69b3b20f5a92b61ed,10.1109/CVPR52729.2023.02131,Learning a Simple Low-Light Image Enhancer from Paired Low-Light Instances,2023,Computer Vision and Pattern Recognition,360,Zhenqi Fu;Yan Yang;Xiaotong Tu;Yue Huang;Xinghao Ding;Kai-Kuang Ma,"[{""author"":{""id"":""31419775"",""display_name"":""Zhenqi Fu""},""institutions"":[]},{""author"":{""id"":""2108850820"",""display_name"":""Yan Yang""},""institutions"":[]},{""author"":{""id"":""30693423"",""display_name"":""Xiaotong Tu""},""institutions"":[]},{""author"":{""id"":""1950637"",""display_name"":""Yue Huang""},""institutions"":[]},{""author"":{""id"":""2713947"",""display_name"":""Xinghao Ding""},""institutions"":[]},{""author"":{""id"":""10212005"",""display_name"":""Kai-Kuang Ma""},""institutions"":[]}]"
963e564405b948ebb77a24e0f1e5e8bda10acfc8,10.1109/CVPRW59228.2023.00158,NTIRE 2023 Quality Assessment of Video Enhancement Challenge,2023,2023 IEEE/CVF Conference on Computer Vision and Pattern Recognition Workshops (CVPRW),22,Xiaohong Liu;Xiongkuo Min;Wei Sun;Yulun Zhang;K. Zhang;R. Timofte;Guangtao Zhai;Yixuan Gao;Y. Cao;Tengchuan Kou;Yunlong Dong;Ziheng Jia;Yilin Li;Wei Wu;Shuming Hu;Sibin Deng;PengXiang Xiao;Ying Chen;Kai Li;Kaiqin Zhao;Kun Yuan;Ming-hui Sun;Heng Cong;Hao Wang;Lingzhi Fu;Yusheng Zhang;Rongyu Zhang;Hang Shi;Qihang Xu;Longan Xiao;Zhiliang Ma;Mirko Agarla;Luigi Celona;C. Rota;R. Schettini;Zhiwei Huang;Yanan Li;Xiaotao Wang;Lei Lei;Hongye Liu;Wei Hong;Ironhead Chuang;Allen Lin;Drake Guan;I-Ying Chen;Kae Lou;Willy Huang;Ya-Hui Tasi;Yvonne S. Kao;Haotian Fan;F. Kong;Shiqi Zhou;Hao Liu;Yuecheng Lai;Shan-guang Chen;Wenqi Wang;Haoning Wu;Chaofeng Chen;Chu-Feng Zhu;Zekun Guo;Shiling Zhao;Haibing Yin;Hongkui Wang;H. Meftah;Sid Ahmed Fezza;W. Hamidouche;Olivier Déforges;Te Shi;Azadeh Mansouri;Hossein Motamednia;Amirhossein Bakhtiari;Ahmad Mahmoudi Aznaveh,"[{""author"":{""id"":""2211737291"",""display_name"":""Xiaohong Liu""},""institutions"":[]},{""author"":{""id"":""2246414"",""display_name"":""Xiongkuo Min""},""institutions"":[]},{""author"":{""id"":""2153198409"",""display_name"":""Wei Sun""},""institutions"":[]},{""author"":{""id"":""2410227"",""display_name"":""Yulun Zhang""},""institutions"":[]},{""author"":{""id"":""144110274"",""display_name"":""K. Zhang""},""institutions"":[]},{""author"":{""id"":""1732855"",""display_name"":""R. Timofte""},""institutions"":[]},{""author"":{""id"":""144826390"",""display_name"":""Guangtao Zhai""},""institutions"":[]},{""author"":{""id"":""2118544238"",""display_name"":""Yixuan Gao""},""institutions"":[]},{""author"":{""id"":""2112823820"",""display_name"":""Y. Cao""},""institutions"":[]},{""author"":{""id"":""2131091027"",""display_name"":""Tengchuan Kou""},""institutions"":[]},{""author"":{""id"":""2115459224"",""display_name"":""Yunlong Dong""},""institutions"":[]},{""author"":{""id"":""122560540"",""display_name"":""Ziheng Jia""},""institutions"":[]},{""author"":{""id"":""2223971161"",""display_name"":""Yilin Li""},""institutions"":[]},{""author"":{""id"":""2118256981"",""display_name"":""Wei Wu""},""institutions"":[]},{""author"":{""id"":""2222705791"",""display_name"":""Shuming Hu""},""institutions"":[]},{""author"":{""id"":""31182714"",""display_name"":""Sibin Deng""},""institutions"":[]},{""author"":{""id"":""2069589540"",""display_name"":""PengXiang Xiao""},""institutions"":[]},{""author"":{""id"":""47558464"",""display_name"":""Ying Chen""},""institutions"":[]},{""author"":{""id"":""2158259770"",""display_name"":""Kai Li""},""institutions"":[]},{""author"":{""id"":""2213492775"",""display_name"":""Kaiqin Zhao""},""institutions"":[]},{""author"":{""id"":""2147397710"",""display_name"":""Kun Yuan""},""institutions"":[]},{""author"":{""id"":""2023912529"",""display_name"":""Ming-hui Sun""},""institutions"":[]},{""author"":{""id"":""2179020991"",""display_name"":""Heng Cong""},""institutions"":[]},{""author"":{""id"":""48016595"",""display_name"":""Hao Wang""},""institutions"":[]},{""author"":{""id"":""1955819"",""display_name"":""Lingzhi Fu""},""institutions"":[]},{""author"":{""id"":""2108051131"",""display_name"":""Yusheng Zhang""},""institutions"":[]},{""author"":{""id"":""46752954"",""display_name"":""Rongyu Zhang""},""institutions"":[]},{""author"":{""id"":""2292056539"",""display_name"":""Hang Shi""},""institutions"":[]},{""author"":{""id"":""2173071993"",""display_name"":""Qihang Xu""},""institutions"":[]},{""author"":{""id"":""2243925292"",""display_name"":""Longan Xiao""},""institutions"":[]},{""author"":{""id"":""46953803"",""display_name"":""Zhiliang Ma""},""institutions"":[]},{""author"":{""id"":""1913622627"",""display_name"":""Mirko Agarla""},""institutions"":[]},{""author"":{""id"":""3390122"",""display_name"":""Luigi Celona""},""institutions"":[]},{""author"":{""id"":""50759199"",""display_name"":""C. Rota""},""institutions"":[]},{""author"":{""id"":""143940718"",""display_name"":""R. Schettini""},""institutions"":[]},{""author"":{""id"":""2156500629"",""display_name"":""Zhiwei Huang""},""institutions"":[]},{""author"":{""id"":""2143100474"",""display_name"":""Yanan Li""},""institutions"":[]},{""author"":{""id"":""2108031895"",""display_name"":""Xiaotao Wang""},""institutions"":[]},{""author"":{""id"":""2066703241"",""display_name"":""Lei Lei""},""institutions"":[]},{""author"":{""id"":""153803765"",""display_name"":""Hongye Liu""},""institutions"":[]},{""author"":{""id"":""12549768"",""display_name"":""Wei Hong""},""institutions"":[]},{""author"":{""id"":""2223970878"",""display_name"":""Ironhead Chuang""},""institutions"":[]},{""author"":{""id"":""2054898424"",""display_name"":""Allen Lin""},""institutions"":[]},{""author"":{""id"":""2223970404"",""display_name"":""Drake Guan""},""institutions"":[]},{""author"":{""id"":""46952591"",""display_name"":""I-Ying Chen""},""institutions"":[]},{""author"":{""id"":""2223951699"",""display_name"":""Kae Lou""},""institutions"":[]},{""author"":{""id"":""2223972551"",""display_name"":""Willy Huang""},""institutions"":[]},{""author"":{""id"":""2093374314"",""display_name"":""Ya-Hui Tasi""},""institutions"":[]},{""author"":{""id"":""2104311354"",""display_name"":""Yvonne S. Kao""},""institutions"":[]},{""author"":{""id"":""2072838160"",""display_name"":""Haotian Fan""},""institutions"":[]},{""author"":{""id"":""12497187"",""display_name"":""F. Kong""},""institutions"":[]},{""author"":{""id"":""2110990030"",""display_name"":""Shiqi Zhou""},""institutions"":[]},{""author"":{""id"":""2143856718"",""display_name"":""Hao Liu""},""institutions"":[]},{""author"":{""id"":""2179636683"",""display_name"":""Yuecheng Lai""},""institutions"":[]},{""author"":{""id"":""2144337190"",""display_name"":""Shan-guang Chen""},""institutions"":[]},{""author"":{""id"":""2134824679"",""display_name"":""Wenqi Wang""},""institutions"":[]},{""author"":{""id"":""120155330"",""display_name"":""Haoning Wu""},""institutions"":[]},{""author"":{""id"":""2145764593"",""display_name"":""Chaofeng Chen""},""institutions"":[]},{""author"":{""id"":""2206847308"",""display_name"":""Chu-Feng Zhu""},""institutions"":[]},{""author"":{""id"":""11634793"",""display_name"":""Zekun Guo""},""institutions"":[]},{""author"":{""id"":""2211894502"",""display_name"":""Shiling Zhao""},""institutions"":[]},{""author"":{""id"":""39738500"",""display_name"":""Haibing Yin""},""institutions"":[]},{""author"":{""id"":""2200085409"",""display_name"":""Hongkui Wang""},""institutions"":[]},{""author"":{""id"":""2183483709"",""display_name"":""H. Meftah""},""institutions"":[]},{""author"":{""id"":""2657624"",""display_name"":""Sid Ahmed Fezza""},""institutions"":[]},{""author"":{""id"":""1931304"",""display_name"":""W. Hamidouche""},""institutions"":[]},{""author"":{""id"":""2168252641"",""display_name"":""Olivier Déforges""},""institutions"":[]},{""author"":{""id"":""1717095713"",""display_name"":""Te Shi""},""institutions"":[]},{""author"":{""id"":""2972300"",""display_name"":""Azadeh Mansouri""},""institutions"":[]},{""author"":{""id"":""1752954873"",""display_name"":""Hossein Motamednia""},""institutions"":[]},{""author"":{""id"":""31176012"",""display_name"":""Amirhossein Bakhtiari""},""institutions"":[]},{""author"":{""id"":""2757076"",""display_name"":""Ahmad Mahmoudi Aznaveh""},""institutions"":[]}]"
148f6aaf7b3c43945ea16373b2ac31840e0d890b,10.1109/CVPR52729.2023.01739,DNF: Decouple and Feedback Network for Seeing in the Dark,2023,Computer Vision and Pattern Recognition,81,Xin Jin;Linghao Han;Z. Li;Chunle Guo;Z. Chai;Chongyi Li,"[{""author"":{""id"":""2228232936"",""display_name"":""Xin Jin""},""institutions"":[]},{""author"":{""id"":""2118503811"",""display_name"":""Linghao Han""},""institutions"":[]},{""author"":{""id"":""1700892"",""display_name"":""Z. Li""},""institutions"":[]},{""author"":{""id"":""18158517"",""display_name"":""Chunle Guo""},""institutions"":[]},{""author"":{""id"":""2233160728"",""display_name"":""Z. Chai""},""institutions"":[]},{""author"":{""id"":""2185949399"",""display_name"":""Chongyi Li""},""institutions"":[]}]"
bc786ceae3f1f9ae072d10c76169dac2fc0ce647,10.1109/CVPR52729.2023.01738,You Do Not Need Additional Priors or Regularizers in Retinex-Based Low-Light Image Enhancement,2023,Computer Vision and Pattern Recognition,74,Huiyuan Fu;Wenkai Zheng;Xiangyu Meng;X. Wang;Chuanming Wang;Huadong Ma,"[{""author"":{""id"":""2513605"",""display_name"":""Huiyuan Fu""},""institutions"":[]},{""author"":{""id"":""2186746235"",""display_name"":""Wenkai Zheng""},""institutions"":[]},{""author"":{""id"":""2150590394"",""display_name"":""Xiangyu Meng""},""institutions"":[]},{""author"":{""id"":""47119537"",""display_name"":""X. Wang""},""institutions"":[]},{""author"":{""id"":""2109153220"",""display_name"":""Chuanming Wang""},""institutions"":[]},{""author"":{""id"":""144258295"",""display_name"":""Huadong Ma""},""institutions"":[]}]"
83baf7f47df80af97927ac09399a7d37ed6b7daa,10.1145/3603781.3603911,A Dark Transformation-Equivariant Algorithm for Dark Object Detection,2023,"International Conferences on Computing, Networks and Internet of Things",4,Tongxu Lin;Junyu Lin;Jingchao Wang;Zhengnan Deng;Guoheng Huang,"[{""author"":{""id"":""2220777913"",""display_name"":""Tongxu Lin""},""institutions"":[]},{""author"":{""id"":""2110809173"",""display_name"":""Junyu Lin""},""institutions"":[]},{""author"":{""id"":""2110124127"",""display_name"":""Jingchao Wang""},""institutions"":[]},{""author"":{""id"":""2225133541"",""display_name"":""Zhengnan Deng""},""institutions"":[]},{""author"":{""id"":""2376100"",""display_name"":""Guoheng Huang""},""institutions"":[]}]"
d31dec2c881a5239743f331a721548e98a2d4998,10.1109/TCSVT.2023.3343696,Learning a Single Convolutional Layer Model for Low Light Image Enhancement,2023,IEEE transactions on circuits and systems for video technology (Print),29,Yuantong Zhang;Baoxin Teng;Daiqin Yang;Zhenzhong Chen;Haichuan Ma;Gang Li;Wenpeng Ding,"[{""author"":{""id"":""2145783565"",""display_name"":""Yuantong Zhang""},""institutions"":[]},{""author"":{""id"":""2218135206"",""display_name"":""Baoxin Teng""},""institutions"":[]},{""author"":{""id"":""33413258"",""display_name"":""Daiqin Yang""},""institutions"":[]},{""author"":{""id"":""48354614"",""display_name"":""Zhenzhong Chen""},""institutions"":[]},{""author"":{""id"":""35282551"",""display_name"":""Haichuan Ma""},""institutions"":[]},{""author"":{""id"":""143736623"",""display_name"":""Gang Li""},""institutions"":[]},{""author"":{""id"":""1737451"",""display_name"":""Wenpeng Ding""},""institutions"":[]}]"
96e1e100cd3967124d435f84a59f56bee087d992,10.48550/arXiv.2305.10974,MonoTDP: Twin Depth Perception for Monocular 3D Object Detection in Adverse Scenes,2023,arXiv.org,5,Xingyuan Li;Jingyuan Liu;Yixin Lei;Long Ma;Xin-Yue Fan;Risheng Liu,"[{""author"":{""id"":""50080463"",""display_name"":""Xingyuan Li""},""institutions"":[]},{""author"":{""id"":""46700596"",""display_name"":""Jingyuan Liu""},""institutions"":[]},{""author"":{""id"":""2217461066"",""display_name"":""Yixin Lei""},""institutions"":[]},{""author"":{""id"":""1732160"",""display_name"":""Long Ma""},""institutions"":[]},{""author"":{""id"":""2117800366"",""display_name"":""Xin-Yue Fan""},""institutions"":[]},{""author"":{""id"":""34469457"",""display_name"":""Risheng Liu""},""institutions"":[]}]"
f107c3d6fad9c7ec0ab089f8f55f64eb6d45aa1c,10.1109/CVPRW59228.2023.00445,FLIGHT Mode On: A Feather-Light Network for Low-Light Image Enhancement,2023,2023 IEEE/CVF Conference on Computer Vision and Pattern Recognition Workshops (CVPRW),20,Mustafa Ozcan;Hamza Ergezer;Mustafa Ayazoglu,"[{""author"":{""id"":""46735404"",""display_name"":""Mustafa Ozcan""},""institutions"":[]},{""author"":{""id"":""1980641"",""display_name"":""Hamza Ergezer""},""institutions"":[]},{""author"":{""id"":""2614944"",""display_name"":""Mustafa Ayazoglu""},""institutions"":[]}]"
9f184d5bc2ebe2df0483c1cd3d55f88577f7b5f8,,"Advancing Unsupervised Low-light Image Enhancement: Noise Estimation, Illumination Interpolation, and Self-Regulation",2023,,0,Xiao-Fang Liu;Jiaxin Gao;Xin-Yue Fan;Risheng Liu,"[{""author"":{""id"":""2110752940"",""display_name"":""Xiao-Fang Liu""},""institutions"":[]},{""author"":{""id"":""2170969324"",""display_name"":""Jiaxin Gao""},""institutions"":[]},{""author"":{""id"":""2117800366"",""display_name"":""Xin-Yue Fan""},""institutions"":[]},{""author"":{""id"":""34469457"",""display_name"":""Risheng Liu""},""institutions"":[]}]"
70ddb64e489c8a602ff75bb586e82610d023f793,10.1145/3581783.3611923,Light-VQA: A Multi-Dimensional Quality Assessment Model for Low-Light Video Enhancement,2023,ACM Multimedia,24,Yunlong Dong;Xiaohong Liu;Yixuan Gao;Xunchu Zhou;Tao Tan;Guangtao Zhai,"[{""author"":{""id"":""2198525074"",""display_name"":""Yunlong Dong""},""institutions"":[]},{""author"":{""id"":""2211737291"",""display_name"":""Xiaohong Liu""},""institutions"":[]},{""author"":{""id"":""2118544238"",""display_name"":""Yixuan Gao""},""institutions"":[]},{""author"":{""id"":""2217414612"",""display_name"":""Xunchu Zhou""},""institutions"":[]},{""author"":{""id"":""2184837813"",""display_name"":""Tao Tan""},""institutions"":[]},{""author"":{""id"":""144826390"",""display_name"":""Guangtao Zhai""},""institutions"":[]}]"
4b8e6e3ea62938aad65470b03db87b6f98456029,10.1007/s00371-023-02883-1,FBGAN: multi-scale feature aggregation combined with boosting strategy for low-light image enhancement,2023,The Visual Computer,4,Bin Jiang;Renjun Wang;Jiawu Dai;Qiao Li;Weiyuan Zeng,"[{""author"":{""id"":""2182893942"",""display_name"":""Bin Jiang""},""institutions"":[]},{""author"":{""id"":""2051262277"",""display_name"":""Renjun Wang""},""institutions"":[]},{""author"":{""id"":""145618711"",""display_name"":""Jiawu Dai""},""institutions"":[]},{""author"":{""id"":""2108511746"",""display_name"":""Qiao Li""},""institutions"":[]},{""author"":{""id"":""2150082567"",""display_name"":""Weiyuan Zeng""},""institutions"":[]}]"
0c7f9187fa2ede5c9111262a0b30e5da608f2cc9,10.3389/fmars.2023.1133881,ULL-SLAM: underwater low-light enhancement for the front-end of visual SLAM,2023,Frontiers in Marine Science,26,Zhichao Xin;Zhe Wang;Zhibin Yu;Bing Zheng,"[{""author"":{""id"":""145781081"",""display_name"":""Zhichao Xin""},""institutions"":[]},{""author"":{""id"":""2108196160"",""display_name"":""Zhe Wang""},""institutions"":[]},{""author"":{""id"":""144803009"",""display_name"":""Zhibin Yu""},""institutions"":[]},{""author"":{""id"":""49721778"",""display_name"":""Bing Zheng""},""institutions"":[]}]"
24771591bcd6d97acfd55d85d4197768dbadc47b,10.1117/12.2674697,Cycle-enhance: low-light image enhancement based on CycleGan,2023,"International Conference on Electronic Information Engineering, Big Data and Computer Technology",2,Yu Zhou;Yanjie Wang;Wenbing Cai,"[{""author"":{""id"":""2110633040"",""display_name"":""Yu Zhou""},""institutions"":[]},{""author"":{""id"":""2143472997"",""display_name"":""Yanjie Wang""},""institutions"":[]},{""author"":{""id"":""2209404865"",""display_name"":""Wenbing Cai""},""institutions"":[]}]"
6fe79476857ed052c88499132d586967db142bf0,10.1016/j.compind.2023.103862,An adaptive image enhancement approach for safety monitoring robot under insufficient illumination condition,2023,Computers in industry (Print),18,Jikun Wang;Weixiang Liang;Jiangang Yang;Shizheng Wang;Zhixin Yang,"[{""author"":{""id"":""2167476542"",""display_name"":""Jikun Wang""},""institutions"":[]},{""author"":{""id"":""6643699"",""display_name"":""Weixiang Liang""},""institutions"":[]},{""author"":{""id"":""2109760899"",""display_name"":""Jiangang Yang""},""institutions"":[]},{""author"":{""id"":""2238072288"",""display_name"":""Shizheng Wang""},""institutions"":[]},{""author"":{""id"":""2109740645"",""display_name"":""Zhixin Yang""},""institutions"":[]}]"
dd6280b57dfadb29e93dd22bbc6ea75384708e35,10.1016/j.dsp.2023.104071,Spatio-temporal propagation and reconstruction for low-light video enhancement,2023,Digit. Signal Process.,10,Jing Ye;Changzhen Qiu;Zhiyong Zhang,"[{""author"":{""id"":""144030865"",""display_name"":""Jing Ye""},""institutions"":[]},{""author"":{""id"":""9326186"",""display_name"":""Changzhen Qiu""},""institutions"":[]},{""author"":{""id"":""2117992459"",""display_name"":""Zhiyong Zhang""},""institutions"":[]}]"
adae17b1e23b5f666b83650d5384a8c72b388666,10.1117/12.2671262,RRANet: low-light image enhancement based on Retinex theory and residual attention,2023,International Conference on Artificial Intelligence and Computer Engineering (ICAICE 2022),3,Hanyu Du;Yan Wei;Baoxiang Tang,"[{""author"":{""id"":""2213786298"",""display_name"":""Hanyu Du""},""institutions"":[]},{""author"":{""id"":""2112599289"",""display_name"":""Yan Wei""},""institutions"":[]},{""author"":{""id"":""1571690765"",""display_name"":""Baoxiang Tang""},""institutions"":[]}]"
794d844d4d72fda2c09acc42a007bf34de98155f,10.1109/ICSP58490.2023.10248827,Research on contrast enhancement algorithm of crop image based on improved camera response,2023,International Conference on the Software Process,0,Yuxin Jiang;Ying Cuan,"[{""author"":{""id"":""2243911677"",""display_name"":""Yuxin Jiang""},""institutions"":[]},{""author"":{""id"":""49161275"",""display_name"":""Ying Cuan""},""institutions"":[]}]"
a748907d04abc4b8068ccee23a2e004820434141,10.1155/2023/8600543,Artificial Intelligence-Based Digital Media Design Effect Enhancement Mechanism,2023,Advances in Multimedia,1,Pu Zhao,"[{""author"":{""id"":""2204579423"",""display_name"":""Pu Zhao""},""institutions"":[]}]"
99df19b0f791b6a713e3e391813187e48f55f66d,10.3390/electronics12081887,Unsupervised Image Enhancement Method Based on Attention Map Network Guidance and Attention Mechanism,2023,Electronics,0,Mengfei Wu;Taiji Lan;X. Xue;Xin Xu,"[{""author"":{""id"":""2406048376"",""display_name"":""Mengfei Wu""},""institutions"":[]},{""author"":{""id"":""121507422"",""display_name"":""Taiji Lan""},""institutions"":[]},{""author"":{""id"":""9129343"",""display_name"":""X. Xue""},""institutions"":[]},{""author"":{""id"":""2211729345"",""display_name"":""Xin Xu""},""institutions"":[]}]"
83761e5a30c114046c0fa09fc63d98aed7ae4119,10.1109/TIP.2023.3266171,Multi-Branch and Progressive Network for Low-Light Image Enhancement,2023,IEEE Transactions on Image Processing,63,Kaibing Zhang;Cheng Yuan;Jie Li;Xinbo Gao;Minqi Li,"[{""author"":{""id"":""1723685"",""display_name"":""Kaibing Zhang""},""institutions"":[]},{""author"":{""id"":""2214535114"",""display_name"":""Cheng Yuan""},""institutions"":[]},{""author"":{""id"":""49298718"",""display_name"":""Jie Li""},""institutions"":[]},{""author"":{""id"":""2164214077"",""display_name"":""Xinbo Gao""},""institutions"":[]},{""author"":{""id"":""2154747009"",""display_name"":""Minqi Li""},""institutions"":[]}]"
6199031bc9492a584f740f6c0d0c66cb39c273d7,10.1117/12.2673316,Adaptive RetinexNet and fusion strategy for low-intensity image enhancement,2023,"Conference on Computer Vision, Application, and Algorithm",0,Xuehui Yin;Qiaoyu Chen;Gerile Tu,"[{""author"":{""id"":""2713266"",""display_name"":""Xuehui Yin""},""institutions"":[]},{""author"":{""id"":""2887565"",""display_name"":""Qiaoyu Chen""},""institutions"":[]},{""author"":{""id"":""2058828437"",""display_name"":""Gerile Tu""},""institutions"":[]}]"
9c54a2b0819f2c8db0ee2ccec8fc245559249d96,10.3233/JIFS-222644,Opt2Ada: an universal method for single-image low-light enhancement,2023,Journal of Intelligent & Fuzzy Systems,1,Xiaoyong Guo;Kai Zhang;Jiahan Peng;Xiaoyan Chen;G. Guo,"[{""author"":{""id"":""2146370322"",""display_name"":""Xiaoyong Guo""},""institutions"":[]},{""author"":{""id"":""2174637329"",""display_name"":""Kai Zhang""},""institutions"":[]},{""author"":{""id"":""2175757666"",""display_name"":""Jiahan Peng""},""institutions"":[]},{""author"":{""id"":""2143799959"",""display_name"":""Xiaoyan Chen""},""institutions"":[]},{""author"":{""id"":""103132268"",""display_name"":""G. Guo""},""institutions"":[]}]"
5549dc3ceff07561d9fb59610c0f78c71617901a,10.1109/CVPR52729.2023.00958,Generative Diffusion Prior for Unified Image Restoration and Enhancement,2023,Computer Vision and Pattern Recognition,364,Ben Fei;Zhaoyang Lyu;Liang Pan;Junzhe Zhang;Weidong Yang;Tian-jian Luo;Bo Zhang;Bo Dai,"[{""author"":{""id"":""2197075824"",""display_name"":""Ben Fei""},""institutions"":[]},{""author"":{""id"":""119937438"",""display_name"":""Zhaoyang Lyu""},""institutions"":[]},{""author"":{""id"":""50379842"",""display_name"":""Liang Pan""},""institutions"":[]},{""author"":{""id"":""2352693588"",""display_name"":""Junzhe Zhang""},""institutions"":[]},{""author"":{""id"":""2158065044"",""display_name"":""Weidong Yang""},""institutions"":[]},{""author"":{""id"":""2068287693"",""display_name"":""Tian-jian Luo""},""institutions"":[]},{""author"":{""id"":""2141897317"",""display_name"":""Bo Zhang""},""institutions"":[]},{""author"":{""id"":""144445937"",""display_name"":""Bo Dai""},""institutions"":[]}]"
75c1fa217844b92a49698b367b7376a6bbd9017a,10.1016/j.compbiomed.2023.106961,Deep polyp image enhancement using region of interest with paired supervision,2023,Comput. Biol. Medicine,4,Dongjin Huang;Jinhuan Liu;Yongsheng Shi;Canlin Li;Wenbing Tang,"[{""author"":{""id"":""3034852"",""display_name"":""Dongjin Huang""},""institutions"":[]},{""author"":{""id"":""48210695"",""display_name"":""Jinhuan Liu""},""institutions"":[]},{""author"":{""id"":""49593197"",""display_name"":""Yongsheng Shi""},""institutions"":[]},{""author"":{""id"":""1929706"",""display_name"":""Canlin Li""},""institutions"":[]},{""author"":{""id"":""2116723937"",""display_name"":""Wenbing Tang""},""institutions"":[]}]"
bcae27bff6d24f2350ea113437a70af2bff36448,10.1016/j.eswa.2023.120271,Multi-scene image enhancement based on multi-channel illumination estimation,2023,Expert systems with applications,21,Runxing Zhao;Zhiwen Wang;Wu Guo;Canlong Zhang,"[{""author"":{""id"":""2193365759"",""display_name"":""Runxing Zhao""},""institutions"":[]},{""author"":{""id"":""47197188"",""display_name"":""Zhiwen Wang""},""institutions"":[]},{""author"":{""id"":""2112285356"",""display_name"":""Wu Guo""},""institutions"":[]},{""author"":{""id"":""7924036"",""display_name"":""Canlong Zhang""},""institutions"":[]}]"
e81fdcb882f23006b2ebcf7ff46481860dfecb89,10.1109/CVPR52729.2023.00075,Human Pose Estimation in Extremely Low-Light Conditions,2023,Computer Vision and Pattern Recognition,52,Sohyun Lee;Jaesung Rim;Boseung Jeong;Geon-Yeong Kim;Byungju Woo;Haechan Lee;Sung-Jin Cho;Suha Kwak,"[{""author"":{""id"":""2161506615"",""display_name"":""Sohyun Lee""},""institutions"":[]},{""author"":{""id"":""2005324875"",""display_name"":""Jaesung Rim""},""institutions"":[]},{""author"":{""id"":""2124963484"",""display_name"":""Boseung Jeong""},""institutions"":[]},{""author"":{""id"":""2157689053"",""display_name"":""Geon-Yeong Kim""},""institutions"":[]},{""author"":{""id"":""2212287594"",""display_name"":""Byungju Woo""},""institutions"":[]},{""author"":{""id"":""2142350"",""display_name"":""Haechan Lee""},""institutions"":[]},{""author"":{""id"":""2180744"",""display_name"":""Sung-Jin Cho""},""institutions"":[]},{""author"":{""id"":""2483916"",""display_name"":""Suha Kwak""},""institutions"":[]}]"
0ad975bd74e9beee0fca0c85fba1b292ad14b5bc,10.1007/s11042-023-15147-w,Unsupervised learning based dual-branch fusion low-light image enhancement,2023,Multimedia tools and applications,8,Guang Han;Yu Zhou;Fanyu Zeng,"[{""author"":{""id"":""2067642054"",""display_name"":""Guang Han""},""institutions"":[]},{""author"":{""id"":""2110633195"",""display_name"":""Yu Zhou""},""institutions"":[]},{""author"":{""id"":""2054265308"",""display_name"":""Fanyu Zeng""},""institutions"":[]}]"
bb7ec65955f5390537cc320c9e95c6df815c0908,10.1145/3594315.3594338,Semi-supervised Zero-Shot Learning in Retinex decomposition-based Low-Light Image Enhancement,2023,International Conference on Computing and Artificial Intelligence,1,Jieyu Pang;F. Yu;Ronggang Wang,"[{""author"":{""id"":""2211970962"",""display_name"":""Jieyu Pang""},""institutions"":[]},{""author"":{""id"":""2212061665"",""display_name"":""F. Yu""},""institutions"":[]},{""author"":{""id"":""2155887982"",""display_name"":""Ronggang Wang""},""institutions"":[]}]"
097a500b7c22a9b13b16272982627f03c8a295ed,10.1109/CVPRW59228.2023.00152,VDPVE: VQA Dataset for Perceptual Video Enhancement,2023,2023 IEEE/CVF Conference on Computer Vision and Pattern Recognition Workshops (CVPRW),31,Yixuan Gao;Y. Cao;Tengchuan Kou;Wei Sun;Yunlong Dong;Xiaohong Liu;Xiongkuo Min;Guangtao Zhai,"[{""author"":{""id"":""2118544238"",""display_name"":""Yixuan Gao""},""institutions"":[]},{""author"":{""id"":""2112823820"",""display_name"":""Y. Cao""},""institutions"":[]},{""author"":{""id"":""2131091027"",""display_name"":""Tengchuan Kou""},""institutions"":[]},{""author"":{""id"":""2153198409"",""display_name"":""Wei Sun""},""institutions"":[]},{""author"":{""id"":""2212175505"",""display_name"":""Yunlong Dong""},""institutions"":[]},{""author"":{""id"":""2211737291"",""display_name"":""Xiaohong Liu""},""institutions"":[]},{""author"":{""id"":""2246414"",""display_name"":""Xiongkuo Min""},""institutions"":[]},{""author"":{""id"":""144826390"",""display_name"":""Guangtao Zhai""},""institutions"":[]}]"
3d0ea7cabbc6e7e103db0b8fef30865fa196595d,10.1109/TCSVT.2023.3290351,Unsupervised HDR Image and Video Tone Mapping via Contrastive Learning,2023,IEEE transactions on circuits and systems for video technology (Print),25,Cong Cao;Huanjing Yue;Xin Liu;Jingyu Yang,"[{""author"":{""id"":""2064669295"",""display_name"":""Cong Cao""},""institutions"":[]},{""author"":{""id"":""1779338"",""display_name"":""Huanjing Yue""},""institutions"":[]},{""author"":{""id"":""2146075325"",""display_name"":""Xin Liu""},""institutions"":[]},{""author"":{""id"":""2135970340"",""display_name"":""Jingyu Yang""},""institutions"":[]}]"
42754ad2b7b2193b4d8e3d067808cea8913869c4,10.1109/ICCV51070.2023.01149,Retinexformer: One-stage Retinex-based Transformer for Low-light Image Enhancement,2023,IEEE International Conference on Computer Vision,725,Yuanhao Cai;Hao Bian;Jing Lin;Haoqian Wang;R. Timofte;Yulun Zhang,"[{""author"":{""id"":null,""display_name"":""Yuanhao Cai""},""institutions"":[]},{""author"":{""id"":""2000465451"",""display_name"":""Hao Bian""},""institutions"":[]},{""author"":{""id"":""2118747385"",""display_name"":""Jing Lin""},""institutions"":[]},{""author"":{""id"":""2143410777"",""display_name"":""Haoqian Wang""},""institutions"":[]},{""author"":{""id"":""1732855"",""display_name"":""R. Timofte""},""institutions"":[]},{""author"":{""id"":""2410227"",""display_name"":""Yulun Zhang""},""institutions"":[]}]"
a16a3cd92d147b2caaf41b20aa28b8b36188ae70,10.48550/arXiv.2303.05807,Aleth-NeRF: Low-light Condition View Synthesis with Concealing Fields,2023,arXiv.org,15,Ziteng Cui;Lin Gu;Xiao Sun;Y. Qiao;Tatsuya Harada,"[{""author"":{""id"":""2152101108"",""display_name"":""Ziteng Cui""},""institutions"":[]},{""author"":{""id"":""151484085"",""display_name"":""Lin Gu""},""institutions"":[]},{""author"":{""id"":""2112349534"",""display_name"":""Xiao Sun""},""institutions"":[]},{""author"":{""id"":""145858545"",""display_name"":""Y. Qiao""},""institutions"":[]},{""author"":{""id"":""2147394803"",""display_name"":""Tatsuya Harada""},""institutions"":[]}]"
aa854eafdf69e9fb03d910f92643482e9eabb348,10.3389/fphy.2023.1147031,Real-world low-light image enhancement via domain-gap aware framework and reverse domain-distance guided strategy,2023,Frontiers of Physics,1,Yong Chen;Meiyong Huang;Huanlin Liu;Kaixin Shao;Jinliang Zhang,"[{""author"":{""id"":""2115838049"",""display_name"":""Yong Chen""},""institutions"":[]},{""author"":{""id"":""2156270196"",""display_name"":""Meiyong Huang""},""institutions"":[]},{""author"":{""id"":""15387819"",""display_name"":""Huanlin Liu""},""institutions"":[]},{""author"":{""id"":""2187587678"",""display_name"":""Kaixin Shao""},""institutions"":[]},{""author"":{""id"":""2187871821"",""display_name"":""Jinliang Zhang""},""institutions"":[]}]"
1d1da801165468852e73c68f31b477755b7db3ee,10.1145/3594409.3594411,Maritime Low-light Image Enhancement by Joint En-decoder Architecture and Feature Enhancement Network,2023,International Conferences on Innovation in Artificial Intelligence,0,Mengwei Bao;Jiaying Du;Xiaoqi Hu;Lei He;Hong Ji;Yue Wu,"[{""author"":{""id"":""2180418293"",""display_name"":""Mengwei Bao""},""institutions"":[]},{""author"":{""id"":""2159186102"",""display_name"":""Jiaying Du""},""institutions"":[]},{""author"":{""id"":""47027665"",""display_name"":""Xiaoqi Hu""},""institutions"":[]},{""author"":{""id"":""2218864244"",""display_name"":""Lei He""},""institutions"":[]},{""author"":{""id"":""2072975696"",""display_name"":""Hong Ji""},""institutions"":[]},{""author"":{""id"":""72500970"",""display_name"":""Yue Wu""},""institutions"":[]}]"
dcc5c60d824ab9b439dae7379993b27cfd330eca,10.1016/j.bspc.2022.104450,Multi-level GAN based enhanced CT scans for liver cancer diagnosis,2023,Biomedical Signal Processing and Control,27,R. Khan;Yigang Luo;Fang-Xiang Wu,"[{""author"":{""id"":""32402902"",""display_name"":""R. Khan""},""institutions"":[]},{""author"":{""id"":""6230167"",""display_name"":""Yigang Luo""},""institutions"":[]},{""author"":{""id"":""2116490191"",""display_name"":""Fang-Xiang Wu""},""institutions"":[]}]"
6ca2082d4182247ac7a6f682380db39ea22ed821,10.1016/j.dsp.2023.103993,Pseudo-Retinex decomposition-based unsupervised underwater image enhancement and beyond,2023,Digit. Signal Process.,14,Zhen Shen;Haiyong Xu;G. Jiang;Mei Yu;Baozhen Du;Ting Luo;Zhongjie Zhu,"[{""author"":{""id"":""2111638621"",""display_name"":""Zhen Shen""},""institutions"":[]},{""author"":{""id"":""9127505"",""display_name"":""Haiyong Xu""},""institutions"":[]},{""author"":{""id"":""145775490"",""display_name"":""G. Jiang""},""institutions"":[]},{""author"":{""id"":""145231572"",""display_name"":""Mei Yu""},""institutions"":[]},{""author"":{""id"":""2064619418"",""display_name"":""Baozhen Du""},""institutions"":[]},{""author"":{""id"":""2068287539"",""display_name"":""Ting Luo""},""institutions"":[]},{""author"":{""id"":""3335867"",""display_name"":""Zhongjie Zhu""},""institutions"":[]}]"
82427b4e10b6a2ae105cd3a17fffa01a580c1053,10.1016/j.displa.2023.102432,No-reference quality assessment for low-light image enhancement: Subjective and objective methods,2023,Displays (Guildford),30,Weitao Lin;Yuxuan Wu;Lishi Xu;Weiling Chen;Tiesong Zhao;Hongan Wei,"[{""author"":{""id"":""48150186"",""display_name"":""Weitao Lin""},""institutions"":[]},{""author"":{""id"":""2136736164"",""display_name"":""Yuxuan Wu""},""institutions"":[]},{""author"":{""id"":""2212881367"",""display_name"":""Lishi Xu""},""institutions"":[]},{""author"":{""id"":""150336548"",""display_name"":""Weiling Chen""},""institutions"":[]},{""author"":{""id"":""2043147"",""display_name"":""Tiesong Zhao""},""institutions"":[]},{""author"":{""id"":""2115312829"",""display_name"":""Hongan Wei""},""institutions"":[]}]"
c4d652597e9996d238524d3ecee7762750667ea2,10.3390/photonics10020198,Low-Illumination Image Enhancement Based on Deep Learning Techniques: A Brief Review,2023,Photonics,48,Hao Tang;Hongyu Zhu;Linfeng Fei;Tingwei Wang;Yichao Cao;Chao Xie,"[{""author"":{""id"":null,""display_name"":""Hao Tang""},""institutions"":[]},{""author"":{""id"":""2149669716"",""display_name"":""Hongyu Zhu""},""institutions"":[]},{""author"":{""id"":""2205900248"",""display_name"":""Linfeng Fei""},""institutions"":[]},{""author"":{""id"":""2155391146"",""display_name"":""Tingwei Wang""},""institutions"":[]},{""author"":{""id"":""2160469"",""display_name"":""Yichao Cao""},""institutions"":[]},{""author"":{""id"":""2064757396"",""display_name"":""Chao Xie""},""institutions"":[]}]"
2006fc919a3443e0f8cb003f64c921bf4e51eb1d,10.5954/icarob.2023.ps3,Enhancement methodology for low light image,2023,Proceedings of International Conference on Artificial Life and Robotics,1,Xiwen Liang;Xiaoyan Chen,"[{""author"":{""id"":""51291599"",""display_name"":""Xiwen Liang""},""institutions"":[]},{""author"":{""id"":""2143799176"",""display_name"":""Xiaoyan Chen""},""institutions"":[]}]"
a4bda0fe52774fca9a6d9f57bb1cf3a090ad3087,10.5954/icarob.2023.os31-4,A lightweight low-light image enhancement network,2023,Proceedings of International Conference on Artificial Life and Robotics,0,Yutao Jin;Xiaoyan Chen;Xiwen Liang,"[{""author"":{""id"":""2154182385"",""display_name"":""Yutao Jin""},""institutions"":[]},{""author"":{""id"":""2143799176"",""display_name"":""Xiaoyan Chen""},""institutions"":[]},{""author"":{""id"":""51291599"",""display_name"":""Xiwen Liang""},""institutions"":[]}]"
273aa9f144c73996e551c216d3c164d60c9087b5,10.1109/OTCON56053.2023.10113961,Self-supervised learning based low light image enhancement using convolutional neural networks,2023,2022 OPJU International Technology Conference on Emerging Technologies for Sustainable Development (OTCON),1,U. Hari;A. Bevi,"[{""author"":{""id"":""144459904"",""display_name"":""U. Hari""},""institutions"":[]},{""author"":{""id"":""2288196488"",""display_name"":""A. Bevi""},""institutions"":[]}]"
76016897db0ef4642aa78716329179b48cbfad26,10.1371/journal.pone.0281093,Underwater low-light enhancement network based on bright channel prior and attention mechanism,2023,PLoS ONE,19,Zhangjing Zheng;Xixia Huang;Le Wang,"[{""author"":{""id"":""2115548986"",""display_name"":""Zhangjing Zheng""},""institutions"":[]},{""author"":{""id"":""2108800686"",""display_name"":""Xixia Huang""},""institutions"":[]},{""author"":{""id"":""2116229679"",""display_name"":""Le Wang""},""institutions"":[]}]"
46ff67f95be89461ca28654e201fe5f7366a3f65,10.1109/TII.2022.3185660,Single-Exposure Optical Measurement of Highly Reflective Surfaces via Deep Sinusoidal Prior for Complex Equipment Production,2023,IEEE Transactions on Industrial Informatics,30,Jing Zhang;Bin Luo;Fu-Bing Li;Xingman Niu;Qican Zhang;Yajun Wang;Xiangcheng Chen,"[{""author"":{""id"":""47538862"",""display_name"":""Jing Zhang""},""institutions"":[]},{""author"":{""id"":""2174116032"",""display_name"":""Bin Luo""},""institutions"":[]},{""author"":{""id"":""2149811258"",""display_name"":""Fu-Bing Li""},""institutions"":[]},{""author"":{""id"":""2174088210"",""display_name"":""Xingman Niu""},""institutions"":[]},{""author"":{""id"":""3181359"",""display_name"":""Qican Zhang""},""institutions"":[]},{""author"":{""id"":""2170509327"",""display_name"":""Yajun Wang""},""institutions"":[]},{""author"":{""id"":""2117897"",""display_name"":""Xiangcheng Chen""},""institutions"":[]}]"
39c30274eace407639ab24b7eb4b95d7f4299fe7,10.1088/1742-6596/2425/1/012027,A low-light image enhancement method based on AUDD-GAN,2023,Journal of Physics: Conference Series,0,Longyang Zhao;Xinran Li;Ruimin Meng,"[{""author"":{""id"":""2158087382"",""display_name"":""Longyang Zhao""},""institutions"":[]},{""author"":{""id"":""1502860194"",""display_name"":""Xinran Li""},""institutions"":[]},{""author"":{""id"":""2157962111"",""display_name"":""Ruimin Meng""},""institutions"":[]}]"
c25859009ec95aecb4c716b76ffa9729ac82633a,10.1016/j.jfranklin.2023.02.023,A lightweight object detection network in low-light conditions based on depthwise separable pyramid network and attention mechanism on embedded platforms,2023,Journal of the Franklin Institute,25,Kun Ren;Qingyang Tao;Honggui Han,"[{""author"":{""id"":""47995952"",""display_name"":""Kun Ren""},""institutions"":[]},{""author"":{""id"":""2004240084"",""display_name"":""Qingyang Tao""},""institutions"":[]},{""author"":{""id"":""2210608212"",""display_name"":""Honggui Han""},""institutions"":[]}]"
074f212b957ebdb68130b1cb3dedf8382bc80a6a,10.1109/ICPECA56706.2023.10075845,Back-projection Residual Low-light Image Enhancement Network with Color Correction Matrix,2023,"2023 IEEE 3rd International Conference on Power, Electronics and Computer Applications (ICPECA)",1,Ke Chen;Chengyi Cao,"[{""author"":{""id"":""32811782"",""display_name"":""Ke Chen""},""institutions"":[]},{""author"":{""id"":""2151197087"",""display_name"":""Chengyi Cao""},""institutions"":[]}]"
1c8d1e374f19a46a95ebf3550ccd58002a57097f,10.3389/fmed.2023.1061357,A two-stage framework for optical coherence tomography angiography image quality improvement,2023,Frontiers in Medicine,8,Juan Cao;Zihao Xu;Mengjia Xu;Yuhui Ma;Yitian Zhao,"[{""author"":{""id"":""2109829383"",""display_name"":""Juan Cao""},""institutions"":[]},{""author"":{""id"":""2117883323"",""display_name"":""Zihao Xu""},""institutions"":[]},{""author"":{""id"":""34632443"",""display_name"":""Mengjia Xu""},""institutions"":[]},{""author"":{""id"":""143976354"",""display_name"":""Yuhui Ma""},""institutions"":[]},{""author"":{""id"":""1956017"",""display_name"":""Yitian Zhao""},""institutions"":[]}]"
f766ecfe23a0a515d721a3e464be08af9a0bc2d2,10.48550/arXiv.2301.06269,DarkVision: A Benchmark for Low-light Image/Video Perception,2023,arXiv.org,11,Bo Zhang;Yuchen Guo;Runzhao Yang;Zhihong Zhang;Jiayi Xie;J. Suo;Qionghai Dai,"[{""author"":{""id"":""2155611061"",""display_name"":""Bo Zhang""},""institutions"":[]},{""author"":{""id"":""2366320459"",""display_name"":""Yuchen Guo""},""institutions"":[]},{""author"":{""id"":""2162083988"",""display_name"":""Runzhao Yang""},""institutions"":[]},{""author"":{""id"":""2144436679"",""display_name"":""Zhihong Zhang""},""institutions"":[]},{""author"":{""id"":""1491234743"",""display_name"":""Jiayi Xie""},""institutions"":[]},{""author"":{""id"":""144036068"",""display_name"":""J. Suo""},""institutions"":[]},{""author"":{""id"":""1491800101"",""display_name"":""Qionghai Dai""},""institutions"":[]}]"
d639129ba6f047f61e8c8c0883cd301279ff06f5,10.48550/arXiv.2301.05434,LVRNet: Lightweight Image Restoration for Aerial Images under Low Visibility,2023,AAAI Conference on Artificial Intelligence,5,Esha Pahwa;Achleshwar Luthra;Pratik Narang,"[{""author"":{""id"":""2141800564"",""display_name"":""Esha Pahwa""},""institutions"":[]},{""author"":{""id"":""2120424496"",""display_name"":""Achleshwar Luthra""},""institutions"":[]},{""author"":{""id"":""3120689"",""display_name"":""Pratik Narang""},""institutions"":[]}]"
92aeaaeea146b2e7e3851d84104f188a9451cc93,10.48550/arXiv.2301.04422,"Optical Flow for Autonomous Driving: Applications, Challenges and Improvements",2023,Autonomous Vehicles and Machines,17,Shihao Shen;Louis Kerofsky;S. Yogamani,"[{""author"":{""id"":""2072819892"",""display_name"":""Shihao Shen""},""institutions"":[]},{""author"":{""id"":""143834054"",""display_name"":""Louis Kerofsky""},""institutions"":[]},{""author"":{""id"":""2601522"",""display_name"":""S. Yogamani""},""institutions"":[]}]"
44ab8f0d84f827b15683d8b8b1a6fca314fdab64,10.1016/j.engappai.2022.105632,LACN: A lightweight attention-guided ConvNeXt network for low-light image enhancement,2023,Engineering applications of artificial intelligence,61,Saijie Fan;Wei Liang;Derui Ding;Hui Yu,"[{""author"":{""id"":""2191770028"",""display_name"":""Saijie Fan""},""institutions"":[]},{""author"":{""id"":""2113675770"",""display_name"":""Wei Liang""},""institutions"":[]},{""author"":{""id"":""1795716"",""display_name"":""Derui Ding""},""institutions"":[]},{""author"":{""id"":""2188997984"",""display_name"":""Hui Yu""},""institutions"":[]}]"
789bb24875fdd971c659edb32ead3b9499574c54,10.1109/WACV56688.2023.00409,Semi-Supervised Learning for Low-light Image Restoration through Quality Assisted Pseudo-Labeling,2023,IEEE Workshop/Winter Conference on Applications of Computer Vision,20,Sameer Malik;R. Soundararajan,"[{""author"":{""id"":""2000484626"",""display_name"":""Sameer Malik""},""institutions"":[]},{""author"":{""id"":""2510315"",""display_name"":""R. Soundararajan""},""institutions"":[]}]"
44cf871041edd76e240010662cc5c07e08ab7d69,10.1016/j.patrec.2022.11.029,Learning to recover lost details from the dark,2023,Pattern Recognition Letters,2,Maomei Liu;Lei Tang;Sheng Zhong;Hangzai Luo;Jinye Peng,"[{""author"":{""id"":""2112251403"",""display_name"":""Maomei Liu""},""institutions"":[]},{""author"":{""id"":""2110241927"",""display_name"":""Lei Tang""},""institutions"":[]},{""author"":{""id"":""2053864035"",""display_name"":""Sheng Zhong""},""institutions"":[]},{""author"":{""id"":""1704919"",""display_name"":""Hangzai Luo""},""institutions"":[]},{""author"":{""id"":""145457904"",""display_name"":""Jinye Peng""},""institutions"":[]}]"
80f112fb6858203a2e09ce65d83d8e6f968819a6,10.1007/s00138-022-01365-z,LDNet: low-light image enhancement with joint lighting and denoising,2022,Machine Vision and Applications,12,Yuhang Li;Tianyanshi Liu;Jiaxin Fan;Youdong Ding,"[{""author"":{""id"":""2110539473"",""display_name"":""Yuhang Li""},""institutions"":[]},{""author"":{""id"":""2198626685"",""display_name"":""Tianyanshi Liu""},""institutions"":[]},{""author"":{""id"":""2151840486"",""display_name"":""Jiaxin Fan""},""institutions"":[]},{""author"":{""id"":""1987649"",""display_name"":""Youdong Ding""},""institutions"":[]}]"
a3157a662e7bef5bfaf23da8f8a7bd04c92bc9ce,10.48550/arXiv.2212.11484,SALVE: Self-supervised Adaptive Low-light Video Enhancement,2022,APSIPA Transactions on Signal and Information Processing,7,Z. Azizi;Ct Kuo,"[{""author"":{""id"":""2093084617"",""display_name"":""Z. Azizi""},""institutions"":[]},{""author"":{""id"":""103085831"",""display_name"":""Ct Kuo""},""institutions"":[]}]"
a7819e639ebe52b10bc5fc972ba9f4eb347a70ac,10.1007/s11063-022-11107-x,Pre-denoising 3D Multi-scale Fusion Attention Network for Low-Light Enhancement,2022,Neural Processing Letters,3,Hegui Zhu;Ziwei Zhang;Luyang Wang;Tian Geng;Xiangde Zhang,"[{""author"":{""id"":""2565254"",""display_name"":""Hegui Zhu""},""institutions"":[]},{""author"":{""id"":""48806258"",""display_name"":""Ziwei Zhang""},""institutions"":[]},{""author"":{""id"":""2170435"",""display_name"":""Luyang Wang""},""institutions"":[]},{""author"":{""id"":""2197905590"",""display_name"":""Tian Geng""},""institutions"":[]},{""author"":{""id"":""3153945"",""display_name"":""Xiangde Zhang""},""institutions"":[]}]"
c8d722907113595adb1b89bf0d3305b6bb334929,10.48550/arXiv.2212.10772,Low-Light Image and Video Enhancement: A Comprehensive Survey and Beyond,2022,arXiv.org,50,Shen Zheng;Yi Ma;Jinqian Pan;Chang-Tien Lu;Gaurav Gupta,"[{""author"":{""id"":""2111074015"",""display_name"":""Shen Zheng""},""institutions"":[]},{""author"":{""id"":""2146276895"",""display_name"":""Yi Ma""},""institutions"":[]},{""author"":{""id"":""2176149839"",""display_name"":""Jinqian Pan""},""institutions"":[]},{""author"":{""id"":""1752590"",""display_name"":""Chang-Tien Lu""},""institutions"":[]},{""author"":{""id"":""2104357582"",""display_name"":""Gaurav Gupta""},""institutions"":[]}]"
fe5f1760fceee44846998e0714f50df8b5e9f154,10.1109/BigData55660.2022.10021069,LLU-Swin: Low-Light Image Enhancement with U-shaped Swin Transformer,2022,2022 IEEE International Conference on Big Data (Big Data),2,Lijiang Shao;Wenjin Wang;Shiguo Huang;Xiaolin Li,"[{""author"":{""id"":""2366748298"",""display_name"":""Lijiang Shao""},""institutions"":[]},{""author"":{""id"":""2117833431"",""display_name"":""Wenjin Wang""},""institutions"":[]},{""author"":{""id"":""9303289"",""display_name"":""Shiguo Huang""},""institutions"":[]},{""author"":{""id"":""2108674259"",""display_name"":""Xiaolin Li""},""institutions"":[]}]"
3d61d6fe03e9309fb2c0d735242c7bc50afd6caa,10.1109/ICAC3N56670.2022.10074024,Low-Light Image Enhancement Using Multi-Branch Deep Fusion Enhancement Network,2022,"2022 4th International Conference on Advances in Computing, Communication Control and Networking (ICAC3N)",1,Akshat Agarwal;Mohit Kumar Agarwal;Aditya Shankar;Anil Singh Parihar,"[{""author"":{""id"":""50714373"",""display_name"":""Akshat Agarwal""},""institutions"":[]},{""author"":{""id"":""2212895011"",""display_name"":""Mohit Kumar Agarwal""},""institutions"":[]},{""author"":{""id"":""2212898809"",""display_name"":""Aditya Shankar""},""institutions"":[]},{""author"":{""id"":""2268072935"",""display_name"":""Anil Singh Parihar""},""institutions"":[]}]"
37a9809cb3d0eb91d2379796f4cf719bcf5b4223,10.1145/3579895.3579908,Low-light Image Enhancement via Unsupervised Progressive Fusion Network,2022,"International Conference on Network, Communication and Computing",0,Hengxuan Li;Zhanqiang Huo;Yingxu Qiao,"[{""author"":{""id"":""2214305109"",""display_name"":""Hengxuan Li""},""institutions"":[]},{""author"":{""id"":""1816039841"",""display_name"":""Zhanqiang Huo""},""institutions"":[]},{""author"":{""id"":""103972450"",""display_name"":""Yingxu Qiao""},""institutions"":[]}]"
594946ec524e6ea9715322f0a0f81ce942876eda,10.1109/ROBIO55434.2022.10011870,Toward the Resilient SLAM in Adverse Illumination Environments with Learning-based Image Transformation,2022,IEEE International Conference on Robotics and Biomimetics,4,Xu Zhao;Zhaohong Liao;X. Wu;Chenyang Li;Jingwei Chen;Z. Gao,"[{""author"":{""id"":""2118490525"",""display_name"":""Xu Zhao""},""institutions"":[]},{""author"":{""id"":""2201678636"",""display_name"":""Zhaohong Liao""},""institutions"":[]},{""author"":{""id"":""48661704"",""display_name"":""X. Wu""},""institutions"":[]},{""author"":{""id"":""2188996842"",""display_name"":""Chenyang Li""},""institutions"":[]},{""author"":{""id"":""2280952394"",""display_name"":""Jingwei Chen""},""institutions"":[]},{""author"":{""id"":""3198851"",""display_name"":""Z. Gao""},""institutions"":[]}]"
eae27e409d1fddf1c60fee2df55982c466faad5e,10.1109/ICFTIC57696.2022.10075183,Attention-guided multi-scale illumination estimation for low-light image enhancement,2022,2022 4th International Conference on Frontiers Technology of Information and Computer (ICFTIC),0,Baoxiang Tang;Hanyu Du;Yao Tan,"[{""author"":{""id"":""1571690765"",""display_name"":""Baoxiang Tang""},""institutions"":[]},{""author"":{""id"":""2213786298"",""display_name"":""Hanyu Du""},""institutions"":[]},{""author"":{""id"":""2158336351"",""display_name"":""Yao Tan""},""institutions"":[]}]"
903a4f43f0653b420d12cfe1c27b0d54befecf19,10.1016/j.neucom.2022.12.007,A deep thermal-guided approach for effective low-light visible image enhancement,2022,Neurocomputing,22,Yanpeng Cao;Xi Tong;Fan Wang;Jiangxin Yang;Yanlong Cao;Sabin Tiberius Strat;C. Tisse,"[{""author"":{""id"":""3245182"",""display_name"":""Yanpeng Cao""},""institutions"":[]},{""author"":{""id"":""2068202152"",""display_name"":""Xi Tong""},""institutions"":[]},{""author"":{""id"":""49451350"",""display_name"":""Fan Wang""},""institutions"":[]},{""author"":{""id"":""2491927"",""display_name"":""Jiangxin Yang""},""institutions"":[]},{""author"":{""id"":""2035529"",""display_name"":""Yanlong Cao""},""institutions"":[]},{""author"":{""id"":""2850020"",""display_name"":""Sabin Tiberius Strat""},""institutions"":[]},{""author"":{""id"":""3433637"",""display_name"":""C. Tisse""},""institutions"":[]}]"
fcd0287b91d3d878d97453ade8276dbd3fb1653b,10.2139/ssrn.4194700,BrightFormer: A transformer to brighten the image,2022,Computers & graphics,6,Yong Wang;Bo Li;Xi Yuan,"[{""author"":{""id"":""2153952645"",""display_name"":""Yong Wang""},""institutions"":[]},{""author"":{""id"":null,""display_name"":""Bo Li""},""institutions"":[]},{""author"":{""id"":""2159318207"",""display_name"":""Xi Yuan""},""institutions"":[]}]"
8f3561dd77356cb2e929456e90525990f21898c4,10.1109/TCSVT.2022.3195996,EFINet: Restoration for Low-Light Images via Enhancement-Fusion Iterative Network,2022,IEEE transactions on circuits and systems for video technology (Print),70,Chunxiao Liu;Fanding Wu;Xun Wang,"[{""author"":{""id"":""2107927047"",""display_name"":""Chunxiao Liu""},""institutions"":[]},{""author"":{""id"":""2167734431"",""display_name"":""Fanding Wu""},""institutions"":[]},{""author"":{""id"":""2115535644"",""display_name"":""Xun Wang""},""institutions"":[]}]"
87fd9755ab0b158da51a26974b1619c6e7ab2fe1,10.1109/EUC57774.2022.00017,Rep-Enhancer: Re-parameterizing Neural Network for Real-time Low-light Enhancement in Visual Maritime Surveillance,2022,IFIP International Conference on Embedded and Ubiquitous Computing,1,Xijing Li;Yuxu Lu;Yu Guo;Jingxiang Qu;Ryan Wen Liu,"[{""author"":{""id"":""2369639921"",""display_name"":""Xijing Li""},""institutions"":[]},{""author"":{""id"":""121713030"",""display_name"":""Yuxu Lu""},""institutions"":[]},{""author"":{""id"":""2143378699"",""display_name"":""Yu Guo""},""institutions"":[]},{""author"":{""id"":""2189470689"",""display_name"":""Jingxiang Qu""},""institutions"":[]},{""author"":{""id"":""2268299485"",""display_name"":""Ryan Wen Liu""},""institutions"":[]}]"
e9a8ffb2575e4991e8dd1b7337d89022003a4c93,10.3390/agriculture12122067,Low Illumination Soybean Plant Reconstruction and Trait Perception,2022,Agriculture,4,Yourui Huang;Yuwen Liu;Tao Han;Shanyong Xu;Jiahao Fu,"[{""author"":{""id"":""46598871"",""display_name"":""Yourui Huang""},""institutions"":[]},{""author"":{""id"":""2136355493"",""display_name"":""Yuwen Liu""},""institutions"":[]},{""author"":{""id"":""2117899081"",""display_name"":""Tao Han""},""institutions"":[]},{""author"":{""id"":""2148667420"",""display_name"":""Shanyong Xu""},""institutions"":[]},{""author"":{""id"":""41097944"",""display_name"":""Jiahao Fu""},""institutions"":[]}]"
555b2d78d93fc9119f9e20c676b0764b1f20a178,10.1109/TCSVT.2022.3190916,LVE-S2D: Low-Light Video Enhancement From Static to Dynamic,2022,IEEE transactions on circuits and systems for video technology (Print),62,Bo Peng;Xuanyu Zhang;Jianjun Lei;Zhe Zhang;N. Ling;Qingming Huang,"[{""author"":{""id"":""2054590685"",""display_name"":""Bo Peng""},""institutions"":[]},{""author"":{""id"":""2118400564"",""display_name"":""Xuanyu Zhang""},""institutions"":[]},{""author"":{""id"":""143879230"",""display_name"":""Jianjun Lei""},""institutions"":[]},{""author"":{""id"":""2177091563"",""display_name"":""Zhe Zhang""},""institutions"":[]},{""author"":{""id"":""144515403"",""display_name"":""N. Ling""},""institutions"":[]},{""author"":{""id"":""1689702"",""display_name"":""Qingming Huang""},""institutions"":[]}]"
be61c1cbe9fd4168c9c0ba969b47d0840c08b71c,10.1145/3569464,AdaEnlight,2022,Proceedings of the ACM on Interactive Mobile Wearable and Ubiquitous Technologies,7,Sicong Liu;Xiaocheng Li;Zimu Zhou;Bin Guo;Mengsu Zhang;Haocheng Shen;Zhiwen Yu,"[{""author"":{""id"":""2155857286"",""display_name"":""Sicong Liu""},""institutions"":[]},{""author"":{""id"":""2181651024"",""display_name"":""Xiaocheng Li""},""institutions"":[]},{""author"":{""id"":""2735715"",""display_name"":""Zimu Zhou""},""institutions"":[]},{""author"":{""id"":""145066132"",""display_name"":""Bin Guo""},""institutions"":[]},{""author"":{""id"":""2153207393"",""display_name"":""Mengsu Zhang""},""institutions"":[]},{""author"":{""id"":""2192858528"",""display_name"":""Haocheng Shen""},""institutions"":[]},{""author"":{""id"":""2256618"",""display_name"":""Zhiwen Yu""},""institutions"":[]}]"
a611ed7e40c9c5cd35bc61d1ca2a55dc37caf55e,10.1007/s13042-022-01716-2,Near-infrared fusion for deep lightness enhancement,2022,International Journal of Machine Learning and Cybernetics,3,Linbo Wang;Tao Wang;Deyun Yang;Xianyong Fang;Shaohua Wan,"[{""author"":{""id"":""2108522201"",""display_name"":""Linbo Wang""},""institutions"":[]},{""author"":{""id"":""48470152"",""display_name"":""Tao Wang""},""institutions"":[]},{""author"":{""id"":""2111180991"",""display_name"":""Deyun Yang""},""institutions"":[]},{""author"":{""id"":""3126828"",""display_name"":""Xianyong Fang""},""institutions"":[]},{""author"":{""id"":""49725227"",""display_name"":""Shaohua Wan""},""institutions"":[]}]"
db262fef5aab6cc2178b045cd8b6913800179461,10.1109/CAC57257.2022.10055984,An Repairing Algorithm for Infrared Video Brightness Mutation Based on Information Entropy,2022,ACM Cloud and Autonomic Computing Conference,0,Zhiqiang Feng;Xiaogang Wang;Yang Wei;Mingrui Liu;Zewei Lian,"[{""author"":{""id"":""2113908830"",""display_name"":""Zhiqiang Feng""},""institutions"":[]},{""author"":{""id"":""31843833"",""display_name"":""Xiaogang Wang""},""institutions"":[]},{""author"":{""id"":""2186351239"",""display_name"":""Yang Wei""},""institutions"":[]},{""author"":{""id"":""2374924413"",""display_name"":""Mingrui Liu""},""institutions"":[]},{""author"":{""id"":""2172252560"",""display_name"":""Zewei Lian""},""institutions"":[]}]"
44c829585625d5105b949092218e889f4f7f18c0,10.48550/arXiv.2211.09206,Learning to Kindle the Starlight,2022,arXiv.org,3,Yu Yuan;Jiaqi Wu;Lindong Wang;Zhongliang Jing;H. Leung;Shuyuan Zhu;Han Pan,"[{""author"":{""id"":""2161609114"",""display_name"":""Yu Yuan""},""institutions"":[]},{""author"":{""id"":""2110435150"",""display_name"":""Jiaqi Wu""},""institutions"":[]},{""author"":{""id"":""2108565992"",""display_name"":""Lindong Wang""},""institutions"":[]},{""author"":{""id"":""2111777743"",""display_name"":""Zhongliang Jing""},""institutions"":[]},{""author"":{""id"":""2144755904"",""display_name"":""H. Leung""},""institutions"":[]},{""author"":{""id"":""1719428"",""display_name"":""Shuyuan Zhu""},""institutions"":[]},{""author"":{""id"":""30331802"",""display_name"":""Han Pan""},""institutions"":[]}]"
d732660a118717e8d43e76044a18a8c92946dd2c,10.1109/ICCV51070.2023.01182,DynamicISP: Dynamically Controlled Image Signal Processor for Image Recognition,2022,IEEE International Conference on Computer Vision,31,Masakazu Yoshimura;Junji Otsuka;Atsushi Irie;T. Ohashi,"[{""author"":{""id"":""1516952123"",""display_name"":""Masakazu Yoshimura""},""institutions"":[]},{""author"":{""id"":""2106282542"",""display_name"":""Junji Otsuka""},""institutions"":[]},{""author"":{""id"":""47275565"",""display_name"":""Atsushi Irie""},""institutions"":[]},{""author"":{""id"":""3358605"",""display_name"":""T. Ohashi""},""institutions"":[]}]"
9ce1a2a06ce537099a4e8639590cb921d3ee0f73,10.1117/1.JEI.31.6.063050,Low-light image enhancement via multistage feature fusion network,2022,J. Electronic Imaging,0,Mingming Tan;Jiayi Fan;Guodong Fan;Min Gan,"[{""author"":{""id"":""2190124500"",""display_name"":""Mingming Tan""},""institutions"":[]},{""author"":{""id"":""2151840354"",""display_name"":""Jiayi Fan""},""institutions"":[]},{""author"":{""id"":""2093184672"",""display_name"":""Guodong Fan""},""institutions"":[]},{""author"":{""id"":""2024537593"",""display_name"":""Min Gan""},""institutions"":[]}]"
ecd2356afe95d60324861dd4eb7b09f71587e031,10.54097/fcis.v1i3.2242,A Survey of Low-light Image Enhancement,2022,Frontiers in Computing and Intelligent Systems,9,Weiqiang Liu;Penghui Zhao;Xiangying Song;Bo Zhang,"[{""author"":{""id"":""2163947273"",""display_name"":""Weiqiang Liu""},""institutions"":[]},{""author"":{""id"":""8049880"",""display_name"":""Penghui Zhao""},""institutions"":[]},{""author"":{""id"":""2191280481"",""display_name"":""Xiangying Song""},""institutions"":[]},{""author"":{""id"":null,""display_name"":""Bo Zhang""},""institutions"":[]}]"
c21e8df43264315ad100daac5ae90c43e2e1f64b,10.1109/CVPR52729.2023.01346,Rawgment: Noise-Accounted RAW Augmentation Enables Recognition in a Wide Variety of Environments,2022,Computer Vision and Pattern Recognition,23,Masakazu Yoshimura;Junji Otsuka;Atsushi Irie;T. Ohashi,"[{""author"":{""id"":""1516952123"",""display_name"":""Masakazu Yoshimura""},""institutions"":[]},{""author"":{""id"":""2106282542"",""display_name"":""Junji Otsuka""},""institutions"":[]},{""author"":{""id"":""47275565"",""display_name"":""Atsushi Irie""},""institutions"":[]},{""author"":{""id"":""3358605"",""display_name"":""T. Ohashi""},""institutions"":[]}]"
771539c080e184b28bb34ec01a4352f9783dfd86,10.1109/ICDSCA56264.2022.9987832,Attention-based Deep Pyramidal Network for Low-light Image Enhancement,2022,2022 IEEE 2nd International Conference on Data Science and Computer Application (ICDSCA),0,Xiaodong Zhang;Yifei Wang,"[{""author"":{""id"":""1686594"",""display_name"":""Xiaodong Zhang""},""institutions"":[]},{""author"":{""id"":""2115569318"",""display_name"":""Yifei Wang""},""institutions"":[]}]"
1b0de22e55b92add718b6b05f99075aa4d2223a5,10.3390/s22218244,FDMLNet: A Frequency-Division and Multiscale Learning Network for Enhancing Low-Light Image,2022,Italian National Conference on Sensors,6,Haoxiang Lu;Junming Gong;Zhenbing Liu;Rushi Lan;Xipeng Pan,"[{""author"":{""id"":""2115608321"",""display_name"":""Haoxiang Lu""},""institutions"":[]},{""author"":{""id"":""2112954091"",""display_name"":""Junming Gong""},""institutions"":[]},{""author"":{""id"":""1904697"",""display_name"":""Zhenbing Liu""},""institutions"":[]},{""author"":{""id"":""36034272"",""display_name"":""Rushi Lan""},""institutions"":[]},{""author"":{""id"":""9371863"",""display_name"":""Xipeng Pan""},""institutions"":[]}]"
8cefa2f0a23501345134aafd9c75e16a523f9e04,10.1109/AHPCAI57455.2022.10087566,Low-light image enhancement model based on self-calibration illumination and color adjustment,2022,"2022 2nd International Conference on Algorithms, High Performance Computing and Artificial Intelligence (AHPCAI)",0,Guiwen Zhang;Qishen Li;Qiufeng Li;Taida Wu,"[{""author"":{""id"":""8673557"",""display_name"":""Guiwen Zhang""},""institutions"":[]},{""author"":{""id"":""2108107216"",""display_name"":""Qishen Li""},""institutions"":[]},{""author"":{""id"":""2154487963"",""display_name"":""Qiufeng Li""},""institutions"":[]},{""author"":{""id"":""2160104490"",""display_name"":""Taida Wu""},""institutions"":[]}]"
4cdf30bb87f654317c327487209da9f2a6b8c7cc,10.1145/3503161.3548135,ChebyLighter: Optimal Curve Estimation for Low-light Image Enhancement,2022,ACM Multimedia,33,Jinwang Pan;Deming Zhai;Yuanchao Bai;Junjun Jiang;Debin Zhao;Xianming Liu,"[{""author"":{""id"":""2187371905"",""display_name"":""Jinwang Pan""},""institutions"":[]},{""author"":{""id"":""2431195"",""display_name"":""Deming Zhai""},""institutions"":[]},{""author"":{""id"":""2876022"",""display_name"":""Yuanchao Bai""},""institutions"":[]},{""author"":{""id"":""2141510194"",""display_name"":""Junjun Jiang""},""institutions"":[]},{""author"":{""id"":""1725937"",""display_name"":""Debin Zhao""},""institutions"":[]},{""author"":{""id"":""2110655701"",""display_name"":""Xianming Liu""},""institutions"":[]}]"
b34eda58cf5904ea269f12407cc848f6fbfd5d51,10.1145/3503161.3548325,An Image-to-video Model for Real-Time Video Enhancement,2022,ACM Multimedia,8,Dongyu She;Kun Xu,"[{""author"":{""id"":""22631231"",""display_name"":""Dongyu She""},""institutions"":[]},{""author"":{""id"":""144968846"",""display_name"":""Kun Xu""},""institutions"":[]}]"
37b108653979f570ce2cf148776d99624f8e7277,10.1145/3503161.3548259,Best of Both Worlds: See and Understand Clearly in the Dark,2022,ACM Multimedia,19,Xinwei Xue;Jia He;Long Ma;Yi Wang;Xin Fan;Risheng Liu,"[{""author"":{""id"":""32797485"",""display_name"":""Xinwei Xue""},""institutions"":[]},{""author"":{""id"":""2444492079"",""display_name"":""Jia He""},""institutions"":[]},{""author"":{""id"":""1732160"",""display_name"":""Long Ma""},""institutions"":[]},{""author"":{""id"":""87042015"",""display_name"":""Yi Wang""},""institutions"":[]},{""author"":{""id"":""144309189"",""display_name"":""Xin Fan""},""institutions"":[]},{""author"":{""id"":""34469457"",""display_name"":""Risheng Liu""},""institutions"":[]}]"
258d49edb97b80237b66c540df91b70abe2f985b,10.1145/3503161.3548359,Structure- and Texture-Aware Learning for Low-Light Image Enhancement,2022,ACM Multimedia,21,Jinghao Zhang;Jie Huang;Mingde Yao;Man Zhou;Fengmei Zhao,"[{""author"":{""id"":""2108045911"",""display_name"":""Jinghao Zhang""},""institutions"":[]},{""author"":{""id"":""2110284557"",""display_name"":""Jie Huang""},""institutions"":[]},{""author"":{""id"":""1420016726"",""display_name"":""Mingde Yao""},""institutions"":[]},{""author"":{""id"":""2121684731"",""display_name"":""Man Zhou""},""institutions"":[]},{""author"":{""id"":""2152335165"",""display_name"":""Fengmei Zhao""},""institutions"":[]}]"
55cb27032405c5105542ff094e95ba41b9ad6c26,10.48550/arXiv.2210.04290,Low Light Video Enhancement by Learning on Static Videos with Cross-Frame Attention,2022,British Machine Vision Conference,12,Shivam Chhirolya;Sameer Malik;R. Soundararajan,"[{""author"":{""id"":""2187298719"",""display_name"":""Shivam Chhirolya""},""institutions"":[]},{""author"":{""id"":""2000484626"",""display_name"":""Sameer Malik""},""institutions"":[]},{""author"":{""id"":""2510315"",""display_name"":""R. Soundararajan""},""institutions"":[]}]"
427f5e326ed18749425be956d8d159b24003a10a,10.1109/ITSC55140.2022.9921977,Fast Deep Multi-patch Progressive Network for Low-light Image Enhancement in Intelligent Transportation Systems,2022,2022 IEEE 25th International Conference on Intelligent Transportation Systems (ITSC),0,Yuxu Lu;Yu Guo;Yanhong Huang;F. Zhu;Xianjun Hu;R. W. Liu,"[{""author"":{""id"":""121713030"",""display_name"":""Yuxu Lu""},""institutions"":[]},{""author"":{""id"":""2143378699"",""display_name"":""Yu Guo""},""institutions"":[]},{""author"":{""id"":""2183513064"",""display_name"":""Yanhong Huang""},""institutions"":[]},{""author"":{""id"":""7526783"",""display_name"":""F. Zhu""},""institutions"":[]},{""author"":{""id"":""2109790733"",""display_name"":""Xianjun Hu""},""institutions"":[]},{""author"":{""id"":""3136503"",""display_name"":""R. W. Liu""},""institutions"":[]}]"
0342bb8c7d11364e5383dcc01f5e522bd2050778,10.1109/WACV56688.2023.00180,PSENet: Progressive Self-Enhancement Network for Unsupervised Extreme-Light Image Enhancement,2022,IEEE Workshop/Winter Conference on Applications of Computer Vision,39,Hue Nguyen;D. Tran;Khoi Duc Minh Nguyen;Rang Nguyen,"[{""author"":{""id"":""2392595137"",""display_name"":""Hue Nguyen""},""institutions"":[]},{""author"":{""id"":""2186824333"",""display_name"":""D. Tran""},""institutions"":[]},{""author"":{""id"":""144295869"",""display_name"":""Khoi Duc Minh Nguyen""},""institutions"":[]},{""author"":{""id"":""2316559179"",""display_name"":""Rang Nguyen""},""institutions"":[]}]"
6712a5afb85875d70af91dc1e54f8ea8e8561e44,10.1109/IAEAC54830.2022.9929796,The Low-light Image Enhancement Method Based on Improved LSID Algorithm,2022,"IEEE Advanced Information Technology, Electronic and Automation Control Conference",1,Jinbao Yang;Zhimin Yuan;Shilei Li;Jiasheng Wang,"[{""author"":{""id"":""2864169"",""display_name"":""Jinbao Yang""},""institutions"":[]},{""author"":{""id"":""2112340345"",""display_name"":""Zhimin Yuan""},""institutions"":[]},{""author"":{""id"":""2145340413"",""display_name"":""Shilei Li""},""institutions"":[]},{""author"":{""id"":""2110144752"",""display_name"":""Jiasheng Wang""},""institutions"":[]}]"
3f62c7cefd7eec3ecf51ce39f041a49ade381c07,10.1007/s11042-022-13830-y,Effective low-light image enhancement with multiscale and context learning network,2022,Multimedia tools and applications,4,Qiao Li;Bin Jiang;Xiaochen Bo;Chao Yang;Xu Wu,"[{""author"":{""id"":""2108511746"",""display_name"":""Qiao Li""},""institutions"":[]},{""author"":{""id"":""145942580"",""display_name"":""Bin Jiang""},""institutions"":[]},{""author"":{""id"":""2060165174"",""display_name"":""Xiaochen Bo""},""institutions"":[]},{""author"":{""id"":""1637066875"",""display_name"":""Chao Yang""},""institutions"":[]},{""author"":{""id"":""2186958197"",""display_name"":""Xu Wu""},""institutions"":[]}]"
1fa8e24a043a937860dbbe8cb6b6c2212b0a1bad,10.1016/j.sigpro.2022.108821,A comprehensive experiment-based review of low-light image enhancement methods and benchmarking low-light image quality assessment,2022,Signal Processing,88,M. T. Rasheed;D. Shi;Hufsa Khan,"[{""author"":{""id"":""34999535"",""display_name"":""M. T. Rasheed""},""institutions"":[]},{""author"":{""id"":""1887263"",""display_name"":""D. Shi""},""institutions"":[]},{""author"":{""id"":""2147395983"",""display_name"":""Hufsa Khan""},""institutions"":[]}]"
756f2e7d2420effe49480e6f712864e7fde8c3ec,10.1109/AIAM57466.2022.00114,Water leakage detection and its application of turbine floor equipment based on MaskRCNN,2022,International Conference on Artificial Intelligence and Advanced Manufacturing,3,Yuquan Zhou;Zuliang Huang;Xin Liu;Jifan Ouyang;Menglong Hou;Xichang Cai,"[{""author"":{""id"":""49454937"",""display_name"":""Yuquan Zhou""},""institutions"":[]},{""author"":{""id"":""2370727485"",""display_name"":""Zuliang Huang""},""institutions"":[]},{""author"":{""id"":""2120100298"",""display_name"":""Xin Liu""},""institutions"":[]},{""author"":{""id"":""2148467674"",""display_name"":""Jifan Ouyang""},""institutions"":[]},{""author"":{""id"":""2205234367"",""display_name"":""Menglong Hou""},""institutions"":[]},{""author"":{""id"":""2107159051"",""display_name"":""Xichang Cai""},""institutions"":[]}]"
af162347f8db180f9c9a7e5b09a8902a77d25ff1,10.3724/sp.j.1089.2022.19719,Global-Local Generation Adversarial Learning Based Low-Light Image Enhancement,2022,Journal of Computer-Aided Design &amp; Computer Graphics,2,Zizheng Sun;Huihui Song;Jiaqing Fan;Qingshan Liu,"[{""author"":{""id"":""2181083714"",""display_name"":""Zizheng Sun""},""institutions"":[]},{""author"":{""id"":""2163097"",""display_name"":""Huihui Song""},""institutions"":[]},{""author"":{""id"":""51254451"",""display_name"":""Jiaqing Fan""},""institutions"":[]},{""author"":{""id"":""2145921875"",""display_name"":""Qingshan Liu""},""institutions"":[]}]"
5d3f0c764497e40f170dfda75b7c22c2da5213b7,10.1109/smartcloud55982.2022.00028,Night Fatigue Driving Detection Algorithm based on Lightweight Zero-DCE,2022,International Conference on Smart Cloud,1,ZhanTi Ll;Ni Jia;Hongmei Jin,"[{""author"":{""id"":""2190859298"",""display_name"":""ZhanTi Ll""},""institutions"":[]},{""author"":{""id"":""144681848"",""display_name"":""Ni Jia""},""institutions"":[]},{""author"":{""id"":""2182115787"",""display_name"":""Hongmei Jin""},""institutions"":[]}]"
54e432ae5a319ceee6bbd3369c4459a078eb8ff6,10.48550/arXiv.2209.07937,DPFNet: A Dual-branch Dilated Network with Phase-aware Fourier Convolution for Low-light Image Enhancement,2022,arXiv.org,8,Yunliang Zhuang;Zhuoran Zheng;Chengzhi Lyu,"[{""author"":{""id"":""2152482431"",""display_name"":""Yunliang Zhuang""},""institutions"":[]},{""author"":{""id"":""1490932987"",""display_name"":""Zhuoran Zheng""},""institutions"":[]},{""author"":{""id"":""47660429"",""display_name"":""Chengzhi Lyu""},""institutions"":[]}]"
c70003575790daa4db6d60b5844a25896105e5d2,10.3390/rs14184608,An Empirical Study on Retinex Methods for Low-Light Image Enhancement,2022,Remote Sensing,50,M. T. Rasheed;Guiyu Guo;D. Shi;Hufsa Khan;Xiaochun Cheng,"[{""author"":{""id"":""34999535"",""display_name"":""M. T. Rasheed""},""institutions"":[]},{""author"":{""id"":""2185280629"",""display_name"":""Guiyu Guo""},""institutions"":[]},{""author"":{""id"":""1887263"",""display_name"":""D. Shi""},""institutions"":[]},{""author"":{""id"":""2147395983"",""display_name"":""Hufsa Khan""},""institutions"":[]},{""author"":{""id"":""2149477853"",""display_name"":""Xiaochun Cheng""},""institutions"":[]}]"
718da40b0c22fcce6d4f7dc7df1e021a8563cb78,10.48550/arXiv.2209.06823,DEANet: Decomposition Enhancement and Adjustment Network for Low-Light Image Enhancement,2022,Tsinghua Science and Technology,29,Yonglong Jiang;L. Li;Yuan Xue;Hongbing Ma,"[{""author"":{""id"":""2185025897"",""display_name"":""Yonglong Jiang""},""institutions"":[]},{""author"":{""id"":""37498905"",""display_name"":""L. Li""},""institutions"":[]},{""author"":{""id"":""2114920342"",""display_name"":""Yuan Xue""},""institutions"":[]},{""author"":{""id"":""2408757"",""display_name"":""Hongbing Ma""},""institutions"":[]}]"
e71a83fe0ab89965f79ba48c0741c7ca2c52483c,10.1117/1.JEI.31.6.062009,Deep learning model for person identification and verification on low illumination images,2022,J. Electronic Imaging,2,Suresh Tommandru;Domnic Sandanam,"[{""author"":{""id"":""2051746729"",""display_name"":""Suresh Tommandru""},""institutions"":[]},{""author"":{""id"":""152318934"",""display_name"":""Domnic Sandanam""},""institutions"":[]}]"
fe2c8ba86581e4c7f263c7e0541d4616e486e570,10.1109/TIP.2023.3297412,LRT: An Efficient Low-Light Restoration Transformer for Dark Light Field Images,2022,IEEE Transactions on Image Processing,37,Shansi Zhang;Nan Meng;E. Lam,"[{""author"":{""id"":""2116577885"",""display_name"":""Shansi Zhang""},""institutions"":[]},{""author"":{""id"":""2267595889"",""display_name"":""Nan Meng""},""institutions"":[]},{""author"":{""id"":""1725389"",""display_name"":""E. Lam""},""institutions"":[]}]"
ad694777050bd12297871229fe8842ab32aa938e,10.1016/j.eswa.2022.118920,Reference-free low-light image enhancement by associating hierarchical wavelet representations,2022,Expert systems with applications,19,Xiaojun Yang;J. Gong;Liang Wu;Zhijing Yang;Yukai Shi;F. Nie,"[{""author"":{""id"":""2112085727"",""display_name"":""Xiaojun Yang""},""institutions"":[]},{""author"":{""id"":""2314104141"",""display_name"":""J. Gong""},""institutions"":[]},{""author"":{""id"":""2218810019"",""display_name"":""Liang Wu""},""institutions"":[]},{""author"":{""id"":""1840050"",""display_name"":""Zhijing Yang""},""institutions"":[]},{""author"":{""id"":""3435583"",""display_name"":""Yukai Shi""},""institutions"":[]},{""author"":{""id"":""144962210"",""display_name"":""F. Nie""},""institutions"":[]}]"
bd33c01584d858421900ae42d426a5f1065d0c94,10.3390/electronics11172750,A More Effective Zero-DCE Variant: Zero-DCE Tiny,2022,Electronics,9,Weiwen Mu;Huixiang Liu;Wen-Bin Chen;Yiqun Wang,"[{""author"":{""id"":""2183969553"",""display_name"":""Weiwen Mu""},""institutions"":[]},{""author"":{""id"":""48447323"",""display_name"":""Huixiang Liu""},""institutions"":[]},{""author"":{""id"":""2109910513"",""display_name"":""Wen-Bin Chen""},""institutions"":[]},{""author"":{""id"":""2253807193"",""display_name"":""Yiqun Wang""},""institutions"":[]}]"
de4c5dde7a5daf062a37ec1a45d13f1a9a3e1d30,10.3390/s22186799,Low-Light Image Enhancement Using Photometric Alignment with Hierarchy Pyramid Network,2022,Italian National Conference on Sensors,2,Jing Ye;Xintao Chen;Changzhen Qiu;Zhiyong Zhang,"[{""author"":{""id"":""144030865"",""display_name"":""Jing Ye""},""institutions"":[]},{""author"":{""id"":""2348594179"",""display_name"":""Xintao Chen""},""institutions"":[]},{""author"":{""id"":""9326186"",""display_name"":""Changzhen Qiu""},""institutions"":[]},{""author"":{""id"":""2117992459"",""display_name"":""Zhiyong Zhang""},""institutions"":[]}]"
1fb289a98fd604da4556b6d34fb14ec319c92017,10.3390/s22186904,Low-Light Image Enhancement Using Hybrid Deep-Learning and Mixed-Norm Loss Functions,2022,Italian National Conference on Sensors,16,Jong-Geun Oh;Min-Cheol Hong,"[{""author"":{""id"":""2839262"",""display_name"":""Jong-Geun Oh""},""institutions"":[]},{""author"":{""id"":""3689350"",""display_name"":""Min-Cheol Hong""},""institutions"":[]}]"
fdc33899b1d25c3de9145effa8dbcf632488ce02,10.1117/1.JEI.31.5.053001,Two-stage low-light image enhancement network with an attention mechanism and cross-stage connection,2022,J. Electronic Imaging,2,B. Kuang;Zhibin Zhang,"[{""author"":{""id"":""2374013354"",""display_name"":""B. Kuang""},""institutions"":[]},{""author"":{""id"":""2109459759"",""display_name"":""Zhibin Zhang""},""institutions"":[]}]"
1f3ec24de0dc32db3e3d9ef67c75c3dc8b5ca7a2,10.1109/ICCGIV57403.2022.00035,A low-light image enhancement method based on atmospheric scattering model,2022,"2022 2nd International Conference on Computer Graphics, Image and Virtualization (ICCGIV)",2,Weiqiang Liu;Penghui Zhao;Bo Zhang;Wei Xuan,"[{""author"":{""id"":""2163947273"",""display_name"":""Weiqiang Liu""},""institutions"":[]},{""author"":{""id"":""8049880"",""display_name"":""Penghui Zhao""},""institutions"":[]},{""author"":{""id"":""2208118873"",""display_name"":""Bo Zhang""},""institutions"":[]},{""author"":{""id"":""2067466160"",""display_name"":""Wei Xuan""},""institutions"":[]}]"
ced29f18591a969b55d97fe28cf8ac92847259ea,10.1007/s10489-022-04013-1,Low-light image enhancement with geometrical sparse representation,2022,Applied intelligence (Boston),14,Jin Tan;Taiping Zhang;Linchang Zhao;Darong Huang;Zhenyuan Zhang,"[{""author"":{""id"":""2115409536"",""display_name"":""Jin Tan""},""institutions"":[]},{""author"":{""id"":""2168621361"",""display_name"":""Taiping Zhang""},""institutions"":[]},{""author"":{""id"":""46586650"",""display_name"":""Linchang Zhao""},""institutions"":[]},{""author"":{""id"":""39252973"",""display_name"":""Darong Huang""},""institutions"":[]},{""author"":{""id"":""2109338702"",""display_name"":""Zhenyuan Zhang""},""institutions"":[]}]"
157dba30d6496a003c537338850938bd67015548,10.1186/s43593-022-00034-y,VEViD: Vision Enhancement via Virtual diffraction and coherent Detection,2022,eLight,13,B. Jalali;Callen MacPhee,"[{""author"":{""id"":""48368645"",""display_name"":""B. Jalali""},""institutions"":[]},{""author"":{""id"":""2153711687"",""display_name"":""Callen MacPhee""},""institutions"":[]}]"
15837a406a4f6859ca89b1cbbd7b391464164195,10.48550/arXiv.2208.11014,Low-Light Video Enhancement with Synthetic Event Guidance,2022,AAAI Conference on Artificial Intelligence,58,Lin Liu;Junfeng An;Jianzhuang Liu;Shanxin Yuan;Xiangyu Chen;Wen-gang Zhou;Houqiang Li;Yanfeng Wang;Qi Tian,"[{""author"":{""id"":""2146017850"",""display_name"":""Lin Liu""},""institutions"":[]},{""author"":{""id"":""2105619735"",""display_name"":""Junfeng An""},""institutions"":[]},{""author"":{""id"":""2144167531"",""display_name"":""Jianzhuang Liu""},""institutions"":[]},{""author"":{""id"":""3325819"",""display_name"":""Shanxin Yuan""},""institutions"":[]},{""author"":{""id"":""2143735670"",""display_name"":""Xiangyu Chen""},""institutions"":[]},{""author"":{""id"":""38272296"",""display_name"":""Wen-gang Zhou""},""institutions"":[]},{""author"":{""id"":""2108508109"",""display_name"":""Houqiang Li""},""institutions"":[]},{""author"":{""id"":""2108846176"",""display_name"":""Yanfeng Wang""},""institutions"":[]},{""author"":{""id"":""2056268330"",""display_name"":""Qi Tian""},""institutions"":[]}]"
fd89c53b99021c225d1093a4ae6d42e1763bc839,10.1007/s00521-022-07612-8,Multi-scale error feedback network for low-light image enhancement,2022,Neural computing & applications (Print),8,Yi Qian;Zetao Jiang;Yuting He;Shaoqin Zhang;Shenming Jiang,"[{""author"":{""id"":""2114899381"",""display_name"":""Yi Qian""},""institutions"":[]},{""author"":{""id"":""8324588"",""display_name"":""Zetao Jiang""},""institutions"":[]},{""author"":{""id"":""2347905253"",""display_name"":""Yuting He""},""institutions"":[]},{""author"":{""id"":""2116577895"",""display_name"":""Shaoqin Zhang""},""institutions"":[]},{""author"":{""id"":""103202096"",""display_name"":""Shenming Jiang""},""institutions"":[]}]"
1a25ce96e5aed9b6dc5a32923c47cc0f63619839,10.1109/ICPR56361.2022.9956143,Attention-based Broad Self-guided Network for Low-light Image Enhancement,2022,International Conference on Pattern Recognition,4,Zilong Chen;Yaling Liang;Minghui Du,"[{""author"":{""id"":""2117098500"",""display_name"":""Zilong Chen""},""institutions"":[]},{""author"":{""id"":""9260001"",""display_name"":""Yaling Liang""},""institutions"":[]},{""author"":{""id"":""31866339"",""display_name"":""Minghui Du""},""institutions"":[]}]"
f28dfc49e79bb92e30caa380ad7af223e565eef8,10.1155/2022/4942420,End-to-End Retinex-Based Illumination Attention Low-Light Enhancement Network for Autonomous Driving at Night,2022,Computational Intelligence and Neuroscience,6,Ruini Zhao;Yi Han;Jian Zhao,"[{""author"":{""id"":""4320115"",""display_name"":""Ruini Zhao""},""institutions"":[]},{""author"":{""id"":""2112846484"",""display_name"":""Yi Han""},""institutions"":[]},{""author"":{""id"":""71425092"",""display_name"":""Jian Zhao""},""institutions"":[]}]"
c1015c63444d6c3c897eed3fa4ea6e14e80e063b,10.1109/PRAI55851.2022.9904137,Low-Light Image Enhancement Algorithm Based on Multi-scale Concat Convolutional Neural Network,2022,2022 5th International Conference on Pattern Recognition and Artificial Intelligence (PRAI),3,Weiqiang Liu;Penghui Zhao;Xuan Wei;Bo Zhang,"[{""author"":{""id"":""2163947273"",""display_name"":""Weiqiang Liu""},""institutions"":[]},{""author"":{""id"":""8049880"",""display_name"":""Penghui Zhao""},""institutions"":[]},{""author"":{""id"":""2183459526"",""display_name"":""Xuan Wei""},""institutions"":[]},{""author"":{""id"":null,""display_name"":""Bo Zhang""},""institutions"":[]}]"
b7bd98728826f3b03ed0279d8b7419ab43154008,10.3389/fmars.2022.921492,Lighting the darkness in the sea: A deep learning model for underwater image enhancement,2022,Frontiers in Marine Science,25,Yaofeng Xie;Zhibin Yu;Xiao Yu;Bing Zheng,"[{""author"":{""id"":""2154871178"",""display_name"":""Yaofeng Xie""},""institutions"":[]},{""author"":{""id"":""144803009"",""display_name"":""Zhibin Yu""},""institutions"":[]},{""author"":{""id"":""2139766305"",""display_name"":""Xiao Yu""},""institutions"":[]},{""author"":{""id"":""49721778"",""display_name"":""Bing Zheng""},""institutions"":[]}]"
6c1c540b53af6fe0e43345b80262b1ff39616a63,10.3390/rs14163985,3D Convolutional Neural Network for Low-Light Image Sequence Enhancement in SLAM,2022,Remote Sensing,11,Yizhuo Quan;D. Fu;Yuan-Shing Chang;Chengbo Wang,"[{""author"":{""id"":""2181974897"",""display_name"":""Yizhuo Quan""},""institutions"":[]},{""author"":{""id"":""2087819248"",""display_name"":""D. Fu""},""institutions"":[]},{""author"":{""id"":""120586583"",""display_name"":""Yuan-Shing Chang""},""institutions"":[]},{""author"":{""id"":""50096924"",""display_name"":""Chengbo Wang""},""institutions"":[]}]"
583bca4bf4378f49e2c54f5a72bd61539cb24615,10.1109/AIIPCC57291.2022.00064,Pyramid Structure-Based Context Aggregation Detail Restoration Low-illumination Image Enhancement Network,2022,"International Conferences on Artificial Intelligence, Information Processing and Cloud Computing",0,Chao Xu;Penghao He;Ying Yu,"[{""author"":{""id"":""2190472895"",""display_name"":""Chao Xu""},""institutions"":[]},{""author"":{""id"":""2153239652"",""display_name"":""Penghao He""},""institutions"":[]},{""author"":{""id"":""144894799"",""display_name"":""Ying Yu""},""institutions"":[]}]"
a306601eebec19a298ecf091e93c122b8285ce6d,10.1016/j.neucom.2022.08.042,Single low-light image brightening using learning-based intensity mapping,2022,Neurocomputing,7,Xiaochen Wang;Ruimin Hu;Xin Xu,"[{""author"":{""id"":""1753693970"",""display_name"":""Xiaochen Wang""},""institutions"":[]},{""author"":{""id"":""2067789404"",""display_name"":""Ruimin Hu""},""institutions"":[]},{""author"":{""id"":""2152777417"",""display_name"":""Xin Xu""},""institutions"":[]}]"
5ea86acad766c14521e7b09f79489cd2b2f3f756,10.3390/s22166126,Low-Light Image Enhancement Based on Constraint Low-Rank Approximation Retinex Model,2022,Italian National Conference on Sensors,6,Xuesong Li;Jianrun Shang;Wenhao Song;Jinyong Chen;Guisheng Zhang;Jinfeng Pan,"[{""author"":{""id"":""2130338179"",""display_name"":""Xuesong Li""},""institutions"":[]},{""author"":{""id"":""2169354371"",""display_name"":""Jianrun Shang""},""institutions"":[]},{""author"":{""id"":""2181978196"",""display_name"":""Wenhao Song""},""institutions"":[]},{""author"":{""id"":""38263545"",""display_name"":""Jinyong Chen""},""institutions"":[]},{""author"":{""id"":""1959445256"",""display_name"":""Guisheng Zhang""},""institutions"":[]},{""author"":{""id"":""49106674"",""display_name"":""Jinfeng Pan""},""institutions"":[]}]"
69f5442492cbd8108db1bc3cd7384483cf01155f,10.23919/CCC55666.2022.9901774,IBE-Net: Low-Light Image Enhancement Based on Image Brightness Estimation,2022,Cybersecurity and Cyberforensics Conference,1,Yuzhu Xie;Manlu Liu;Kang Yang;Hongwei Liu,"[{""author"":{""id"":""2118596417"",""display_name"":""Yuzhu Xie""},""institutions"":[]},{""author"":{""id"":""47842165"",""display_name"":""Manlu Liu""},""institutions"":[]},{""author"":{""id"":""2118048420"",""display_name"":""Kang Yang""},""institutions"":[]},{""author"":{""id"":""2115371119"",""display_name"":""Hongwei Liu""},""institutions"":[]}]"
04630916d18775e6495fe9b4581008e4a18f6c07,10.48550/arXiv.2207.10564,Unsupervised Night Image Enhancement: When Layer Decomposition Meets Light-Effects Suppression,2022,European Conference on Computer Vision,188,Yeying Jin;Wenhan Yang;R. Tan,"[{""author"":{""id"":""2141507823"",""display_name"":""Yeying Jin""},""institutions"":[]},{""author"":{""id"":""1898172"",""display_name"":""Wenhan Yang""},""institutions"":[]},{""author"":{""id"":""1726720"",""display_name"":""R. Tan""},""institutions"":[]}]"
8bb4324c831a80f113b4316f3fa0b146c54c741c,10.1109/TNNLS.2022.3190880,DRLIE: Flexible Low-Light Image Enhancement via Disentangled Representations,2022,IEEE Transactions on Neural Networks and Learning Systems,30,Linfeng Tang;Jiayi Ma;Hao Zhang;Xiaojie Guo,"[{""author"":{""id"":""2153720741"",""display_name"":""Linfeng Tang""},""institutions"":[]},{""author"":{""id"":""8555475"",""display_name"":""Jiayi Ma""},""institutions"":[]},{""author"":{""id"":null,""display_name"":""Hao Zhang""},""institutions"":[]},{""author"":{""id"":""33465926"",""display_name"":""Xiaojie Guo""},""institutions"":[]}]"
f25148c5cb6266a147706c5e1ead6b2785472a95,10.1007/s11760-023-02850-2,KinD-LCE: curve estimation and Retinex Fusion on low-light image,2022,"Signal, Image and Video Processing",4,Xiaochun Lei;Junlin Xie;Zetao Jiang;W. Mai;Zhaoting Gong;Chang Lu;Linjun Lu;Ziqi Shan,"[{""author"":{""id"":""2072811844"",""display_name"":""Xiaochun Lei""},""institutions"":[]},{""author"":{""id"":""2109935984"",""display_name"":""Junlin Xie""},""institutions"":[]},{""author"":{""id"":""8324588"",""display_name"":""Zetao Jiang""},""institutions"":[]},{""author"":{""id"":""114913938"",""display_name"":""W. Mai""},""institutions"":[]},{""author"":{""id"":""2165478115"",""display_name"":""Zhaoting Gong""},""institutions"":[]},{""author"":{""id"":""2149468656"",""display_name"":""Chang Lu""},""institutions"":[]},{""author"":{""id"":""18840047"",""display_name"":""Linjun Lu""},""institutions"":[]},{""author"":{""id"":""2176866256"",""display_name"":""Ziqi Shan""},""institutions"":[]}]"
e64440b53317fa8b5b800f238d500d586ae5e17f,10.48550/arXiv.2207.01797,Deep Parametric 3D Filters for Joint Video Denoising and Illumination Enhancement in Video Super Resolution,2022,AAAI Conference on Artificial Intelligence,16,Xiaogang Xu;Ruixing Wang;Chi-Wing Fu;Jiaya Jia,"[{""author"":{""id"":""2027354611"",""display_name"":""Xiaogang Xu""},""institutions"":[]},{""author"":{""id"":""2108666491"",""display_name"":""Ruixing Wang""},""institutions"":[]},{""author"":{""id"":""144856288"",""display_name"":""Chi-Wing Fu""},""institutions"":[]},{""author"":{""id"":""1729056"",""display_name"":""Jiaya Jia""},""institutions"":[]}]"
7df78b66f9f07b5985f1eba23442db0d9b49a671,10.1117/1.JEI.31.4.043050,Fractal pyramid low-light image enhancement network with illumination information,2022,J. Electronic Imaging,2,Ting Sun;Guodong Fan;Min Gan,"[{""author"":{""id"":""144395946"",""display_name"":""Ting Sun""},""institutions"":[]},{""author"":{""id"":""2093184672"",""display_name"":""Guodong Fan""},""institutions"":[]},{""author"":{""id"":""2024537593"",""display_name"":""Min Gan""},""institutions"":[]}]"
c1890fda11e05f3eaea539e069b3c6cf678e5004,10.24963/ijcai.2022/245,Hierarchical Bilevel Learning with Architecture and Loss Search for Hadamard-based Image Restoration,2022,International Joint Conference on Artificial Intelligence,5,Guijing Zhu;Long Ma;Xin Fan;Risheng Liu,"[{""author"":{""id"":""2153724721"",""display_name"":""Guijing Zhu""},""institutions"":[]},{""author"":{""id"":""1732160"",""display_name"":""Long Ma""},""institutions"":[]},{""author"":{""id"":""144309189"",""display_name"":""Xin Fan""},""institutions"":[]},{""author"":{""id"":""34469457"",""display_name"":""Risheng Liu""},""institutions"":[]}]"
ed47dac3380bd78dd710802b4c26218552672e3e,10.1117/12.2639474,Multi-scale low-light image enhancement by fusing dense residual blocks,2022,Other Conferences,0,Ting Sun;Lingling Fu;Yuanbo Tan,"[{""author"":{""id"":""2113204269"",""display_name"":""Ting Sun""},""institutions"":[]},{""author"":{""id"":""2175354696"",""display_name"":""Lingling Fu""},""institutions"":[]},{""author"":{""id"":""2004222234"",""display_name"":""Yuanbo Tan""},""institutions"":[]}]"
bb4d60647e9be65b18ebddb8a67298fa12a34d1e,10.1049/ipr2.12571,Attention-based multi-channel feature fusion enhancement network to process low-light images,2022,IET Image Processing,3,Xintao Xu;Jinjiang Li;Zhen Hua;Linwei Fan,"[{""author"":{""id"":""47158580"",""display_name"":""Xintao Xu""},""institutions"":[]},{""author"":{""id"":""2555126"",""display_name"":""Jinjiang Li""},""institutions"":[]},{""author"":{""id"":""144278699"",""display_name"":""Zhen Hua""},""institutions"":[]},{""author"":{""id"":""31431421"",""display_name"":""Linwei Fan""},""institutions"":[]}]"
06209a3580874a97ac930adbfe9eb2b62bcf4766,10.1109/ICRAS55217.2022.9842021,Joint Contrast Enhancement and Noise Suppression of Low-light Images Via Deep Learning,2022,2022 6th International Conference on Robotics and Automation Sciences (ICRAS),1,Yuan Gao;Yijie Zheng;Jianlong Su;Mengwei Bao,"[{""author"":{""id"":""2118635326"",""display_name"":""Yuan Gao""},""institutions"":[]},{""author"":{""id"":""2164842755"",""display_name"":""Yijie Zheng""},""institutions"":[]},{""author"":{""id"":""2176165956"",""display_name"":""Jianlong Su""},""institutions"":[]},{""author"":{""id"":""2180418293"",""display_name"":""Mengwei Bao""},""institutions"":[]}]"
a73a84c642bcc126e3a91942716695a98826a86e,10.48550/arXiv.2206.01334,Long Scale Error Control in Low Light Image and Video Enhancement Using Equivariance,2022,arXiv.org,5,Sara Aghajanzadeh;David A. Forsyth,"[{""author"":{""id"":""94297661"",""display_name"":""Sara Aghajanzadeh""},""institutions"":[]},{""author"":{""id"":""121068894"",""display_name"":""David A. Forsyth""},""institutions"":[]}]"
52373fbe5accece0f72b8e28f52a0dda7513e70d,10.1088/1742-6596/2281/1/012017,Low-light Image Enhancement Algorithm Based on Exposure Prediction and Hybrid Feature Weighted Fusion Strategy,2022,"Journal of Physics, Conference Series",1,Yanming Hui;Jue Wang;Yingyi Shi;Bo Li,"[{""author"":{""id"":""2172174907"",""display_name"":""Yanming Hui""},""institutions"":[]},{""author"":{""id"":""2109763930"",""display_name"":""Jue Wang""},""institutions"":[]},{""author"":{""id"":""30878206"",""display_name"":""Yingyi Shi""},""institutions"":[]},{""author"":{""id"":""2155883252"",""display_name"":""Bo Li""},""institutions"":[]}]"
9734317bec70f0c887792ebf0d4651a6e9ac9065,10.1109/CVPR52688.2022.01232,Optimal LED Spectral Multiplexing for NIR2RGB Translation,2022,Computer Vision and Pattern Recognition,5,Lei Liu;Yuze Chen;Junchi Yan;Yinqiang Zheng,"[{""author"":{""id"":""2152043755"",""display_name"":""Lei Liu""},""institutions"":[]},{""author"":{""id"":""2109199867"",""display_name"":""Yuze Chen""},""institutions"":[]},{""author"":{""id"":""3063894"",""display_name"":""Junchi Yan""},""institutions"":[]},{""author"":{""id"":""2037259"",""display_name"":""Yinqiang Zheng""},""institutions"":[]}]"
e44f4b12e68bdce691a779993ff6bc386e514dad,10.1117/12.2623046,Algorithm for creating a single image of the cutting machine processing field and automated object detection when cutting parts,2022,Defense + Commercial Sensing,0,E. Semenishchev;S. Agaian;A. Zelensky;Dmitry Orlov;Marina Zdanova;V. Voronin,"[{""author"":{""id"":""51504102"",""display_name"":""E. Semenishchev""},""institutions"":[]},{""author"":{""id"":""8973902"",""display_name"":""S. Agaian""},""institutions"":[]},{""author"":{""id"":""51477368"",""display_name"":""A. Zelensky""},""institutions"":[]},{""author"":{""id"":""2060117873"",""display_name"":""Dmitry Orlov""},""institutions"":[]},{""author"":{""id"":""121378960"",""display_name"":""Marina Zdanova""},""institutions"":[]},{""author"":{""id"":""51162043"",""display_name"":""V. Voronin""},""institutions"":[]}]"
312a2b9a9a2b11fb87f9d83958ab23adfd158f1d,10.1117/1.JEI.31.4.041213,Diverse image enhancer for complex underexposed image,2022,J. Electronic Imaging,31,Ziaur Rahman;Zafar Ali;Inayat Khan;M. I. Uddin;Yurong Guan;Zhihua Hu,"[{""author"":{""id"":""2067838715"",""display_name"":""Ziaur Rahman""},""institutions"":[]},{""author"":{""id"":""2143648228"",""display_name"":""Zafar Ali""},""institutions"":[]},{""author"":{""id"":""2151457788"",""display_name"":""Inayat Khan""},""institutions"":[]},{""author"":{""id"":""1717097509"",""display_name"":""M. I. Uddin""},""institutions"":[]},{""author"":{""id"":""2069570743"",""display_name"":""Yurong Guan""},""institutions"":[]},{""author"":{""id"":""2111296949"",""display_name"":""Zhihua Hu""},""institutions"":[]}]"
a0bd9b23713ed53bc63adab678be2c165a1358f5,,You Only Need 90K Parameters to Adapt Light: a Light Weight Transformer for Image Enhancement and Exposure Correction,2022,British Machine Vision Conference,300,Ziteng Cui;Kunchang Li;Lin Gu;Sheng Su;Peng Gao;Zhengkai Jiang;Y. Qiao;Tatsuya Harada,"[{""author"":{""id"":""2152101108"",""display_name"":""Ziteng Cui""},""institutions"":[]},{""author"":{""id"":""2115468491"",""display_name"":""Kunchang Li""},""institutions"":[]},{""author"":{""id"":""151484085"",""display_name"":""Lin Gu""},""institutions"":[]},{""author"":{""id"":""2066629681"",""display_name"":""Sheng Su""},""institutions"":[]},{""author"":{""id"":""144740494"",""display_name"":""Peng Gao""},""institutions"":[]},{""author"":{""id"":""50676465"",""display_name"":""Zhengkai Jiang""},""institutions"":[]},{""author"":{""id"":""2059129841"",""display_name"":""Y. Qiao""},""institutions"":[]},{""author"":{""id"":""2147394803"",""display_name"":""Tatsuya Harada""},""institutions"":[]}]"
adc4675e0b10bf8eb983aadf3cb0965a83c91af8,10.1016/j.patcog.2022.109249,TreEnhance: A tree search method for low-light image enhancement,2022,Pattern Recognition,39,Marco Cotogni;C. Cusano,"[{""author"":{""id"":""1885493"",""display_name"":""Marco Cotogni""},""institutions"":[]},{""author"":{""id"":""1686808"",""display_name"":""C. Cusano""},""institutions"":[]}]"
38957f326545d3c24cb04c84c27c69e6aa0ff2a3,10.48550/arXiv.2205.08615,Towards Robust Low Light Image Enhancement,2022,arXiv.org,2,Sara Aghajanzadeh;David A. Forsyth,"[{""author"":{""id"":""94297661"",""display_name"":""Sara Aghajanzadeh""},""institutions"":[]},{""author"":{""id"":""121068894"",""display_name"":""David A. Forsyth""},""institutions"":[]}]"
4fb310163e2486690c60c6c4ab863c0da26ad2fc,10.3390/s22103667,Super-Pixel Guided Low-Light Images Enhancement with Features Restoration,2022,Italian National Conference on Sensors,5,Xiaoming Liu;Yan Yang;Yuanhong Zhong;Dong Xiong;Zhiyong Huang,"[{""author"":{""id"":""2111120293"",""display_name"":""Xiaoming Liu""},""institutions"":[]},{""author"":{""id"":""2108849557"",""display_name"":""Yan Yang""},""institutions"":[]},{""author"":{""id"":""47240328"",""display_name"":""Yuanhong Zhong""},""institutions"":[]},{""author"":{""id"":""2064884724"",""display_name"":""Dong Xiong""},""institutions"":[]},{""author"":{""id"":""2156500367"",""display_name"":""Zhiyong Huang""},""institutions"":[]}]"
4deeb0b3078d0fb2145bd146869df0a018f9ac11,10.1117/1.JEI.31.3.033013,SIHRNet: a fully convolutional network for single image highlight removal with a real-world dataset,2022,J. Electronic Imaging,5,Xucheng Wang;Chenning Tao;X. Tao;Zhenrong Zheng,"[{""author"":{""id"":""2312415418"",""display_name"":""Xucheng Wang""},""institutions"":[]},{""author"":{""id"":""103477948"",""display_name"":""Chenning Tao""},""institutions"":[]},{""author"":{""id"":""145834668"",""display_name"":""X. Tao""},""institutions"":[]},{""author"":{""id"":""34792302"",""display_name"":""Zhenrong Zheng""},""institutions"":[]}]"
e57991f9ab598a2568bcc34c67d464af47168de3,10.1109/ICAECT54875.2022.9808011,Improving the Accuracy of Object Detection in Low Light Conditions using Multiple Retinex Theory-based Image Enhancement Algorithms,2022,"2022 Second International Conference on Advances in Electrical, Computing, Communication and Sustainable Technologies (ICAECT)",12,Aaryan Agrawal;Namrata Jadhav;Ayush Gaur;Shiwani Jeswani;Abhay Kshirsagar,"[{""author"":{""id"":""2153760430"",""display_name"":""Aaryan Agrawal""},""institutions"":[]},{""author"":{""id"":""2066002310"",""display_name"":""Namrata Jadhav""},""institutions"":[]},{""author"":{""id"":""2164778908"",""display_name"":""Ayush Gaur""},""institutions"":[]},{""author"":{""id"":""2174391434"",""display_name"":""Shiwani Jeswani""},""institutions"":[]},{""author"":{""id"":""50789368"",""display_name"":""Abhay Kshirsagar""},""institutions"":[]}]"
a4a036206e928c39946c0dd600f747434b9d8df2,10.1371/journal.pone.0282674,Semi-supervised atmospheric component learning in low-light image problem,2022,PLoS ONE,6,Masud An Nur Islam Fahim;Nazmus Saqib;H. Jung,"[{""author"":{""id"":""20934220"",""display_name"":""Masud An Nur Islam Fahim""},""institutions"":[]},{""author"":{""id"":""2008191597"",""display_name"":""Nazmus Saqib""},""institutions"":[]},{""author"":{""id"":""1915287313"",""display_name"":""H. Jung""},""institutions"":[]}]"
46fd372ed9c3df70d806bb1f9504cb7ce799ad8e,10.1109/ICSP54964.2022.9778650,NRNet: Retinex Decomposition with Realistic Noise,2022,International Conference on the Software Process,2,Liye Song;Jindan Yang;Li Li;Jishen Peng,"[{""author"":{""id"":""19198244"",""display_name"":""Liye Song""},""institutions"":[]},{""author"":{""id"":""2166449993"",""display_name"":""Jindan Yang""},""institutions"":[]},{""author"":{""id"":""2166286078"",""display_name"":""Li Li""},""institutions"":[]},{""author"":{""id"":""153179279"",""display_name"":""Jishen Peng""},""institutions"":[]}]"
99ea0553cdc5b1b74a421f50a72006569463d8a0,10.48550/arXiv.2204.01795,Lightweight HDR Camera ISP for Robust Perception in Dynamic Illumination Conditions via Fourier Adversarial Networks,2022,British Machine Vision Conference,10,Pranjay Shyam;S. S. Sengar;Kuk-Jin Yoon;Kyung-soo Kim,"[{""author"":{""id"":""1924559935"",""display_name"":""Pranjay Shyam""},""institutions"":[]},{""author"":{""id"":""5294077"",""display_name"":""S. S. Sengar""},""institutions"":[]},{""author"":{""id"":""51182421"",""display_name"":""Kuk-Jin Yoon""},""institutions"":[]},{""author"":{""id"":""2109327860"",""display_name"":""Kyung-soo Kim""},""institutions"":[]}]"
ace1a6b59b6e7d0579b778757a56f95d9d0a34c6,10.1016/j.cag.2022.04.002,Combining attention mechanism and Retinex model to enhance low-light images,2022,Computers & graphics,10,Yong Wang;Jin Chen;Yujuan Han;Duoqian Miao,"[{""author"":{""id"":""2157288214"",""display_name"":""Yong Wang""},""institutions"":[]},{""author"":{""id"":""2108458965"",""display_name"":""Jin Chen""},""institutions"":[]},{""author"":{""id"":""2112896698"",""display_name"":""Yujuan Han""},""institutions"":[]},{""author"":{""id"":""145166399"",""display_name"":""Duoqian Miao""},""institutions"":[]}]"
5b1e8d6217d8cd580e1aeb5fef03391642ed5058,10.1088/1742-6596/2258/1/012003,Interactive and Fast Low-Light Image Enhancement Algo-rithm and Application,2022,"Journal of Physics, Conference Series",0,Yang-Bo Shi;Xiaopo Wu;Ming Zhu,"[{""author"":{""id"":""103615575"",""display_name"":""Yang-Bo Shi""},""institutions"":[]},{""author"":{""id"":""2107999270"",""display_name"":""Xiaopo Wu""},""institutions"":[]},{""author"":{""id"":""143821153"",""display_name"":""Ming Zhu""},""institutions"":[]}]"
5e0002dd64849265e97b424c06d19972dee81575,10.1117/1.OE.61.4.040901,Low-light image enhancement based on deep learning: a survey,2022,Optical Engineering: The Journal of SPIE,32,Yong Wang;Wenjie Xie;Hongqi Liu,"[{""author"":{""id"":""2153954532"",""display_name"":""Yong Wang""},""institutions"":[]},{""author"":{""id"":""2113722134"",""display_name"":""Wenjie Xie""},""institutions"":[]},{""author"":{""id"":""2155225739"",""display_name"":""Hongqi Liu""},""institutions"":[]}]"
d694e3145d796f814a7ea28a1194f86c67bbada4,10.1007/s00530-022-00913-x,Exemplar-guided low-light image enhancement,2022,Multimedia Systems,2,Yang-Bo Shi;Xiaopo Wu;Binquan Wang;Ming Zhu,"[{""author"":{""id"":""103615575"",""display_name"":""Yang-Bo Shi""},""institutions"":[]},{""author"":{""id"":""2107999270"",""display_name"":""Xiaopo Wu""},""institutions"":[]},{""author"":{""id"":""46270252"",""display_name"":""Binquan Wang""},""institutions"":[]},{""author"":{""id"":""2152183919"",""display_name"":""Ming Zhu""},""institutions"":[]}]"
e99b75a8f607feade9cf820f2fa645a10a6f9063,10.48550/arXiv.2203.04889,Low-light Image and Video Enhancement via Selective Manipulation of Chromaticity,2022,arXiv.org,0,Sumit Shekhar;M. Reimann;Amir Semmo;S. Pasewaldt;J. Dollner;Matthias Trapp,"[{""author"":{""id"":""35223379"",""display_name"":""Sumit Shekhar""},""institutions"":[]},{""author"":{""id"":""51151622"",""display_name"":""M. Reimann""},""institutions"":[]},{""author"":{""id"":""2961653"",""display_name"":""Amir Semmo""},""institutions"":[]},{""author"":{""id"":""2343715"",""display_name"":""S. Pasewaldt""},""institutions"":[]},{""author"":{""id"":""150142805"",""display_name"":""J. Dollner""},""institutions"":[]},{""author"":{""id"":""3008227"",""display_name"":""Matthias Trapp""},""institutions"":[]}]"
badaa1e63db1e7581ace5891199d4b8c25043279,10.1145/3495258,Deep Illumination-Enhanced Face Super-Resolution Network for Low-Light Images,2022,ACM Trans. Multim. Comput. Commun. Appl.,26,Kehua Guo;Min Hu;Sheng Ren;Fangfang Li;Jian Zhang;Haifu Guo;Xiaoyan Kui,"[{""author"":{""id"":""1808299"",""display_name"":""Kehua Guo""},""institutions"":[]},{""author"":{""id"":""2093566373"",""display_name"":""Min Hu""},""institutions"":[]},{""author"":{""id"":""2075290131"",""display_name"":""Sheng Ren""},""institutions"":[]},{""author"":{""id"":""2146330227"",""display_name"":""Fangfang Li""},""institutions"":[]},{""author"":{""id"":""2155127340"",""display_name"":""Jian Zhang""},""institutions"":[]},{""author"":{""id"":""2110878108"",""display_name"":""Haifu Guo""},""institutions"":[]},{""author"":{""id"":""2157632957"",""display_name"":""Xiaoyan Kui""},""institutions"":[]}]"
e0e0245a316263915ccd9e53eaa9c0d5be181ac1,10.3389/fnbot.2022.837208,Attention-Guided Multi-Scale Feature Fusion Network for Low-Light Image Enhancement,2022,Frontiers in Neurorobotics,14,He Cui;Jinjiang Li;Zhen Hua;Linwei Fan,"[{""author"":{""id"":""2152200853"",""display_name"":""He Cui""},""institutions"":[]},{""author"":{""id"":""2555126"",""display_name"":""Jinjiang Li""},""institutions"":[]},{""author"":{""id"":""144278699"",""display_name"":""Zhen Hua""},""institutions"":[]},{""author"":{""id"":""31431421"",""display_name"":""Linwei Fan""},""institutions"":[]}]"
9ff56ca80cc8108cc0324ce4c03368ebf0f986b4,10.1109/ICNLP55136.2022.00027,A Self-regularized Low-light Image Enhancement Based on the Brightness Information,2022,ICON,3,Weihua Liu;Yansong Xue;Yao Tang;Aijing Sun,"[{""author"":{""id"":""2144380729"",""display_name"":""Weihua Liu""},""institutions"":[]},{""author"":{""id"":""2380459782"",""display_name"":""Yansong Xue""},""institutions"":[]},{""author"":{""id"":""2185612200"",""display_name"":""Yao Tang""},""institutions"":[]},{""author"":{""id"":""2185500162"",""display_name"":""Aijing Sun""},""institutions"":[]}]"
636a4a220efd62d78095aca373e16a97432d1277,10.1145/3529836.3529927,Reparameterizing Residual Unit for Real-time Maritime Low-light image Enhancement,2022,International Conference on Machine Learning and Computing,1,Zonglin Li,"[{""author"":{""id"":""2296404"",""display_name"":""Zonglin Li""},""institutions"":[]}]"
a65b53e8d98b2f3b89d406c5f4be9e17ec649f2b,10.1145/3529836.3529909,Attention-guided Multiple Receptive Field Residual Block for Single Low-light Image Enhancement,2022,International Conference on Machine Learning and Computing,0,Wen-Zheng Xu;Haibo Wan;Xue Li,"[{""author"":{""id"":""2152922116"",""display_name"":""Wen-Zheng Xu""},""institutions"":[]},{""author"":{""id"":""2304315118"",""display_name"":""Haibo Wan""},""institutions"":[]},{""author"":{""id"":""2116384005"",""display_name"":""Xue Li""},""institutions"":[]}]"
66c42ddcbe1318deb1c68ac6fbb97b91e308b0e6,10.1145/3529836.3529919,Deep-learning Based Denoising and Enhancement in Video Image of Approach Channel,2022,International Conference on Machine Learning and Computing,0,Han Jiao;Peng Yuan;Jiao Liu;Xujie Ren;Jufu Zhang,"[{""author"":{""id"":""2070114689"",""display_name"":""Han Jiao""},""institutions"":[]},{""author"":{""id"":""2069400058"",""display_name"":""Peng Yuan""},""institutions"":[]},{""author"":{""id"":""2244576570"",""display_name"":""Jiao Liu""},""institutions"":[]},{""author"":{""id"":""2087673915"",""display_name"":""Xujie Ren""},""institutions"":[]},{""author"":{""id"":""26504826"",""display_name"":""Jufu Zhang""},""institutions"":[]}]"
7e0e9863a91e6de1a0b9497a18f25ed9c8dd18c6,10.1007/s00371-022-02402-8,FLA-Net: multi-stage modular network for low-light image enhancement,2022,The Visual Computer,20,Nana Yu;Jinjiang Li;Zhen Hua,"[{""author"":{""id"":""2010378588"",""display_name"":""Nana Yu""},""institutions"":[]},{""author"":{""id"":""2555126"",""display_name"":""Jinjiang Li""},""institutions"":[]},{""author"":{""id"":""144278699"",""display_name"":""Zhen Hua""},""institutions"":[]}]"
8411b32a2df053414d381c8c6c4ba5591e7a7006,10.1109/TNNLS.2023.3289626,Low-Light Image Enhancement by Retinex-Based Algorithm Unrolling and Adjustment,2022,IEEE Transactions on Neural Networks and Learning Systems,79,Xinyi Liu;Qi Xie;Qian Zhao;Hong Qang;Deyu Meng,"[{""author"":{""id"":""100683845"",""display_name"":""Xinyi Liu""},""institutions"":[]},{""author"":{""id"":""2055457999"",""display_name"":""Qi Xie""},""institutions"":[]},{""author"":{""id"":""46317290"",""display_name"":""Qian Zhao""},""institutions"":[]},{""author"":{""id"":""2154421497"",""display_name"":""Hong Qang""},""institutions"":[]},{""author"":{""id"":""1803714"",""display_name"":""Deyu Meng""},""institutions"":[]}]"
be3b1b0a2eeddba876580da707105820782672f1,10.1007/978-3-031-20068-7_33,LEDNet: Joint Low-light Enhancement and Deblurring in the Dark,2022,European Conference on Computer Vision,245,Shangchen Zhou;Chongyi Li;Chen Change Loy,"[{""author"":{""id"":""7523259"",""display_name"":""Shangchen Zhou""},""institutions"":[]},{""author"":{""id"":""2698424"",""display_name"":""Chongyi Li""},""institutions"":[]},{""author"":{""id"":""1717179"",""display_name"":""Chen Change Loy""},""institutions"":[]}]"
81dafff94bd1bd5c714a2cc46705dec6255f09ad,10.1109/ACCESS.2023.3292114,Quality Assessment of Low-Light Restored Images: A Subjective Study and an Unsupervised Model,2022,IEEE Access,4,V. Kannan;Sameer Malik;Nithin C Babu;R. Soundararajan,"[{""author"":{""id"":""71251079"",""display_name"":""V. Kannan""},""institutions"":[]},{""author"":{""id"":""2000484626"",""display_name"":""Sameer Malik""},""institutions"":[]},{""author"":{""id"":""2204851002"",""display_name"":""Nithin C Babu""},""institutions"":[]},{""author"":{""id"":""2510315"",""display_name"":""R. Soundararajan""},""institutions"":[]}]"
55a83f888f3652939846367dee47a27e02f6c0d6,10.1016/j.patcog.2022.108580,Deep face recognition for dim images,2022,Pattern Recognition,35,Yu-Hsuan Huang;Homer H. Chen,"[{""author"":{""id"":""34847043"",""display_name"":""Yu-Hsuan Huang""},""institutions"":[]},{""author"":{""id"":""144734955"",""display_name"":""Homer H. Chen""},""institutions"":[]}]"
339bf5d1ac299ffd0c2a7ce7fff8cb481489b30e,10.1007/s11760-021-02093-z,Low-light image enhancement based on normal-light image degradation,2022,"Signal, Image and Video Processing",6,Bai Zhao;Xiaoling Gong;Jian Wang;Lingchao Zhao,"[{""author"":{""id"":""2138171954"",""display_name"":""Bai Zhao""},""institutions"":[]},{""author"":{""id"":""49832330"",""display_name"":""Xiaoling Gong""},""institutions"":[]},{""author"":{""id"":""2152765441"",""display_name"":""Jian Wang""},""institutions"":[]},{""author"":{""id"":""2146089755"",""display_name"":""Lingchao Zhao""},""institutions"":[]}]"
d0b3a4d841a37e326ff5c48438d95644b7d4cd73,10.1109/TCYB.2021.3140202,Deep Perceptual Image Enhancement Network for Exposure Restoration,2022,IEEE Transactions on Cybernetics,23,K. Panetta;Shreyas Kamath K. M.;S. P. Rao;S. Agaian,"[{""author"":{""id"":""1693757"",""display_name"":""K. Panetta""},""institutions"":[]},{""author"":{""id"":""2220170311"",""display_name"":""Shreyas Kamath K. M.""},""institutions"":[]},{""author"":{""id"":""145983446"",""display_name"":""S. P. Rao""},""institutions"":[]},{""author"":{""id"":""8973902"",""display_name"":""S. Agaian""},""institutions"":[]}]"
ac394ec14017a81e3ddfcfbd518d9bcf7d376f45,,Linear Array Network for Low-light Image Enhancement,2022,arXiv.org,6,Keqi Wang;Ziteng Cui;G. Wu;Zhuang Yin;Yuhua Qian,"[{""author"":{""id"":""2124619255"",""display_name"":""Keqi Wang""},""institutions"":[]},{""author"":{""id"":""2152101108"",""display_name"":""Ziteng Cui""},""institutions"":[]},{""author"":{""id"":""144395124"",""display_name"":""G. Wu""},""institutions"":[]},{""author"":{""id"":""2212680255"",""display_name"":""Zhuang Yin""},""institutions"":[]},{""author"":{""id"":""2087074282"",""display_name"":""Yuhua Qian""},""institutions"":[]}]"
c5621a1dda6bf4da9da0572cd5752346d4ffb9f7,10.1145/3517077.3517087,Multi-scale Deep Curve Estimation for Low-light Image Enhancement,2022,International Conference on Multimedia and Image Processing,0,Xin Zhang;Xia Wang;Gangcheng Jiao;Ye Yang;Hongchang Cheng;Bo Yan,"[{""author"":{""id"":""2149174373"",""display_name"":""Xin Zhang""},""institutions"":[]},{""author"":{""id"":""2108224422"",""display_name"":""Xia Wang""},""institutions"":[]},{""author"":{""id"":""2058180863"",""display_name"":""Gangcheng Jiao""},""institutions"":[]},{""author"":{""id"":""2116730046"",""display_name"":""Ye Yang""},""institutions"":[]},{""author"":{""id"":""30749027"",""display_name"":""Hongchang Cheng""},""institutions"":[]},{""author"":{""id"":""2075431604"",""display_name"":""Bo Yan""},""institutions"":[]}]"
80b7aed63bf99bb52b309c054f8271acae056052,10.1007/s00521-021-06836-4,Low-light image enhancement network with decomposition and adaptive information fusion,2022,Neural computing & applications (Print),12,Hegui Zhu;Kai Wang;Ziwei Zhang;Yuelin Liu;Wuming Jiang,"[{""author"":{""id"":""2117693876"",""display_name"":""Hegui Zhu""},""institutions"":[]},{""author"":{""id"":""37833805"",""display_name"":""Kai Wang""},""institutions"":[]},{""author"":{""id"":""48806258"",""display_name"":""Ziwei Zhang""},""institutions"":[]},{""author"":{""id"":""2119035218"",""display_name"":""Yuelin Liu""},""institutions"":[]},{""author"":{""id"":""2116857011"",""display_name"":""Wuming Jiang""},""institutions"":[]}]"
8897a6bd835c8254b5acad5ecd5fd68babd83a9b,10.1109/ICCE53296.2022.9730551,Simultaneous Brightness and Contrast Enhancement Using Derived Inputs and Residual Squeeze Network,2022,IEEE International Conference on Consumer Electronics,0,Sangjae Ahn;Joongchol Shin;Heunseung Lim;Hayoon Kim;J. Paik,"[{""author"":{""id"":""2159005227"",""display_name"":""Sangjae Ahn""},""institutions"":[]},{""author"":{""id"":""66442217"",""display_name"":""Joongchol Shin""},""institutions"":[]},{""author"":{""id"":""66440069"",""display_name"":""Heunseung Lim""},""institutions"":[]},{""author"":{""id"":""2109594074"",""display_name"":""Hayoon Kim""},""institutions"":[]},{""author"":{""id"":""144155678"",""display_name"":""J. Paik""},""institutions"":[]}]"
3337cadc962fefd09344ed90a44cf30951841fa7,10.1109/TIP.2022.3140610,Towards Low Light Enhancement With RAW Images,2021,IEEE Transactions on Image Processing,82,Haofeng Huang;Wenhan Yang;Yueyu Hu;Jiaying Liu;Ling-yu Duan,"[{""author"":{""id"":""48186372"",""display_name"":""Haofeng Huang""},""institutions"":[]},{""author"":{""id"":""1898172"",""display_name"":""Wenhan Yang""},""institutions"":[]},{""author"":{""id"":""9956463"",""display_name"":""Yueyu Hu""},""institutions"":[]},{""author"":{""id"":""41127426"",""display_name"":""Jiaying Liu""},""institutions"":[]},{""author"":{""id"":""7667912"",""display_name"":""Ling-yu Duan""},""institutions"":[]}]"
02465bd3a371cd40a8d13eda92f9e97f8adeb25b,10.1007/s00371-023-02769-2,Invertible network for unpaired low-light image enhancement,2021,The Visual Computer,10,Jize Zhang;Haolin Wang;Xiaohe Wu;W. Zuo,"[{""author"":{""id"":""2107967251"",""display_name"":""Jize Zhang""},""institutions"":[]},{""author"":{""id"":""2264450769"",""display_name"":""Haolin Wang""},""institutions"":[]},{""author"":{""id"":""39637222"",""display_name"":""Xiaohe Wu""},""institutions"":[]},{""author"":{""id"":""1724520"",""display_name"":""W. Zuo""},""institutions"":[]}]"
06218b57a3f5ea5bbf2f634387c973c0b04bb9b5,,Attention based Broadly Self-guided Network for Low light Image Enhancement,2021,arXiv.org,1,Zilong Chen;Yaling Liang;Minghui Du,"[{""author"":{""id"":""2117098500"",""display_name"":""Zilong Chen""},""institutions"":[]},{""author"":{""id"":""9260001"",""display_name"":""Yaling Liang""},""institutions"":[]},{""author"":{""id"":""31866339"",""display_name"":""Minghui Du""},""institutions"":[]}]"
ea5d05313d1dc354191518dcf0a39f784857d800,10.1117/12.2625322,Research on the application of low-light enhancement methods in radiographic inspection pretreatment,2021,Other Conferences,1,Xinyuan Lin;Haining Liu;F. Zhao;Yan Sun,"[{""author"":{""id"":""51093474"",""display_name"":""Xinyuan Lin""},""institutions"":[]},{""author"":{""id"":""2379257967"",""display_name"":""Haining Liu""},""institutions"":[]},{""author"":{""id"":""2152340469"",""display_name"":""F. Zhao""},""institutions"":[]},{""author"":{""id"":""2152598061"",""display_name"":""Yan Sun""},""institutions"":[]}]"
f4ebeb3e9186a1686485b7e1d1320a3760302c6c,,Snapshot HDR Video Construction Using Coded Mask,2021,arXiv.org,0,Masheal Alghamdi;Qiang Fu;Ali K. Thabet;W. Heidrich,"[{""author"":{""id"":""113377683"",""display_name"":""Masheal Alghamdi""},""institutions"":[]},{""author"":{""id"":""2113771721"",""display_name"":""Qiang Fu""},""institutions"":[]},{""author"":{""id"":""35869086"",""display_name"":""Ali K. Thabet""},""institutions"":[]},{""author"":{""id"":""1752192"",""display_name"":""W. Heidrich""},""institutions"":[]}]"
f801cac0a33d27e0090f3f86e4bbde913bdc8b2c,10.1016/J.SIGPRO.2021.108280,Single low-light image enhancer using Taylor expansion and fully dynamic convolution,2021,Signal Processing,13,Chenggang Dai;Z. Guan;Ming-xing Lin,"[{""author"":{""id"":""153566066"",""display_name"":""Chenggang Dai""},""institutions"":[]},{""author"":{""id"":""46731399"",""display_name"":""Z. Guan""},""institutions"":[]},{""author"":{""id"":""7827836"",""display_name"":""Ming-xing Lin""},""institutions"":[]}]"
14639e07771c0ade381b0e2c9ce26eba98ee48a4,10.1016/J.SIGPRO.2021.108279,An effective decomposition-enhancement method to restore light field images captured in the dark,2021,Signal Processing,30,Shansi Zhang;E. Lam,"[{""author"":{""id"":""2116577885"",""display_name"":""Shansi Zhang""},""institutions"":[]},{""author"":{""id"":""1725389"",""display_name"":""E. Lam""},""institutions"":[]}]"
29a0d3b40d2bf476c87e683c0cbf900118a72cbc,10.1145/3469877.3497691,Dedark+Detection: A Hybrid Scheme for Object Detection under Low-light Surveillance,2021,ACM Multimedia Asia,3,Xiaolei Luo;S. Xiang;Yingfeng Wang;Qiong Liu;You Yang;Kejun Wu,"[{""author"":{""id"":""2202631031"",""display_name"":""Xiaolei Luo""},""institutions"":[]},{""author"":{""id"":""35533565"",""display_name"":""S. Xiang""},""institutions"":[]},{""author"":{""id"":""2269704838"",""display_name"":""Yingfeng Wang""},""institutions"":[]},{""author"":{""id"":""47362438"",""display_name"":""Qiong Liu""},""institutions"":[]},{""author"":{""id"":""47796278"",""display_name"":""You Yang""},""institutions"":[]},{""author"":{""id"":""2109009499"",""display_name"":""Kejun Wu""},""institutions"":[]}]"
ab51965f2c74df14fb8a5cdd920138720c24577f,10.3390/mi12121458,Progressive Two-Stage Network for Low-Light Image Enhancement,2021,Micromachines,3,Yanpeng Sun;Zhanyou Chang;Yong Zhao;Zhen Hua;Sirui Li,"[{""author"":{""id"":""3235703"",""display_name"":""Yanpeng Sun""},""institutions"":[]},{""author"":{""id"":""2146468674"",""display_name"":""Zhanyou Chang""},""institutions"":[]},{""author"":{""id"":""2151270267"",""display_name"":""Yong Zhao""},""institutions"":[]},{""author"":{""id"":""144278699"",""display_name"":""Zhen Hua""},""institutions"":[]},{""author"":{""id"":""2143204577"",""display_name"":""Sirui Li""},""institutions"":[]}]"
1215a49a50fcb7ca2f2518b246e4b65dd93c5b7f,10.1109/TPAMI.2021.3130302,Optical Flow in the Dark,2021,IEEE Transactions on Pattern Analysis and Machine Intelligence,2,Mingfang Zhang;Yinqiang Zheng;Feng Lu,"[{""author"":{""id"":""2290240304"",""display_name"":""Mingfang Zhang""},""institutions"":[]},{""author"":{""id"":""2247926612"",""display_name"":""Yinqiang Zheng""},""institutions"":[]},{""author"":{""id"":""2151233362"",""display_name"":""Feng Lu""},""institutions"":[]}]"
26ebc50e2aada008b5683c6f30e9d4b20b8c5c59,10.1145/3457905,Perceptual Quality Assessment of Low-light Image Enhancement,2021,ACM Trans. Multim. Comput. Commun. Appl.,88,Guangtao Zhai;Wei Sun;Xiongkuo Min;Jiantao Zhou,"[{""author"":{""id"":""144826390"",""display_name"":""Guangtao Zhai""},""institutions"":[]},{""author"":{""id"":""2153198409"",""display_name"":""Wei Sun""},""institutions"":[]},{""author"":{""id"":""2246414"",""display_name"":""Xiongkuo Min""},""institutions"":[]},{""author"":{""id"":""2388685450"",""display_name"":""Jiantao Zhou""},""institutions"":[]}]"
e5e6eeb44a753e14c580be22ec033c6519b87208,10.1016/j.image.2021.116466,Low-light image enhancement via deep Retinex decomposition and bilateral learning,2021,Signal processing. Image communication,28,Xiaoqian Lv;Yujing Sun;Jun Zhang;F. Jiang;Shengping Zhang,"[{""author"":{""id"":""2112411035"",""display_name"":""Xiaoqian Lv""},""institutions"":[]},{""author"":{""id"":""2130286531"",""display_name"":""Yujing Sun""},""institutions"":[]},{""author"":{""id"":""2155662657"",""display_name"":""Jun Zhang""},""institutions"":[]},{""author"":{""id"":""144999037"",""display_name"":""F. Jiang""},""institutions"":[]},{""author"":{""id"":""1761159"",""display_name"":""Shengping Zhang""},""institutions"":[]}]"
6c7b45948cc6a3673f6b81ed8499187fd99d30e4,10.1016/J.IMAGE.2021.116433,A low light natural image statistical model for joint contrast enhancement and denoising,2021,Signal processing. Image communication,7,Sameer Malik;R. Soundararajan,"[{""author"":{""id"":""2000484626"",""display_name"":""Sameer Malik""},""institutions"":[]},{""author"":{""id"":""2510315"",""display_name"":""R. Soundararajan""},""institutions"":[]}]"
c533abed3537170019ec85b89859aa1ad61dab4d,10.1109/ICAICE54393.2021.00158,Discriminative Feature Extraction and Enhancement Network for Low-Light Image,2021,2021 2nd International Conference on Artificial Intelligence and Computer Engineering (ICAICE),0,Jiazhen Zu;Yongxia Zhou;Le Chen;Chao Dai,"[{""author"":{""id"":""2173371625"",""display_name"":""Jiazhen Zu""},""institutions"":[]},{""author"":{""id"":""2145493439"",""display_name"":""Yongxia Zhou""},""institutions"":[]},{""author"":{""id"":""2146072894"",""display_name"":""Le Chen""},""institutions"":[]},{""author"":{""id"":""2055020811"",""display_name"":""Chao Dai""},""institutions"":[]}]"
8deddc94c70cc74290faa50119c47850a1ce9c93,,An Effective Image Restorer: Denoising and Luminance Adjustment for Low-photon-count Imaging,2021,arXiv.org,2,Shansi Zhang;E. Lam,"[{""author"":{""id"":""2116577885"",""display_name"":""Shansi Zhang""},""institutions"":[]},{""author"":{""id"":""1725389"",""display_name"":""E. Lam""},""institutions"":[]}]"
49d6f4b40b5440f5a603481f91a1ca7390e96bc1,10.1017/S0373463321000783,Lightweight deep network-enabled real-time low-visibility enhancement for promoting vessel detection in maritime video surveillance,2021,Journal of navigation,62,Yu Guo;Yuxu Lu;Ryan Wen Liu,"[{""author"":{""id"":""2143378699"",""display_name"":""Yu Guo""},""institutions"":[]},{""author"":{""id"":""121713030"",""display_name"":""Yuxu Lu""},""institutions"":[]},{""author"":{""id"":""2124017717"",""display_name"":""Ryan Wen Liu""},""institutions"":[]}]"
3f451f7785a232ac0e0fc97ff353f7381c8c971a,10.1109/ICEMI52946.2021.9679556,Research on Pedestrian Target Recognition Algorithm in Low Light Environment,2021,IEEE International Conference on Electronic Measurement & Instruments,1,Qiang Ning;Hanlei Lu;Xin Shi;Zhengli Leng;Pengjie Qin,"[{""author"":{""id"":""3333257"",""display_name"":""Qiang Ning""},""institutions"":[]},{""author"":{""id"":""2218136097"",""display_name"":""Hanlei Lu""},""institutions"":[]},{""author"":{""id"":""2148375991"",""display_name"":""Xin Shi""},""institutions"":[]},{""author"":{""id"":""2125340856"",""display_name"":""Zhengli Leng""},""institutions"":[]},{""author"":{""id"":""51013608"",""display_name"":""Pengjie Qin""},""institutions"":[]}]"
3d49c3cc2c176b634c374bea5cdc36644e4afb30,10.5244/c.35.91,Separating Content and Style for Unsupervised Image-to-Image Translation,2021,British Machine Vision Conference,3,Yunfei Liu;Haofei Wang;Yang Yue;Feng Lu,"[{""author"":{""id"":""47908555"",""display_name"":""Yunfei Liu""},""institutions"":[]},{""author"":{""id"":""2038517164"",""display_name"":""Haofei Wang""},""institutions"":[]},{""author"":{""id"":""2105585115"",""display_name"":""Yang Yue""},""institutions"":[]},{""author"":{""id"":""1388864077"",""display_name"":""Feng Lu""},""institutions"":[]}]"
bada86bb3f96f2c9cb1cc17aa4809df14ffca9d8,10.5244/c.35.317,NOD: Taking a Closer Look at Detection under Extreme Low-Light Conditions with Night Object Detection Dataset,2021,British Machine Vision Conference,28,Igor Morawski;Yu-An Chen;Yu-sheng Lin;Winston H. Hsu,"[{""author"":{""id"":""1740758571"",""display_name"":""Igor Morawski""},""institutions"":[]},{""author"":{""id"":""2144036304"",""display_name"":""Yu-An Chen""},""institutions"":[]},{""author"":{""id"":""2107930640"",""display_name"":""Yu-sheng Lin""},""institutions"":[]},{""author"":{""id"":""1716836"",""display_name"":""Winston H. Hsu""},""institutions"":[]}]"
a53414b469892bdf5c6d91db42d36b1f399b7290,10.1016/j.patcog.2023.109602.,SurroundNet: Towards Effective Low-Light Image Enhancement,2021,Pattern Recognition,37,Fei Zhou;Xin Sun;Junyu Dong;Haoran Zhao;Xiao Xiang Zhu,"[{""author"":{""id"":""2114903214"",""display_name"":""Fei Zhou""},""institutions"":[]},{""author"":{""id"":""144326521"",""display_name"":""Xin Sun""},""institutions"":[]},{""author"":{""id"":""1964397"",""display_name"":""Junyu Dong""},""institutions"":[]},{""author"":{""id"":""50981688"",""display_name"":""Haoran Zhao""},""institutions"":[]},{""author"":{""id"":""2125159330"",""display_name"":""Xiao Xiang Zhu""},""institutions"":[]}]"
542fd7fd8b0a68ecf174099a0887425d0ef706a1,10.1016/J.NEUCOM.2021.05.074,Learning to restore light fields under low-light imaging,2021,Neurocomputing,30,Shansi Zhang;E. Lam,"[{""author"":{""id"":""2116577885"",""display_name"":""Shansi Zhang""},""institutions"":[]},{""author"":{""id"":""1725389"",""display_name"":""E. Lam""},""institutions"":[]}]"
ecd75c730c71f83d206f0a63393fef2d1e6af495,10.1007/978-3-031-15934-3_24,TSN-CA: A Two-Stage Network with Channel Attention for Low-Light Image Enhancement,2021,International Conference on Artificial Neural Networks,6,Xinxu Wei;Xian-Shi Zhang;Shisen Wang;Yanlin Huang;Yongjie Li,"[{""author"":{""id"":""2128378378"",""display_name"":""Xinxu Wei""},""institutions"":[]},{""author"":{""id"":""2108002784"",""display_name"":""Xian-Shi Zhang""},""institutions"":[]},{""author"":{""id"":""2116301680"",""display_name"":""Shisen Wang""},""institutions"":[]},{""author"":{""id"":""2145434848"",""display_name"":""Yanlin Huang""},""institutions"":[]},{""author"":{""id"":""2110515159"",""display_name"":""Yongjie Li""},""institutions"":[]}]"
a6c47c2d5964c038b779f00bf888b3ff11cbea38,,DA-DRN: Degradation-Aware Deep Retinex Network for Low-Light Image Enhancement,2021,arXiv.org,16,Xinxu Wei;Xian-Shi Zhang;Shisen Wang;Cheng Cheng;Yanlin Huang;Kaifu Yang;Yongjie Li,"[{""author"":{""id"":""2128378378"",""display_name"":""Xinxu Wei""},""institutions"":[]},{""author"":{""id"":""2108002784"",""display_name"":""Xian-Shi Zhang""},""institutions"":[]},{""author"":{""id"":""2116301680"",""display_name"":""Shisen Wang""},""institutions"":[]},{""author"":{""id"":""2116394502"",""display_name"":""Cheng Cheng""},""institutions"":[]},{""author"":{""id"":""2145434848"",""display_name"":""Yanlin Huang""},""institutions"":[]},{""author"":{""id"":""2105451"",""display_name"":""Kaifu Yang""},""institutions"":[]},{""author"":{""id"":""2110515159"",""display_name"":""Yongjie Li""},""institutions"":[]}]"
07d060ad91ec4cc73a1f1b615bfea57df859d298,10.1109/WACVW54805.2022.00064,Semantic-Guided Zero-Shot Learning for Low-Light Image/Video Enhancement,2021,2022 IEEE/CVF Winter Conference on Applications of Computer Vision Workshops (WACVW),169,Shen Zheng;Gaurav Gupta,"[{""author"":{""id"":""2111075146"",""display_name"":""Shen Zheng""},""institutions"":[]},{""author"":{""id"":""2104357582"",""display_name"":""Gaurav Gupta""},""institutions"":[]}]"
07a2c2abc485bc163985ae0a82d53cad5ba38a87,10.1109/ICCV48922.2021.00255,Multitask AET with Orthogonal Tangent Regularity for Dark Object Detection,2021,IEEE International Conference on Computer Vision,180,Ziteng Cui;Guo-Jun Qi;Lin Gu;Shaodi You;Zenghui Zhang;T. Harada,"[{""author"":{""id"":""2152101108"",""display_name"":""Ziteng Cui""},""institutions"":[]},{""author"":{""id"":""2272096"",""display_name"":""Guo-Jun Qi""},""institutions"":[]},{""author"":{""id"":""151484085"",""display_name"":""Lin Gu""},""institutions"":[]},{""author"":{""id"":""2941564"",""display_name"":""Shaodi You""},""institutions"":[]},{""author"":{""id"":""1882137"",""display_name"":""Zenghui Zhang""},""institutions"":[]},{""author"":{""id"":""1790553"",""display_name"":""T. Harada""},""institutions"":[]}]"
4b04338ace0331af97392029aca6cb6203da9411,10.1109/tcsvt.2020.3044887,Decomposition Makes Better Rain Removal: An Improved Attention-Guided Deraining Network,2021,IEEE transactions on circuits and systems for video technology (Print),100,Kui Jiang;Zhongyuan Wang;Peng Yi;Chen Chen;Zhen Han;T. Lu;Baojin Huang;Junjun Jiang,"[{""author"":{""id"":""51360637"",""display_name"":""Kui Jiang""},""institutions"":[]},{""author"":{""id"":""38655501"",""display_name"":""Zhongyuan Wang""},""institutions"":[]},{""author"":{""id"":""145526138"",""display_name"":""Peng Yi""},""institutions"":[]},{""author"":{""id"":""2141809280"",""display_name"":""Chen Chen""},""institutions"":[]},{""author"":{""id"":""144725609"",""display_name"":""Zhen Han""},""institutions"":[]},{""author"":{""id"":""144530671"",""display_name"":""T. Lu""},""institutions"":[]},{""author"":{""id"":""1581795258"",""display_name"":""Baojin Huang""},""institutions"":[]},{""author"":{""id"":""1708439"",""display_name"":""Junjun Jiang""},""institutions"":[]}]"
bbf6a608ca7ff1bf5543f8970b18a6eec56c3ffb,10.1016/j.displa.2021.102091,An improved image enhancement framework based on multiple attention mechanism,2021,Displays (Guildford),24,Qili Chen;Junfang Fan;Wenbai Chen,"[{""author"":{""id"":""1923607"",""display_name"":""Qili Chen""},""institutions"":[]},{""author"":{""id"":""21100178"",""display_name"":""Junfang Fan""},""institutions"":[]},{""author"":{""id"":""2624059"",""display_name"":""Wenbai Chen""},""institutions"":[]}]"
914e29068503742eb2407ec9fd651371dbe72dc0,10.1109/ICCV48922.2021.00956,Seeing Dynamic Scene in the Dark: A High-Quality Video Dataset with Mechatronic Alignment,2021,IEEE International Conference on Computer Vision,178,Ruixing Wang;Xiaogang Xu;Chi-Wing Fu;Jiangbo Lu;Bei Yu;Jiaya Jia,"[{""author"":{""id"":""2108666491"",""display_name"":""Ruixing Wang""},""institutions"":[]},{""author"":{""id"":""2027354611"",""display_name"":""Xiaogang Xu""},""institutions"":[]},{""author"":{""id"":""144856288"",""display_name"":""Chi-Wing Fu""},""institutions"":[]},{""author"":{""id"":""1715148"",""display_name"":""Jiangbo Lu""},""institutions"":[]},{""author"":{""id"":""2121417136"",""display_name"":""Bei Yu""},""institutions"":[]},{""author"":{""id"":""1729056"",""display_name"":""Jiaya Jia""},""institutions"":[]}]"
3591c4040b5ea1fa27dc936621997fd53e6c8483,10.1109/ICIP42928.2021.9506781,Integration-and-Diffusion Network for Low-Light Image Enhancement,2021,International Conference on Information Photonics,2,Pengliang Tang;Xiaoqiang Guo;Guodong Ju;Liangheng Shen;Aidong Men,"[{""author"":{""id"":""9505602"",""display_name"":""Pengliang Tang""},""institutions"":[]},{""author"":{""id"":""150343737"",""display_name"":""Xiaoqiang Guo""},""institutions"":[]},{""author"":{""id"":""151485737"",""display_name"":""Guodong Ju""},""institutions"":[]},{""author"":{""id"":""151472426"",""display_name"":""Liangheng Shen""},""institutions"":[]},{""author"":{""id"":""1736046"",""display_name"":""Aidong Men""},""institutions"":[]}]"
23964a91d992f67f7d3df9dbd5c32e7650cad357,10.1109/JPROC.2023.3338272,Computational Imaging and Artificial Intelligence: The Next Revolution of Mobile Vision,2021,Proceedings of the IEEE,57,J. Suo;Weihang Zhang;Jin Gong;Xin Yuan;D. Brady;Qionghai Dai,"[{""author"":{""id"":""144036068"",""display_name"":""J. Suo""},""institutions"":[]},{""author"":{""id"":""2108075709"",""display_name"":""Weihang Zhang""},""institutions"":[]},{""author"":{""id"":""2108317342"",""display_name"":""Jin Gong""},""institutions"":[]},{""author"":{""id"":""2115844400"",""display_name"":""Xin Yuan""},""institutions"":[]},{""author"":{""id"":""1741299"",""display_name"":""D. Brady""},""institutions"":[]},{""author"":{""id"":""144954808"",""display_name"":""Qionghai Dai""},""institutions"":[]}]"
4abede791129ff4eb42b91c9b1091c27f432114d,10.1609/aaai.v36i3.20162,Low-Light Image Enhancement with Normalizing Flow,2021,AAAI Conference on Artificial Intelligence,612,Yufei Wang;Renjie Wan;Wenhan Yang;Haoliang Li;Lap-Pui Chau;A. Kot,"[{""author"":{""id"":""2143696239"",""display_name"":""Yufei Wang""},""institutions"":[]},{""author"":{""id"":""8306685"",""display_name"":""Renjie Wan""},""institutions"":[]},{""author"":{""id"":""1898172"",""display_name"":""Wenhan Yang""},""institutions"":[]},{""author"":{""id"":""2310649374"",""display_name"":""Haoliang Li""},""institutions"":[]},{""author"":{""id"":""145662587"",""display_name"":""Lap-Pui Chau""},""institutions"":[]},{""author"":{""id"":""1711097"",""display_name"":""A. Kot""},""institutions"":[]}]"
16dc3a506604dee601a1664c9c00ea6cac06e2e9,10.1155/2021/2030142,Contrast and Synthetic Multiexposure Fusion for Image Enhancement,2021,Computational Intelligence and Neuroscience,5,M. Albahar,"[{""author"":{""id"":""11469407"",""display_name"":""M. Albahar""},""institutions"":[]}]"
5c4338b06355c7d83f74c7d91ae2c12db6e318b0,10.1007/s00371-021-02289-x,AEMS: an attention enhancement network of modules stacking for lowlight image enhancement,2021,The Visual Computer,15,Miao Li;Li Zhao;Dongming Zhou;Rencan Nie;Yanyu Liu;Yixue Wei,"[{""author"":{""id"":""2143545067"",""display_name"":""Miao Li""},""institutions"":[]},{""author"":{""id"":""2157761799"",""display_name"":""Li Zhao""},""institutions"":[]},{""author"":{""id"":""3041495"",""display_name"":""Dongming Zhou""},""institutions"":[]},{""author"":{""id"":""6019653"",""display_name"":""Rencan Nie""},""institutions"":[]},{""author"":{""id"":""2108219360"",""display_name"":""Yanyu Liu""},""institutions"":[]},{""author"":{""id"":""2156252783"",""display_name"":""Yixue Wei""},""institutions"":[]}]"
321126c4eca954e45f5621a8ef652112f0c677f3,10.1007/978-981-16-2422-3_41,Comprehensive View of Low Light Image/Video Enhancement Centred on Deep Learning,2021,Intelligent Sustainable Systems,2,C. Anitha;R. M. S. Kumar,"[{""author"":{""id"":""2140036201"",""display_name"":""C. Anitha""},""institutions"":[]},{""author"":{""id"":""2218120686"",""display_name"":""R. M. S. Kumar""},""institutions"":[]}]"
70a6caba2b7f22c24637b67409180bdaefed3b67,10.1109/TIP.2022.3180213,CERL: A Unified Optimization Framework for Light Enhancement With Realistic Noise,2021,IEEE Transactions on Image Processing,20,Zeyuan Chen;Yifan Jiang;Dong Liu;Zhangyang Wang,"[{""author"":{""id"":""5478513"",""display_name"":""Zeyuan Chen""},""institutions"":[]},{""author"":{""id"":null,""display_name"":""Yifan Jiang""},""institutions"":[]},{""author"":{""id"":""2152508413"",""display_name"":""Dong Liu""},""institutions"":[]},{""author"":{""id"":""2969311"",""display_name"":""Zhangyang Wang""},""institutions"":[]}]"
cbf15028424913e7febaefb5f984950d7941af10,10.3390/s21154986,Low-Light Image Enhancement Based on Multi-Path Interaction,2021,Italian National Conference on Sensors,7,Bai Zhao;Xiaoling Gong;Jian Wang;Lingchao Zhao,"[{""author"":{""id"":""2138171954"",""display_name"":""Bai Zhao""},""institutions"":[]},{""author"":{""id"":""49832330"",""display_name"":""Xiaoling Gong""},""institutions"":[]},{""author"":{""id"":""2152765441"",""display_name"":""Jian Wang""},""institutions"":[]},{""author"":{""id"":""2146089755"",""display_name"":""Lingchao Zhao""},""institutions"":[]}]"
7463f2040642f5e426eaf1749ac28503e138deb9,10.1109/IJCNN52387.2021.9533511,RGNET: A Two-stage Low-light Image Enhancement Network Without Paired Supervision,2021,IEEE International Joint Conference on Neural Network,3,Ruowang Chang;Qiong Song;Yuehuang Wang,"[{""author"":{""id"":""2130582777"",""display_name"":""Ruowang Chang""},""institutions"":[]},{""author"":{""id"":""40476980"",""display_name"":""Qiong Song""},""institutions"":[]},{""author"":{""id"":""102316900"",""display_name"":""Yuehuang Wang""},""institutions"":[]}]"
5e248e17a769c9eb491409e93d4f76f05972bb0b,10.36227/TECHRXIV.14887917.V1,Block Based Enhancement using Deep Learning for Conversion of Low Resolution AVS Video to High Resolution HEVC Video,2021,,0,Rizwan Qureshi;Mehmood Nawaz,"[{""author"":{""id"":""40702132"",""display_name"":""Rizwan Qureshi""},""institutions"":[]},{""author"":{""id"":""38317000"",""display_name"":""Mehmood Nawaz""},""institutions"":[]}]"
593e2c7517fbf86c6b0bb0e73adcb383b77ea282,10.1109/ICME51207.2021.9428324,Underexposed Image Enhancement via Unsupervised Feature Attention Network,2021,IEEE International Conference on Multimedia and Expo,7,Fengji Ma;Haitao Li,"[{""author"":{""id"":""2068197386"",""display_name"":""Fengji Ma""},""institutions"":[]},{""author"":{""id"":""2108590281"",""display_name"":""Haitao Li""},""institutions"":[]}]"
cfb4160bab74b7d17d9cf5ae79387f00917dc8e4,10.1109/ICME51207.2021.9428268,Collaborative Reflectance-And-Illumination Learning For High-Efficient Low-Light Image Enhancement,2021,IEEE International Conference on Multimedia and Expo,2,Guijing Zhu;Long Ma;Risheng Liu;Xin Fan;Zhongxuan Luo,"[{""author"":{""id"":""2153724721"",""display_name"":""Guijing Zhu""},""institutions"":[]},{""author"":{""id"":""1732160"",""display_name"":""Long Ma""},""institutions"":[]},{""author"":{""id"":""34469457"",""display_name"":""Risheng Liu""},""institutions"":[]},{""author"":{""id"":""144309189"",""display_name"":""Xin Fan""},""institutions"":[]},{""author"":{""id"":""145865683"",""display_name"":""Zhongxuan Luo""},""institutions"":[]}]"
adce6e69b9d71f75afe75d0912d05266176cbd6f,,BLNet: A Fast Deep Learning Framework for Low-Light Image Enhancement with Noise Removal and Color Restoration,2021,arXiv.org,5,Xinxu Wei;Xian-Shi Zhang;Shisen Wang;Cheng Cheng;Yanlin Huang;Kaifu Yang;Yongjie Li,"[{""author"":{""id"":""2128378378"",""display_name"":""Xinxu Wei""},""institutions"":[]},{""author"":{""id"":""2108002784"",""display_name"":""Xian-Shi Zhang""},""institutions"":[]},{""author"":{""id"":""2116301680"",""display_name"":""Shisen Wang""},""institutions"":[]},{""author"":{""id"":""2116394196"",""display_name"":""Cheng Cheng""},""institutions"":[]},{""author"":{""id"":""2145434848"",""display_name"":""Yanlin Huang""},""institutions"":[]},{""author"":{""id"":""2105451"",""display_name"":""Kaifu Yang""},""institutions"":[]},{""author"":{""id"":""2110515159"",""display_name"":""Yongjie Li""},""institutions"":[]}]"
6901507cbaaa2fca80ac1ced76c40217a6850568,10.1016/j.jvcir.2022.103712,R2RNet: Low-light Image Enhancement via Real-low to Real-normal Network,2021,Journal of Visual Communication and Image Representation,458,Jiang Hai;Zhu Xuan;Ren Yang;Yutong Hao;Fengzhu Zou;Fang-Ju Lin;Songchen Han,"[{""author"":{""id"":""2062987065"",""display_name"":""Jiang Hai""},""institutions"":[]},{""author"":{""id"":""2055832379"",""display_name"":""Zhu Xuan""},""institutions"":[]},{""author"":{""id"":""46781563"",""display_name"":""Ren Yang""},""institutions"":[]},{""author"":{""id"":""95694208"",""display_name"":""Yutong Hao""},""institutions"":[]},{""author"":{""id"":""2115474401"",""display_name"":""Fengzhu Zou""},""institutions"":[]},{""author"":{""id"":""2113698470"",""display_name"":""Fang-Ju Lin""},""institutions"":[]},{""author"":{""id"":""2664450"",""display_name"":""Songchen Han""},""institutions"":[]}]"
ad439243c402ca67ed07c747f32e63a26d9b7f12,10.1117/12.2597933,Human visual system deep learning enhancement algorithm based on optimization of physical information similarity,2021,Other Conferences,1,Hangying Zhang;Liangcai Cao;Feng Yang,"[{""author"":{""id"":""51240627"",""display_name"":""Hangying Zhang""},""institutions"":[]},{""author"":{""id"":""2800947"",""display_name"":""Liangcai Cao""},""institutions"":[]},{""author"":{""id"":""2115412215"",""display_name"":""Feng Yang""},""institutions"":[]}]"
e1e61b97a444d4039650eaa2a55e3da40deba40c,,NLHD: A Pixel-Level Non-Local Retinex Model for Low-Light Image Enhancement,2021,arXiv.org,5,H. Hou;Yingkun Hou;Yuxuan Shi;Benzheng Wei;Jun Xu,"[{""author"":{""id"":""2064684650"",""display_name"":""H. Hou""},""institutions"":[]},{""author"":{""id"":""1828559"",""display_name"":""Yingkun Hou""},""institutions"":[]},{""author"":{""id"":""1753219181"",""display_name"":""Yuxuan Shi""},""institutions"":[]},{""author"":{""id"":""39212924"",""display_name"":""Benzheng Wei""},""institutions"":[]},{""author"":{""id"":""2150636112"",""display_name"":""Jun Xu""},""institutions"":[]}]"
7c0f1366b4cb803ef4ebad7ef665bfbee6e54ea2,10.1109/CVPR46437.2021.00493,Learning Temporal Consistency for Low Light Video Enhancement from Single Images,2021,Computer Vision and Pattern Recognition,193,Fan Zhang;Yu Li;Shaodi You;Ying Fu,"[{""author"":{""id"":""2153304421"",""display_name"":""Fan Zhang""},""institutions"":[]},{""author"":{""id"":""2116609876"",""display_name"":""Yu Li""},""institutions"":[]},{""author"":{""id"":""2941564"",""display_name"":""Shaodi You""},""institutions"":[]},{""author"":{""id"":""143728560"",""display_name"":""Ying Fu""},""institutions"":[]}]"
4b2e85ad840949335c432f65635740631c9b1209,10.1109/CVPRW53098.2021.00093,Guidance Network with Staged Learning for Image enhancement,2021,2021 IEEE/CVF Conference on Computer Vision and Pattern Recognition Workshops (CVPRW),6,Luming Liang;Ilya Zharkov;Faezeh Amjadi;Hamid Reza Vaezi Joze;V. Pradeep,"[{""author"":{""id"":""46225943"",""display_name"":""Luming Liang""},""institutions"":[]},{""author"":{""id"":""15623770"",""display_name"":""Ilya Zharkov""},""institutions"":[]},{""author"":{""id"":""31749007"",""display_name"":""Faezeh Amjadi""},""institutions"":[]},{""author"":{""id"":""3227254"",""display_name"":""Hamid Reza Vaezi Joze""},""institutions"":[]},{""author"":{""id"":""3811436"",""display_name"":""V. Pradeep""},""institutions"":[]}]"
10ab15c5fd4e2d16df23cbb94567ab60b911c956,10.1109/CVPR46437.2021.00987,Seeing in Extra Darkness Using a Deep-Red Flash,2021,Computer Vision and Pattern Recognition,19,J. Xiong;Jian Wang;W. Heidrich;S. Nayar,"[{""author"":{""id"":""3058286"",""display_name"":""J. Xiong""},""institutions"":[]},{""author"":{""id"":""2152766744"",""display_name"":""Jian Wang""},""institutions"":[]},{""author"":{""id"":""1752192"",""display_name"":""W. Heidrich""},""institutions"":[]},{""author"":{""id"":""1750470"",""display_name"":""S. Nayar""},""institutions"":[]}]"
fc3246c125f0124eb2aa139e670e41c4d558e04b,10.1109/CVPR46437.2021.00077,Debiased Subjective Assessment of Real-World Image Enhancement,2021,Computer Vision and Pattern Recognition,13,Peibei Cao;Zhangyang Wang;Kede Ma,"[{""author"":{""id"":""30621191"",""display_name"":""Peibei Cao""},""institutions"":[]},{""author"":{""id"":""2156070723"",""display_name"":""Zhangyang Wang""},""institutions"":[]},{""author"":{""id"":""2233269"",""display_name"":""Kede Ma""},""institutions"":[]}]"
7b38b0b0231bc31e0564a9db00ba7c2adb2ba90d,10.1016/j.image.2022.116839,Gated fusion network for SAO filter and inter frame prediction in Versatile Video Coding,2021,Signal processing. Image communication,14,Shiba Kuanar;D. Mahapatra;V. Athitsos;Fellow Ieee K.R Rao,"[{""author"":{""id"":""51256107"",""display_name"":""Shiba Kuanar""},""institutions"":[]},{""author"":{""id"":""143784265"",""display_name"":""D. Mahapatra""},""institutions"":[]},{""author"":{""id"":""1720747"",""display_name"":""V. Athitsos""},""institutions"":[]},{""author"":{""id"":""2265914637"",""display_name"":""Fellow Ieee K.R Rao""},""institutions"":[]}]"
d57c2d0d3ab6e8a3beec4e491277f3b587ea4ec8,10.1109/ICICCS51141.2021.9432150,Edge Guided Low-Light Image Enhancement,2021,International Conference Intelligent Computing and Control Systems,9,Deepanshu Rana;Kanishk Jayant Lal;A. Parihar,"[{""author"":{""id"":""2058749502"",""display_name"":""Deepanshu Rana""},""institutions"":[]},{""author"":{""id"":""2057095953"",""display_name"":""Kanishk Jayant Lal""},""institutions"":[]},{""author"":{""id"":""14456434"",""display_name"":""A. Parihar""},""institutions"":[]}]"
89a01466201390a474d0c77b5b379a29396b951b,10.1007/s11831-021-09587-6,A Comprehensive Overview of Image Enhancement Techniques,2021,Archives of Computational Methods in Engineering,243,Yunliang Qi;Zhen Yang;Wenhao Sun;Meng Lou;Jing Lian;Wenwei Zhao;Xiangyu Deng;Yide Ma,"[{""author"":{""id"":""9273627"",""display_name"":""Yunliang Qi""},""institutions"":[]},{""author"":{""id"":""2149232984"",""display_name"":""Zhen Yang""},""institutions"":[]},{""author"":{""id"":""145180813"",""display_name"":""Wenhao Sun""},""institutions"":[]},{""author"":{""id"":""2263420682"",""display_name"":""Meng Lou""},""institutions"":[]},{""author"":{""id"":""1561165594"",""display_name"":""Jing Lian""},""institutions"":[]},{""author"":{""id"":""2118226427"",""display_name"":""Wenwei Zhao""},""institutions"":[]},{""author"":{""id"":""49077385"",""display_name"":""Xiangyu Deng""},""institutions"":[]},{""author"":{""id"":""1756244"",""display_name"":""Yide Ma""},""institutions"":[]}]"
22731d2a9fdb26684f04ad3864b21bf83dd5c03e,10.1109/TPAMI.2021.3126387,Low-Light Image and Video Enhancement Using Deep Learning: A Survey,2021,IEEE Transactions on Pattern Analysis and Machine Intelligence,585,Chongyi Li;Chunle Guo;Linghao Han;Jun Jiang;Mingg-Ming Cheng;Jinwei Gu;Chen Change Loy,"[{""author"":{""id"":""2698424"",""display_name"":""Chongyi Li""},""institutions"":[]},{""author"":{""id"":""18158517"",""display_name"":""Chunle Guo""},""institutions"":[]},{""author"":{""id"":""2118503811"",""display_name"":""Linghao Han""},""institutions"":[]},{""author"":{""id"":""2107975681"",""display_name"":""Jun Jiang""},""institutions"":[]},{""author"":{""id"":""1557350184"",""display_name"":""Mingg-Ming Cheng""},""institutions"":[]},{""author"":{""id"":""143785523"",""display_name"":""Jinwei Gu""},""institutions"":[]},{""author"":{""id"":""1717179"",""display_name"":""Chen Change Loy""},""institutions"":[]}]"
18c41def7bdc96eadaff89f293104c592d879f70,10.1007/s11554-021-01104-z,Real-time automotive night-vision system for drivers to inhibit headlight glare of the oncoming vehicles and enhance road visibility,2021,Journal of Real-Time Image Processing,25,Gouranga Mandal;Diptendu Bhattacharya;Parthasarathi De,"[{""author"":{""id"":""46172142"",""display_name"":""Gouranga Mandal""},""institutions"":[]},{""author"":{""id"":""36513717"",""display_name"":""Diptendu Bhattacharya""},""institutions"":[]},{""author"":{""id"":""47409063"",""display_name"":""Parthasarathi De""},""institutions"":[]}]"
0089ddc1aa4e63209595fbf59b0f7d4e3238db01,10.1364/JOSAA.410316,Deep image enhancement for ill light imaging.,2021,Journal of The Optical Society of America A-optics Image Science and Vision,13,Rizwan Khan;You Yang;Qiong Liu;Jialie Shen;Bing Li,"[{""author"":{""id"":""2151235680"",""display_name"":""Rizwan Khan""},""institutions"":[]},{""author"":{""id"":""47796278"",""display_name"":""You Yang""},""institutions"":[]},{""author"":{""id"":""1794500"",""display_name"":""Qiong Liu""},""institutions"":[]},{""author"":{""id"":""38203359"",""display_name"":""Jialie Shen""},""institutions"":[]},{""author"":{""id"":""2156071808"",""display_name"":""Bing Li""},""institutions"":[]}]"
1273093508b47eb854f358b740d3fea09a4b558c,10.1109/ICBAIE52039.2021.9389960,Attention-Based Multi-Branch Network for Low-Light Image Enhancement,2021,"2021 IEEE 2nd International Conference on Big Data, Artificial Intelligence and Internet of Things Engineering (ICBAIE)",2,Yingjie Jiao;Xiangtao Zheng;Xiaoqiang Lu,"[{""author"":{""id"":""2149629629"",""display_name"":""Yingjie Jiao""},""institutions"":[]},{""author"":{""id"":""2263014"",""display_name"":""Xiangtao Zheng""},""institutions"":[]},{""author"":{""id"":""7828998"",""display_name"":""Xiaoqiang Lu""},""institutions"":[]}]"
50b0c71a317d450330a36dac8ed962da10022399,10.1609/aaai.v36i1.19992,Degrade is Upgrade: Learning Degradation for Low-light Image Enhancement,2021,AAAI Conference on Artificial Intelligence,65,Kui Jiang;Zhongyuan Wang;Zheng Wang;Peng Yi;Xiao Wang;Yansheng Qiu;Chen Chen;Chia-Wen Lin,"[{""author"":{""id"":""51360637"",""display_name"":""Kui Jiang""},""institutions"":[]},{""author"":{""id"":""38655501"",""display_name"":""Zhongyuan Wang""},""institutions"":[]},{""author"":{""id"":""40072305"",""display_name"":""Zheng Wang""},""institutions"":[]},{""author"":{""id"":""145526138"",""display_name"":""Peng Yi""},""institutions"":[]},{""author"":{""id"":""2118451533"",""display_name"":""Xiao Wang""},""institutions"":[]},{""author"":{""id"":""2087352809"",""display_name"":""Yansheng Qiu""},""institutions"":[]},{""author"":{""id"":""2141809280"",""display_name"":""Chen Chen""},""institutions"":[]},{""author"":{""id"":""46246806"",""display_name"":""Chia-Wen Lin""},""institutions"":[]}]"
d5514a59d3721f15d161c26a284f629d8f37f0d5,10.1049/IPR2.12173,AMBCR: Low-light image enhancement via attention guided multi-branch construction and Retinex theory,2021,IET Image Processing,10,Miao Li;Dongming Zhou;Rencan Nie;Shidong Xie;Yanyu Liu,"[{""author"":{""id"":""2143545067"",""display_name"":""Miao Li""},""institutions"":[]},{""author"":{""id"":""3041495"",""display_name"":""Dongming Zhou""},""institutions"":[]},{""author"":{""id"":""6019653"",""display_name"":""Rencan Nie""},""institutions"":[]},{""author"":{""id"":""2087648313"",""display_name"":""Shidong Xie""},""institutions"":[]},{""author"":{""id"":""2108219360"",""display_name"":""Yanyu Liu""},""institutions"":[]}]"
078958642cc4e5fd915ca2dce3b9d5c14dd6df27,10.1109/TIP.2021.3062184,Band Representation-Based Semi-Supervised Low-Light Image Enhancement: Bridging the Gap Between Signal Fidelity and Perceptual Quality,2021,IEEE Transactions on Image Processing,203,Wenhan Yang;Shiqi Wang;Yuming Fang;Y. Wanga;Jiaying Liu,"[{""author"":{""id"":""1898172"",""display_name"":""Wenhan Yang""},""institutions"":[]},{""author"":{""id"":null,""display_name"":""Shiqi Wang""},""institutions"":[]},{""author"":{""id"":""4639656"",""display_name"":""Yuming Fang""},""institutions"":[]},{""author"":{""id"":""1397146654"",""display_name"":""Y. Wanga""},""institutions"":[]},{""author"":{""id"":""41127426"",""display_name"":""Jiaying Liu""},""institutions"":[]}]"
35fce9473e1ba34e97e91bcd85e30b6af6cf7ab6,10.1109/TPAMI.2021.3063604,Learning to Enhance Low-Light Image via Zero-Reference Deep Curve Estimation,2021,IEEE Transactions on Pattern Analysis and Machine Intelligence,872,Chongyi Li;Chunle Guo;Chen Change Loy,"[{""author"":{""id"":""2698424"",""display_name"":""Chongyi Li""},""institutions"":[]},{""author"":{""id"":""18158517"",""display_name"":""Chunle Guo""},""institutions"":[]},{""author"":{""id"":""1717179"",""display_name"":""Chen Change Loy""},""institutions"":[]}]"
b95b2cff003beadd98019316c9526669e7ec8670,10.1145/3457682.3457729,Low Light Image Enhancement in USV Imaging System Via U-Net and Attention Mechanism,2021,International Conference on Machine Learning and Computing,3,Sheng Zhang;Tianxiao Cai;Yihang Chen,"[{""author"":{""id"":""2155924079"",""display_name"":""Sheng Zhang""},""institutions"":[]},{""author"":{""id"":""2089564397"",""display_name"":""Tianxiao Cai""},""institutions"":[]},{""author"":{""id"":""2116614162"",""display_name"":""Yihang Chen""},""institutions"":[]}]"
95d6b205c7f40ffa1d27278214dea3078768e072,10.1145/3458380.3458387,Deep Learning-Enabled Low-light Image Enhancement In Maritime Video Surveillance,2021,International Conference on Digital Signal Processing,2,Wenbo Yang;Zhouheng Ge;Ryan Wen Liu,"[{""author"":{""id"":""2129467299"",""display_name"":""Wenbo Yang""},""institutions"":[]},{""author"":{""id"":""2130348717"",""display_name"":""Zhouheng Ge""},""institutions"":[]},{""author"":{""id"":""2364546752"",""display_name"":""Ryan Wen Liu""},""institutions"":[]}]"
e7a082f98edde5007db9f74908ea9ca0fa6ae078,10.1007/s12652-021-02930-6,Real-time fast low-light vision enhancement for driver during driving at night,2021,Journal of Ambient Intelligence and Humanized Computing,19,Gouranga Mandal;Diptendu Bhattacharya;Parthasarathi De,"[{""author"":{""id"":""46172142"",""display_name"":""Gouranga Mandal""},""institutions"":[]},{""author"":{""id"":""36513717"",""display_name"":""Diptendu Bhattacharya""},""institutions"":[]},{""author"":{""id"":""47409063"",""display_name"":""Parthasarathi De""},""institutions"":[]}]"
55279c1d4b3a8bc557179e5aa41dfb2d60280b72,10.1016/J.INS.2020.09.066,A novel multi-scale fusion framework for detail-preserving low-light image enhancement,2021,Information Sciences,64,Yadong Xu;Cheng Yang;Beibei Sun;Xiaoan Yan;Minglong Chen,"[{""author"":{""id"":""72514806"",""display_name"":""Yadong Xu""},""institutions"":[]},{""author"":{""id"":""2154169858"",""display_name"":""Cheng Yang""},""institutions"":[]},{""author"":{""id"":""1878700707"",""display_name"":""Beibei Sun""},""institutions"":[]},{""author"":{""id"":""120456578"",""display_name"":""Xiaoan Yan""},""institutions"":[]},{""author"":{""id"":""2107982035"",""display_name"":""Minglong Chen""},""institutions"":[]}]"
a302e89ba5249bbc8afe7e09916ab8bca87cc961,10.1109/Confluence51648.2021.9377195,A Comparative Study on CNN based Low-light Image Enhancement,2021,Confluence,5,Kanishk Jayant Lal;Deepanshu Rana;A. Parihar,"[{""author"":{""id"":""2057095953"",""display_name"":""Kanishk Jayant Lal""},""institutions"":[]},{""author"":{""id"":""2058749502"",""display_name"":""Deepanshu Rana""},""institutions"":[]},{""author"":{""id"":""14456434"",""display_name"":""A. Parihar""},""institutions"":[]}]"
92b21e2e940564e1e8f088d81b8a878c29d31ce7,10.1117/12.2589358,Extreme low-light image enhancement using deep neural network,2021,International Conference on Graphic and Image Processing,1,Ming Xu;Hongping Li;Jian Chen,"[{""author"":{""id"":""2152759762"",""display_name"":""Ming Xu""},""institutions"":[]},{""author"":{""id"":""2256306950"",""display_name"":""Hongping Li""},""institutions"":[]},{""author"":{""id"":""2155523973"",""display_name"":""Jian Chen""},""institutions"":[]}]"
9068ed5080657594e2ebe7db0fffbcdc33d9890b,10.1007/s11042-020-10310-z,Enhanced network optimized generative adversarial network for image enhancement,2021,Multimedia tools and applications,50,Lingyu Yan;Jia-Run Fu;Chunzhi Wang;Z. Ye;Hongwe Chen;H. Ling,"[{""author"":{""id"":""3281646"",""display_name"":""Lingyu Yan""},""institutions"":[]},{""author"":{""id"":""134161039"",""display_name"":""Jia-Run Fu""},""institutions"":[]},{""author"":{""id"":""1824201"",""display_name"":""Chunzhi Wang""},""institutions"":[]},{""author"":{""id"":""2082775"",""display_name"":""Z. Ye""},""institutions"":[]},{""author"":{""id"":""1390823158"",""display_name"":""Hongwe Chen""},""institutions"":[]},{""author"":{""id"":""144125487"",""display_name"":""H. Ling""},""institutions"":[]}]"
ef11f84c6cce12bbce40d7a49643f8cf4c0511f8,10.1007/s11263-020-01418-8,Benchmarking Low-Light Image Enhancement and Beyond,2021,International Journal of Computer Vision,372,Jiaying Liu;Dejia Xu;Wenhan Yang;Minhao Fan;Haofeng Huang,"[{""author"":{""id"":""41127426"",""display_name"":""Jiaying Liu""},""institutions"":[]},{""author"":{""id"":""1575684088"",""display_name"":""Dejia Xu""},""institutions"":[]},{""author"":{""id"":""1898172"",""display_name"":""Wenhan Yang""},""institutions"":[]},{""author"":{""id"":""1993384690"",""display_name"":""Minhao Fan""},""institutions"":[]},{""author"":{""id"":""48186372"",""display_name"":""Haofeng Huang""},""institutions"":[]}]"
b27cf66a5b0f08a6822e2c22f33768a823359134,10.1109/ICPR48806.2021.9413235,Video Lightening with Dedicated CNN Architecture,2021,International Conference on Pattern Recognition,5,Li-Wen Wang;W. Siu;Zhi-Song Liu;Chu-Tak Li;D. Lun,"[{""author"":{""id"":""1837949044"",""display_name"":""Li-Wen Wang""},""institutions"":[]},{""author"":{""id"":""144250750"",""display_name"":""W. Siu""},""institutions"":[]},{""author"":{""id"":""3382725"",""display_name"":""Zhi-Song Liu""},""institutions"":[]},{""author"":{""id"":""153228223"",""display_name"":""Chu-Tak Li""},""institutions"":[]},{""author"":{""id"":""1731962"",""display_name"":""D. Lun""},""institutions"":[]}]"
71761f84fc683fbff8b0ab9c0496c67960c7b9d8,10.1007/s10489-020-02119-y,Low-light image enhancement based on multi-illumination estimation,2021,Applied intelligence (Boston),33,Xiaomei Feng;Jinjiang Li;Zhen Hua;Fan Zhang,"[{""author"":{""id"":""2149115937"",""display_name"":""Xiaomei Feng""},""institutions"":[]},{""author"":{""id"":""2555126"",""display_name"":""Jinjiang Li""},""institutions"":[]},{""author"":{""id"":""144278699"",""display_name"":""Zhen Hua""},""institutions"":[]},{""author"":{""id"":""2153307863"",""display_name"":""Fan Zhang""},""institutions"":[]}]"
24f4a32cd5fe4fd6102521ac15601a013e118330,10.3390/s21010286,Low-Illumination Image Enhancement in the Space Environment Based on the DC-WGAN Algorithm,2021,Italian National Conference on Sensors,13,Minglu Zhang;Yan Zhang;Zhihong Jiang;Xiaoling Lv;Ce Guo,"[{""author"":{""id"":""2215383412"",""display_name"":""Minglu Zhang""},""institutions"":[]},{""author"":{""id"":""2152819929"",""display_name"":""Yan Zhang""},""institutions"":[]},{""author"":{""id"":""144703692"",""display_name"":""Zhihong Jiang""},""institutions"":[]},{""author"":{""id"":""50085385"",""display_name"":""Xiaoling Lv""},""institutions"":[]},{""author"":{""id"":""2109933827"",""display_name"":""Ce Guo""},""institutions"":[]}]"
b1cc558ad16cea03925ad44d3bbecad2b372f91e,10.3390/rs13010062,RSCNN: A CNN-Based Method to Enhance Low-Light Remote-Sensing Images,2020,Remote Sensing,60,Linshu Hu;Mengjiao Qin;Feng Zhang;Zhenhong Du;Ren-yi Liu,"[{""author"":{""id"":""1576126786"",""display_name"":""Linshu Hu""},""institutions"":[]},{""author"":{""id"":""10800912"",""display_name"":""Mengjiao Qin""},""institutions"":[]},{""author"":{""id"":""2158118770"",""display_name"":""Feng Zhang""},""institutions"":[]},{""author"":{""id"":""3223068"",""display_name"":""Zhenhong Du""},""institutions"":[]},{""author"":{""id"":""50268261"",""display_name"":""Ren-yi Liu""},""institutions"":[]}]"
c8c80e1ca3a216443956a1592c8ec4c41fbb65b6,10.1109/ICRA48506.2021.9561051,UMLE: Unsupervised Multi-discriminator Network for Low Light Enhancement,2020,IEEE International Conference on Robotics and Automation,6,Yangyang Qu;Kai Chen;Chao Liu;Y. Ou,"[{""author"":{""id"":""1490774329"",""display_name"":""Yangyang Qu""},""institutions"":[]},{""author"":{""id"":null,""display_name"":""Kai Chen""},""institutions"":[]},{""author"":{""id"":""2152505971"",""display_name"":""Chao Liu""},""institutions"":[]},{""author"":{""id"":""144897720"",""display_name"":""Y. Ou""},""institutions"":[]}]"
f15eefe3d76c6b35eed9700101281fd53d955f78,,LEUGAN: Low-Light Image Enhancement by Unsupervised Generative Attentional Networks,2020,arXiv.org,3,Yangyang Qu;Chao Liu;Y. Ou,"[{""author"":{""id"":""1490774329"",""display_name"":""Yangyang Qu""},""institutions"":[]},{""author"":{""id"":""2152505971"",""display_name"":""Chao Liu""},""institutions"":[]},{""author"":{""id"":""144897720"",""display_name"":""Y. Ou""},""institutions"":[]}]"
e9fdd987df2fd005fa975c1f8c9f6d5119a914c3,10.1109/VCIP49819.2020.9301830,DEN: Disentanglement and Enhancement Networks for Low Illumination Images,2020,Visual Communications and Image Processing,1,Nelson Chong Ngee Bow;Vu-Hoang Tran;Punchok Kerdsiri;Y. P. Loh;Ching-Chun Huang,"[{""author"":{""id"":""1644833955"",""display_name"":""Nelson Chong Ngee Bow""},""institutions"":[]},{""author"":{""id"":""66170693"",""display_name"":""Vu-Hoang Tran""},""institutions"":[]},{""author"":{""id"":""2044360149"",""display_name"":""Punchok Kerdsiri""},""institutions"":[]},{""author"":{""id"":""34676974"",""display_name"":""Y. P. Loh""},""institutions"":[]},{""author"":{""id"":""2110522996"",""display_name"":""Ching-Chun Huang""},""institutions"":[]}]"
f20896b018c60830042dd59e5008b1ec90a35ea9,10.1049/iet-ipr.2020.1129,Comprehensive evaluation of image enhancement for unsupervised image description and matching,2020,IET Image Processing,9,M. Lecca;A. Torresani;Fabio Remondino,"[{""author"":{""id"":""2558075"",""display_name"":""M. Lecca""},""institutions"":[]},{""author"":{""id"":""114629786"",""display_name"":""A. Torresani""},""institutions"":[]},{""author"":{""id"":""2515916"",""display_name"":""Fabio Remondino""},""institutions"":[]}]"
6895c7626c3f35a0df209d07300bdfe6092589f4,10.1145/3449301.3449318,Deep Learning Based Low-light Enhancement and Noise Suppression in USV Imaging System,2020,International Conference on Robotics and Artificial Intelligence,0,Peizheng Li;Caofei Luo;Fumin Wu;Jianan Zheng;Sainan Ma,"[{""author"":{""id"":""9524051"",""display_name"":""Peizheng Li""},""institutions"":[]},{""author"":{""id"":""2109613421"",""display_name"":""Caofei Luo""},""institutions"":[]},{""author"":{""id"":""2257430477"",""display_name"":""Fumin Wu""},""institutions"":[]},{""author"":{""id"":""2118456149"",""display_name"":""Jianan Zheng""},""institutions"":[]},{""author"":{""id"":""16697757"",""display_name"":""Sainan Ma""},""institutions"":[]}]"
34330fa3bc18b70c2db67c6084b73832d979cb83,,Privacy-Preserving Pose Estimation for Human-Robot Interaction,2020,arXiv.org,4,Youya Xia;Yifan Tang;Yuhan Hu;Guy Hoffman,"[{""author"":{""id"":""51427799"",""display_name"":""Youya Xia""},""institutions"":[]},{""author"":{""id"":""2115421242"",""display_name"":""Yifan Tang""},""institutions"":[]},{""author"":{""id"":""49994805"",""display_name"":""Yuhan Hu""},""institutions"":[]},{""author"":{""id"":""145666784"",""display_name"":""Guy Hoffman""},""institutions"":[]}]"
d548c202e5187773e16552ffcb185cdda95d4681,10.1145/3436369.3437422,A Zero-DCE-Based Low-Light Image Enhancement Algorithm for Urban Roads,2020,International Conferences on Computing and Pattern Recognition,3,Qian Gao;Pengyu Liu;Shanji Chen;K. Jia,"[{""author"":{""id"":""2087604988"",""display_name"":""Qian Gao""},""institutions"":[]},{""author"":{""id"":""2127218"",""display_name"":""Pengyu Liu""},""institutions"":[]},{""author"":{""id"":""2144336292"",""display_name"":""Shanji Chen""},""institutions"":[]},{""author"":{""id"":""2027757"",""display_name"":""K. Jia""},""institutions"":[]}]"
76e3a73e4829bf30042c879091cd2228720eb8ab,10.1007/s10489-020-01923-w,An automatic framework for endoscopic image restoration and enhancement,2020,Applied intelligence (Boston),24,M. Asif;Lei Chen;Hong Song;Jian Yang;Alejandro F Frangi,"[{""author"":{""id"":""2102543426"",""display_name"":""M. Asif""},""institutions"":[]},{""author"":{""id"":""40342912"",""display_name"":""Lei Chen""},""institutions"":[]},{""author"":{""id"":""144569490"",""display_name"":""Hong Song""},""institutions"":[]},{""author"":{""id"":""13524601"",""display_name"":""Jian Yang""},""institutions"":[]},{""author"":{""id"":""1681129"",""display_name"":""Alejandro F Frangi""},""institutions"":[]}]"
d86d02b7e1bfebfa0155d7960c81bce17953d2c5,10.1145/3394171.3413757,Integrating Semantic Segmentation and Retinex Model for Low-Light Image Enhancement,2020,ACM Multimedia,139,Minhao Fan;Wenjing Wang;Wenhan Yang;Jiaying Liu,"[{""author"":{""id"":""1993384690"",""display_name"":""Minhao Fan""},""institutions"":[]},{""author"":{""id"":""49337008"",""display_name"":""Wenjing Wang""},""institutions"":[]},{""author"":{""id"":""1898172"",""display_name"":""Wenhan Yang""},""institutions"":[]},{""author"":{""id"":""41127426"",""display_name"":""Jiaying Liu""},""institutions"":[]}]"
031a98f672593c33f62121b1ec4e5e49f5edf525,10.1117/12.2573925,An accurate low-light object detection method based on pyramid networks,2020,SPIE/COS Photonics Asia,3,Qingyang Tao;Kun Ren;Bo-Si Feng;Xuejin Gao,"[{""author"":{""id"":""2004240084"",""display_name"":""Qingyang Tao""},""institutions"":[]},{""author"":{""id"":""47995952"",""display_name"":""Kun Ren""},""institutions"":[]},{""author"":{""id"":""9568987"",""display_name"":""Bo-Si Feng""},""institutions"":[]},{""author"":{""id"":""2139136409"",""display_name"":""Xuejin Gao""},""institutions"":[]}]"
e982634bc96c870390198b7bca7b7834f4518e1d,10.1007/978-3-030-59713-9_64,Cycle Structure and Illumination Constrained GAN for Medical Image Enhancement,2020,International Conference on Medical Image Computing and Computer-Assisted Intervention,31,Yuhui Ma;Yonghuai Liu;Jun Cheng;Yalin Zheng;Morteza Ghahremani;Honghan Chen;Jiang Liu;Yitian Zhao,"[{""author"":{""id"":""143976354"",""display_name"":""Yuhui Ma""},""institutions"":[]},{""author"":{""id"":""152891407"",""display_name"":""Yonghuai Liu""},""institutions"":[]},{""author"":{""id"":""50995454"",""display_name"":""Jun Cheng""},""institutions"":[]},{""author"":{""id"":""1696306"",""display_name"":""Yalin Zheng""},""institutions"":[]},{""author"":{""id"":""1522002795"",""display_name"":""Morteza Ghahremani""},""institutions"":[]},{""author"":{""id"":""2108476156"",""display_name"":""Honghan Chen""},""institutions"":[]},{""author"":{""id"":""38620434"",""display_name"":""Jiang Liu""},""institutions"":[]},{""author"":{""id"":""1956017"",""display_name"":""Yitian Zhao""},""institutions"":[]}]"
7b187d09619571b68551feb9246f312b78747676,10.1145/3423323.3423411,A Generative Adversarial Approach with Residual Learning for Dust and Scratches Artifacts Removal,2020,Proceedings of the 2nd Workshop on Structuring and Understanding of Multimedia heritAge Contents,7,Ionut Mironica,"[{""author"":{""id"":""1759152"",""display_name"":""Ionut Mironica""},""institutions"":[]}]"
291f85f8f93d4378c92a239ad3716d3b1b2eee7f,10.1007/s10044-020-00908-2,Low-light enhancement based on an improved simplified Retinex model via fast illumination map refinement,2020,Pattern Analysis and Applications,7,Shijie Hao;Xuyang Han;Youming Zhang;Lei Xu,"[{""author"":{""id"":""6175623"",""display_name"":""Shijie Hao""},""institutions"":[]},{""author"":{""id"":""48506198"",""display_name"":""Xuyang Han""},""institutions"":[]},{""author"":{""id"":""2142599008"",""display_name"":""Youming Zhang""},""institutions"":[]},{""author"":{""id"":""2112281536"",""display_name"":""Lei Xu""},""institutions"":[]}]"
1fe8a4f2b542d9f9a0c0eb68821aa400910660cc,10.23919/ICCAS50221.2020.9268426,Retaining Image Feature Matching Performance Under Low Light Conditions,2020,"International Conference on Control, Automation and Systems",8,Pranjay Shyam;Antyanta Bangunharcana;Kyung-soo Kim,"[{""author"":{""id"":""1924559935"",""display_name"":""Pranjay Shyam""},""institutions"":[]},{""author"":{""id"":""1922394497"",""display_name"":""Antyanta Bangunharcana""},""institutions"":[]},{""author"":{""id"":""2109327860"",""display_name"":""Kyung-soo Kim""},""institutions"":[]}]"
0cd6395bafc71a0273d6a9e379296d25afdf9b37,10.5244/c.34.196,DALE : Dark Region-Aware Low-light Image Enhancement,2020,British Machine Vision Conference,30,Dokyeong Kwon;Guisik Kim;Junseok Kwon,"[{""author"":{""id"":""2052326441"",""display_name"":""Dokyeong Kwon""},""institutions"":[]},{""author"":{""id"":""9758954"",""display_name"":""Guisik Kim""},""institutions"":[]},{""author"":{""id"":""31158891"",""display_name"":""Junseok Kwon""},""institutions"":[]}]"
5746980ffaa72c237a9f54fc4f4c5cc67200ce1f,,Low-Light Maritime Image Enhancement with Regularized Illumination Optimization and Deep Noise Suppression,2020,arXiv.org,1,Yu Guo;Yuxu Lu;R. W. Liu;Meifang Yang;K. Chui,"[{""author"":{""id"":""2143378699"",""display_name"":""Yu Guo""},""institutions"":[]},{""author"":{""id"":""121713030"",""display_name"":""Yuxu Lu""},""institutions"":[]},{""author"":{""id"":""3136503"",""display_name"":""R. W. Liu""},""institutions"":[]},{""author"":{""id"":""1443734899"",""display_name"":""Meifang Yang""},""institutions"":[]},{""author"":{""id"":""2057073046"",""display_name"":""K. Chui""},""institutions"":[]}]"
f3f73da45cf960fa3fc1174ac410e5b99bbe112f,10.1109/ACCESS.2020.3015217,Low-Light Image Enhancement With Regularized Illumination Optimization and Deep Noise Suppression,2020,IEEE Access,47,Yu Guo;Yuxu Lu;R. W. Liu;Meifang Yang;K. Chui,"[{""author"":{""id"":""2143378699"",""display_name"":""Yu Guo""},""institutions"":[]},{""author"":{""id"":""121713030"",""display_name"":""Yuxu Lu""},""institutions"":[]},{""author"":{""id"":""3136503"",""display_name"":""R. W. Liu""},""institutions"":[]},{""author"":{""id"":""1443734899"",""display_name"":""Meifang Yang""},""institutions"":[]},{""author"":{""id"":""1977592"",""display_name"":""K. Chui""},""institutions"":[]}]"
7546b0ec52a6ee1e4260a8124c8a2afec214d427,10.1007/978-3-030-58601-0_7,Low Light Video Enhancement Using Synthetic Data Produced with an Intermediate Domain Mapping,2020,European Conference on Computer Vision,52,Danai Triantafyllidou;S. Moran;Steven G. McDonagh;Sarah Parisot;G. Slabaugh,"[{""author"":{""id"":""7172565"",""display_name"":""Danai Triantafyllidou""},""institutions"":[]},{""author"":{""id"":""47852085"",""display_name"":""S. Moran""},""institutions"":[]},{""author"":{""id"":""40513205"",""display_name"":""Steven G. McDonagh""},""institutions"":[]},{""author"":{""id"":""3349497"",""display_name"":""Sarah Parisot""},""institutions"":[]},{""author"":{""id"":""7622560"",""display_name"":""G. Slabaugh""},""institutions"":[]}]"
c7808b1bf495d7104258fbcbf3e26cc0bfcf8628,10.1109/TIP.2020.3008396,Lightening Network for Low-Light Image Enhancement,2020,IEEE Transactions on Image Processing,250,Li-Wen Wang;Zhi-Song Liu;W. Siu;D. Lun,"[{""author"":{""id"":""1837949044"",""display_name"":""Li-Wen Wang""},""institutions"":[]},{""author"":{""id"":""3382725"",""display_name"":""Zhi-Song Liu""},""institutions"":[]},{""author"":{""id"":""144250750"",""display_name"":""W. Siu""},""institutions"":[]},{""author"":{""id"":""1731962"",""display_name"":""D. Lun""},""institutions"":[]}]"
38972b708e114552a6d3a9edd151a3d12c1483cb,10.1109/ICME46284.2020.9102816,Learning To See Faces In The Dark,2020,IEEE International Conference on Multimedia and Expo,3,Xin Ding;R. Hu,"[{""author"":{""id"":""1720691712"",""display_name"":""Xin Ding""},""institutions"":[]},{""author"":{""id"":""144328091"",""display_name"":""R. Hu""},""institutions"":[]}]"
4233c268034f8b409cb5f77794b6ab2b3486a226,10.1109/icme46284.2020.9102962,Zero-Shot Restoration of Underexposed Images via Robust Retinex Decomposition,2020,IEEE International Conference on Multimedia and Expo,284,Anqi Zhu;Lin Zhang;Ying Shen;Yong Ma;Shengjie Zhao;Yicong Zhou,"[{""author"":{""id"":""2054793691"",""display_name"":""Anqi Zhu""},""institutions"":[]},{""author"":{""id"":""2143834929"",""display_name"":""Lin Zhang""},""institutions"":[]},{""author"":{""id"":""143822680"",""display_name"":""Ying Shen""},""institutions"":[]},{""author"":{""id"":""2122482757"",""display_name"":""Yong Ma""},""institutions"":[]},{""author"":{""id"":""47601434"",""display_name"":""Shengjie Zhao""},""institutions"":[]},{""author"":{""id"":""3049217"",""display_name"":""Yicong Zhou""},""institutions"":[]}]"
43c09a9d8a631942371c998eaf606294275bccc8,10.1109/TIP.2021.3125394,Burst Photography for Learning to Enhance Extremely Dark Images,2020,IEEE Transactions on Image Processing,28,Ahmet Serdar Karadeniz;Erkut Erdem;Aykut Erdem,"[{""author"":{""id"":""1486490787"",""display_name"":""Ahmet Serdar Karadeniz""},""institutions"":[]},{""author"":{""id"":""152330322"",""display_name"":""Erkut Erdem""},""institutions"":[]},{""author"":{""id"":""14364286"",""display_name"":""Aykut Erdem""},""institutions"":[]}]"
01a44aede8e6fba7f7d7a520b79b9fc6ec8d89c7,10.1109/cvpr42600.2020.00678,Optical Flow in the Dark,2020,Computer Vision and Pattern Recognition,58,Yinqiang Zheng;Mingfang Zhang;Feng Lu,"[{""author"":{""id"":""2037259"",""display_name"":""Yinqiang Zheng""},""institutions"":[]},{""author"":{""id"":""2290240304"",""display_name"":""Mingfang Zhang""},""institutions"":[]},{""author"":{""id"":""1388864077"",""display_name"":""Feng Lu""},""institutions"":[]}]"
9342a3f3328419a3574ac665d0cf9d264a7f52b5,10.1145/3394171.3413925,Fast Enhancement for Non-Uniform Illumination Images using Light-weight CNNs,2020,ACM Multimedia,74,Feifan Lv;Bo Liu;Feng Lu,"[{""author"":{""id"":""51290122"",""display_name"":""Feifan Lv""},""institutions"":[]},{""author"":{""id"":null,""display_name"":""Bo Liu""},""institutions"":[]},{""author"":{""id"":""1388864077"",""display_name"":""Feng Lu""},""institutions"":[]}]"
74f38e6667f52e6104ca65f51fe535df3e0c03ac,10.1109/TPAMI.2020.3045882,Map-Guided Curriculum Domain Adaptation and Uncertainty-Aware Evaluation for Semantic Nighttime Image Segmentation,2020,IEEE Transactions on Pattern Analysis and Machine Intelligence,206,Christos Sakaridis;Dengxin Dai;L. Van Gool,"[{""author"":{""id"":""7593607"",""display_name"":""Christos Sakaridis""},""institutions"":[]},{""author"":{""id"":""1778526"",""display_name"":""Dengxin Dai""},""institutions"":[]},{""author"":{""id"":""134339866"",""display_name"":""L. Van Gool""},""institutions"":[]}]"
6fcccca02671b9e4bd6a832bb8fec49c0da55979,10.1109/TMI.2020.3043495,Modeling and Enhancing Low-Quality Retinal Fundus Images,2020,IEEE Transactions on Medical Imaging,172,Ziyi Shen;H. Fu;Jianbing Shen;Ling Shao,"[{""author"":{""id"":""2182388"",""display_name"":""Ziyi Shen""},""institutions"":[]},{""author"":{""id"":""1929093"",""display_name"":""H. Fu""},""institutions"":[]},{""author"":{""id"":""145953515"",""display_name"":""Jianbing Shen""},""institutions"":[]},{""author"":{""id"":""144082425"",""display_name"":""Ling Shao""},""institutions"":[]}]"
b7eedc4671785072a0b444a5bb85ff8fa1ed50a6,,Understanding and Correcting Low-quality Retinal Fundus Images for Clinical Analysis,2020,arXiv.org,7,Ziyi Shen;H. Fu;Jianbing Shen;Ling Shao,"[{""author"":{""id"":""2182388"",""display_name"":""Ziyi Shen""},""institutions"":[]},{""author"":{""id"":""1929093"",""display_name"":""H. Fu""},""institutions"":[]},{""author"":{""id"":""145953515"",""display_name"":""Jianbing Shen""},""institutions"":[]},{""author"":{""id"":""144082425"",""display_name"":""Ling Shao""},""institutions"":[]}]"
09118b44e9fdb94e8768b5ae139c1c9a4576d0de,10.1109/ACCESS.2020.2992749,An Experiment-Based Review of Low-Light Image Enhancement Methods,2020,IEEE Access,332,Wencheng Wang;Xiaojin Wu;Xiaohui Yuan;Zairui Gao,"[{""author"":{""id"":""2120372506"",""display_name"":""Wencheng Wang""},""institutions"":[]},{""author"":{""id"":""50171677"",""display_name"":""Xiaojin Wu""},""institutions"":[]},{""author"":{""id"":""2115844515"",""display_name"":""Xiaohui Yuan""},""institutions"":[]},{""author"":{""id"":""2913158"",""display_name"":""Zairui Gao""},""institutions"":[]}]"
a3989ae2dec26e111845943605b35a25fa910246,10.1109/ICICCS48265.2020.9120901,Enhancement and Tampering Detection for Surveillance System,2020,International Conference Intelligent Computing and Control Systems,0,Sunita Sahu;Nirav Motwani;Aakanksha Talreja;Naman Varyomalani;Kunal Kundnani,"[{""author"":{""id"":""25617146"",""display_name"":""Sunita Sahu""},""institutions"":[]},{""author"":{""id"":""1753741419"",""display_name"":""Nirav Motwani""},""institutions"":[]},{""author"":{""id"":""1753741417"",""display_name"":""Aakanksha Talreja""},""institutions"":[]},{""author"":{""id"":""1753739110"",""display_name"":""Naman Varyomalani""},""institutions"":[]},{""author"":{""id"":""1753739100"",""display_name"":""Kunal Kundnani""},""institutions"":[]}]"
f734658a32e3604041cd2d203c7606bcec343806,10.1016/j.ijleo.2020.164260,Color and white balancing in low-light image enhancement,2020,,24,M. Iqbal;S. Ali;M. Riaz;A. Ghafoor;Attiq Ahmad,"[{""author"":{""id"":""1860890327"",""display_name"":""M. Iqbal""},""institutions"":[]},{""author"":{""id"":""2197444"",""display_name"":""S. Ali""},""institutions"":[]},{""author"":{""id"":""33485006"",""display_name"":""M. Riaz""},""institutions"":[]},{""author"":{""id"":""93065262"",""display_name"":""A. Ghafoor""},""institutions"":[]},{""author"":{""id"":""9438679"",""display_name"":""Attiq Ahmad""},""institutions"":[]}]"
09a1b81906d6aabc19180d2b983ec96c7e20a8e4,10.1109/ACCESS.2020.2988767,Low Light Image Enhancement Network With Attention Mechanism and Retinex Model,2020,IEEE Access,30,Wei Huang;Yifeng Zhu;Rui Huang,"[{""author"":{""id"":""2152491604"",""display_name"":""Wei Huang""},""institutions"":[]},{""author"":{""id"":""1390861158"",""display_name"":""Yifeng Zhu""},""institutions"":[]},{""author"":{""id"":""2140385915"",""display_name"":""Rui Huang""},""institutions"":[]}]"
874f1251353f98bd096cade10848c82907aaa1f9,10.1007/s00371-020-01838-0,Structure revealing of low-light images using wavelet transform based on fractional-order denoising and multiscale decomposition,2020,The Visual Computer,56,Ziaur Rahman;Yifei Pu;M. Aamir;Samad Wali,"[{""author"":{""id"":""145760130"",""display_name"":""Ziaur Rahman""},""institutions"":[]},{""author"":{""id"":""7805040"",""display_name"":""Yifei Pu""},""institutions"":[]},{""author"":{""id"":""2147469944"",""display_name"":""M. Aamir""},""institutions"":[]},{""author"":{""id"":""104452537"",""display_name"":""Samad Wali""},""institutions"":[]}]"
75ba306e914aad8f82b27b66ebaacec146e19518,10.1609/AAAI.V34I07.6843,An Integrated Enhancement Solution for 24-hour Colorful Imaging,2020,AAAI Conference on Artificial Intelligence,22,Feifan Lv;Yinqiang Zheng;Yicheng Li;Feng Lu,"[{""author"":{""id"":""51290122"",""display_name"":""Feifan Lv""},""institutions"":[]},{""author"":{""id"":""2037259"",""display_name"":""Yinqiang Zheng""},""institutions"":[]},{""author"":{""id"":""2155180560"",""display_name"":""Yicheng Li""},""institutions"":[]},{""author"":{""id"":""1388864077"",""display_name"":""Feng Lu""},""institutions"":[]}]"
cc8826c93dffe1e0118cbe7e04dc8fb243afe001,10.1609/AAAI.V34I07.7013,EEMEFN: Low-Light Image Enhancement via Edge-Enhanced Multi-Exposure Fusion Network,2020,AAAI Conference on Artificial Intelligence,236,Minfeng Zhu;Pingbo Pan;Wei Chen;Yi Yang,"[{""author"":{""id"":""145314938"",""display_name"":""Minfeng Zhu""},""institutions"":[]},{""author"":{""id"":""1991108"",""display_name"":""Pingbo Pan""},""institutions"":[]},{""author"":{""id"":""2283009"",""display_name"":""Wei Chen""},""institutions"":[]},{""author"":{""id"":""2143686040"",""display_name"":""Yi Yang""},""institutions"":[]}]"
32d8dd63e74c1f6740a5a6bd37ba8b994e635ea1,,Burst Denoising of Dark Images,2020,arXiv.org,0,Ahmet Serdar Karadeniz;Erkut Erdem;Aykut Erdem,"[{""author"":{""id"":""1486490787"",""display_name"":""Ahmet Serdar Karadeniz""},""institutions"":[]},{""author"":{""id"":""152330322"",""display_name"":""Erkut Erdem""},""institutions"":[]},{""author"":{""id"":""14364286"",""display_name"":""Aykut Erdem""},""institutions"":[]}]"
e8b471623a666bf77e303896424f29a62a31e50f,10.1145/3338533.3366584,An Adaptive Dark Region Detail Enhancement Method for Low-light Images,2019,ACM Multimedia Asia,0,Wengang Cheng;Caiyun Guo;Haitao Hu,"[{""author"":{""id"":""3073008"",""display_name"":""Wengang Cheng""},""institutions"":[]},{""author"":{""id"":""2109795159"",""display_name"":""Caiyun Guo""},""institutions"":[]},{""author"":{""id"":""47864619"",""display_name"":""Haitao Hu""},""institutions"":[]}]"
c41aacb6a0b5f6b501dbaf20e2cbea380c427ad9,10.1109/CVPRW50498.2020.00261,Color-wise Attention Network for Low-light Image Enhancement,2019,2020 IEEE/CVF Conference on Computer Vision and Pattern Recognition Workshops (CVPRW),43,Yousef Atoum;Mao Ye;Liu Ren;Ying Tai;Xiaoming Liu,"[{""author"":{""id"":""2447931"",""display_name"":""Yousef Atoum""},""institutions"":[]},{""author"":{""id"":""144560364"",""display_name"":""Mao Ye""},""institutions"":[]},{""author"":{""id"":""145645852"",""display_name"":""Liu Ren""},""institutions"":[]},{""author"":{""id"":""144970872"",""display_name"":""Ying Tai""},""institutions"":[]},{""author"":{""id"":""2108960018"",""display_name"":""Xiaoming Liu""},""institutions"":[]}]"
381c650d2c5cba76c28626e6e31cb2e55d4cf452,10.1007/978-3-030-31723-2_19,An Effective Network with ConvLSTM for Low-Light Image Enhancement,2019,Chinese Conference on Pattern Recognition and Computer Vision,7,Yixin Xiang;Ying Fu;Lei Zhang;Hua Huang,"[{""author"":{""id"":""2147246448"",""display_name"":""Yixin Xiang""},""institutions"":[]},{""author"":{""id"":""143728560"",""display_name"":""Ying Fu""},""institutions"":[]},{""author"":{""id"":""2152827674"",""display_name"":""Lei Zhang""},""institutions"":[]},{""author"":{""id"":""143814264"",""display_name"":""Hua Huang""},""institutions"":[]}]"
3d402f1ef2185695a33ca0a6cc21985f4dea4b3e,10.1145/3343031.3350994,Illumination-Invariant Person Re-Identification,2019,ACM Multimedia,97,Yukun Huang;Zhengjun Zha;Xueyang Fu;Wei Zhang,"[{""author"":{""id"":null,""display_name"":""Yukun Huang""},""institutions"":[]},{""author"":{""id"":""143962510"",""display_name"":""Zhengjun Zha""},""institutions"":[]},{""author"":{""id"":""3061449"",""display_name"":""Xueyang Fu""},""institutions"":[]},{""author"":{""id"":null,""display_name"":""Wei Zhang""},""institutions"":[]}]"
a5d043c17ff9b9ae4bd11762bfef27790fada58d,10.1109/ICCV.2019.00742,Learning to See Moving Objects in the Dark,2019,IEEE International Conference on Computer Vision,166,Haiyang Jiang;Yinqiang Zheng,"[{""author"":{""id"":""152743682"",""display_name"":""Haiyang Jiang""},""institutions"":[]},{""author"":{""id"":""2037259"",""display_name"":""Yinqiang Zheng""},""institutions"":[]}]"
c46503888ad5838ec044f9ca0cf8616d94e43c91,10.1109/ICCV.2019.00328,Seeing Motion in the Dark,2019,IEEE International Conference on Computer Vision,335,Chen Chen;Qifeng Chen;M. Do;V. Koltun,"[{""author"":{""id"":null,""display_name"":""Chen Chen""},""institutions"":[]},{""author"":{""id"":""143832240"",""display_name"":""Qifeng Chen""},""institutions"":[]},{""author"":{""id"":""1834451"",""display_name"":""M. Do""},""institutions"":[]},{""author"":{""id"":""145231047"",""display_name"":""V. Koltun""},""institutions"":[]}]"
68dec8d0c97827ce1a943152e6620b8e300d568e,10.1007/s11263-021-01466-8,Attention Guided Low-Light Image Enhancement with a Large Scale Low-Light Simulation Dataset,2019,International Journal of Computer Vision,333,Feifan Lv;Yu Li;Feng Lu,"[{""author"":{""id"":""51290122"",""display_name"":""Feifan Lv""},""institutions"":[]},{""author"":{""id"":""2116609876"",""display_name"":""Yu Li""},""institutions"":[]},{""author"":{""id"":""1388864077"",""display_name"":""Feng Lu""},""institutions"":[]}]"
3151ee4de6bf67ccba9b29565053720113ffaa85,,Attention-guided Low-light Image Enhancement,2019,arXiv.org,25,Feifan Lv;Feng Lu,"[{""author"":{""id"":""51290122"",""display_name"":""Feifan Lv""},""institutions"":[]},{""author"":{""id"":""1388864077"",""display_name"":""Feng Lu""},""institutions"":[]}]"
f71f45dd3ab3133495de23a06fdd58240694b227,10.1109/ICMEW.2019.00054,Low-Light Image Enhancement with Attention and Multi-level Feature Fusion,2019,2019 IEEE International Conference on Multimedia & Expo Workshops (ICMEW),15,Lei Wang;Guangtao Fu;Zhuqing Jiang;Guodong Ju;Aidong Men,"[{""author"":{""id"":""2152504244"",""display_name"":""Lei Wang""},""institutions"":[]},{""author"":{""id"":""152329766"",""display_name"":""Guangtao Fu""},""institutions"":[]},{""author"":{""id"":""3334296"",""display_name"":""Zhuqing Jiang""},""institutions"":[]},{""author"":{""id"":""151485737"",""display_name"":""Guodong Ju""},""institutions"":[]},{""author"":{""id"":""1736046"",""display_name"":""Aidong Men""},""institutions"":[]}]"
5e4bc76fb2a00151e43aee7fd2f49ef527486634,10.1109/ICCV.2019.00747,Guided Curriculum Model Adaptation and Uncertainty-Aware Evaluation for Semantic Nighttime Image Segmentation,2019,IEEE International Conference on Computer Vision,309,Christos Sakaridis;Dengxin Dai;L. Gool,"[{""author"":{""id"":""7593607"",""display_name"":""Christos Sakaridis""},""institutions"":[]},{""author"":{""id"":""1778526"",""display_name"":""Dengxin Dai""},""institutions"":[]},{""author"":{""id"":""1681236"",""display_name"":""L. Gool""},""institutions"":[]}]"
1b22dc72a185489c26b940d97a8a1e70046c6347,10.14569/ijacsa.2026.0170151,EnGMHE: Enhanced Geometric Mean Histogram Equalization for Low-Light Image Enhancement,2026,International Journal of Advanced Computer Science and Applications,0,Rawan I. Zaghloul;H. Hiary,"[{""author"":{""id"":""39515587"",""display_name"":""Rawan I. Zaghloul""},""institutions"":[]},{""author"":{""id"":""2833822"",""display_name"":""H. Hiary""},""institutions"":[]}]"
765cb21b150a6ce44cd68a3d63a0cb27a754a531,10.1109/ACCESS.2026.3681020,Development of Optimized Adaptive Multiscale Retinex Deep Learning Model for Image Enhancement,2026,IEEE Access,0,Lakshmi Kumari;Neetu Mittal;Megha Modi,"[{""author"":{""id"":""2292765872"",""display_name"":""Lakshmi Kumari""},""institutions"":[]},{""author"":{""id"":""2281348097"",""display_name"":""Neetu Mittal""},""institutions"":[]},{""author"":{""id"":""49779047"",""display_name"":""Megha Modi""},""institutions"":[]}]"
151f27d2468e4c1e864179e00110409aa8a17086,10.1016/j.patcog.2026.113332,Spatio-temporal collaborative optimization for event-guided low-light video enhancement,2026,Pattern Recognition,2,Zishu Yao;Xiang-Xiang Su;Shengning Zhou;Guangyu Zhu;Guodong Fan;Jing Chen,"[{""author"":{""id"":""2279605523"",""display_name"":""Zishu Yao""},""institutions"":[]},{""author"":{""id"":""2217865111"",""display_name"":""Xiang-Xiang Su""},""institutions"":[]},{""author"":{""id"":""2338975548"",""display_name"":""Shengning Zhou""},""institutions"":[]},{""author"":{""id"":""2114036784"",""display_name"":""Guangyu Zhu""},""institutions"":[]},{""author"":{""id"":""2298760903"",""display_name"":""Guodong Fan""},""institutions"":[]},{""author"":{""id"":""2266734868"",""display_name"":""Jing Chen""},""institutions"":[]}]"
02e7e508eed1f8f7c29e01a9186d8a21a68c1c45,10.1109/ACCESS.2026.3665009,HVR-SSLE: Hierarchical Visual Reasoning for Self-Supervised Low-Light Image Enhancement,2026,IEEE Access,0,DongWon Choo;Qikang Deng;Taewon Park;Dohoon Lee,"[{""author"":{""id"":""2300608052"",""display_name"":""DongWon Choo""},""institutions"":[]},{""author"":{""id"":""2100612835"",""display_name"":""Qikang Deng""},""institutions"":[]},{""author"":{""id"":""2071934705"",""display_name"":""Taewon Park""},""institutions"":[]},{""author"":{""id"":""2271397772"",""display_name"":""Dohoon Lee""},""institutions"":[]}]"
4cadf40ef9a0feb0ff04d952fc0feca6fcaabd20,10.1109/TMM.2026.3651020,Optimizing a 4D Lookup Table for Low-Light Video Enhancement via Wavelet Priori,2026,IEEE transactions on multimedia,2,Jinhong He;Minglong Xue;Wenhai Wang;Mingliang Zhou,"[{""author"":{""id"":""2278779333"",""display_name"":""Jinhong He""},""institutions"":[]},{""author"":{""id"":""2239994043"",""display_name"":""Minglong Xue""},""institutions"":[]},{""author"":{""id"":""2278582110"",""display_name"":""Wenhai Wang""},""institutions"":[]},{""author"":{""id"":""2269261255"",""display_name"":""Mingliang Zhou""},""institutions"":[]}]"
bf44eccefca3018b155bd446d3d927d3e380860e,10.3788/lop251956,基于Zero-GDCE的低照度图像增强算法,2026,Laser &amp; Optoelectronics Progress,0,王蔓菁 Wang Manjing;徐锋 Xu Feng;刘满禄 Liu Manlu,"[{""author"":{""id"":""2430904868"",""display_name"":""王蔓菁 Wang Manjing""},""institutions"":[]},{""author"":{""id"":""2128105503"",""display_name"":""徐锋 Xu Feng""},""institutions"":[]},{""author"":{""id"":""2430906737"",""display_name"":""刘满禄 Liu Manlu""},""institutions"":[]}]"
a92e237f4ac5abf368880edfbb7a43605bfe59a9,10.1016/j.displa.2026.103542,RS-SLAM: A visual SLAM system suitable for low-light environments,2026,Displays (Guildford),0,Peng Peng;Xiaohua Wang;Sukai Xiong;Yuanshuai Yao;Xiaoyu Fan;Jiacheng Qi,"[{""author"":{""id"":""2072676837"",""display_name"":""Peng Peng""},""institutions"":[]},{""author"":{""id"":""2109072867"",""display_name"":""Xiaohua Wang""},""institutions"":[]},{""author"":{""id"":""2437589381"",""display_name"":""Sukai Xiong""},""institutions"":[]},{""author"":{""id"":""2437919306"",""display_name"":""Yuanshuai Yao""},""institutions"":[]},{""author"":{""id"":""2117802276"",""display_name"":""Xiaoyu Fan""},""institutions"":[]},{""author"":{""id"":""2381078975"",""display_name"":""Jiacheng Qi""},""institutions"":[]}]"
b63ccd32c80e397d699181c8fea2db797e5e133c,10.1109/ACCESS.2026.3719936,Robust Low-Light Pedestrian Detection via Optimized Zero-DCE and YOLOv8,2026,IEEE Access,0,Dingnan Zhang;Enqi Yue;Boyang Liu;Dongsheng Wu,"[{""author"":{""id"":""1628910029"",""display_name"":""Dingnan Zhang""},""institutions"":[]},{""author"":{""id"":""2429596107"",""display_name"":""Enqi Yue""},""institutions"":[]},{""author"":{""id"":""2156643027"",""display_name"":""Boyang Liu""},""institutions"":[]},{""author"":{""id"":""2398753821"",""display_name"":""Dongsheng Wu""},""institutions"":[]}]"
9c3b52669616cbd41e2932ab384d741130d8276c,10.1109/TIM.2024.3497140,FFENet: Learning Frequency Features for Low-Light Enhancement,2025,IEEE Transactions on Instrumentation and Measurement,9,Zhenbing Liu;Junming Gong;Haoxiang Lu;Xipeng Pan;Rushi Lan,"[{""author"":{""id"":""1904697"",""display_name"":""Zhenbing Liu""},""institutions"":[]},{""author"":{""id"":""2112954091"",""display_name"":""Junming Gong""},""institutions"":[]},{""author"":{""id"":""2115608321"",""display_name"":""Haoxiang Lu""},""institutions"":[]},{""author"":{""id"":""2269767787"",""display_name"":""Xipeng Pan""},""institutions"":[]},{""author"":{""id"":""122211566"",""display_name"":""Rushi Lan""},""institutions"":[]}]"
7265909b89a644cc5e8358199d2f3b9ab88bf01f,10.32604/cmc.2024.059000,Unsupervised Low-Light Image Enhancement Based on Explicit Denoising and Knowledge Distillation,2025,Comput. Mater. Continua,3,Xianming Liu;Xinzhe Wang;Wenkai Zhang;Hao Zhang;Xiaoyu Guo;Shuiwang Li,"[{""author"":{""id"":""2330970874"",""display_name"":""Xianming Liu""},""institutions"":[]},{""author"":{""id"":""2324669721"",""display_name"":""Xinzhe Wang""},""institutions"":[]},{""author"":{""id"":""2306076894"",""display_name"":""Wenkai Zhang""},""institutions"":[]},{""author"":{""id"":""2310367327"",""display_name"":""Hao Zhang""},""institutions"":[]},{""author"":{""id"":""2310332664"",""display_name"":""Xiaoyu Guo""},""institutions"":[]},{""author"":{""id"":""2335423467"",""display_name"":""Shuiwang Li""},""institutions"":[]}]"
243fadf15a6c0132ba271547cab121cf685cde2a,10.3788/aos241732,眼科手术显微镜低照度图像实时增强算法,2025,Acta Optica Sinica,3,郭泰龙 Guo Tailong;蔡怀宇 Cai Huaiyu;汪. Wang Yi;陈晓冬 Chen Xiaodong,"[{""author"":{""id"":""2349035994"",""display_name"":""郭泰龙 Guo Tailong""},""institutions"":[]},{""author"":{""id"":""2127880050"",""display_name"":""蔡怀宇 Cai Huaiyu""},""institutions"":[]},{""author"":{""id"":""2128264902"",""display_name"":""汪. Wang Yi""},""institutions"":[]},{""author"":{""id"":""2127906353"",""display_name"":""陈晓冬 Chen Xiaodong""},""institutions"":[]}]"
61c22db16057e89730abec8ae94f75549354b6d1,10.3788/lop241669,层分解抑制彩色光晕的低光图像增强,2025,Laser &amp; Optoelectronics Progress,0,朱天鑫 Zhu Tianxin;陈春梅 Chen Chunmei;刘桂华 Liu Guihua;袁玲玲 Yuan Lingling;张宇寒 Zhang Yuhan,"[{""author"":{""id"":""2350701904"",""display_name"":""朱天鑫 Zhu Tianxin""},""institutions"":[]},{""author"":{""id"":""2269581630"",""display_name"":""陈春梅 Chen Chunmei""},""institutions"":[]},{""author"":{""id"":""2133655828"",""display_name"":""刘桂华 Liu Guihua""},""institutions"":[]},{""author"":{""id"":""2341063811"",""display_name"":""袁玲玲 Yuan Lingling""},""institutions"":[]},{""author"":{""id"":""2261859258"",""display_name"":""张宇寒 Zhang Yuhan""},""institutions"":[]}]"
fed62a4f250fbda97d875636fec49d4178ccb9f5,10.1109/TCI.2025.3544070,RLNet: Reshaping Learning Network for Accurate Low-Light Light Field Image Enhancement,2025,IEEE Transactions on Computational Imaging,3,Xingzheng Wang;Jiahao Lin;Kaiqiang Chen;Wenhao Huang;Zixuan Wang;Yuanlong Deng,"[{""author"":{""id"":""2289802165"",""display_name"":""Xingzheng Wang""},""institutions"":[]},{""author"":{""id"":""2346892660"",""display_name"":""Jiahao Lin""},""institutions"":[]},{""author"":{""id"":""2266798493"",""display_name"":""Kaiqiang Chen""},""institutions"":[]},{""author"":{""id"":""2267127994"",""display_name"":""Wenhao Huang""},""institutions"":[]},{""author"":{""id"":""2266724069"",""display_name"":""Zixuan Wang""},""institutions"":[]},{""author"":{""id"":""2302333100"",""display_name"":""Yuanlong Deng""},""institutions"":[]}]"
410c93f92fd20d4f75bc5e0fc255e95d2fcfe54f,10.1109/ACCESS.2025.3558574,LLD-YOLO: A Low-Light Object Detection Algorithm Based on Dynamic Weighted Fusion of Shallow and Deep Features,2025,IEEE Access,9,Wenhao Cai;Yajun Chen;Xiaoyang Qiu;Meiqi Niu;Jianying Li,"[{""author"":{""id"":""2317975996"",""display_name"":""Wenhao Cai""},""institutions"":[]},{""author"":{""id"":""2206429769"",""display_name"":""Yajun Chen""},""institutions"":[]},{""author"":{""id"":""2303328405"",""display_name"":""Xiaoyang Qiu""},""institutions"":[]},{""author"":{""id"":""2317234452"",""display_name"":""Meiqi Niu""},""institutions"":[]},{""author"":{""id"":""2317850232"",""display_name"":""Jianying Li""},""institutions"":[]}]"
711fe34e0315f056923b2330f3b96b4c4a7a630b,10.26599/tst.2024.9010115,Grayscale-Assisted RGB Image Conversion from Near-Infrared Images,2025,Tsinghua Science and Technology,7,Yunyi Gao;Qiankun Liu;Lin Gu;Ying Fu,"[{""author"":{""id"":""2330756563"",""display_name"":""Yunyi Gao""},""institutions"":[]},{""author"":{""id"":""2237954356"",""display_name"":""Qiankun Liu""},""institutions"":[]},{""author"":{""id"":""2290494499"",""display_name"":""Lin Gu""},""institutions"":[]},{""author"":{""id"":""2262425671"",""display_name"":""Ying Fu""},""institutions"":[]}]"
a660944549b2bfe9d356bf1a308aa4ac5f0cfd4c,10.1016/j.compind.2025.104314,SRLFormer: Single Retinex-based and low-light image guidance Transformer for low-light image enhancement,2025,Computers in industry (Print),2,Bin Wang;Bin Zhang;Jinfang Sheng,"[{""author"":{""id"":""2152592769"",""display_name"":""Bin Wang""},""institutions"":[]},{""author"":{""id"":""2294748546"",""display_name"":""Bin Zhang""},""institutions"":[]},{""author"":{""id"":""1710094"",""display_name"":""Jinfang Sheng""},""institutions"":[]}]"
445378399762e7a875d332cf2a00689c36421ec4,10.1109/ACCESS.2025.3578916,An Efficient Illumination Estimation Algorithm for Low-Light Image Enhancement,2025,IEEE Access,4,Tirui Wu;M. Glavin;Edward Jones,"[{""author"":{""id"":""2285003251"",""display_name"":""Tirui Wu""},""institutions"":[]},{""author"":{""id"":""145906580"",""display_name"":""M. Glavin""},""institutions"":[]},{""author"":{""id"":""1406238784"",""display_name"":""Edward Jones""},""institutions"":[]}]"
79d25dd033c115234398271c98071e89e3bda9bb,10.1109/TASE.2025.3584202,High-Definition Light and Shadow Reconstruction of Blast Furnace Burden Surface Images Based on a Spatiotemporal Multi-Domain Guided Generative Model,2025,IEEE Transactions on Automation Science and Engineering,4,Jianjun He;Xiao Ji;Zhipeng Chen;Ling Shen;Weihua Gui,"[{""author"":{""id"":""2153095348"",""display_name"":""Jianjun He""},""institutions"":[]},{""author"":{""id"":""2371296151"",""display_name"":""Xiao Ji""},""institutions"":[]},{""author"":{""id"":""2111334817"",""display_name"":""Zhipeng Chen""},""institutions"":[]},{""author"":{""id"":""2121271792"",""display_name"":""Ling Shen""},""institutions"":[]},{""author"":{""id"":""2289227147"",""display_name"":""Weihua Gui""},""institutions"":[]}]"
273a4bd1822fea523aeeb50846a506940149e2de,10.1109/ACCESS.2025.3596308,RTF-SAW-YOLOv11: A Bolt Defect Detection Model for Power Transmission Lines Under Low-Light Conditions,2025,IEEE Access,2,Hao Zhang;Lin Gao;Yuxiang Gong;Huaguo Liu;Yongdan Zhu;Yu Yang,"[{""author"":{""id"":""2376113450"",""display_name"":""Hao Zhang""},""institutions"":[]},{""author"":{""id"":""2296291358"",""display_name"":""Lin Gao""},""institutions"":[]},{""author"":{""id"":""2376102064"",""display_name"":""Yuxiang Gong""},""institutions"":[]},{""author"":{""id"":""2375446485"",""display_name"":""Huaguo Liu""},""institutions"":[]},{""author"":{""id"":""2345685040"",""display_name"":""Yongdan Zhu""},""institutions"":[]},{""author"":{""id"":""2296392822"",""display_name"":""Yu Yang""},""institutions"":[]}]"
f701537a202e1891039b37fe920b3b33902b8876,10.1109/TGRS.2025.3596581,FCMA-Det: Low-Light Image Object Detection Based on Feature Complementarity and Multicontent Aggregation,2025,IEEE Transactions on Geoscience and Remote Sensing,3,Jingyu Ji;Yuefei Zhao;YuHua Zhang;Xiaotong Zuo;Changlong Wang;Fengming Shi,"[{""author"":{""id"":""2310303430"",""display_name"":""Jingyu Ji""},""institutions"":[]},{""author"":{""id"":""2335441251"",""display_name"":""Yuefei Zhao""},""institutions"":[]},{""author"":{""id"":""2334661037"",""display_name"":""YuHua Zhang""},""institutions"":[]},{""author"":{""id"":""2346158854"",""display_name"":""Xiaotong Zuo""},""institutions"":[]},{""author"":{""id"":""2361331404"",""display_name"":""Changlong Wang""},""institutions"":[]},{""author"":{""id"":""2312441953"",""display_name"":""Fengming Shi""},""institutions"":[]}]"
ddd2b809f65e61c604eb5cce287219b153593127,10.1109/TMM.2025.3599099,Exploring Multi-Feature Relationship in Retinex Decomposition for Low-Light Image Enhancement,2025,IEEE transactions on multimedia,1,Ruoyu Guo;M. Pagnucco;Yang Song,"[{""author"":{""id"":""2262091394"",""display_name"":""Ruoyu Guo""},""institutions"":[]},{""author"":{""id"":""1783801"",""display_name"":""M. Pagnucco""},""institutions"":[]},{""author"":{""id"":""2328578455"",""display_name"":""Yang Song""},""institutions"":[]}]"
0e9dc712f8fd8ba21dd477bc53ab3f8653a2ec39,10.1109/JSTARS.2025.3608696,LersGAN: A GAN-Based Model for Low-Light Remote Sensing Image Enhancement,2025,IEEE Journal of Selected Topics in Applied Earth Observations and Remote Sensing,10,Tianqiang Li;Tian Guo;Deliang Xiang,"[{""author"":{""id"":""2118911249"",""display_name"":""Tianqiang Li""},""institutions"":[]},{""author"":{""id"":""2313902604"",""display_name"":""Tian Guo""},""institutions"":[]},{""author"":{""id"":""2345016090"",""display_name"":""Deliang Xiang""},""institutions"":[]}]"
016675a7392f901a4615b6aef73703b96d03b35f,10.1109/ACCESS.2025.3629128,Contrast-Aware Image Enhancement Network for Low-Light Images,2025,IEEE Access,0,Jun Young Park;I. Eom,"[{""author"":{""id"":""2393113721"",""display_name"":""Jun Young Park""},""institutions"":[]},{""author"":{""id"":""3260798"",""display_name"":""I. Eom""},""institutions"":[]}]"
33bb0e657ea541c640144a2dc726e2a1009576c0,10.1109/JSTARS.2025.3602880,LLE for SfM: Learning to Enhance the UAV Images for Nighttime Urban 3-D Reconstruction,2025,IEEE Journal of Selected Topics in Applied Earth Observations and Remote Sensing,0,Qiuyuan Ling;Xiaoyi Zhang;Zifeng Liang;Guang-liang Xie;Zhou Liu;Wenshuai Yu,"[{""author"":{""id"":""2345248129"",""display_name"":""Qiuyuan Ling""},""institutions"":[]},{""author"":{""id"":""2325705053"",""display_name"":""Xiaoyi Zhang""},""institutions"":[]},{""author"":{""id"":""2448675408"",""display_name"":""Zifeng Liang""},""institutions"":[]},{""author"":{""id"":""30949123"",""display_name"":""Guang-liang Xie""},""institutions"":[]},{""author"":{""id"":""2375380658"",""display_name"":""Zhou Liu""},""institutions"":[]},{""author"":{""id"":""2173520942"",""display_name"":""Wenshuai Yu""},""institutions"":[]}]"
ce3b6388ce3f797c03d1aec7d5738cfaa410376f,10.1016/j.ifacol.2025.11.704,Hierarchical image enhancement based on intersectional cortical model for extracting accurate ship trajectories,2025,IFAC-PapersOnLine,0,Xinqiang Chen;Rui Yang;Yang Sun;Zichuang Wang;Han Zhang;O. Postolache,"[{""author"":{""id"":""2396957101"",""display_name"":""Xinqiang Chen""},""institutions"":[]},{""author"":{""id"":""2279292987"",""display_name"":""Rui Yang""},""institutions"":[]},{""author"":{""id"":""2302741361"",""display_name"":""Yang Sun""},""institutions"":[]},{""author"":{""id"":""2159772398"",""display_name"":""Zichuang Wang""},""institutions"":[]},{""author"":{""id"":""2364724004"",""display_name"":""Han Zhang""},""institutions"":[]},{""author"":{""id"":""2396881452"",""display_name"":""O. Postolache""},""institutions"":[]}]"
8499ad0e3d4a00ec9d8e58756fa90db5f148a028,10.52202/085713-5007,Event-Guided Consistent Video Enhancement with Modality-Adaptive Diffusion Pipeline,2025,Neural Information Processing Systems,2,Kanghao Chen;Zixin Zhang;Guoqiang Liang;Lutao Jiang;Zeyu Wang;Yingcong Chen,"[{""author"":{""id"":""2294580844"",""display_name"":""Kanghao Chen""},""institutions"":[]},{""author"":{""id"":""2363532169"",""display_name"":""Zixin Zhang""},""institutions"":[]},{""author"":{""id"":""2294359232"",""display_name"":""Guoqiang Liang""},""institutions"":[]},{""author"":{""id"":""2373575157"",""display_name"":""Lutao Jiang""},""institutions"":[]},{""author"":{""id"":""2280954258"",""display_name"":""Zeyu Wang""},""institutions"":[]},{""author"":{""id"":""2296217926"",""display_name"":""Yingcong Chen""},""institutions"":[]}]"
59a4c7b1ebad7749018ff6a4b685e5fac161d3f2,10.48550/arXiv.2512.24985,DarkEQA: Benchmarking Vision-Language Models for Embodied Question Answering in Low-Light Indoor Environments,2025,arXiv.org,1,Yohan Park;Hyunwoo Ha;Wonjun Jo;Tae-Hyun Oh,"[{""author"":{""id"":""2145069660"",""display_name"":""Yohan Park""},""institutions"":[]},{""author"":{""id"":""2281868998"",""display_name"":""Hyunwoo Ha""},""institutions"":[]},{""author"":{""id"":""2401827864"",""display_name"":""Wonjun Jo""},""institutions"":[]},{""author"":{""id"":""2274931352"",""display_name"":""Tae-Hyun Oh""},""institutions"":[]}]"
22d65d9f9a43c9ef709bd800c6039e28ab45b1a5,10.1109/TMM.2024.3391907,Benchmark Dataset and Pair-Wise Ranking Method for Quality Evaluation of Night-Time Image Enhancement,2024,IEEE transactions on multimedia,6,Xuejin Wang;Leilei Huang;Hangwei Chen;Qiuping Jiang;Shaowei Weng;Feng Shao,"[{""author"":{""id"":""2108018987"",""display_name"":""Xuejin Wang""},""institutions"":[]},{""author"":{""id"":""2297995497"",""display_name"":""Leilei Huang""},""institutions"":[]},{""author"":{""id"":""2145252631"",""display_name"":""Hangwei Chen""},""institutions"":[]},{""author"":{""id"":""2238896888"",""display_name"":""Qiuping Jiang""},""institutions"":[]},{""author"":{""id"":""2238663706"",""display_name"":""Shaowei Weng""},""institutions"":[]},{""author"":{""id"":""2166597539"",""display_name"":""Feng Shao""},""institutions"":[]}]"
9aae66ff80d406c7ce310ddccb12e662644838ca,10.1109/TCI.2024.3378091,LL-UNet++:UNet++ Based Nested Skip Connections Network for Low-Light Image Enhancement,2024,IEEE Transactions on Computational Imaging,21,P. Shi;Xiwang Xu;Xinnan Fan;Xudong Yang;Yuanxue Xin,"[{""author"":{""id"":""2055356924"",""display_name"":""P. Shi""},""institutions"":[]},{""author"":{""id"":""2292455147"",""display_name"":""Xiwang Xu""},""institutions"":[]},{""author"":{""id"":""2260779834"",""display_name"":""Xinnan Fan""},""institutions"":[]},{""author"":{""id"":""2265828798"",""display_name"":""Xudong Yang""},""institutions"":[]},{""author"":{""id"":""23145231"",""display_name"":""Yuanxue Xin""},""institutions"":[]}]"
0c1b87fa620a599458bf23ccfe7851cbf3fd39d9,10.1109/TMM.2023.3291498,PMSNet: Parallel Multi-Scale Network for Accurate Low-Light Light-Field Image Enhancement,2024,IEEE transactions on multimedia,18,Xingzheng Wang;Kaiqiang Chen;Zixuan Wang;Wenhao Huang,"[{""author"":{""id"":""48631703"",""display_name"":""Xingzheng Wang""},""institutions"":[]},{""author"":{""id"":""2118441715"",""display_name"":""Kaiqiang Chen""},""institutions"":[]},{""author"":{""id"":""2108400883"",""display_name"":""Zixuan Wang""},""institutions"":[]},{""author"":{""id"":""2158102842"",""display_name"":""Wenhao Huang""},""institutions"":[]}]"
1fad5d24594230050df5375849b1fb6b82ac5fc2,10.1109/TMM.2023.3284988,Progressive Bidirectional Feature Extraction and Enhancement Network for Quality Evaluation of Night-Time Images,2024,IEEE transactions on multimedia,8,Jiangli Shi;Feng Shao;Chongzhen Tian;Hangwei Chen;Long Xu;Yo-Sung Ho,"[{""author"":{""id"":""48377179"",""display_name"":""Jiangli Shi""},""institutions"":[]},{""author"":{""id"":""2065221266"",""display_name"":""Feng Shao""},""institutions"":[]},{""author"":{""id"":""2149508465"",""display_name"":""Chongzhen Tian""},""institutions"":[]},{""author"":{""id"":""2145252631"",""display_name"":""Hangwei Chen""},""institutions"":[]},{""author"":{""id"":""2164656999"",""display_name"":""Long Xu""},""institutions"":[]},{""author"":{""id"":""143949085"",""display_name"":""Yo-Sung Ho""},""institutions"":[]}]"
9eef368b54747ce95fd48fe48a3e20bbeb4a5379,10.1109/TIM.2024.3350120,WSA-YOLO: Weak-Supervised and Adaptive Object Detection in the Low-Light Environment for YOLOV7,2024,IEEE Transactions on Instrumentation and Measurement,56,Yanming Hui;Jue Wang;Bo Li,"[{""author"":{""id"":""2172174907"",""display_name"":""Yanming Hui""},""institutions"":[]},{""author"":{""id"":""2109763930"",""display_name"":""Jue Wang""},""institutions"":[]},{""author"":{""id"":""2246445422"",""display_name"":""Bo Li""},""institutions"":[]}]"
3e2329282ea1ecc099c79480f125b569257a0906,10.1109/TMM.2023.3293736,Glow in the Dark: Low-Light Image Enhancement With External Memory,2024,IEEE transactions on multimedia,32,Dongjie Ye;Zhangkai Ni;Wenhan Yang;Hanli Wang;Shiqi Wang;S. Kwong,"[{""author"":{""id"":""32198004"",""display_name"":""Dongjie Ye""},""institutions"":[]},{""author"":{""id"":""38748686"",""display_name"":""Zhangkai Ni""},""institutions"":[]},{""author"":{""id"":""1898172"",""display_name"":""Wenhan Yang""},""institutions"":[]},{""author"":{""id"":""2774427"",""display_name"":""Hanli Wang""},""institutions"":[]},{""author"":{""id"":""2283201042"",""display_name"":""Shiqi Wang""},""institutions"":[]},{""author"":{""id"":""121840359"",""display_name"":""S. Kwong""},""institutions"":[]}]"
84dc31e2d95c79443c5450a91966b6520330c9d7,10.1109/ACCESS.2024.3381514,A Low-Light Image Enhancement Algorithm Incorporating Cross-Mixed Attention and Receptive Field Expansion Mechanism,2024,IEEE Access,2,Rongfeng Zhou;Ping Li;Mingyang Zhang;Qing Lin;Yuanyuan Wang;Xuesheng Bian;Feng Zhou;Rugang Wang,"[{""author"":{""id"":""2260619255"",""display_name"":""Rongfeng Zhou""},""institutions"":[]},{""author"":{""id"":""2267107644"",""display_name"":""Ping Li""},""institutions"":[]},{""author"":{""id"":""2293555715"",""display_name"":""Mingyang Zhang""},""institutions"":[]},{""author"":{""id"":""2168343890"",""display_name"":""Qing Lin""},""institutions"":[]},{""author"":{""id"":""2146025300"",""display_name"":""Yuanyuan Wang""},""institutions"":[]},{""author"":{""id"":""2287083741"",""display_name"":""Xuesheng Bian""},""institutions"":[]},{""author"":{""id"":""97662451"",""display_name"":""Feng Zhou""},""institutions"":[]},{""author"":{""id"":""49908074"",""display_name"":""Rugang Wang""},""institutions"":[]}]"
1de0934b46b325c85edf5f39fbbb1812b1b52815,10.3788/lop231997,基于多尺度深度曲线估计的微光图像增强算法,2024,Laser &amp; Optoelectronics Progress,1,郭泓达 Guo Hongda;董秀成 Dong Xiucheng;郑永康 Zheng Yongkang;雎雅玲 Ju Yaling;张党成 Zhang Dangcheng,"[{""author"":{""id"":""2301963474"",""display_name"":""郭泓达 Guo Hongda""},""institutions"":[]},{""author"":{""id"":""2133744109"",""display_name"":""董秀成 Dong Xiucheng""},""institutions"":[]},{""author"":{""id"":""2301963644"",""display_name"":""郑永康 Zheng Yongkang""},""institutions"":[]},{""author"":{""id"":""2301956088"",""display_name"":""雎雅玲 Ju Yaling""},""institutions"":[]},{""author"":{""id"":""2301955966"",""display_name"":""张党成 Zhang Dangcheng""},""institutions"":[]}]"
f6107ba59dba91db16237465bf23a261c7889392,10.48550/arXiv.2405.15660,Low-Light Video Enhancement via Spatial-Temporal Consistent Illumination and Reflection Decomposition,2024,arXiv.org,0,Xiaogang Xu;Kun Zhou;Tao Hu;Ruixing Wang;Hujun Bao,"[{""author"":{""id"":""2276483420"",""display_name"":""Xiaogang Xu""},""institutions"":[]},{""author"":{""id"":""2241255648"",""display_name"":""Kun Zhou""},""institutions"":[]},{""author"":{""id"":""2291014998"",""display_name"":""Tao Hu""},""institutions"":[]},{""author"":{""id"":""2303302229"",""display_name"":""Ruixing Wang""},""institutions"":[]},{""author"":{""id"":""2286797568"",""display_name"":""Hujun Bao""},""institutions"":[]}]"
8c866fdcaa8e3a722070fabc1966c4eb024fae9b,10.1109/TGRS.2024.3422314,Zero-Shot Parameter Learning Network for Low-Light Image Enhancement in Permanently Shadowed Regions,2024,IEEE Transactions on Geoscience and Remote Sensing,10,Fengqi Zhang;Zhigang Tu;Weifeng Hao;Yihao Chen;Fei Li;Mao Ye,"[{""author"":{""id"":""2290062612"",""display_name"":""Fengqi Zhang""},""institutions"":[]},{""author"":{""id"":""2061178292"",""display_name"":""Zhigang Tu""},""institutions"":[]},{""author"":{""id"":""2257954158"",""display_name"":""Weifeng Hao""},""institutions"":[]},{""author"":{""id"":""2271803346"",""display_name"":""Yihao Chen""},""institutions"":[]},{""author"":{""id"":""2262197600"",""display_name"":""Fei Li""},""institutions"":[]},{""author"":{""id"":""2294040469"",""display_name"":""Mao Ye""},""institutions"":[]}]"
f50da5f831fd27184f76f63fcbaa3b7cdd46b56c,10.1109/ACCESS.2024.3437154,Cable Tunnel Waterlogging Detection for Low-Light and Interference Based on Three-Stage Recognition,2024,IEEE Access,2,Jun Zhu;Fenglian Liu;Zhihang Xue;Wenwei Luo;Haoran Peng;Jun He;Zhengzheng Fu;Donghui Luo,"[{""author"":{""id"":""2314684639"",""display_name"":""Jun Zhu""},""institutions"":[]},{""author"":{""id"":""2306428730"",""display_name"":""Fenglian Liu""},""institutions"":[]},{""author"":{""id"":""2314391945"",""display_name"":""Zhihang Xue""},""institutions"":[]},{""author"":{""id"":""2268650985"",""display_name"":""Wenwei Luo""},""institutions"":[]},{""author"":{""id"":""2314564261"",""display_name"":""Haoran Peng""},""institutions"":[]},{""author"":{""id"":""2118174970"",""display_name"":""Jun He""},""institutions"":[]},{""author"":{""id"":""2313574285"",""display_name"":""Zhengzheng Fu""},""institutions"":[]},{""author"":{""id"":""2313522994"",""display_name"":""Donghui Luo""},""institutions"":[]}]"
c5d34758d3e2b9d3a1f222cba5b661ab072035e2,10.1109/TMM.2024.3400668,CodedBGT: Code Bank-Guided Transformer for Low-Light Image Enhancement,2024,IEEE transactions on multimedia,12,Dongjie Ye;Baoliang Chen;Shiqi Wang;S. Kwong,"[{""author"":{""id"":""32198004"",""display_name"":""Dongjie Ye""},""institutions"":[]},{""author"":{""id"":""1919597217"",""display_name"":""Baoliang Chen""},""institutions"":[]},{""author"":{""id"":""2283201042"",""display_name"":""Shiqi Wang""},""institutions"":[]},{""author"":{""id"":""121840359"",""display_name"":""S. Kwong""},""institutions"":[]}]"
2a41ae1cb4df0c6c729c34407538289aa2de20b0,10.1109/ACCESS.2024.3457514,Learning to Concurrently Brighten and Mitigate Deterioration in Low-Light Images,2024,IEEE Access,6,Minh-Thien Duong;Seongsoo Lee;Min-Cheol Hong,"[{""author"":{""id"":""2268101537"",""display_name"":""Minh-Thien Duong""},""institutions"":[]},{""author"":{""id"":""2268174606"",""display_name"":""Seongsoo Lee""},""institutions"":[]},{""author"":{""id"":""2268097214"",""display_name"":""Min-Cheol Hong""},""institutions"":[]}]"
be9ec74bf7c3ccc23515ecb56bafc0377d19b81d,10.1109/ACCESS.2024.3479781,Machine Vision and Robotics for Primary Food Manipulation and Packaging: A Survey,2024,IEEE Access,15,Saigopal Vasudevan;Mohamed Lamine Mekhalfi;C. Blanes;M. Lecca;F. Poiesi;Paul Ian Chippendale;Pablo Malvido Fresnillo;W. Mohammed;J. M. Martinez Lastra,"[{""author"":{""id"":""2152393693"",""display_name"":""Saigopal Vasudevan""},""institutions"":[]},{""author"":{""id"":""2327240591"",""display_name"":""Mohamed Lamine Mekhalfi""},""institutions"":[]},{""author"":{""id"":""3373930"",""display_name"":""C. Blanes""},""institutions"":[]},{""author"":{""id"":""2558075"",""display_name"":""M. Lecca""},""institutions"":[]},{""author"":{""id"":""2247819406"",""display_name"":""F. Poiesi""},""institutions"":[]},{""author"":{""id"":""2327240632"",""display_name"":""Paul Ian Chippendale""},""institutions"":[]},{""author"":{""id"":""2258131982"",""display_name"":""Pablo Malvido Fresnillo""},""institutions"":[]},{""author"":{""id"":""2161838"",""display_name"":""W. Mohammed""},""institutions"":[]},{""author"":{""id"":""2678886"",""display_name"":""J. M. Martinez Lastra""},""institutions"":[]}]"
29edde4a44f733ea1c5fa7b9940b4e1a99d3934e,10.1109/TMM.2024.3413293,Bilateral Interaction for Local-Global Collaborative Perception in Low-Light Image Enhancement,2024,IEEE transactions on multimedia,13,Rui Xu;Yuezhou Li;Yuzhen Niu;Huangbiao Xu;Yuzhong Chen;Tiesong Zhao,"[{""author"":{""id"":""2258303211"",""display_name"":""Rui Xu""},""institutions"":[]},{""author"":{""id"":""2049029951"",""display_name"":""Yuezhou Li""},""institutions"":[]},{""author"":{""id"":""2056577475"",""display_name"":""Yuzhen Niu""},""institutions"":[]},{""author"":{""id"":""2306438622"",""display_name"":""Huangbiao Xu""},""institutions"":[]},{""author"":{""id"":""2297422420"",""display_name"":""Yuzhong Chen""},""institutions"":[]},{""author"":{""id"":""2153707464"",""display_name"":""Tiesong Zhao""},""institutions"":[]}]"
42a560d634f3e388b1f6b7c617dcef6cc67625e3,10.5768/jao202445.0609001,Review of low-illuminance image enhancement algorithm based on deep learning,2024,Journal of Applied Optics,1,Li Ziwei;Jinlong Liu;Huizhen Yang;Zhiguang Zhang,"[{""author"":{""id"":""2319330034"",""display_name"":""Li Ziwei""},""institutions"":[]},{""author"":{""id"":""2395985209"",""display_name"":""Jinlong Liu""},""institutions"":[]},{""author"":{""id"":""2268176945"",""display_name"":""Huizhen Yang""},""institutions"":[]},{""author"":{""id"":""2268540237"",""display_name"":""Zhiguang Zhang""},""institutions"":[]}]"
6507196db1bf5c947c2971c7d55d6130839e45e8,10.1109/TIM.2022.3232641,Linear Contrast Enhancement Network for Low-Illumination Image Enhancement,2023,IEEE Transactions on Instrumentation and Measurement,42,Zhaorun Zhou;Zhenghao Shi;Wenqi Ren,"[{""author"":{""id"":""1720842659"",""display_name"":""Zhaorun Zhou""},""institutions"":[]},{""author"":{""id"":""2853312"",""display_name"":""Zhenghao Shi""},""institutions"":[]},{""author"":{""id"":""144850642"",""display_name"":""Wenqi Ren""},""institutions"":[]}]"
e810e493b96bc9c2fb4f40bba568ac2e5235197e,10.48550/arXiv.2305.10223,NFI2: Learning Noise-Free Illuminance-Interpolator for Unsupervised Low-Light Image Enhancement,2023,arXiv.org,0,Xiaofeng Liu;Jiaxin Gao;Ziyu Yue;Xin-Yue Fan;Risheng Liu,"[{""author"":{""id"":""2257345982"",""display_name"":""Xiaofeng Liu""},""institutions"":[]},{""author"":{""id"":""2170969324"",""display_name"":""Jiaxin Gao""},""institutions"":[]},{""author"":{""id"":""2238954073"",""display_name"":""Ziyu Yue""},""institutions"":[]},{""author"":{""id"":""2117800366"",""display_name"":""Xin-Yue Fan""},""institutions"":[]},{""author"":{""id"":""34469457"",""display_name"":""Risheng Liu""},""institutions"":[]}]"
cc3b299ea3cca09f0dc20f8157a1bcecc18e464a,10.1109/TIM.2022.3222517,MDSFE: Multiscale Deep Stacking Fusion Enhancer Network for Visual Data Enhancement,2023,IEEE Transactions on Instrumentation and Measurement,9,Yu Guo;Yuxu Lu;Jingxiang Qu;Ryan Wen Liu;Wenqi Ren,"[{""author"":{""id"":""2143378699"",""display_name"":""Yu Guo""},""institutions"":[]},{""author"":{""id"":""121713030"",""display_name"":""Yuxu Lu""},""institutions"":[]},{""author"":{""id"":""2189470689"",""display_name"":""Jingxiang Qu""},""institutions"":[]},{""author"":{""id"":""2202013693"",""display_name"":""Ryan Wen Liu""},""institutions"":[]},{""author"":{""id"":""2053308882"",""display_name"":""Wenqi Ren""},""institutions"":[]}]"
68e372d65bc3105e6d70c2a36af289d074823a65,10.1109/TIM.2023.3284141,Low-Illumination Image Enhancement for Foreign Object Detection in Confined Spaces,2023,IEEE Transactions on Instrumentation and Measurement,11,Te Li;Zelin Pei;Xingjian Liu;Ruhan Nie;Xu Li;Yongqing Wang,"[{""author"":{""id"":""2108970410"",""display_name"":""Te Li""},""institutions"":[]},{""author"":{""id"":""122304658"",""display_name"":""Zelin Pei""},""institutions"":[]},{""author"":{""id"":""1959234894"",""display_name"":""Xingjian Liu""},""institutions"":[]},{""author"":{""id"":""2220461645"",""display_name"":""Ruhan Nie""},""institutions"":[]},{""author"":{""id"":""2116328427"",""display_name"":""Xu Li""},""institutions"":[]},{""author"":{""id"":""2143454216"",""display_name"":""Yongqing Wang""},""institutions"":[]}]"
64741709b904bcf90da8c9676b94820edb6bbd3b,10.1109/TIM.2023.3301049,LCA-Net: A Context-Aware Lightweight Network for Low-Illumination Image Enhancement,2023,IEEE Transactions on Instrumentation and Measurement,11,Zhenghao Shi;Manyu Wang;Wenqi Ren,"[{""author"":{""id"":""2853312"",""display_name"":""Zhenghao Shi""},""institutions"":[]},{""author"":{""id"":""2229740188"",""display_name"":""Manyu Wang""},""institutions"":[]},{""author"":{""id"":""144850642"",""display_name"":""Wenqi Ren""},""institutions"":[]}]"
1ad1af40d52fbdb5ae9d3972d87e8ddb98618734,,Joint Low-light Enhancement and Super Resolution with Image Underexposure Level Guidance,2023,British Machine Vision Conference,4,Mingjie Xu;Chaoqun Zhuang;Feifan Lv;Feng Lu,"[{""author"":{""id"":""2153557696"",""display_name"":""Mingjie Xu""},""institutions"":[]},{""author"":{""id"":""2279568373"",""display_name"":""Chaoqun Zhuang""},""institutions"":[]},{""author"":{""id"":""51290122"",""display_name"":""Feifan Lv""},""institutions"":[]},{""author"":{""id"":""2279610393"",""display_name"":""Feng Lu""},""institutions"":[]}]"
997afb3e71f0431c133270793a8a8e9cb93ab70e,10.1109/TCI.2023.3241550,Multi-Stream Progressive Restoration for Low-Light Light Field Enhancement and Denoising,2023,IEEE Transactions on Computational Imaging,37,Xiang Wang;Youfang Lin;Shuo Zhang,"[{""author"":{""id"":""2308500953"",""display_name"":""Xiang Wang""},""institutions"":[]},{""author"":{""id"":""2624174"",""display_name"":""Youfang Lin""},""institutions"":[]},{""author"":{""id"":""2117777418"",""display_name"":""Shuo Zhang""},""institutions"":[]}]"
3e83a11fa56f265deda246195c89086119e4cfc6,10.1109/TCI.2023.3240087,LightingNet: An Integrated Learning Method for Low-Light Image Enhancement,2023,IEEE Transactions on Computational Imaging,116,Shaoliang Yang;Dongming Zhou;Jinde Cao;Yanbu Guo,"[{""author"":{""id"":""2162395521"",""display_name"":""Shaoliang Yang""},""institutions"":[]},{""author"":{""id"":""2153594632"",""display_name"":""Dongming Zhou""},""institutions"":[]},{""author"":{""id"":""2161849202"",""display_name"":""Jinde Cao""},""institutions"":[]},{""author"":{""id"":""36447598"",""display_name"":""Yanbu Guo""},""institutions"":[]}]"
b8948521dad7213cc82178c1c1eb0b07335efbfd,,Signal Processing: Image Communication,2023,,0,Wencheng Wang;Dongliang Yan;Xiaojin Wu;Weikai He;Zhenxue Chen;Xiaohui Yuan;Lun Li,"[{""author"":{""id"":""2177239141"",""display_name"":""Wencheng Wang""},""institutions"":[]},{""author"":{""id"":""2163515397"",""display_name"":""Dongliang Yan""},""institutions"":[]},{""author"":{""id"":""50171677"",""display_name"":""Xiaojin Wu""},""institutions"":[]},{""author"":{""id"":""1825761822"",""display_name"":""Weikai He""},""institutions"":[]},{""author"":{""id"":""145833455"",""display_name"":""Zhenxue Chen""},""institutions"":[]},{""author"":{""id"":""2115844662"",""display_name"":""Xiaohui Yuan""},""institutions"":[]},{""author"":{""id"":""2177362541"",""display_name"":""Lun Li""},""institutions"":[]}]"
db295b4bd1ef52f2664ea225d4eee4cf87542aad,10.1109/TMM.2022.3154152,Low-Light Stereo Image Enhancement,2023,IEEE transactions on multimedia,38,Jie Huang;Xueyang Fu;Zeyu Xiao;Fengmei Zhao;Zhiwei Xiong,"[{""author"":{""id"":""2110284557"",""display_name"":""Jie Huang""},""institutions"":[]},{""author"":{""id"":""3061449"",""display_name"":""Xueyang Fu""},""institutions"":[]},{""author"":{""id"":""1993383158"",""display_name"":""Zeyu Xiao""},""institutions"":[]},{""author"":{""id"":""2152335165"",""display_name"":""Fengmei Zhao""},""institutions"":[]},{""author"":{""id"":""2352456"",""display_name"":""Zhiwei Xiong""},""institutions"":[]}]"
dae6fee8860105aecd7d6bc1cbe85434748b52a9,10.5220/0011652000003411,Evaluating the Impact of Low-Light Image Enhancement Methods on Runner Re-Identification in the Wild,2023,International Conference on Pattern Recognition Applications and Methods,1,O. J. Santana;J. Lorenzo-Navarro;David Freire-Obregón;D. Hernández-Sosa;Modesto Castrillón-Santana,"[{""author"":{""id"":""2754680"",""display_name"":""O. J. Santana""},""institutions"":[]},{""author"":{""id"":""1389895482"",""display_name"":""J. Lorenzo-Navarro""},""institutions"":[]},{""author"":{""id"":""1403815013"",""display_name"":""David Freire-Obregón""},""institutions"":[]},{""author"":{""id"":""1403176127"",""display_name"":""D. Hernández-Sosa""},""institutions"":[]},{""author"":{""id"":""1694554"",""display_name"":""Modesto Castrillón-Santana""},""institutions"":[]}]"
faa5559ba3a0fda306207f643a2c541dc3c86729,10.3788/lop222189,基于多尺度融合卷积神经网络的微光图像增强算法,2023,Laser &amp; Optoelectronics Progress,3,刘伟强 Liu Weiqiang;赵鹏 Zhao Peng;宋向迎 Song Xiangying,"[{""author"":{""id"":""2134542484"",""display_name"":""刘伟强 Liu Weiqiang""},""institutions"":[]},{""author"":{""id"":""2128096318"",""display_name"":""赵鹏 Zhao Peng""},""institutions"":[]},{""author"":{""id"":""2236610591"",""display_name"":""宋向迎 Song Xiangying""},""institutions"":[]}]"
b699ecc22800309c2957229047c711d0a72f0bd4,10.1051/shsconf/202316601068,Pattern segmentation method based on super-pixel multi-feature fusion,2023,SHS Web of Conferences,0,Xiaohong Gu;Shuyuan Shang,"[{""author"":{""id"":""2195789820"",""display_name"":""Xiaohong Gu""},""institutions"":[]},{""author"":{""id"":""2144742191"",""display_name"":""Shuyuan Shang""},""institutions"":[]}]"
dd6c5e1e8e1bbb47a8abc93813f5588ad3275400,10.1109/TMM.2022.3193059,Unsupervised Underexposed Image Enhancement via Self-Illuminated and Perceptual Guidance,2023,IEEE transactions on multimedia,23,Naishan Zheng;Jie Huang;Fengmei Zhao;Xueyang Fu;Feng Wu,"[{""author"":{""id"":""104219880"",""display_name"":""Naishan Zheng""},""institutions"":[]},{""author"":{""id"":""2110284557"",""display_name"":""Jie Huang""},""institutions"":[]},{""author"":{""id"":""2152335165"",""display_name"":""Fengmei Zhao""},""institutions"":[]},{""author"":{""id"":""3061449"",""display_name"":""Xueyang Fu""},""institutions"":[]},{""author"":{""id"":""144864333"",""display_name"":""Feng Wu""},""institutions"":[]}]"
88b68350c2c9371dc791f8f7437370a58b64058f,10.1109/ACCESS.2023.3336411,DMT-Net: Deep Multiple Networks for Low-Light Image Enhancement Based on Retinex Model,2023,IEEE Access,28,Minh-Thien Duong;Seongsoo Lee;Min-Cheol Hong,"[{""author"":{""id"":""2268101537"",""display_name"":""Minh-Thien Duong""},""institutions"":[]},{""author"":{""id"":""2268174606"",""display_name"":""Seongsoo Lee""},""institutions"":[]},{""author"":{""id"":""2268097214"",""display_name"":""Min-Cheol Hong""},""institutions"":[]}]"
2a728d6370f5f229900e963c0d0880caaea4d760,10.1109/TCI.2023.3340617,Dual-Stream Adaptive Convergent Low-Light Image Enhancement Network Based on Frequency Perception,2023,IEEE Transactions on Computational Imaging,10,Guang Han;Kang Wu;Fanyu Zeng;Jixin Liu;S. Kwong,"[{""author"":{""id"":""2184044895"",""display_name"":""Guang Han""},""institutions"":[]},{""author"":{""id"":""2115598201"",""display_name"":""Kang Wu""},""institutions"":[]},{""author"":{""id"":""2270084595"",""display_name"":""Fanyu Zeng""},""institutions"":[]},{""author"":{""id"":""49722633"",""display_name"":""Jixin Liu""},""institutions"":[]},{""author"":{""id"":""121840359"",""display_name"":""S. Kwong""},""institutions"":[]}]"
54105be392628ba9f158ee5174ae2d9d544b2804,10.1109/TMM.2022.3233247,Low-Light Raw Video Denoising With a High-Quality Realistic Motion Dataset,2023,IEEE transactions on multimedia,32,Ying Fu;Zichun Wang;T. Zhang;Jun Zhang,"[{""author"":{""id"":""2107214086"",""display_name"":""Ying Fu""},""institutions"":[]},{""author"":{""id"":""2117419117"",""display_name"":""Zichun Wang""},""institutions"":[]},{""author"":{""id"":""103245682"",""display_name"":""T. Zhang""},""institutions"":[]},{""author"":{""id"":""2186277910"",""display_name"":""Jun Zhang""},""institutions"":[]}]"
4b688c486f2b223212682fd2b3f72cc0caa94b1b,,Fourmer: An Efficient Global Modeling Paradigm for Image Restoration,2023,International Conference on Machine Learning,172,Man Zhou;Jie Huang;Chunle Guo;Chongyi Li,"[{""author"":{""id"":""2121684731"",""display_name"":""Man Zhou""},""institutions"":[]},{""author"":{""id"":""2110284557"",""display_name"":""Jie Huang""},""institutions"":[]},{""author"":{""id"":""18158517"",""display_name"":""Chunle Guo""},""institutions"":[]},{""author"":{""id"":""2185949399"",""display_name"":""Chongyi Li""},""institutions"":[]}]"
0788c8033e8b6a8bd29797eeb86799089245543e,10.1109/ACCESS.2022.3161527,LiCENt: Low-light image enhancement using the light channel of HSL,2022,IEEE Access,29,Atik Garg;X. Pan;Lan-Rong Dung,"[{""author"":{""id"":""2106682399"",""display_name"":""Atik Garg""},""institutions"":[]},{""author"":{""id"":""2151989711"",""display_name"":""X. Pan""},""institutions"":[]},{""author"":{""id"":""1761962"",""display_name"":""Lan-Rong Dung""},""institutions"":[]}]"
a5ea2904ccd93be210053da719c3d26a7f0b0e96,10.48550/arXiv.2205.14871,Illumination Adaptive Transformer,2022,arXiv.org,27,Ziteng Cui;Kunchang Li;Lin Gu;Sheng Su;Peng Gao;Zhengkai Jiang;Y. Qiao;Tatsuya Harada,"[{""author"":{""id"":""2152101108"",""display_name"":""Ziteng Cui""},""institutions"":[]},{""author"":{""id"":""2115468491"",""display_name"":""Kunchang Li""},""institutions"":[]},{""author"":{""id"":""151484085"",""display_name"":""Lin Gu""},""institutions"":[]},{""author"":{""id"":""2066629681"",""display_name"":""Sheng Su""},""institutions"":[]},{""author"":{""id"":""144740494"",""display_name"":""Peng Gao""},""institutions"":[]},{""author"":{""id"":""50676465"",""display_name"":""Zhengkai Jiang""},""institutions"":[]},{""author"":{""id"":""2059129841"",""display_name"":""Y. Qiao""},""institutions"":[]},{""author"":{""id"":""2147394803"",""display_name"":""Tatsuya Harada""},""institutions"":[]}]"
6db4668fc68ecfdd2c55329fa4bed0d83ec7f491,10.48550/arXiv.2205.12639,TreEnhance: An Automatic Tree-Search Based Method for Low-Light Image Enhancement,2022,arXiv.org,0,Marco Cotogni;C. Cusano,"[{""author"":{""id"":null,""display_name"":""Marco Cotogni""},""institutions"":[]},{""author"":{""id"":""1686808"",""display_name"":""C. Cusano""},""institutions"":[]}]"
5de46fbe8d58f164242627a92fe6d71b988e45ca,10.1109/ACCESS.2022.3202940,Low-Light Image Enhancement via Gradient Prior-Aided Network,2022,IEEE Access,14,Yuxu Lu;Yuan Gao;Yongqi Guo;Wenyu Xu;Xianjun Hu,"[{""author"":{""id"":""121713030"",""display_name"":""Yuxu Lu""},""institutions"":[]},{""author"":{""id"":""2118635997"",""display_name"":""Yuan Gao""},""institutions"":[]},{""author"":{""id"":""1409644701"",""display_name"":""Yongqi Guo""},""institutions"":[]},{""author"":{""id"":""91552522"",""display_name"":""Wenyu Xu""},""institutions"":[]},{""author"":{""id"":""2109790733"",""display_name"":""Xianjun Hu""},""institutions"":[]}]"
40bfa1bce2d75b64d06679a81e82e3e7e3921496,10.1109/ACCESS.2022.3178698,D2BGAN: A Dark to Bright Image Conversion Model for Quality Enhancement and Analysis Tasks Without Paired Supervision,2022,IEEE Access,10,J. Bhattacharya;Shatrughan Modi;L. Gregorat;G. Ramponi,"[{""author"":{""id"":""9155672"",""display_name"":""J. Bhattacharya""},""institutions"":[]},{""author"":{""id"":""3078782"",""display_name"":""Shatrughan Modi""},""institutions"":[]},{""author"":{""id"":""2167214651"",""display_name"":""L. Gregorat""},""institutions"":[]},{""author"":{""id"":""144763839"",""display_name"":""G. Ramponi""},""institutions"":[]}]"
012f4ee91de75071ca943fc46bd61e149f310a89,10.1109/TIM.2022.3216880,Progressive Dual-Branch Network for Low-Light Image Enhancement,2022,IEEE Transactions on Instrumentation and Measurement,23,He Cui;Jinjiang Li;Zhen Hua;Linwei Fan,"[{""author"":{""id"":""2152200853"",""display_name"":""He Cui""},""institutions"":[]},{""author"":{""id"":""2555126"",""display_name"":""Jinjiang Li""},""institutions"":[]},{""author"":{""id"":""144278699"",""display_name"":""Zhen Hua""},""institutions"":[]},{""author"":{""id"":""31431421"",""display_name"":""Linwei Fan""},""institutions"":[]}]"
f330e64b263af1c0631418619fd130e9a2314525,10.1007/978-3-031-19800-7_10,Deep Fourier-Based Exposure Correction Network with Spatial-Frequency Interaction,2022,European Conference on Computer Vision,239,Jie Huang;Yajing Liu;Fengmei Zhao;Keyu Yan;Jinghao Zhang;Yukun Huang;Man Zhou;Zhiwei Xiong,"[{""author"":{""id"":""2110284557"",""display_name"":""Jie Huang""},""institutions"":[]},{""author"":{""id"":""2144470300"",""display_name"":""Yajing Liu""},""institutions"":[]},{""author"":{""id"":""2152335165"",""display_name"":""Fengmei Zhao""},""institutions"":[]},{""author"":{""id"":null,""display_name"":""Keyu Yan""},""institutions"":[]},{""author"":{""id"":""2108045911"",""display_name"":""Jinghao Zhang""},""institutions"":[]},{""author"":{""id"":""2372145983"",""display_name"":""Yukun Huang""},""institutions"":[]},{""author"":{""id"":""2121684731"",""display_name"":""Man Zhou""},""institutions"":[]},{""author"":{""id"":""2352456"",""display_name"":""Zhiwei Xiong""},""institutions"":[]}]"
1ff85c5d6973ea1011a7f21e676f3b0690b19e0a,10.1109/ACCESS.2022.3227069,Low Light Image Enhancement Based on Multi-Scale Network Fusion,2022,IEEE Access,8,Xuan Liu;Chenfeng Zhang;Yingzhi Wang;Kai Ding;Tailin Han;Hong Liu;Yu Tian;Bo Xu;Mingchi Ju,"[{""author"":{""id"":""2115530048"",""display_name"":""Xuan Liu""},""institutions"":[]},{""author"":{""id"":""2404502"",""display_name"":""Chenfeng Zhang""},""institutions"":[]},{""author"":{""id"":""2347579542"",""display_name"":""Yingzhi Wang""},""institutions"":[]},{""author"":{""id"":""2053138582"",""display_name"":""Kai Ding""},""institutions"":[]},{""author"":{""id"":""36167972"",""display_name"":""Tailin Han""},""institutions"":[]},{""author"":{""id"":""2118903529"",""display_name"":""Hong Liu""},""institutions"":[]},{""author"":{""id"":""2152949673"",""display_name"":""Yu Tian""},""institutions"":[]},{""author"":{""id"":""2109511967"",""display_name"":""Bo Xu""},""institutions"":[]},{""author"":{""id"":""2051162325"",""display_name"":""Mingchi Ju""},""institutions"":[]}]"
49205da89cb0d20af43841a125bb66cbaedbd94c,10.5220/0011107800003209,Relighting Backlight and Spotlight Images using the von Kries Model,2022,International Conference on Image Processing and Vision Engineering,2,M. Lecca,"[{""author"":{""id"":""2558075"",""display_name"":""M. Lecca""},""institutions"":[]}]"
10c37da65cac06ec4be6ec86af8f42e884b9cd26,10.14569/ijacsa.2022.0131299,PDE: A Real-Time Object Detection and Enhancing Model under Low Visibility Conditions,2022,International Journal of Advanced Computer Science and Applications,5,Zhiying Li;Shuyuan Lin;Zhongmin Liang;Yongjia Lei;Zefan Wang;Hao Chen,"[{""author"":{""id"":""2109823100"",""display_name"":""Zhiying Li""},""institutions"":[]},{""author"":{""id"":""2150593706"",""display_name"":""Shuyuan Lin""},""institutions"":[]},{""author"":{""id"":""2427085416"",""display_name"":""Zhongmin Liang""},""institutions"":[]},{""author"":{""id"":""2181902672"",""display_name"":""Yongjia Lei""},""institutions"":[]},{""author"":{""id"":""2108727191"",""display_name"":""Zefan Wang""},""institutions"":[]},{""author"":{""id"":""36620472"",""display_name"":""Hao Chen""},""institutions"":[]}]"
4bd0e86add248cf2cda39b64e26eb1e7ac8a0e01,10.1007/978-3-031-26313-2_30,DENet: Detection-driven Enhancement Network for Object Detection Under Adverse Weather Conditions,2022,Asian Conference on Computer Vision,91,Qingpao Qin;K. Chang;Mengyuan Huang;Guiqing Li,"[{""author"":{""id"":""2210509112"",""display_name"":""Qingpao Qin""},""institutions"":[]},{""author"":{""id"":""2107804555"",""display_name"":""K. Chang""},""institutions"":[]},{""author"":{""id"":""2112586477"",""display_name"":""Mengyuan Huang""},""institutions"":[]},{""author"":{""id"":""2146571179"",""display_name"":""Guiqing Li""},""institutions"":[]}]"
01968e2a0e7cf056ccf06ff6e18f6fc5105886b9,,Lighting the Darkness in the Deep Learning Era,2021,arXiv.org,12,Chongyi Li;Chunle Guo;Linghao Han;Jun Jiang;Mingg-Ming Cheng;Jinwei Gu;Chen Change Loy,"[{""author"":{""id"":""2698424"",""display_name"":""Chongyi Li""},""institutions"":[]},{""author"":{""id"":""18158517"",""display_name"":""Chunle Guo""},""institutions"":[]},{""author"":{""id"":""2118503811"",""display_name"":""Linghao Han""},""institutions"":[]},{""author"":{""id"":""2107975681"",""display_name"":""Jun Jiang""},""institutions"":[]},{""author"":{""id"":""1557350184"",""display_name"":""Mingg-Ming Cheng""},""institutions"":[]},{""author"":{""id"":""143785523"",""display_name"":""Jinwei Gu""},""institutions"":[]},{""author"":{""id"":""1717179"",""display_name"":""Chen Change Loy""},""institutions"":[]}]"
b78cc1c32383d5cb5b199b235abc705d1ce743f4,10.1109/ACCESS.2021.3059498,C-LIENet: A Multi-Context Low-Light Image Enhancement Network,2021,IEEE Access,14,Praveen Ravirathinam;Divyam Goel;J. J. Ranjani,"[{""author"":{""id"":""1685654342"",""display_name"":""Praveen Ravirathinam""},""institutions"":[]},{""author"":{""id"":""2075784310"",""display_name"":""Divyam Goel""},""institutions"":[]},{""author"":{""id"":""2898084"",""display_name"":""J. J. Ranjani""},""institutions"":[]}]"
1c1dbd6567be39a571563f30f23eccd70a92dbcc,10.1109/ACCESS.2021.3068534,MARN: Multi-Scale Attention Retinex Network for Low-Light Image Enhancement,2021,IEEE Access,25,Xin Zhang;Xia Wang,"[{""author"":{""id"":""2149174373"",""display_name"":""Xin Zhang""},""institutions"":[]},{""author"":{""id"":""2108224422"",""display_name"":""Xia Wang""},""institutions"":[]}]"
36c58e13ad1dcb9ff4fe3520fc23afae40e6704f,10.1109/ACCESS.2021.3072331,RetinexGAN:Unsupervised Low-Light Enhancement With Two-Layer Convolutional Decomposition Networks,2021,IEEE Access,24,Tian Ma;Ming Guo;Zhenhua Yu;Yanping Chen;Xincheng Ren;Runtao Xi;Yuancheng Li;Xinlei Zhou,"[{""author"":{""id"":""2087495103"",""display_name"":""Tian Ma""},""institutions"":[]},{""author"":{""id"":""2112542970"",""display_name"":""Ming Guo""},""institutions"":[]},{""author"":{""id"":""145267477"",""display_name"":""Zhenhua Yu""},""institutions"":[]},{""author"":{""id"":""2145269534"",""display_name"":""Yanping Chen""},""institutions"":[]},{""author"":{""id"":""2087287383"",""display_name"":""Xincheng Ren""},""institutions"":[]},{""author"":{""id"":""2080056738"",""display_name"":""Runtao Xi""},""institutions"":[]},{""author"":{""id"":""2142159895"",""display_name"":""Yuancheng Li""},""institutions"":[]},{""author"":{""id"":""47154971"",""display_name"":""Xinlei Zhou""},""institutions"":[]}]"
26964822b72aa9ee361bb77b1c5eb0ae95e95e93,10.5220/0010235900760086,A Retinex Inspired Bilateral Filter for Enhancing Images under Difficult Light Conditions,2021,VISIGRAPP,4,M. Lecca,"[{""author"":{""id"":""2558075"",""display_name"":""M. Lecca""},""institutions"":[]}]"
6ba655eb26b8c3e9d291b5b032cd092f04d02495,,A. Display of Object Detection Results in Real- World Situation,2021,,0,,[]
2aa69ccbd5cc5e1209fa6fb252a3e2ee4eb2d895,,RELLISUR: A Real Low-Light Image Super-Resolution Dataset,2021,NeurIPS Datasets and Benchmarks,45,Andreas Aakerberg;Kamal Nasrollahi;T. Moeslund,"[{""author"":{""id"":""9751640"",""display_name"":""Andreas Aakerberg""},""institutions"":[]},{""author"":{""id"":""2143163793"",""display_name"":""Kamal Nasrollahi""},""institutions"":[]},{""author"":{""id"":""1700569"",""display_name"":""T. Moeslund""},""institutions"":[]}]"
2ce4cca3303a1070909d7d6280296392eac2c12c,10.5244/c.35.335,From Under- to Overexposure: Single Image Contrast Enhancement via Semi-Supervised Learning,2021,British Machine Vision Conference,0,Ziwen Li;Yuehuang Wang;Ruowang Chang,"[{""author"":{""id"":""2118275352"",""display_name"":""Ziwen Li""},""institutions"":[]},{""author"":{""id"":""102316900"",""display_name"":""Yuehuang Wang""},""institutions"":[]},{""author"":{""id"":""2130582777"",""display_name"":""Ruowang Chang""},""institutions"":[]}]"
b3473eb27185b690a4c043412e62f4f25cda0a13,10.3837/tiis.2021.05.013,Single Low-Light Ghost-Free Image Enhancement via Deep Retinex Model,2021,KSII Transactions on Internet and Information Systems,3,Yan Liu;Bingxue Lv;Jingwen Wang;Wei Huang;Tiantian Qiu;Yunzhong Chen,"[{""author"":{""id"":""2157169403"",""display_name"":""Yan Liu""},""institutions"":[]},{""author"":{""id"":""1623497111"",""display_name"":""Bingxue Lv""},""institutions"":[]},{""author"":{""id"":null,""display_name"":""Jingwen Wang""},""institutions"":[]},{""author"":{""id"":""2152492219"",""display_name"":""Wei Huang""},""institutions"":[]},{""author"":{""id"":""48216378"",""display_name"":""Tiantian Qiu""},""institutions"":[]},{""author"":{""id"":""49070089"",""display_name"":""Yunzhong Chen""},""institutions"":[]}]"
c3525c1bd93382585f9e82ce4fd0408108c7c72e,10.1109/ACCESS.2021.3132078,A pulse-number-adjustable MSPCNN and its image enhancement application,2021,IEEE Access,2,Jing Lian;Jizhao Liu;Zhen Yang;Yunliang Qi;Huaikun Zhang;Mingxuan Zhang;Yide Ma,"[{""author"":{""id"":""3597137"",""display_name"":""Jing Lian""},""institutions"":[]},{""author"":{""id"":""2108324267"",""display_name"":""Jizhao Liu""},""institutions"":[]},{""author"":{""id"":""2149232984"",""display_name"":""Zhen Yang""},""institutions"":[]},{""author"":{""id"":""9273627"",""display_name"":""Yunliang Qi""},""institutions"":[]},{""author"":{""id"":""2143475266"",""display_name"":""Huaikun Zhang""},""institutions"":[]},{""author"":{""id"":""2112122654"",""display_name"":""Mingxuan Zhang""},""institutions"":[]},{""author"":{""id"":""1756244"",""display_name"":""Yide Ma""},""institutions"":[]}]"
8ce6045cde0169f35c256b003424ab364bcc3e3e,10.1109/ACCESS.2020.3001206,Efficient Image Enhancement Model for Correcting Uneven Illumination Images,2020,IEEE Access,53,Ziaur Rahman;Yifei Pu;M. Aamir;Samad Wali;Yurong Guan,"[{""author"":{""id"":""145760130"",""display_name"":""Ziaur Rahman""},""institutions"":[]},{""author"":{""id"":""7805040"",""display_name"":""Yifei Pu""},""institutions"":[]},{""author"":{""id"":""2147469944"",""display_name"":""M. Aamir""},""institutions"":[]},{""author"":{""id"":""104452537"",""display_name"":""Samad Wali""},""institutions"":[]},{""author"":{""id"":""2069570743"",""display_name"":""Yurong Guan""},""institutions"":[]}]"
396c1d24292d750c1c7b8a9267c70be1d2006853,,Low-Light Video Enhancement Using Deep Learning,2020,,0,Yanming Kang;Xuan Li,"[{""author"":{""id"":""2278790496"",""display_name"":""Yanming Kang""},""institutions"":[]},{""author"":{""id"":""2108263450"",""display_name"":""Xuan Li""},""institutions"":[]}]"
e93dcb53023c4c0e17c9da01f41fd46bfba2a134,,Animal Identification Using Deep Learning on Raspberry Pi,2020,,5,Utsav Dihingia;P. Amar;M. Shyam;V. Thomas;S. Chidambaram,"[{""author"":{""id"":""2142840209"",""display_name"":""Utsav Dihingia""},""institutions"":[]},{""author"":{""id"":""3225278"",""display_name"":""P. Amar""},""institutions"":[]},{""author"":{""id"":""2226525483"",""display_name"":""M. Shyam""},""institutions"":[]},{""author"":{""id"":""2319095864"",""display_name"":""V. Thomas""},""institutions"":[]},{""author"":{""id"":""50217555"",""display_name"":""S. Chidambaram""},""institutions"":[]}]"
bd581f1a470f0536221adf3d2fa5ea3bcdaf4440,,WaveNet: Wave-Aware Image Enhancement,,,17,R. ShortPaper;Z. Chaine;H. DengM.;Kim;†. JiachenDang;Zehao Li;Yong Zhong;Lishun Wang,"[{""author"":{""id"":""2260051680"",""display_name"":""R. ShortPaper""},""institutions"":[]},{""author"":{""id"":""2260060024"",""display_name"":""Z. Chaine""},""institutions"":[]},{""author"":{""id"":""2260055727"",""display_name"":""H. DengM.""},""institutions"":[]},{""author"":{""id"":""2260070995"",""display_name"":""Kim""},""institutions"":[]},{""author"":{""id"":""2291170249"",""display_name"":""†. JiachenDang""},""institutions"":[]},{""author"":{""id"":""2307386990"",""display_name"":""Zehao Li""},""institutions"":[]},{""author"":{""id"":""2258070450"",""display_name"":""Yong Zhong""},""institutions"":[]},{""author"":{""id"":""2108552973"",""display_name"":""Lishun Wang""},""institutions"":[]}]"
9609a4f01acdd1db8fe32744248a5e706ffdf93c,,LO-Gaussian: Gaussian Splatting for Low-light and Overexposure Scenes through Simulated Filter,,,3,Jingjiao You;Yuanyang Zhang;Tianchen Zhou;Yecheng Zhao;Li Yao,"[{""author"":{""id"":""2350344084"",""display_name"":""Jingjiao You""},""institutions"":[]},{""author"":{""id"":""2217169220"",""display_name"":""Yuanyang Zhang""},""institutions"":[]},{""author"":{""id"":""2330536741"",""display_name"":""Tianchen Zhou""},""institutions"":[]},{""author"":{""id"":""2350254327"",""display_name"":""Yecheng Zhao""},""institutions"":[]},{""author"":{""id"":""2338680049"",""display_name"":""Li Yao""},""institutions"":[]}]"
af252567426386726cdde93685a5858df4542236,,Real - Time Low - Light Image Enhancement Algorithm for Ophthalmic Surgical Microscope,,,3,,[]
f70367e8dc82dde5fac4f372c3eb32bf655ddef5,10.4108/eai.21-11-2024.2354585,Low-Light Image Enhancement Based on Retinex Theory and Attention Mechanism,2025,"Proceedings of the 2nd International Conference on Machine Learning and Automation, CONF-MLA 2024, November 21, 2024, Adana, Turkey",0,L. Jiao;Fang-Lue Zhang,"[{""author"":{""id"":""2072514062"",""display_name"":""L. Jiao""},""institutions"":[]},{""author"":{""id"":""2290264792"",""display_name"":""Fang-Lue Zhang""},""institutions"":[]}]"
b60f10bdab36d2927dc29813a5f00a0988b129b7,,FDLIE-YOLO: Frequency domain enhanced end-to-end low-light image target detection method,,,1,， 徐常余;LOL-Real 和 ExDark,"[{""author"":{""id"":""2364356798"",""display_name"":""， 徐常余""},""institutions"":[]},{""author"":{""id"":""2364361118"",""display_name"":""LOL-Real 和 ExDark""},""institutions"":[]}]"
