author_name,author_id,institution,h_index,citations,works_count,homepage,appears_in,source
L. Gool,1681236,,195,181641,1532,,1,s2
Xiaogang Wang,31843833,,132,104133,638,,1,s2
Chen Change Loy,1717179,,131,93932,341,,4,s2
V. Koltun,145231047,,114,90197,239,,1,s2
Jiaya Jia,1729056,,107,71375,278,,2,s2
W. Zuo,1724520,,104,66163,575,,2,s2
R. Timofte,1732855,,101,57078,595,,5,s2
Hao Wang,48016595,,101,56869,2748,,1,s2
Ling Shao,144082425,,122,56609,586,,2,s2
S. Nayar,1750470,,108,46109,363,,1,s2
F. Nie,144962210,,104,42786,715,,1,s2
Zhangyang Wang,2969311,,85,36323,374,,1,s2
Ke Chen,32811782,,87,35377,1182,,1,s2
Jiayi Ma,8555475,,89,35014,273,,1,s2
Qingming Huang,1689702,,84,33376,650,,2,s2
Ying Chen,47558464,China Agricultural University,73,31960,1793,https://www.researchgate.net/profile/Ying-Chen-216,1,s2
Alejandro F Frangi,1681129,The University of Manchester,74,31423,685,www.cistib.org/afrangi,1,s2
K. Zhang,144110274,,41,31296,65,,1,s2
Deyu Meng,1803714,,78,31231,294,,1,s2
H. Fu,1929093,,82,30265,270,,2,s2
X. Wang,47119537,,81,29717,1267,,1,s2
Jianbing Shen,145953515,,88,29602,258,,2,s2
Qionghai Dai,144954808,,92,28231,717,,1,s2
W. Zhang,143715293,,75,26667,1343,,1,s2
Junchi Yan,3063894,,73,24722,358,,1,s2
Hao Chen,36620472,The Hong Kong University of Science and Technology,63,23986,481,https://scholar.google.com.hk/citations?user=Z_t5DjwAAAAJ,1,s2
Houqiang Li,2108508109,,78,23746,491,,1,s2
Xiaoming Liu,2108960018,Michigan State University,70,22318,188,https://www.cse.msu.edu/~liuxm/index2.html,1,s2
B. Jalali,48368645,,63,22311,658,,1,s2
M. Do,1834451,,60,22191,287,,1,s2
Fan Wang,49451350,,72,22092,784,,1,s2
Chi-Wing Fu,144856288,,66,21524,222,,2,s2
Guangtao Zhai,144826390,,74,21323,539,,4,s2
Yulun Zhang,2410227,ETH Zurich,45,21107,92,http://yulunzhang.com/,2,s2
Wen-gang Zhou,38272296,,71,20534,389,,1,s2
Feng Wu,144864333,University of Science and Technology of China,63,20429,710,http://staff.ustc.edu.cn/~wufeng02/,1,s2
Jiaying Liu,41127426,,63,20392,255,,4,s2
Zhengjun Zha,143962510,,79,19640,412,,1,s2
A. Kot,1711097,,64,19048,441,,2,s2
W. Heidrich,1752192,,68,18811,328,,2,s2
Wenqi Ren,144850642,,55,17977,126,,2,s2
Z. Li,1700892,,54,17849,868,,1,s2
Xiaojie Guo,33465926,,51,17562,247,,1,s2
Xiaoqiang Lu,7828998,,63,17454,194,,1,s2
Junjun Jiang,1708439,,57,17419,187,,1,s2
Fabio Remondino,2515916,,62,17160,399,,1,s2
Chongyi Li,2698424,,48,16649,87,,4,s2
Y. Qiao,145858545,,60,16586,203,,1,s2
Wenhan Yang,1898172,,55,16585,174,,8,s2
Yicong Zhou,3049217,Tufts University; University of Macau,63,15894,305,https://www.fst.um.edu.mo/personal/yicongzhou/,1,s2
Dengxin Dai,1778526,,58,15711,155,,2,s2
T. Moeslund,1700569,,55,15186,593,,1,s2
S. Agaian,8973902,,47,14605,765,,2,s2
Gang Li,143736623,Nanjing University of Science and Technology,59,14331,576,https://scholar.google.com/citations?view_op=list_works&hl=en&user=hrUHmEQAAAAJ&gmla=AJsN-F7qwBhvDYKwW56QfqLIG8UwJivbZlXEflqgr38dbj7ThGhMQl3jN5YnFSHNpqtRUk4nQE91KZpjhoys-hXdLGGmdp2GQoA5qUuZcS2j571OYWRy68g,1,s2
D. Brady,1741299,,57,14331,485,,1,s2
Risheng Liu,34469457,,52,13923,235,,7,s2
Guo-Jun Qi,2272096,,59,13916,194,,1,s2
Wei Chen,2283009,Leiden institute of advanced computer science,56,13892,675,,1,s2
Xinghao Ding,2713947,,56,13880,242,,1,s2
Guy Hoffman,145666784,,50,13846,155,,1,s2
Peng Gao,144740494,,44,13769,67,https://gaopengpjlab.github.io/,2,s2
Jiang Liu,38620434,,53,13693,317,,1,s2
L. Li,37498905,,45,13456,597,,1,s2
Junhui Hou,40630305,,51,13256,223,,1,s2
R. Tan,1726720,,47,12841,151,,1,s2
Derui Ding,1795716,,59,12821,210,,1,s2
Bo Dai,144445937,,50,12799,152,,1,s2
Kun Xu,144968846,,56,12798,570,,1,s2
Huadong Ma,144258295,,53,12638,468,,1,s2
Xiongkuo Min,2246414,,51,12533,436,,4,s2
Debin Zhao,1725937,,55,12368,417,,1,s2
Qifeng Chen,143832240,HKUST,44,11968,97,https://cqf.io,1,s2
Ying Tai,144970872,,44,11929,96,,1,s2
Ling-yu Duan,7667912,,53,11907,262,,1,s2
Kede Ma,2233269,,40,11841,84,,1,s2
T. Harada,1790553,,44,11741,260,,1,s2
Yue Huang,1950637,,46,11488,229,,2,s2
Zhiwen Yu,2256618,,51,11285,525,,2,s2
Xueyang Fu,3061449,,48,11212,105,,3,s2
Junyu Dong,1964397,,54,10998,479,,1,s2
Kai-Kuang Ma,10212005,,39,10778,222,,1,s2
Bin Guo,145066132,,49,10603,372,,1,s2
H. Yao,1720100,,48,10557,377,,1,s2
Youfang Lin,2624174,,36,10544,132,,1,s2
Y. Qiao,2059129841,,30,10349,46,,2,s2
Chunle Guo,18158517,,27,10217,56,,5,s2
R. Schettini,143940718,,48,10200,427,,1,s2
Yuming Fang,4639656,,53,9999,231,,1,s2
G. Slabaugh,7622560,,43,9828,355,,1,s2
Zhongyuan Wang,38655501,,47,9647,281,,2,s2
R. Soundararajan,2510315,,19,9551,69,,5,s2
Steven G. McDonagh,40513205,,23,9396,56,,1,s2
Boxin Shi,35580784,,53,9122,191,,1,s2
Kunchang Li,2115468491,,28,8904,46,,2,s2
Jie Li,49298718,,46,8830,426,,1,s2
M. Dianati,1953808,,45,8822,229,,1,s2
Xin Fan,144309189,,38,8753,219,,3,s2
Zhiwei Xiong,2352456,,50,8676,221,,2,s2
W. Siu,144250750,,45,8589,584,,2,s2
Duoqian Miao,145166399,,49,8568,305,,1,s2
E. Lam,1725389,,46,8514,455,,4,s2
Jianzhuang Liu,2144167531,,42,8514,91,,1,s2
Weihua Li,153021240,,41,8506,139,,1,s2
Chi-Man Pun,145956876,University of Macau,46,8170,344,cmpun.github.io,1,s2
Zimu Zhou,2735715,,48,8147,131,,1,s2
Winston H. Hsu,1716836,,42,7950,214,,1,s2
Shengping Zhang,1761159,,42,7852,142,,2,s2
Jun Cheng,50995454,Institute for Infocomm Research,32,7811,122,,1,s2
S. Yogamani,2601522,,41,7784,132,,1,s2
Kunyan Zhang,5332972,,28,7757,87,,1,s2
V. Athitsos,1720747,,44,7692,168,,1,s2
Yalin Zheng,1696306,,42,7615,249,,1,s2
Cosmin Ancuți,1701934,,29,7472,95,,2,s2
Erkut Erdem,152330322,Hacettepe University,30,7340,158,https://web.cs.hacettepe.edu.tr/~erkut,5,s2
Yanfeng Wang,2108846176,,34,7332,110,,1,s2
Christos Sakaridis,7593607,,29,7253,60,,2,s2
C. Ancuti,40124146,,28,7199,73,,2,s2
Chang-Tien Lu,1752590,Virginia Tech,41,7152,257,http://people.cs.vt.edu/~ctlu/,1,s2
J. Paik,144155678,,38,6992,570,,1,s2
Yo-Sung Ho,143949085,,38,6854,624,,1,s2
K. Panetta,1693757,,34,6815,284,,1,s2
S. A,2307915077,,35,6542,700,,1,s2
Qian Zhao,46317290,,34,6513,83,,1,s2
Jinwei Gu,143785523,,39,6511,107,,2,s2
Lap-Pui Chau,145662587,,37,6433,245,,2,s2
Suha Kwak,2483916,,33,6430,86,,1,s2
Sarah Parisot,3349497,,25,6417,57,,1,s2
Wadii Boulila,3151219,Prince Sultan University,43,6405,266,,1,s2
G. Jiang,145775490,,38,6401,526,,1,s2
Shangchen Zhou,7523259,,31,6343,58,,1,s2
Jiangbo Lu,1715148,,37,6322,92,,1,s2
Jie Yang,34463165,,38,6189,402,,1,s2
B. Wen,1766554,,37,6107,132,,1,s2
T. Zhang,103245682,"Shenyang Institute of Automation, Chinese Academy of Sciences",40,6084,396,https://scholar.google.com.hk/citations?user=jnFR9dMAAAAJ&hl=zh-CN,1,s2
D. Mahapatra,143784265,,44,6052,158,,1,s2
Jing Ye,144030865,,40,5979,326,,3,s2
M. Glavin,145906580,,40,5960,214,,1,s2
Zhongxuan Luo,145865683,,33,5901,239,,1,s2
L. Van Gool,134339866,,31,5860,80,,1,s2
Linfeng Tang,2153720741,,19,5812,37,,1,s2
Hao Chen,2051536212,CMU,16,5734,23,,1,s2
Jialie Shen,38203359,,39,5696,156,,1,s2
Zhenzhong Chen,48354614,,37,5646,285,,1,s2
Yitian Zhao,1956017,,30,5626,111,,2,s2
G. Ramponi,144763839,,37,5600,313,,1,s2
Penghui Zhao,8049880,,35,5396,322,,3,s2
Homer H. Chen,144734955,,35,5373,227,,1,s2
Qi Xie,2055457999,,27,5337,69,,1,s2
Aykut Erdem,14364286,"Koç University, Istanbul, Turkey",30,5333,122,https://aykuterdem.github.io,2,s2
Liang Pan,50379842,,31,5309,43,,1,s2
Shanshe Wang,1755176,,34,5301,210,,1,s2
Feng Lu,1388864077,,33,5283,61,,7,s2
Yonghuai Liu,152891407,,31,5283,195,,1,s2
Ziwei Zhang,48806258,,24,5272,105,,2,s2
Kui Jiang,51360637,,32,5269,74,,2,s2
Xiaohua Xie,46397019,,29,5179,157,,1,s2
Xiangtao Zheng,2263014,,32,5113,79,,1,s2
Yinqiang Zheng,2037259,,35,5058,126,,4,s2
Xiaohui Yuan,2115844515,,32,4996,100,,1,s2
Huihui Song,2163097,,30,4994,68,,1,s2
Zebin Wu,134909078,,34,4989,256,,1,s2
Kai Wang,37833805,,34,4974,207,,1,s2
Mooi Choo Choo Chuah,144811861,Lehigh University,36,4952,206,,1,s2
Xinyu Zhang,120070100,,35,4919,225,,1,s2
Chia-Wen Lin,46246806,,31,4889,59,,1,s2
Liangcai Cao,2800947,,37,4856,323,,1,s2
S. Samavi,143837075,,36,4843,264,,1,s2
Jianjun Lei,143879230,,39,4823,177,,3,s2
R. Hu,144328091,,31,4813,424,,1,s2
R. Naqvi,8683310,,40,4792,136,,1,s2
Xiao Sun,2112349534,,19,4735,28,,1,s2
Hua Huang,143814264,,34,4714,96,,1,s2
Jinyuan Liu,2108510456,,28,4708,72,,2,s2
Zicheng Zhang,2116459218,,34,4704,245,,1,s2
Subrahmanyam Murala,1827383,,35,4698,148,,1,s2
Haoning Wu,120155330,,31,4679,63,,2,s2
Qinquan Gao,40214487,,22,4609,91,,1,s2
Ying Fu,143728560,,39,4542,89,,2,s2
Hanli Wang,2774427,,30,4517,177,,1,s2
Junchang Wang,2031695,,33,4492,333,,1,s2
Q. Ling,40177644,,35,4470,239,,1,s2
Jian Yang,13524601,,35,4426,224,,1,s2
A. Bhandari,2019243,,37,4396,149,,4,s2
Yu Li,2116609876,,16,4391,30,,2,s2
Wenjing Wang,49337008,,16,4348,28,,1,s2
Yide Ma,1756244,LANZHOU UNIVERSITY,34,4335,208,,2,s2
Wei Sun,2153198409,,36,4308,173,,3,s2
Jie Huang,2110284557,,33,4305,74,,6,s2
Zhengzhong Tu,40992714,Texas A&M University,19,4172,40,https://vztu.github.io,1,s2
Shaodi You,2941564,,32,4126,96,,2,s2
W. Jia,1714410,,27,4115,157,,1,s2
Mei Yu,145231572,,31,4079,408,,1,s2
Bo Zhang,2141897317,Shanghai AI Laboratory,28,4023,74,https://github.com/BOBrown,1,s2
Peng Yi,145526138,,23,4000,33,,2,s2
Junjun Jiang,2141510194,,29,3934,81,,1,s2
Ting Sun,144395946,,7,3906,22,,1,s2
Mingg-Ming Cheng,1557350184,,22,3887,36,,2,s2
F. Zhu,7526783,,28,3874,161,,1,s2
Fan Fan,40513331,,26,3873,107,,2,s2
Xinbo Gao,2164214077,,34,3766,131,,1,s2
Xiaoan Yan,120456578,,35,3765,71,,1,s2
J. Suo,144036068,,32,3743,142,,2,s2
Xiao Xiang Zhu,2125159330,,33,3658,141,,1,s2
Lin Zhang,2143834929,,23,3567,66,,1,s2
Guangtao Zhai,2266393212,,31,3552,208,,2,s2
Kuk-Jin Yoon,51182421,,30,3523,72,,1,s2
M. Aamir,2147469944,,34,3490,182,,3,s2
Dejia Xu,1575684088,,26,3481,54,,1,s2
Jinjiang Li,2555126,,30,3451,279,,7,s2
F. Jiang,144999037,,30,3438,118,,1,s2
Hao Tang,145462888,,29,3339,57,,1,s2
Jiangning Zhang,73329364,,28,3303,77,,1,s2
Miao Liu,2108511234,,15,3278,27,,1,s2
Haoqian Wang,2143410777,,19,3276,31,,1,s2
Yanlong Cao,2035529,,29,3234,144,,1,s2
W. Hamidouche,1931304,,29,3226,258,,1,s2
I. Diamant,143804345,,15,3221,33,,1,s2
K. Jia,2027757,,31,3218,373,,1,s2
Qican Zhang,3181359,,27,3164,129,,1,s2
Dongming Zhou,3041495,,30,3093,115,,2,s2
Guang Tang,2065464227,,2,3086,2,,1,s2
Kaibing Zhang,1723685,,25,3040,83,,2,s2
N. Anantrasirichai,1756108,,23,3024,169,,3,s2
Zheng Wang,40072305,University of Leeds,30,3024,83,https://zwang4.github.io/,1,s2
Zhengkai Jiang,50676465,Tencent,18,2972,21,https://jiangzhengkai.github.io/,2,s2
Zenghui Zhang,1882137,,26,2969,160,,1,s2
Ying Shen,143822680,,20,2954,55,,1,s2
Ren Yang,46781563,,21,2950,37,,1,s2
Aykut Erdem,2253752451,,10,2937,46,,3,s2
Man Zhou,2121684731,,28,2913,58,,4,s2
Jian Zhao,71425092,,31,2887,49,,1,s2
Qiong Liu,1794500,,27,2886,213,,1,s2
N. Ling,144515403,,29,2880,241,,1,s2
Xiaodong Zhang,1686594,,19,2870,110,,1,s2
Qiang Ning,3333257,Amazon Alexa AI,26,2856,76,https://qiangning.info,1,s2
Pratik Narang,3120689,,23,2851,54,,1,s2
Gaurav Gupta,2104357582,,30,2851,101,,2,s2
Yifei Pu,7805040,,30,2807,94,,2,s2
Yanpeng Cao,3245182,,30,2792,99,,1,s2
J. Qian,40074541,,27,2768,116,,1,s2
Rushi Lan,36034272,,28,2764,141,,1,s2
Peiran Ren,3246404,,22,2744,42,,1,s2
Huanjing Yue,1779338,,28,2731,109,,1,s2
Y. Ou,144897720,,29,2712,209,,2,s2
Jiangxin Dong,3367248,,30,2709,73,,1,s2
Chastine Fatichah,3345616,,27,2701,364,,1,s2
Hanwen Yu,2834956,,29,2688,171,,1,s2
Yuanchao Bai,2876022,,14,2666,38,,1,s2
Jiangxin Yang,2491927,,26,2630,140,,1,s2
Xiangyu Chen,2143735670,University of Macau,22,2623,41,https://chxy95.github.io/,1,s2
Shengjie Zhao,47601434,,22,2614,96,,1,s2
Zhongmin Liang,2427085416,,26,2582,124,,1,s2
C. Cusano,1686808,,26,2579,100,,2,s2
Shijie Hao,6175623,,20,2516,86,,2,s2
Zhenbing Liu,1904697,,28,2514,161,,3,s2
Z. Gao,3198851,,30,2514,75,,1,s2
Chunyi Li,2109738874,,24,2496,81,,1,s2
Chongyi Li,2185949399,,17,2478,34,,2,s2
Benzheng Wei,39212924,,18,2463,53,,1,s2
R. W. Liu,3136503,,26,2462,85,,4,s2
Long Ma,1732160,Dallian University of Technology,20,2461,55,,6,s2
Xinyi Liu,100683845,University of Rochester,24,2438,179,,1,s2
Zhenhong Du,3223068,,29,2436,96,,1,s2
Yi Xiao,2153507956,,22,2406,47,,1,s2
Qionghai Dai,1491800101,,28,2402,73,,1,s2
Zhenrong Zheng,34792302,,23,2397,152,,1,s2
Modesto Castrillón-Santana,1694554,ulpgc.es,22,2390,132,,1,s2
D. P. Bavirisetti,9151922,,21,2378,80,,2,s2
Jing Lin,2118747385,,12,2371,16,,1,s2
Xiaofei Zhou,2142867508,,25,2353,119,,1,s2
Shanxin Yuan,3325819,,21,2346,34,,1,s2
Rencan Nie,6019653,,27,2346,112,,2,s2
Xiaofang Hu,47027727,,23,2342,101,,3,s2
M. Pagnucco,1783801,,25,2324,195,,1,s2
I. Pölönen,2565479,,21,2293,118,,1,s2
D. Shi,1887263,,24,2274,137,,2,s2
Junliang Wang,46584628,,24,2271,88,,1,s2
Xin Sun,144326521,,24,2270,79,,1,s2
Liu Ren,145645852,,22,2253,47,,1,s2
Yadong Xu,72514806,,29,2236,52,,1,s2
Minfeng Zhu,145314938,,17,2232,62,,1,s2
Linfei Yin,9152493,,27,2219,139,,1,s2
S. Ruan,144611095,,23,2219,222,,1,s2
Bilel Benjdira,11042085,,23,2210,63,,1,s2
Chaofeng Chen,2145764593,,18,2195,30,,1,s2
Hongye Liu,153803765,,20,2189,55,,1,s2
Ke Xu,2117101322,,26,2170,152,,1,s2
T. Lu,144530671,,18,2161,102,,1,s2
Xiaohe Wu,39637222,,16,2144,48,,1,s2
Liang Zhao,144000223,,23,2112,119,,1,s2
Baojin Huang,1581795258,,14,2100,45,,1,s2
Chao Yang,1637066875,,18,2094,90,,1,s2
Fengmei Zhao,2152335165,,23,2093,52,,5,s2
Hao Bian,2000465451,,9,2077,16,,1,s2
Weifeng Liu,1732108,,22,2063,99,,1,s2
Yingkun Hou,1828559,,15,2054,61,,1,s2
Renjie Wan,8306685,,22,2051,42,,1,s2
Bing Zheng,49721778,,24,2045,114,,2,s2
Xipeng Pan,9371863,,23,2013,59,,1,s2
Zhijing Yang,1840050,,24,2001,116,,1,s2
Honggang Chen,6222832,,24,1983,128,,1,s2
Aidong Men,1736046,,23,1967,200,,2,s2
Ruixing Wang,2108666491,,7,1963,11,,2,s2
Xin-Yue Fan,2117800366,,21,1962,62,,4,s2
Lai Jiang,150188542,,20,1940,74,,1,s2
Rajkumar Singh Rathore,33058369,,23,1928,131,,1,s2
Yufeng Liu,2108845271,,11,1916,35,,1,s2
H. Afzal,1777100,,25,1902,117,,1,s2
Zhaoyang Lyu,119937438,,15,1900,31,,1,s2
A. Ghafoor,93065262,,23,1887,167,,1,s2
Mao Ye,144560364,,18,1878,35,,1,s2
Hangzai Luo,1704919,,22,1858,117,,1,s2
Lin Gu,151484085,,18,1848,34,,4,s2
Zhen Hua,144278699,,23,1844,137,,6,s2
D. Lun,1731962,,21,1837,172,,2,s2
Xiaohong Liu,2211737291,,26,1835,114,,5,s2
Ammar Hawbani,3132704,,24,1802,89,,1,s2
Zhaohu Xing,153107262,Hong Kong University of Science and Technology (Guangzhou),21,1790,66,https://ge-xing.github.io/,1,s2
S. Kwong,121840359,,24,1789,146,,3,s2
Ali K. Thabet,35869086,,16,1780,24,,1,s2
Xiaogang Xu,2027354611,,19,1779,39,,2,s2
Hong Song,144569490,,21,1773,149,,1,s2
Haiyong Xu,9127505,,22,1769,119,,1,s2
Xiaotong Tu,30693423,,20,1760,89,,2,s2
Xiangde Zhang,3153945,,16,1759,68,,1,s2
Yunfei Liu,47908555,,16,1757,37,,2,s2
Xin Yuan,2115844400,,18,1757,39,,1,s2
Tiesong Zhao,2043147,,25,1747,110,,1,s2
Yajing Liu,2144470300,,11,1743,13,,1,s2
Muhammad Usman,2223436301,,5,1734,9,,1,s2
Yuhui Ma,143976354,,14,1733,33,,2,s2
Boyun Li,150044582,Sichuan University,9,1731,12,https://liboyun.github.io/,1,s2
Yueyu Hu,9956463,,18,1726,32,,1,s2
Huiyuan Fu,2513605,,21,1721,77,,5,s2
Ajmeera Kiran,144652286,,20,1715,183,,1,s2
Wenqi Ren,2265263152,,15,1706,30,,1,s2
Z. Ye,2082775,,20,1706,159,,1,s2
Santosh Kumar Vipparthi,145353981,,26,1684,108,,1,s2
Sumit Shekhar,35223379,,21,1680,85,,2,s2
Ren-yi Liu,50268261,,25,1678,96,,1,s2
K. Chui,1977592,,20,1678,255,,1,s2
Shuyuan Zhu,1719428,,23,1663,133,,1,s2
Zhiying Jiang,3109913,Dalian University of Technology,16,1659,39,,2,s2
Yuqiang Yang,2108623429,,22,1640,125,,1,s2
Abdul Khader Jilani Saudagar,2788046,,22,1640,129,,1,s2
Luigi Celona,3390122,University of Milano-Bicocca,16,1632,48,,1,s2
Akshay Dudhane,47634649,,24,1630,56,,1,s2
Louis Kerofsky,143834054,,13,1591,50,,1,s2
Pingbo Pan,1991108,,9,1589,13,,1,s2
M. Pattanaik,144168964,,21,1586,210,,1,s2
Yuanbiao Gou,1781457837,,11,1582,22,,1,s2
Ryan Wen Liu,2124017717,,18,1575,42,,2,s2
Feng Zhang,2158118770,,24,1574,70,,1,s2
Yukai Shi,3435583,,21,1564,60,,1,s2
Bin Jiang,145942580,,15,1556,84,,1,s2
Kehua Guo,1808299,,22,1550,95,,2,s2
Bumshik Lee,2672583,,21,1548,83,,1,s2
Xianming Liu,2110655701,,19,1535,76,,1,s2
H. Khotanlou,2264128,,21,1531,112,,1,s2
Wencheng Wang,2120372506,,13,1531,50,,1,s2
Matthias Trapp,3008227,,18,1530,154,,1,s2
S. Miaou,1720218,,18,1521,89,,1,s2
Zhen Han,144725609,,17,1516,102,,1,s2
Youya Xia,51427799,,4,1516,8,,1,s2
Xiaoyan Kui,2157632957,,21,1512,160,,1,s2
Zeyuan Chen,5478513,,15,1504,30,,1,s2
X. Wu,48661704,,23,1502,87,,1,s2
Xin Ning,2195492834,,23,1497,64,,1,s2
Guohou Li,2108466535,,11,1494,30,,1,s2
Zhenxue Chen,145833455,,19,1494,87,,1,s2
Zhenhua Yu,145267477,,21,1487,73,,1,s2
Rizwan Qureshi,40702132,,16,1481,58,https://www.linkedin.com/in/rizwan-qureshi-224b99114/,1,s2
Qiuping Jiang,2238896888,,22,1468,92,,2,s2
Zhenglong Li,2145367383,,22,1466,99,,1,s2
H. Ling,144125487,,20,1466,161,,1,s2
Jinghao Zhang,2108045911,,13,1462,23,,2,s2
Uma Mudenagudi,2938896,,21,1460,145,,2,s2
Hamid Reza Vaezi Joze,3227254,,12,1456,24,,1,s2
M. Albahar,11469407,,18,1455,59,,1,s2
I. Eom,3260798,,18,1450,119,,2,s2
M. S. Sunar,2036992,,18,1445,150,,1,s2
Tao Dai,2268311556,,13,1440,50,,1,s2
Canlong Zhang,7924036,,23,1421,120,,1,s2
J. Lisani,2142405,,20,1412,82,,1,s2
Zhi-Song Liu,3382725,,19,1408,52,,2,s2
Yongbo Liu,2144407203,,19,1403,53,,1,s2
K. Chui,2057073046,,19,1387,55,,1,s2
Jing Wang,40470615,,19,1385,42,,1,s2
Zhibin Yu,144803009,,20,1385,69,,2,s2
Jianwei Zhang,36062319,Sichuan University,20,1369,78,,1,s2
J. Lorenzo-Navarro,1389895482,,19,1367,113,,1,s2
Feifan Lv,51290122,,7,1364,9,,5,s2
Morteza Ghahremani,1522002795,,13,1336,23,,1,s2
K. Muhammad,134260245,,18,1333,62,,1,s2
Xiaosheng Yu,9305845,,17,1321,176,,1,s2
Lei Zhang,2286036173,,3,1319,10,,1,s2
Linwei Fan,31431421,,15,1308,52,,3,s2
Jun Jiang,2107975681,,12,1306,29,,2,s2
Hanwei Zhu,151482176,,15,1304,42,,2,s2
Zhigang Zeng,2150468817,,17,1304,61,,1,s2
Kamal Nasrollahi,2143163793,,10,1281,38,,1,s2
Edward Jones,1406238784,,18,1274,77,,1,s2
Hang Guo,2274202835,,12,1269,32,https://csguoh.github.io/,1,s2
V. Pradeep,3811436,,12,1269,17,,1,s2
Hegui Zhu,2565254,,19,1262,34,,1,s2
Yuxu Lu,121713030,,16,1259,58,,9,s2
Haofeng Huang,48186372,,7,1257,20,,3,s2
Sixiang Chen,2111636335,,19,1257,49,,2,s2
Deming Zhai,2431195,,18,1257,78,,1,s2
Linghao Han,2118503811,,10,1254,11,,3,s2
You Yang,47796278,,21,1240,88,,2,s2
Rongfang Huang,2453818449,,18,1226,281,,1,s2
Zhenqi Fu,31419775,,16,1226,33,,3,s2
Chunguo Wu,1989477,,16,1226,72,,1,s2
Lanqing Guo,13559584,,15,1222,40,,1,s2
Sainan Ma,16697757,,19,1218,38,,1,s2
Yang Xu,2115681716,,16,1205,108,,1,s2
Yuquan Zhou,49454937,,13,1205,40,,1,s2
H. Hiary,2833822,,12,1205,34,,1,s2
Yixuan Gao,2118544238,,13,1204,34,,4,s2
Yanbu Guo,36447598,,14,1194,43,,1,s2
Xiangyun Liao,2930922,,15,1184,76,,1,s2
Beibei Sun,1878700707,,18,1181,38,,1,s2
C. Tisse,3433637,,13,1180,29,,1,s2
A. Parihar,14456434,,18,1172,98,,2,s2
Tianwei Zhou,50018428,,22,1167,60,,1,s2
Ziyi Shen,2182388,,13,1164,30,,2,s2
Zhen Yu,143884267,,17,1160,28,,1,s2
Xingsong Hou,1837363,,20,1155,77,,1,s2
Jaeseok Jeong,72286913,,14,1139,21,,1,s2
Jinfang Sheng,1710094,,18,1118,80,,1,s2
Dongyu She,22631231,,13,1115,19,,1,s2
Yousef Atoum,2447931,,9,1112,11,,1,s2
Gazihan Alankus,2734839,,15,1111,35,,2,s2
Haoliang Li,2310649374,,13,1109,19,,1,s2
J. V. N. Ramesh,2211558308,,18,1106,98,,1,s2
Weichen Zhang,2108043700,,10,1105,21,,1,s2
Ziteng Cui,2152101108,,16,1104,42,https://cuiziteng.github.io/,6,s2
M. I. Uddin,1717097509,,17,1103,46,,1,s2
Kui Jiang,2237233392,,11,1101,38,,1,s2
Youming Zhang,2142599008,,9,1099,12,,1,s2
Xiaojin Wu,50171677,,10,1099,34,,2,s2
Daiqin Yang,33413258,,17,1097,66,,1,s2
Songchen Han,2664450,,12,1095,54,,1,s2
Khoi Duc Minh Nguyen,144295869,Oregon State University,14,1091,22,https://khoinguyen.org/,1,s2
S. S. Sengar,5294077,,16,1088,64,,1,s2
Sheng Xu,2110923498,,16,1085,46,,1,s2
Jinde Cao,2161849202,,17,1080,67,,1,s2
Ziaur Rahman,145760130,,17,1075,36,,3,s2
P. Shi,2055356924,,18,1075,68,,1,s2
B. Doma,12731001,,17,1068,53,,1,s2
V. Voronin,51162043,,16,1059,172,,1,s2
Zhenghao Shi,2853312,,17,1054,99,,2,s2
Jize Zhang,2107967251,,16,1049,43,,1,s2
Zhangkai Ni,38748686,,17,1039,36,,2,s2
Tian Ye,2280882260,,11,1025,25,,2,s2
Yufei Wang,2108111745,,14,1019,24,,1,s2
Zhi Jin,2111471831,,16,1019,40,,1,s2
Weiwei Jiang,2202878685,,17,1018,101,,1,s2
Zhuqing Jiang,3334296,,15,1015,66,,1,s2
F. Dharejo,31624593,,20,1014,58,,1,s2
M. Riaz,33485006,,18,1010,115,,1,s2
Hongyu Zhu,2149669716,,10,1007,23,,1,s2
Yigang Luo,6230167,,17,1003,39,,1,s2
F. Kong,12497187,,13,994,70,,1,s2
Lin Liu,2146017850,,14,993,21,,1,s2
Baoliang Chen,1919597217,,17,992,56,,4,s2
Suh-Yuh Yang,2547124,,17,989,83,,1,s2
Xiaojun Yang,2112085727,,17,989,27,,1,s2
Guanghui Yue,2119003274,,17,986,42,,1,s2
Michael Lin,2266035447,,10,983,37,,1,s2
Yanjing Li,2110500972,Beihang University,14,982,35,,1,s2
Zeyu Xiao,1993383158,,21,981,37,,1,s2
Bin Wang,2152592769,,17,980,67,,1,s2
Meng Wang,2146058658,,10,974,21,,1,s2
Zhihong Jiang,144703692,,14,972,93,,1,s2
Qiaoyu Chen,2887565,,18,969,58,,1,s2
Weihang Zhang,2108075709,,15,966,33,,1,s2
Yue Wu,72500970,HKUST,14,961,54,https://yuewuhkust.github.io/,1,s2
Jinxiu Liang,2118674813,,15,960,30,,1,s2
Xingzheng Wang,48631703,,12,960,43,,1,s2
Lei Zhang,2152827674,,17,949,47,,1,s2
Xiangcheng Chen,2117897,,19,948,55,,1,s2
Weiling Chen,150336548,,17,943,81,,1,s2
Qili Chen,1923607,,14,943,62,,1,s2
Bei Yu,2121417136,,9,942,12,,1,s2
Yakun Ju,144904672,,19,941,47,,1,s2
Y. P. Loh,34676974,,7,940,32,,2,s2
Ben Fei,2197075824,,4,937,6,,1,s2
Yu Guo,2143378699,,14,935,36,,8,s2
G. Zhou,31498835,,13,924,26,,1,s2
Chunzhi Wang,1824201,,15,918,137,,1,s2
Jinhui Tang,152949418,,13,912,21,,1,s2
Junzhe Zhang,2352693588,,5,909,7,,1,s2
Chaoqun Zhuang,101722863,,17,908,35,,1,s2
Yi Yang,2143686040,,3,907,5,,1,s2
Qiusheng Lian,1933741,,19,905,75,,1,s2
Bo Peng,2054590685,,18,904,67,,3,s2
Li-Wen Wang,1837949044,,15,898,28,,2,s2
Mingde Yao,1420016726,,19,896,36,,1,s2
Jing Lian,1561165594,,16,894,37,,1,s2
Kairun Wen,2268673110,,6,889,6,,1,s2
Tatsuya Harada,2147394803,,12,886,26,,3,s2
Weihua Gui,2289227147,,14,886,186,,1,s2
R. Tabib,9141151,,17,884,79,,2,s2
Sixi Cao,113288744,,17,882,45,,1,s2
Jiafeng Li,3117925,,17,882,86,,1,s2
Xiaoping Wang,2144674712,,16,881,65,,1,s2
Mengjia Xu,34632443,,15,877,27,,1,s2
Naishan Zheng,104219880,,17,875,37,,2,s2
Yufei Wang,2143696239,,5,868,11,,1,s2
Zhiqiang Yan,2143627370,,15,867,47,,1,s2
Xiaochun Cao,2265310728,,10,860,22,,2,s2
Guodong Yin,2264175328,,16,857,134,,1,s2
Jaesung Rim,2005324875,,7,855,14,,1,s2
Yurong Guan,2069570743,,13,852,41,,2,s2
Pingping Zhang,2154286605,,7,850,20,,2,s2
Xinping Guan,2066614902,,18,850,53,,1,s2
Lan-Rong Dung,1761962,,15,850,97,,1,s2
Xunpeng Yi,2182439167,,11,844,20,,1,s2
Huanlin Liu,15387819,,15,842,135,,1,s2
Jingyu Yang,2135970340,,18,841,52,,1,s2
Chenning Tao,103477948,,12,841,41,,1,s2
Haining Liu,2379257967,,11,838,41,,1,s2
Xueyang Fu,2273893743,,18,832,83,,1,s2
Luming Liang,46225943,,11,830,31,,1,s2
Bin He,2082464010,,16,827,75,,1,s2
Xinyan Liang,9540574,,11,823,45,,1,s2
Mengyuan Huang,2112586477,,7,823,9,,2,s2
Dongming Zhou,2153594632,,15,818,36,,2,s2
Charith Perera,2121000333,,11,801,56,,1,s2
W. Mohammed,2161838,,16,801,56,,1,s2
Sid Ahmed Fezza,2657624,,14,800,60,,1,s2
Yunliang Qi,9273627,,15,792,32,,2,s2
Fan Zhang,2153304421,,10,791,25,,1,s2
Praful Hambarde,103864860,,14,781,40,,1,s2
Yong Chen,2115838049,,15,780,94,,1,s2
David R. Bull,2138393856,,14,775,64,,1,s2
Qingming Huang,2237597856,,14,772,78,,2,s2
Yucheng Chen,1519043401,,8,770,12,,1,s2
Lingyu Yan,3281646,,14,769,90,,1,s2
Ran Ju,33687539,,8,764,20,,1,s2
Dong Liu,2152508413,,6,759,10,,1,s2
Minglu Zhang,2215383412,,14,757,68,,1,s2
Jian Yang,2146236970,,13,754,54,,1,s2
Feng Shao,2166597539,,16,751,73,,2,s2
Hao Liu,2143856718,,13,751,22,,1,s2
S. Moran,47852085,,12,750,32,,1,s2
Hangwei Chen,2145252631,,16,747,50,,2,s2
Jizhao Liu,2108324267,,17,745,76,,1,s2
Wenpeng Ding,1737451,,12,744,57,,1,s2
Zhuoran Zheng,1490932987,,12,742,33,,1,s2
Huanjie Tao,46232650,,17,739,48,,1,s2
Prashant W. Patil,1430720118,,18,739,36,,1,s2
Hongbing Ma,2408757,,15,735,53,,1,s2
Jian Weng,2173437827,,3,733,6,,1,s2
Ming Zhu,143821153,,8,730,32,,1,s2
Ming Zhu,2152183919,,2,730,6,,1,s2
Mingliang Zhou,2269261255,,15,729,59,,1,s2
Yuanxue Xin,23145231,,14,729,72,,1,s2
Yeying Jin,2141507823,National University of Singapore,10,721,11,https://jinyeying.github.io/,1,s2
Lei Lei,2066703241,,16,720,23,,1,s2
Ilya Zharkov,15623770,,12,720,27,,1,s2
Hongwe Chen,1390823158,,12,715,111,,1,s2
Shaohua Wan,49725227,,12,714,33,,1,s2
Jinye Peng,145457904,,15,710,52,,1,s2
Shaozhe Hao,2154574545,,9,705,14,,1,s2
R. Khan,32402902,,14,704,23,,1,s2
Weidong Yang,2158065044,,8,702,15,,1,s2
Yazhou Xing,2072727444,,10,700,24,,1,s2
Xin Xu,2152775854,,11,699,29,,1,s2
Shiba Kuanar,51256107,,13,691,31,,1,s2
Xiwen Liang,51291599,,11,688,26,,3,s2
Yan Yang,2108850820,,9,688,12,,1,s2
Yichao Cao,2160469,,15,688,55,,1,s2
Sheng Ren,2075290131,,13,684,37,,2,s2
Zhenghua Zhou,2524604,,16,678,49,,1,s2
Rui Huang,2140385915,,11,676,26,,1,s2
Jiarui Wang,2295270986,,15,674,67,,1,s2
Xianfang Zeng,22248940,Zhejiang University,12,673,19,,2,s2
Linshu Hu,1576126786,,10,672,30,,1,s2
Hao Yang,2257352642,,8,667,21,,1,s2
Qiong Liu,47362438,,15,666,51,,1,s2
Xinyi Fan,152912444,,8,662,14,,1,s2
Sara Aghajanzadeh,94297661,,10,661,23,,3,s2
Weigang Zhang,2108142645,,12,660,35,,1,s2
Qi Sun,2112428315,,8,656,17,,1,s2
Chen Chen,2141809280,,8,656,9,,2,s2
Zairui Gao,2913158,,10,656,31,,1,s2
Samad Wali,104452537,,12,656,32,,2,s2
Guoheng Huang,2376100,,12,655,81,,2,s2
Min Wei,2240479249,,14,653,50,,1,s2
Si Li,2118155941,,15,653,45,,1,s2
Achleshwar Luthra,2120424496,,7,653,16,,1,s2
Xian-Shi Zhang,2108002784,,12,653,31,,3,s2
Jixin Liu,49722633,,14,653,75,,1,s2
Zhen Yang,2149232984,,11,652,24,,2,s2
Lei Xu,2112281536,,13,652,24,,1,s2
Xiangdong Su,80644791,Inner Mongolia University,11,650,34,,1,s2
Yutong Hao,95694208,,6,648,6,,1,s2
Shengli Zhang,2186282191,,6,647,18,,1,s2
H. Jung,1915287313,,13,645,40,,1,s2
Haofei Wang,2038517164,,9,643,19,,1,s2
J. Bhattacharya,9155672,,12,643,48,,1,s2
Biao Wang,2136790887,,13,639,27,,1,s2
Fang-Xiang Wu,2116490191,,10,639,15,,1,s2
Inayat Khan,2151457788,,15,637,29,,1,s2
Yuezhou Li,2049029951,,10,635,25,,1,s2
Y. Cao,2112823820,,13,630,40,,2,s2
P. Amar,3225278,,14,626,51,,1,s2
Haibing Yin,39738500,,13,623,79,,1,s2
Wangmeng Zuo,2279210262,,12,622,56,,2,s2
Rushi Lan,122211566,,12,621,50,,1,s2
Shutao Xia,2240063099,,14,620,90,,1,s2
Minhao Fan,1993384690,,6,619,8,,2,s2
Diptendu Bhattacharya,36513717,,15,611,57,,2,s2
Wenhui Wu,2139644112,,12,610,33,,2,s2
Shen Cheng,2116727508,,10,608,16,,1,s2
Amir Semmo,2961653,,14,603,60,,1,s2
Jiexuan Hu,98909817,,11,601,21,,1,s2
Chaochen Gu,5494837,,12,601,66,,1,s2
Xianyong Fang,3126828,Anhui University,13,601,62,https://sites.google.com/view/xianyong/home,1,s2
Hui Shen,2110827120,,12,597,37,,1,s2
Xiangyu Deng,49077385,,9,597,17,,1,s2
Mustafa Ayazoglu,2614944,,13,595,27,,1,s2
Zhangyang Wang,2156070723,,12,595,24,,1,s2
Zhihui Wei,2157387443,,13,593,105,,1,s2
Liqing Wang,2142480154,,15,591,43,,1,s2
Jinlu Zhang,2144199915,,5,590,14,,1,s2
Cong Cao,2064669295,,7,589,11,,1,s2
Yangfan He,2310318734,,13,587,23,,1,s2
Linwei Zhu,1969075,,14,585,46,,1,s2
D. Hernández-Sosa,1403176127,,14,585,65,,1,s2
Risheng Liu,2237951125,,11,584,32,,2,s2
Yuehuang Wang,102316900,,12,584,90,,2,s2
Yuchi Yang,153690296,,13,582,22,,1,s2
Eashan Adhikarla,2123636086,,6,578,14,,1,s2
H. Ge,5951184,,10,576,26,,1,s2
Chaitra Desai,32173170,,14,575,24,,1,s2
Meng Lou,2263420682,,6,571,13,,1,s2
Te Li,2108970410,,14,571,67,,1,s2
Pengyu Liu,2127218,,13,570,125,,1,s2
A. Gonde,2636421,,13,564,34,,1,s2
Zhihua Hu,2111296949,,9,562,26,,1,s2
Tiesong Zhao,2153707464,,14,561,78,,1,s2
Shiqi Wang,2283201042,,12,560,69,,3,s2
Feng Shao,2065221266,,12,560,27,,1,s2
Yanyu Liu,2108219360,,15,558,36,,2,s2
Yunfan Lu,2014217,,12,556,30,,1,s2
Chu Zhou,1491265213,,13,556,24,,1,s2
David A. Forsyth,121068894,,13,555,26,,2,s2
Ujwala Patil,148268483,,11,554,34,,1,s2
Wei Zhou,2256662364,,14,550,46,,1,s2
Shangquan Sun,2125119000,,7,550,18,,2,s2
Nikhil Neelkanth Akalwadi,2268207680,"Center of Excellence in Visual Intelligence, KLE Technological University",14,548,23,https://nikhilakalwadi.github.io,2,s2
Mengjiao Qin,10800912,,11,548,29,,1,s2
Weinan Chen,2109085614,,11,542,21,,1,s2
Majjed Al-Qatf,1411261544,,7,542,20,,1,s2
K. Sarawadekar,144633454,,13,538,64,,1,s2
Haichuan Ma,35282551,,10,537,19,,1,s2
Xiangyang Xue,2212947154,,12,535,53,,1,s2
Xuemei Jia,2100723008,,9,535,24,,1,s2
Hongchang Cheng,30749027,,11,533,98,,1,s2
Huixiang Liu,48447323,,9,529,17,,1,s2
M. Lecca,2558075,,14,529,83,,4,s2
Chao Xie,2064757396,,14,528,26,,2,s2
Chu-Tak Li,153228223,,10,528,17,,1,s2
Xiaoyu Fan,2117802276,,12,527,36,,1,s2
Weiji He,21659648,,14,525,122,,1,s2
Xingfu Wang,2144802055,,13,524,63,,1,s2
Fan Zhang,2153307863,,12,520,52,,1,s2
Zixin Zhang,2363532169,,13,520,42,,1,s2
Kaifu Yang,2105451,,11,519,19,,2,s2
Yong Liu,2265222933,,13,517,27,,1,s2
Shukai Duan,2269227618,,10,516,51,,4,s2
Ahmad Mahmoudi Aznaveh,2757076,,10,515,25,,1,s2
Jiang Hai,2062987065,,4,513,8,,1,s2
Wenxuan Liu,1432791325,,13,509,49,,1,s2
Zafar Ali,2143648228,,8,506,10,,2,s2
Lin Gu,2290494499,,7,506,10,,1,s2
X. Kong,2241849332,,11,505,41,,1,s2
Azadeh Mansouri,2972300,,11,505,54,,1,s2
Zheng Liang,2194606464,,9,504,33,,1,s2
H. Leung,2144755904,,12,500,68,,1,s2
Shansi Zhang,2116577885,,8,494,16,,4,s2
Youdong Ding,1987649,,12,492,89,,1,s2
Xiaotao Wang,2108031895,,13,490,28,,1,s2
Ruimin Hu,2067789404,,12,486,57,,1,s2
T. Ohashi,3358605,,9,484,43,,2,s2
Yu-Hui Wen,2114784556,,10,482,31,,1,s2
Jian Wang,2152765441,,7,481,13,,2,s2
O. J. Santana,2754680,,11,481,50,,1,s2
Junjun Jiang,2260831387,,12,479,36,,1,s2
Wenhao Sun,145180813,,8,478,14,,1,s2
Ming-xing Lin,7827836,,12,476,51,,1,s2
Zhiwen Wang,47197188,,12,474,47,,1,s2
Min-Cheol Hong,3689350,,10,474,115,,1,s2
Zhipeng Chen,2111334817,,13,473,32,,1,s2
Jiang Li,2118505917,,9,470,22,,1,s2
Abdulmotaleb El Saddik,2192549899,,11,469,50,,1,s2
Weimin Wei,2591043,,11,469,28,,1,s2
Feng Yang,2115412215,,8,469,20,,1,s2
Wei Hong,12549768,,13,467,32,,1,s2
Xinghao Ding,2262201427,,12,466,54,,2,s2
Jingxiang Qu,2189470689,,9,466,13,,3,s2
Fang-Ju Lin,2113698470,,3,464,8,,1,s2
Chunxiao Liu,2107927047,Zhejiang Gongshang University,12,462,46,,2,s2
Huadong Ma,2248034542,,11,462,89,,2,s2
Zhongjie Zhu,3335867,,12,462,48,,1,s2
David Freire-Obregón,1403815013,,13,462,48,,1,s2
Mehmet Turkan,70031922,,6,459,33,,2,s2
Yong Wang,2157288214,,7,458,10,,1,s2
Trung-Hieu Le,46230648,,10,457,38,,2,s2
Yiwen Ye,2170220899,,11,456,28,,1,s2
Wei Wu,2118256981,,11,456,17,,1,s2
Ling Li,2146625427,,6,454,13,,1,s2
Fengzhu Zou,2115474401,,2,454,2,,1,s2
Neetu Mittal,6883706,,11,450,66,,1,s2
Yinling Qian,2278482,,10,448,34,,1,s2
Jiangang Yang,2109760899,,6,447,18,,1,s2
Shizheng Wang,2238072288,,6,447,8,,1,s2
Anqi Zhu,2054793691,,6,446,13,,1,s2
Deyu Meng,2237802857,,10,445,25,,1,s2
Lei Chen,40342912,,13,445,26,,1,s2
Jinhuan Liu,48210695,,10,442,24,,1,s2
Mehmood Nawaz,38317000,,12,439,28,,1,s2
Liang Yuan,2089025639,,12,437,39,,1,s2
Xingjian Liu,1959234894,,10,437,34,,1,s2
Zhiying Jiang,2292303526,,8,436,29,,1,s2
Ciprian Orhei,1389526435,,12,434,37,,1,s2
Yajun Wang,2170509327,,13,433,26,,1,s2
Hongbing Ma,2153231160,,12,432,36,,1,s2
Kuk-Jin Yoon,2279721731,,12,432,31,,1,s2
E. Naroska,1746800,,10,432,69,,1,s2
Abdullah Altameem,1403869508,,12,430,27,,1,s2
Guangyu Zhu,2114036784,,11,427,17,,1,s2
Qiaofeng Ou,2261011,,7,425,35,,3,s2
Shukai Duan,2159433014,,14,425,39,,1,s2
Zhu Xuan,2055832379,,2,425,5,,1,s2
T. Ran,2088932195,,11,423,50,,1,s2
Wenqi Ren,2276950332,,13,421,36,,2,s2
S. P. Rao,145983446,,7,421,18,,1,s2
Shuo Zhang,2117777418,,8,420,30,,1,s2
Yuhan Hu,49994805,,11,413,26,,1,s2
Yuze Chen,2109199867,,10,412,32,,1,s2
Ionut Mironica,1759152,,12,412,51,,1,s2
Yue Zhou,2116451313,,13,410,60,,7,s2
Wei Dong,2305622986,,12,407,26,,1,s2
Gang Liu,2266223708,,11,406,31,,2,s2
Xiao Wang,2118451533,,10,404,18,,1,s2
Changzhen Qiu,9326186,,12,403,50,,4,s2
Xuyang Han,48506198,,5,403,10,,1,s2
Zhongliang Jing,2111777743,,9,402,58,,1,s2
Zefan Wang,2108727191,,6,401,13,,1,s2
Jiwei Fan,3079153,,13,400,35,,1,s2
J. Gong,2314104141,,10,400,91,,1,s2
Kaiyang Liao,2971452,,10,399,46,,1,s2
Tian-jian Luo,2068287693,,4,398,7,,1,s2
Hongyu Hu,2266705952,,9,397,33,,1,s2
Minggui Teng,1557343782,Peking university,12,397,23,,1,s2
Jue Wang,2109763930,,10,395,45,,3,s2
Haotian Fan,2072838160,,12,394,43,,1,s2
S. E. Yuksel,3162554,,10,391,41,,1,s2
Shilei Li,2145340413,,9,390,21,,1,s2
Xiaoling Gong,49832330,,7,389,17,,2,s2
Zehua Sheng,2160714209,,10,386,14,,1,s2
Hoonhee Cho,2148275179,,12,386,29,,1,s2
Linbo Wang,2108522201,,11,386,48,,1,s2
Tianyu Shi,2323017980,,8,385,15,,1,s2
Yuanbo Tan,2004222234,,6,385,9,,1,s2
Yuzhen Niu,2056577475,,12,385,36,,1,s2
Jun Huang,2118226234,,10,383,41,,2,s2
Jianjun He,2153095348,,11,383,34,,1,s2
Zhigang Tu,2061178292,,9,382,22,,2,s2
Ashutosh Kulkarni,2147218269,,11,382,22,,1,s2
Yunlong Lin,2262081005,,12,381,26,,2,s2
Mingfang Zhang,2290240304,,9,381,33,,2,s2
J. M. Martinez Lastra,2678886,,12,381,31,,1,s2
Jiaxin Fan,2151840486,,3,380,9,,1,s2
Yuxuan Shi,1753219181,,11,376,48,,1,s2
Shihao Shen,2072819892,,10,373,24,,1,s2
Jun Chen,2261186402,,11,372,25,,2,s2
Xiaochen Wang,1753693970,,8,372,102,,1,s2
Yuantong Zhang,2145783565,,11,369,32,,1,s2
Han Pan,30331802,,10,368,69,,1,s2
Wei Xuan,2067466160,,7,368,11,,1,s2
Yicheng Li,2155180560,,4,368,11,,1,s2
Jianan Zheng,2118456149,,9,366,21,,1,s2
Huiming Zhang,2143469822,,4,365,9,,1,s2
Ping Zhou,2106946559,,9,364,32,,1,s2
Xinwei Xue,32797485,,9,362,30,,1,s2
Tieyong Zeng,2277505260,,4,360,10,,1,s2
Wenwei Zhao,2118226427,,7,360,12,,1,s2
Yourui Huang,46598871,,12,359,50,,1,s2
Chaobing Zheng,24329943,,9,358,34,,1,s2
Han Zhou,2305206336,,10,356,23,,1,s2
Jinyong Chen,38263545,,8,356,23,,1,s2
Weikai He,1825761822,,10,355,13,,1,s2
Minghui Du,31866339,,11,354,58,,2,s2
Sung-Jin Cho,2180744,"Department of Electrical Engineering, Korea University",9,353,33,,1,s2
Jian Yang,2273535040,,9,352,19,,1,s2
Raymond H. Chan,2258962579,,3,350,7,,1,s2
Yaofang Liu,2142860074,,3,348,6,,1,s2
Yang Liu,2258961576,,3,347,5,,1,s2
Xiang Long,2318980237,,3,346,5,,1,s2
Xuejing Kang,1690834884,,12,346,18,,1,s2
Xueqian Wang,2292032615,,11,344,25,,1,s2
Lei Zhu,2265684978,,9,344,24,,1,s2
Duolikun Danier,2051683028,,9,344,27,,1,s2
Boxin Shi,2273929993,,10,344,28,,1,s2
Luyang Wang,2170435,,8,344,20,,1,s2
Yuanbo Zhou,2261253070,,7,343,36,,1,s2
Jiafei Wu,2276486864,,10,341,64,,2,s2
Wenbai Chen,2624059,,11,341,45,,1,s2
Qihang Xu,2173071993,,9,340,48,,1,s2
Xingyuan Li,2238012581,,10,338,31,,1,s2
Junzhou Chen,2282087105,,10,337,37,,1,s2
Jianhui Wang,2339243505,,8,336,16,,1,s2
Po-Wen Hsieh,1974017,,12,334,33,,1,s2
Yao Qian,2188412783,,9,334,17,,1,s2
Sicong Liu,2155857286,,9,332,54,,2,s2
E. Semenishchev,51504102,,10,332,70,,1,s2
Xiaomei Feng,2149115937,,8,332,10,,1,s2
Haoqiang Fan,2249400286,,8,331,13,,1,s2
Junyu Lin,2110809173,,4,331,5,,1,s2
Tonmoy Ghosh,148197904,,10,330,49,,1,s2
Zunjin Zhao,1638057237,,4,330,9,,1,s2
Sheng Su,2066629681,,3,330,8,,2,s2
Xiangyu Rui,2056920436,,7,329,11,,1,s2
Guo-Feng Luo,2269991404,,11,329,46,,1,s2
Zhiyong Zhang,2117992459,,11,328,43,,4,s2
Change Zheng,2153619472,,11,325,22,,1,s2
Haolin Wang,2264450769,,6,325,10,,1,s2
Miao Zhang,2339241115,,7,324,15,,1,s2
Jiayi Xie,1491234743,,10,324,14,,1,s2
Ronghui Zhang,2152042536,,10,323,29,,1,s2
Shenghua Teng,2677515,,8,323,48,,1,s2
Simying Ong,33567862,,9,323,43,,1,s2
Shuaipeng Hao,2137059479,,9,322,20,,1,s2
Wei Chen,2154942699,,9,322,52,,2,s2
Zhenyuan Zhang,2109338702,,11,322,31,,1,s2
Qingpeng Li,2108701200,,6,321,22,,1,s2
Zhanqiang Huo,1816039841,,8,320,46,,1,s2
Hufsa Khan,2147395983,,9,319,15,,4,s2
Huadong Ma,2263653397,,10,319,43,,2,s2
Xiaochen Yuan,2179621872,,10,319,54,,1,s2
Guodong Fan,2093184672,,9,319,19,,2,s2
Weiming Liu,1454014370,,8,318,30,,1,s2
Zhaolin Xiao,2760487,,10,318,67,,1,s2
Jian Wang,2152766744,,9,318,20,,1,s2
Ying Fu,2262425671,,7,318,15,,1,s2
Lishun Wang,2108552973,,9,316,25,,1,s2
Kyung-soo Kim,2109327860,,9,315,17,,2,s2
Guisik Kim,9758954,,10,314,22,,1,s2
Yong Ma,2122482757,,5,314,8,,1,s2
Sohyun Lee,2161506615,,6,311,13,,1,s2
Laibin Chang,2121619327,,8,310,18,,1,s2
Ye Tian,2143700164,,11,310,22,,1,s2
Amogh Joshi,2276533020,,7,310,8,,1,s2
Sampada Malagi,2268207014,,7,310,7,,1,s2
Xuejin Gao,2139136409,,7,307,15,,1,s2
Beinan Yu,2427745307,,8,306,19,,1,s2
A. Choudhury,2526476,,10,305,60,,1,s2
Haojie Tang,2266236016,,9,305,15,,1,s2
Hegui Zhu,2117693876,,11,304,34,,2,s2
Xianzheng Ma,2261892326,,8,304,15,,1,s2
Xin Ding,1720691712,,9,304,26,,1,s2
Qiankun Liu,2237954356,,6,304,15,,1,s2
Xiong Liu,2110678576,,6,302,37,,1,s2
Min Hu,2093566373,,5,302,7,,2,s2
C. Blanes,3373930,,8,301,19,,1,s2
Yecong Wan,2147200675,,9,297,41,,2,s2
Xinchen Gao,2156258152,,8,297,9,,1,s2
X. Tao,145834668,,10,297,44,,1,s2
Canlin Li,1929706,,10,296,38,,1,s2
Jinyuan Liu,2293559619,,9,295,26,,2,s2
Mei Gao,2147416198,,4,294,5,,1,s2
Tong Tong,2281862171,,9,293,20,,1,s2
Hong Ji,2072975696,,8,293,22,,1,s2
Yujie Dun,3126881,,10,292,29,,1,s2
A. Torresani,114629786,,9,292,16,,1,s2
Zheng Chen,2117203134,,8,291,18,,2,s2
Sijia Wen,2206692,beihang university,6,291,11,,1,s2
Geon-Yeong Kim,2157689053,,7,291,15,,1,s2
Tongzhu Jin,150320259,,9,290,17,,1,s2
Hongkui Wang,2200085409,,3,290,20,,1,s2
Ying Yu,144894799,,8,289,27,,1,s2
Qiang Fu,2113771721,,7,289,13,,1,s2
Jiahao Wu,2316011150,,9,288,40,,1,s2
S. Çiftçi,32656225,,8,287,31,,2,s2
Te Shi,1717095713,,4,287,6,,1,s2
Yi Wang,87042015,,8,285,20,,1,s2
Zetao Jiang,8324588,,9,285,57,,2,s2
Yuan Gao,2118635997,,10,285,42,,1,s2
Jiangli Shi,2241079713,,6,284,21,,1,s2
Peilin Chen,2158171902,,10,284,56,,1,s2
J. Kumar,2069634816,,7,283,10,,1,s2
Wei Huang,2152491604,,11,283,29,,1,s2
Wei Wang,2158505639,,4,282,11,,1,s2
Yuan Gao,2244143114,,7,282,25,,2,s2
Tengyue Li,1914871113,,11,282,19,,1,s2
Shiqi Wang,2279744514,,7,281,14,,1,s2
Huilin Zhu,2000555299,,7,281,16,,1,s2
Jiaqing Fan,51254451,,9,281,27,,1,s2
Yukun Huang,2372145983,,2,281,6,,1,s2
Yuanjian Qiao,1828827901,,9,279,42,,1,s2
Li-qiong Chen,2155570120,,7,278,15,,1,s2
Peixin Qu,36060293,,8,278,25,,1,s2
Chao Xu,2190472895,,8,278,21,,2,s2
J. J. Ranjani,2898084,,8,278,34,,1,s2
Guo Zhong,2198727784,,10,277,51,,1,s2
Yunlong Dong,2115459224,,5,277,5,,1,s2
Taewoo Kim,2111182649,,9,274,13,,1,s2
Yuchen Guo,2366320459,,6,274,10,,1,s2
Bin Li,2212052721,,10,272,36,,1,s2
Tengchuan Kou,2131091027,,8,272,10,,3,s2
Qihan Zhao,2268376879,,9,272,46,,1,s2
Wenming Zhang,2107979694,,7,269,54,,3,s2
Chuanming Wang,2109153220,,8,269,30,,2,s2
G. Guo,103132268,,10,269,27,,1,s2
Feiqing Zhang,151481679,,10,268,55,,1,s2
Jie Ding,2269691445,,9,268,39,,1,s2
Qingshan Liu,2145921875,,7,268,18,,1,s2
Jiachen Tu,2360174435,,13,267,24,,2,s2
Xiaohong Liu,2311271429,,5,267,8,,1,s2
Xian Zhong,2240204468,,11,267,40,,1,s2
Yang Zou,2277598978,,8,267,26,,1,s2
Lanling Zeng,2100791,,9,267,58,,1,s2
Tao Han,2117899081,,9,267,32,,1,s2
Akshat Agarwal,50714373,,7,266,21,,1,s2
Ying Fu,2107214086,,10,266,15,,1,s2
Wenhan Yang,2274269967,,10,264,27,,4,s2
Chengdong Wu,2238041387,,6,264,40,,1,s2
Chongyi Li,2237956540,,4,264,7,,1,s2
Yinqiang Zheng,2247926612,,8,263,33,,2,s2
Liyuan Zhang,2308626842,,8,263,17,,1,s2
Jiajia Lu,2260059059,,9,262,34,,1,s2
Xiaofeng Zhang,2144525229,,9,262,17,,1,s2
Xin Jin,2228232936,,7,262,20,,1,s2
Haiyang Yu,2187451203,,10,261,32,,1,s2
Praveen Ravirathinam,1685654342,,10,261,14,,1,s2
Yongxia Zhou,2145493439,,5,260,8,,1,s2
Liangliang Li,2214104890,,9,258,23,,1,s2
Guangyang Wu,153204485,,6,258,12,,1,s2
Jun-jie Zhang,2155570238,,6,258,9,,1,s2
Wenqi Ren,2053308882,,5,258,8,,1,s2
Lingyu Zhu,2281724124,,9,257,36,,5,s2
F. Yu,2256990287,,9,257,17,,1,s2
Onkar Susladkar,2149412487,,8,257,36,,1,s2
Chenyang Li,2188996842,,9,257,15,,1,s2
Jing Yang,2143851688,,9,256,24,,1,s2
Yuanyang Zhang,2217169220,,4,256,15,,1,s2
Marcos V. Conde,2335868692,,10,253,15,,1,s2
W. Mai,114913938,,9,253,55,,1,s2
Shen Zheng,2111075146,,3,253,5,,1,s2
Yifan Mao,2117694584,,7,252,27,,1,s2
Hawook Jeong,2544084,,7,251,28,,1,s2
Jinfeng Pan,49106674,,11,249,32,,1,s2
Wendong Xiao,2093593356,,10,247,44,,1,s2
Fanyu Zeng,2054265308,,8,245,16,,1,s2
Senyan Xu,2298415902,,10,244,18,,1,s2
Manlu Liu,47842165,,9,244,28,,2,s2
Anas M. Ali,2244781345,,11,243,20,,1,s2
Yuanshuo Cheng,2153514280,,9,243,24,,3,s2
Shaoliang Yang,2162395521,,6,243,6,,2,s2
Guisheng Zhang,1959445256,,8,241,23,,1,s2
Xiaoqiang Guo,150343737,,8,241,39,,1,s2
Wenyu Xu,91552522,,8,241,13,,1,s2
Hao Jiang,2292414930,,7,240,46,,1,s2
Ryan Wen Liu,2268299485,,7,240,16,,2,s2
Kanjian Zhang,2197323448,,8,240,87,,1,s2
Huake Wang,153469646,,8,240,25,,1,s2
F. Poiesi,2247819406,,5,239,9,,1,s2
Weida Zhan,2066339511,,8,237,38,,1,s2
Xi Yin,2147421661,,4,237,4,,1,s2
M. T. Rasheed,34999535,,7,237,10,,2,s2
Xiaoqian Lv,2112411035,,6,236,17,,2,s2
Yifan Tang,2115421242,,7,236,14,,1,s2
Dongjie Ye,32198004,,7,236,9,,2,s2
Ke Wang,2133843529,,8,235,16,,1,s2
Xin Huang,2368656770,,5,235,12,,1,s2
Lei Tang,2110241927,,8,235,27,,1,s2
Yikui Zhai,2205040886,,9,234,77,,1,s2
Jiahao Fu,41097944,,8,234,15,,1,s2
Ying-ji Tai,13459129,,4,233,11,,2,s2
Xubin Feng,51025015,,7,233,34,,1,s2
Bin Li,2185910798,,5,232,8,,1,s2
Tao Tan,2184837813,,7,232,11,,1,s2
Sheng Zhong,2053864035,,8,232,41,,1,s2
Haoran Zhao,50981688,,7,232,23,,1,s2
S. Ali,2197444,,9,232,29,,1,s2
Yuehai Chen,2051695812,,6,231,18,,1,s2
Xin Lu,2308422305,,9,231,26,,1,s2
Yanghong Zhou,3087985,,6,231,29,,1,s2
Sheng Ye,2190436787,,8,231,15,,1,s2
Pengjie Qin,51013608,,7,229,21,,1,s2
Yongjie Li,2110515159,,7,229,12,,3,s2
Guoyi Xu,2315615688,,12,228,21,,2,s2
Alexandru Brateanu,2281742235,,8,228,14,,2,s2
Guanyi Qin,2214084797,,7,228,17,,1,s2
Yuanmei Wang,2444707894,,5,228,30,,1,s2
Danai Triantafyllidou,7172565,,6,228,8,,1,s2
Qiang Ling,2242936090,,4,227,39,,1,s2
Jun Yin,2340409875,,7,227,12,,1,s2
Ronggang Wang,2155887982,,8,227,26,,1,s2
Chaochen Gu,2253450209,,7,225,15,,2,s2
D. Makwana,2077569514,,8,225,14,,1,s2
Shuai Hao,47595917,,8,225,47,,1,s2
Guiwen Zhang,8673557,,6,225,8,,1,s2
Xujie Ren,2087673915,,3,225,5,,1,s2
Rizwan Khan,2151235680,,10,225,17,,1,s2
Xiaohui Yuan,2115844662,,4,225,10,,1,s2
Shatrughan Modi,3078782,,7,225,16,,1,s2
Yingying Wang,2261894410,,9,224,20,,2,s2
Bo Zhang,2208118873,,4,224,7,,1,s2
S. Xiang,35533565,,9,224,42,,1,s2
Qiong Song,40476980,,10,224,24,,1,s2
Yihang Chen,2116614162,,3,224,5,,1,s2
Yangyang Guo,2250557927,,4,223,11,,1,s2
Yi Yu,2182655452,,6,223,8,,1,s2
Youwei Lyu,1381102412,,8,222,15,,1,s2
Jiun Tian Hoe,2130147135,Nanyang Technological University,5,221,11,https://jiuntian.com,1,s2
Ruchira Rawat,35676331,,8,221,106,,1,s2
C. Rota,50759199,,8,221,21,,1,s2
Shengxi Li,2272184472,,7,220,43,,1,s2
Rugang Wang,49908074,,9,220,56,,2,s2
Kun Yuan,2147397710,,4,220,4,,1,s2
Bo Li,2155883252,,8,220,34,,1,s2
Huimin Zeng,2356492701,,7,219,13,,1,s2
Xiaoyong Guo,2146370322,,2,219,5,,1,s2
Bin Chen,2257347207,,9,218,29,,1,s2
Xiaofang Hu,2289192561,,8,218,25,,4,s2
Zehua Wang,2261096811,,8,218,41,,1,s2
Yong Jiang,145859336,,8,218,51,,1,s2
Yaokun Shi,2360348276,,11,217,20,,2,s2
Kun Li,2339536802,,6,216,11,,1,s2
Xinyue Peng,2291082069,,7,216,18,,1,s2
Shuang Yuan,2379614103,,6,215,15,,1,s2
Jingchao Wang,2110124127,,7,215,26,,1,s2
Darong Huang,39252973,,8,215,19,,1,s2
Furkan Kınlı,1388060209,,10,214,23,,1,s2
Shuyuan Lin,2150593706,,10,214,19,,1,s2
Chia-Hsien Lin,2116503871,,5,213,9,,1,s2
Chuansheng Wang,2109152855,,8,213,21,,1,s2
Kai-Leung Yung,2193369847,,8,213,21,,1,s2
Yanpeng Sun,3235703,,7,213,43,,1,s2
Pengliang Tang,9505602,,2,213,6,,1,s2
Yaoxin Jiang,2410723309,,11,212,25,,2,s2
A. Zelensky,51477368,,8,212,59,,1,s2
Kaibing Zhang,2238968445,,7,211,34,,1,s2
Gang Wang,2307771123,,7,211,7,,1,s2
Yap-Peng Tan,2273608727,,9,211,34,,1,s2
Baofeng Li,48218713,,8,211,23,,1,s2
Xiaoyan Chen,2143799176,,8,211,28,,3,s2
Hangying Zhang,51240627,,8,211,19,,1,s2
Bing Li,2156071808,,7,211,26,,1,s2
Yongqing Wang,2143454216,,8,211,25,,1,s2
Haoxiang Lu,2115608321,,7,210,33,,3,s2
Hongzhe Liu,2283089934,,7,209,38,,1,s2
Ming Yuan,2284290820,,7,208,18,,1,s2
Yuanzhong Liu,2051276746,,6,208,9,,1,s2
Wenshuai Yu,2173520942,,5,208,12,,1,s2
Mengliang Xing,2188403500,,7,207,12,,1,s2
Jiantao Zhou,2388685450,,6,207,18,,1,s2
Raul Balmez,2281742182,,7,206,12,,1,s2
Yong Ma,2291680328,,8,205,33,,2,s2
Shuo Zhang,2108032962,,7,205,25,,1,s2
Xuan Wei,2183459526,,2,205,5,,1,s2
J. Xiong,3058286,,7,205,13,,1,s2
Guhanathan Poravi,51938252,,6,204,36,,1,s2
Fengqin Zhang,2182281837,,8,203,16,,1,s2
Xintao Chen,2348594179,,9,203,20,,1,s2
Nana Yu,2010378588,,7,203,29,,1,s2
Shaowei Weng,2238663706,,8,203,33,,1,s2
V. Kannan,71251079,,7,202,22,,1,s2
Jun Zhang,2186277910,,6,202,9,,1,s2
Wenqi Ren,2260700948,,5,201,8,,1,s2
Yuanbo Li,2110481394,,9,201,33,,1,s2
Zhiliang Ma,46953803,,5,201,8,,1,s2
Yang Yue,2105585115,,7,201,12,,1,s2
Lin Gu,2261518797,,3,200,3,,1,s2
Zhigeng Pan,2069544453,,8,200,38,,1,s2
Jianqin Zhang,2107981027,,8,199,35,,1,s2
Megha Modi,49779047,,7,199,21,,2,s2
Zhichao Chen,2262790719,,7,199,20,,1,s2
Yajun Chen,2206429769,,8,199,25,,1,s2
Zhipeng Du,2180661093,,3,198,5,https://scholar.google.co.uk/citations?hl=en&user=tBzBAvAAAAAJ,1,s2
Ting Luo,2068287539,,5,198,9,,1,s2
Xiaofeng Zhang,2328309571,,5,197,7,,1,s2
Dehui Kong,1515883521,,9,197,20,,1,s2
Nan Meng,2267595889,,6,197,21,,1,s2
Peibei Cao,30621191,,6,197,13,,1,s2
Yansheng Qiu,2087352809,,7,197,13,,1,s2
Xuejin Wang,2108018987,,9,197,23,,1,s2
Yuanlin Zheng,65787202,,8,196,40,,1,s2
Jie Yang,2263258061,,7,196,19,,1,s2
Jianjun Qian,2261987864,,8,195,56,,1,s2
Yubin Hu,2112240517,,7,195,16,,1,s2
Jun Li,2265939036,,7,195,16,,1,s2
Shidong Xie,2087648313,,8,195,11,,1,s2
Heng Zhang,40940525,,7,194,51,,1,s2
Minjian Zhang,2142808686,,8,194,20,,1,s2
Xiaochun Cheng,2149477853,,8,194,28,,1,s2
Y. Wanga,1397146654,,1,194,1,,1,s2
Yanlin Wu,2303376551,,8,193,29,,1,s2
Bingxin Xu,2283059953,,7,193,21,,1,s2
Haiyang Jiang,152743682,University of Tokyo,4,193,12,,2,s2
Antyanta Bangunharcana,1922394497,,4,193,5,,1,s2
Zhixiong Yang,2244603168,,5,192,23,,1,s2
Feng Zhou,97662451,,8,192,42,,2,s2
Xue Zhang,2144543653,,6,192,12,,1,s2
Zimu Zhou,2246189563,,7,192,24,,1,s2
Yuhua Qian,2087074282,,6,192,12,,1,s2
Yu-sheng Lin,2107930640,,6,192,10,,1,s2
Xincheng Ren,2087287383,,8,192,21,,1,s2
Sida Li,2339479443,,6,191,11,,1,s2
Yanming Hui,2172174907,,5,190,9,,2,s2
Eg Su Goh,67195982,,5,189,9,,1,s2
Shanyong Xu,2148667420,,8,189,26,,1,s2
Lei Wang,2152504244,,7,189,20,,1,s2
Zhu Liu,2292191683,,4,188,11,,1,s2
Yu Luo,2108803162,,8,188,17,,1,s2
Brian D. Davison,2269472995,,4,188,12,,1,s2
Chenggang Dai,153566066,,7,188,17,,1,s2
Tian Ma,2087495103,,7,188,17,,1,s2
Huaikun Zhang,2143475266,,7,188,21,,1,s2
Qifeng Chen,2269692452,,4,187,11,,1,s2
Yu Zhou,2110633040,,4,187,9,,1,s2
Zhiyan Zhong,12760596,,8,186,22,,1,s2
Xiaoming Ding,2117434876,,6,186,14,,1,s2
Min Wu,2149348420,,7,186,37,,1,s2
Burak Ercan,2077142890,,5,185,9,,1,s2
Jiale Wang,2109656315,,5,185,15,,1,s2
Xianming Liu,2330970874,,8,185,34,,1,s2
Yanli Liu,2108202965,,6,184,52,,1,s2
Yixuan Li,2279762308,,7,184,10,,1,s2
Junfang Fan,21100178,,8,184,29,,1,s2
Honggui Han,2210608212,,4,183,31,,1,s2
Pranjay Shyam,1924559935,,9,183,19,,2,s2
Songyin Dai,2150490850,,7,182,24,,1,s2
Linchang Zhao,46586650,,8,182,14,,1,s2
Tailin Han,36167972,,7,182,54,,1,s2
Xu Qian,2067732973,,8,181,24,,1,s2
K. Debattista,2276423748,,7,180,28,,2,s2
Yuan Xue,2114920342,,5,180,10,,1,s2
S. Pasewaldt,2343715,,9,180,33,,1,s2
Xiaoling Lv,50085385,,6,180,14,,1,s2
Jiang-She Zhang,2281104439,,8,179,33,,1,s2
Qi Jia,2129979738,,4,179,8,,1,s2
Zewei Lian,2172252560,,8,179,19,,1,s2
Yiqun Wang,2253807193,,5,178,29,,1,s2
Kejun Wu,2109009499,,8,178,34,,1,s2
Ziwen Li,2118275352,,7,178,30,,1,s2
Wenyong Gong,3307072,,6,177,18,,1,s2
Xin Zhang,2149174373,,7,177,20,,2,s2
Dokyeong Kwon,2052326441,,5,177,6,,1,s2
Yifeng Song,2740647,,6,176,24,,1,s2
Jing Zhang,47538862,,8,176,10,,1,s2
Yan Yang,2108849557,,7,175,25,,1,s2
Xia Wang,2108224422,,7,175,16,,2,s2
Sunita Sahu,25617146,,5,175,18,,1,s2
Mingwen Shao,2237783247,,8,174,28,,3,s2
Yuan Gao,2118635326,,6,174,18,,1,s2
Wuming Jiang,2116857011,,6,174,19,,1,s2
Honghan Chen,2108476156,,6,174,12,,1,s2
Bo Li,2246445422,,4,174,7,,1,s2
Andreas Aakerberg,9751640,,6,174,14,,1,s2
Jiangwei Weng,2301455592,,3,173,9,,3,s2
Chen Feng,2117346009,,6,173,20,,1,s2
Shijie Zhao,2316587852,,6,172,8,,1,s2
Rui Xu,2258303211,,9,172,21,,1,s2
Lun Li,2177362541,,4,172,16,,1,s2
Mei Zheng,46934753,,6,171,10,,1,s2
Yuechao Gao,2343597165,,2,171,2,,1,s2
Shuaicheng Liu,2311739754,,4,171,6,,2,s2
Ruicong Xia,1381665939,,8,171,17,,1,s2
Fei Wang,2274447159,,6,171,13,,1,s2
Mingjia Li,2297826009,,5,170,18,,1,s2
Zheng-Jun Zha,2292182136,,6,170,8,,1,s2
Jun Zhang,2155662657,,5,170,6,,1,s2
Fei Zhou,2114903214,,5,170,10,,1,s2
Wencheng Wang,2177239141,,4,170,15,,1,s2
Minli Tang,2113728085,,6,169,13,,1,s2
Jie Jiang,2277419637,,4,169,12,,1,s2
Yuanyuan Wang,2146025300,,8,168,32,,2,s2
Xin Gao,2239459437,,5,168,14,,2,s2
Runmin Zhang,2294502116,,8,168,22,,1,s2
Yuanxiang Li,2144420776,,3,168,4,,1,s2
Qiuhan Liu,1915113309,,7,168,26,,1,s2
Zheng Wu,2210244397,,8,168,20,,1,s2
Runzhao Yang,2162083988,,8,168,18,,1,s2
Yu-An Chen,2144036304,,4,168,8,,1,s2
Jun Xu,2150636112,,5,168,8,,1,s2
Ce Guo,2109933827,,4,168,6,,1,s2
Chao Xie,2158024018,,3,167,11,,1,s2
Qi Zhang,2369247544,,3,167,7,,1,s2
Zhijie Xu,2136387927,,7,167,30,,1,s2
Zhigang Zhou,2276817156,,5,167,7,,1,s2
Dongjin Huang,3034852,,7,167,36,,1,s2
Zhen Xing,2332354247,,7,166,15,,1,s2
Domnic Sandanam,152318934,,5,166,19,,2,s2
Yaofeng Xie,2154871178,,5,165,6,,1,s2
Wengang Cheng,3073008,,5,165,19,,1,s2
Sabin Tiberius Strat,2850020,,8,164,14,,1,s2
Rang Nguyen,2316559179,,6,164,7,,1,s2
Shengfeng He,2310814137,,4,163,8,,1,s2
Xianjun Hu,2109790733,,5,163,9,,2,s2
Depeng Zhu,32402125,,8,162,35,,1,s2
Zhixin Yang,2109740645,,7,162,30,,1,s2
Min Gan,2024537593,,7,162,13,,2,s2
Junseok Kwon,31158891,,6,162,34,,1,s2
Jiaqi Wu,2292459577,,7,161,20,,1,s2
Feng Zhai,2256852764,,7,161,18,,1,s2
Yuancheng Li,2142159895,,7,161,31,,1,s2
A. Prajapati,93662805,,9,160,69,,1,s2
Xiaoqi Hu,47027665,,7,160,32,,1,s2
Zichun Wang,2117419117,,4,159,7,,1,s2
Zishan Xu,2258090051,,5,158,19,,2,s2
Baochang Zhang,2261599344,,5,158,14,,1,s2
Long Xu,2164656999,,7,158,19,,1,s2
Zhi Jin,2297834069,,5,157,6,,1,s2
Yu Guo,2310688922,,4,157,7,,1,s2
Peng Zhang,2374290319,,8,156,42,,1,s2
Jun Young Park,2369288915,,5,156,10,,1,s2
Yuecheng Lai,2179636683,,5,156,7,,1,s2
Nian Wang,2152171257,,4,155,18,,1,s2
Guodong Fan,2298760903,,6,155,10,,1,s2
Kanghao Chen,2294580844,,7,154,22,,2,s2
Xiaolin Qin,2268725569,,7,154,26,,1,s2
Shuming Hu,2222705791,,5,154,7,,1,s2
Renjie Li,2351000281,,7,152,15,,1,s2
Jingyuan Liu,46700596,The Hong Kong University of Science and Technology,3,152,9,,1,s2
Zhihong Zhang,2144436679,,8,152,14,,1,s2
Xinlei Zhou,47154971,,4,152,7,,1,s2
Tianhao Peng,2269736998,,7,151,13,,1,s2
Attiq Ahmad,9438679,,7,151,16,,1,s2
Li Ziwei,2319330034,,5,151,15,,1,s2
Long Ma,2331460441,,6,150,9,,1,s2
Yihang Dong,2316519915,,6,150,23,,1,s2
Haiyu Zhao,2271570535,,4,150,8,,1,s2
O. T. Nartey,1391407625,,6,150,18,,1,s2
Joongchol Shin,66442217,,5,150,17,,1,s2
Xinnan Fan,2260779834,,7,150,32,,1,s2
Yongqi Guo,1409644701,,7,150,17,,1,s2
Xin Deng,2277041332,,7,149,25,,2,s2
Dongliang Yan,2163515397,,4,149,6,,1,s2
D. Bull,2241468553,,7,148,32,,1,s2
Jiesong Bai,2300253561,,4,148,6,,3,s2
Xi Peng,2269759322,,5,148,8,,1,s2
Feng Lu,2151233362,,6,148,13,,1,s2
Qinglong Yan,2327962776,,5,147,14,,1,s2
Qizhao Lin,2261867936,,8,147,22,,1,s2
Yu Qiao,2266467340,,5,147,10,,1,s2
Junoh Kang,2257134071,,4,146,8,,1,s2
Wei Lu,2322593644,,6,146,21,,1,s2
Tatsuya Harada,2256612994,,4,146,9,,1,s2
Ting Nie,47476066,,8,146,24,,1,s2
Jiaxin Gao,2170969324,,6,146,18,,2,s2
Yixue Wei,2156252783,,8,146,13,,1,s2
Cuiping Zhang,40531119,,6,145,24,,1,s2
Gayatri S Deshmukh,119582522,,8,145,21,,1,s2
Hongqi Liu,2155225739,,6,145,16,,1,s2
Yuhao Yin,2301176355,,3,144,5,,2,s2
Tiecheng Song,2292177904,,7,144,32,,1,s2
Muhamad Amirul Haq,101954925,,6,144,13,,1,s2
Kai Ding,2053138582,,6,144,11,,1,s2
Yang Yang,2152915963,,7,143,23,,1,s2
Ruini Zhao,4320115,,4,143,7,,1,s2
Xu Li,2116328427,,7,143,27,,1,s2
Junchao Zhang,2376519957,,5,141,7,,1,s2
Qiyuan He,2394129855,,3,141,10,,1,s2
Chao Feng,2117344819,,6,141,21,,1,s2
Jianrun Shang,2169354371,,6,141,11,,1,s2
Peizheng Li,9524051,,5,141,12,,1,s2
Meifang Yang,1443734899,,5,141,7,,2,s2
Yinqiang Zheng,2242543861,,6,140,10,,1,s2
Lu Ren,2218529854,,7,140,12,,2,s2
Bo Xu,2109511967,,8,140,20,,1,s2
Kun Zhou,2269757386,,5,139,14,,2,s2
Fujian Guo,117778344,,6,139,29,,1,s2
S. R.,2279428520,,4,139,8,,1,s2
Wenkai Zhang,2306076894,,7,139,22,,1,s2
Quoc-Viet Hoang,2303941072,,7,138,25,,1,s2
Jun Li,2330228278,,4,138,14,,1,s2
Kang Liu,2146386319,,7,138,18,,1,s2
Le Wang,2116229679,,7,138,27,,1,s2
Ching-Chun Huang,2110522996,,7,138,29,,1,s2
Jie Ling,2238214058,,6,137,11,,1,s2
Shengxi Li,2298054749,,5,136,10,,1,s2
Shushan Qiao,2139902800,,7,136,43,,1,s2
Zunwang Ke,2014735862,,6,136,33,,1,s2
Peiqi Duan,2265682931,,5,136,17,,1,s2
Hongan Wei,2115312829,,6,136,26,,1,s2
Yuanhong Zhong,47240328,,5,136,10,,1,s2
K. Chang,2107804555,,5,136,5,,1,s2
Xinyang Zhang,2399999294,,7,135,41,,1,s2
K. Shang,2293399989,,7,134,18,,1,s2
Xun Wang,2115535644,,5,134,12,,1,s2
Zichuang Wang,2159772398,,3,134,9,,1,s2
Hainuo Wang,2344307474,,5,133,17,,1,s2
O. Eker,32449861,,5,133,14,,2,s2
Yingxu Qiao,103972450,,5,133,33,,2,s2
Xiao Sun,2273669927,,4,133,8,,1,s2
Xiaolei Luo,2202631031,,2,133,5,,1,s2
Zishu Yao,2279605523,,4,133,7,,1,s2
Lei Zhang,2256830888,,6,132,22,,1,s2
Yudong Mao,2152119664,,4,132,8,,1,s2
Xianjun Han,29976668,,6,132,17,,1,s2
Yi Ding,2364938868,,6,131,36,,1,s2
Jing Tao,2218896520,,5,131,9,,1,s2
Zhe Wang,2108196160,,5,131,6,,1,s2
Mohab Kishawy,2323043874,,7,130,10,,1,s2
M. Hamza,2260414880,,5,130,27,,1,s2
P. Mok,2055816103,,4,130,15,,1,s2
Z. Guan,46731399,,5,130,25,,1,s2
M. Asif,2102543426,,7,130,12,,1,s2
Wenwen Zhang,2108037429,,6,129,35,,1,s2
Jian Zhang,2155127340,,4,129,6,,1,s2
Hongjun Wu,2264188652,,5,128,8,,1,s2
Wenhao Chai,2308312508,,5,128,5,,1,s2
Sparsh Mittal,2262215176,,6,128,36,,1,s2
Ting Sun,2113204269,,6,128,15,,1,s2
Haitao Li,2108590281,,5,127,8,,1,s2
Rawan I. Zaghloul,39515587,,7,127,21,,1,s2
Jingfeng Du,16291945,,5,126,9,,1,s2
Yuantao Wang,2203021722,,4,126,12,,2,s2
Yongsheng Qiu,47604559,,4,126,13,,2,s2
Xian Zhang,2108304020,,4,126,8,,1,s2
Yixin Yang,2265716567,,5,126,15,,1,s2
Yang Yang,2365327194,,7,125,10,,1,s2
Tingwei Wang,2155391146,,6,125,12,,1,s2
Junlin Xie,2109935984,,4,125,10,,1,s2
Lingyu Duan,2284844824,,6,124,14,,1,s2
Zhijing Sun,2298403164,,8,124,14,,1,s2
Yifan Ding,2311857420,,2,124,5,,1,s2
C. Lin,2267152832,,1,124,6,,1,s2
Boseung Jeong,2124963484,,5,124,6,,1,s2
Shaoqin Zhang,2116577895,,4,124,6,,1,s2
Huangbiao Xu,2306438622,,7,124,20,,1,s2
Xuan Liu,2115530048,,6,124,20,,1,s2
Wenkai Zheng,2186746235,,3,123,5,,3,s2
Mirko Agarla,1913622627,,6,123,13,,1,s2
Chengzhi Lyu,47660429,,6,123,13,,1,s2
Jianlong Su,2176165956,,3,123,5,,1,s2
Xiaoyang Qiu,2303328405,,5,123,8,,1,s2
Lishen Qu,2294361582,,6,122,13,,1,s2
Yushen Zuo,2355427138,,5,122,6,,1,s2
Hao Tang,2275194660,,5,122,6,,2,s2
Yong Wang,2153952645,,7,122,25,,1,s2
Xiaogang Yang,2275298208,,6,121,35,,1,s2
A. Chandrasekar,47387170,,6,121,16,,1,s2
Hanwen Zhang,2385421727,,6,121,26,,1,s2
Yisheng Lv,2268452822,,4,121,7,,1,s2
Xinxu Wei,2128378378,,5,121,10,,3,s2
Mohao Wu,2297819266,,4,120,4,,1,s2
Wentao Guo,2304937496,,6,120,17,,1,s2
Joshua Cho,50546194,,4,120,13,,1,s2
Guoqiang Liang,2294359232,,5,120,8,,2,s2
Fenghua Zhu,2242533246,,4,120,8,,1,s2
Shuai Zhang,2108432177,,7,120,12,,1,s2
Yaling Liang,9260001,,5,119,21,,2,s2
Walt Husak,47236701,,5,118,26,,1,s2
Xiaofeng Zhang,2257953748,,5,118,8,,2,s2
B. Kuang,2374013354,,5,118,22,,1,s2
Jing Wu,2149267521,,7,117,21,,1,s2
Xinghong Chen,2118654284,,5,117,13,,1,s2
Wenyi Wang,47825380,,5,117,17,,1,s2
Shan-guang Chen,2144337190,,5,117,5,,1,s2
Shen Zheng,2111074015,,5,117,9,,1,s2
Chao Liu,2152505971,,3,117,7,,2,s2
Zhe Zhang,2177091563,,6,116,15,,3,s2
Yaocong Hu,2265512842,,3,116,15,,1,s2
Xianqiang Lyu,2004173843,,6,115,9,,1,s2
Ge Wang,2296241759,,5,114,11,,2,s2
Shuo Wang,2259924207,,5,114,14,,1,s2
Meilin Xie,2283105060,,5,114,24,,1,s2
Przemysław Matysik,89131918,,6,114,16,,1,s2
Xintao Xu,47158580,,4,114,12,,1,s2
Saigopal Vasudevan,2152393693,,6,114,13,,1,s2
Mingchi Ju,2051162325,,6,114,21,,1,s2
Nuoya Li,2283087675,,3,113,4,,1,s2
Chenjie Zhang,2244133607,,4,113,28,,1,s2
Tao Chen,2285247023,,6,113,54,,1,s2
Renjun Wang,2051262277,,4,113,22,,1,s2
Yingcong Chen,2296217926,,6,113,14,,1,s2
Yunxiang Li,2297812171,,5,112,8,,1,s2
Yaqian Li,2267309136,,6,112,37,,3,s2
Khawir Mahmood,120533414,,5,112,10,,1,s2
Aizhong Mi,1894034,,6,112,23,,2,s2
Zhihang Meng,2256860810,,6,112,13,,1,s2
Xixia Huang,2108800686,,6,112,16,,1,s2
Masakazu Yoshimura,1516952123,,6,112,18,,2,s2
Ling Shen,2121271792,,6,112,18,,1,s2
Yan Liu,2157169403,,6,112,15,,1,s2
Xu Liao,2200151070,,6,111,11,,1,s2
Xiaogang Xu,2276483420,,5,111,18,,2,s2
Haechan Lee,2142350,,5,111,8,,1,s2
Yi Ma,2146276895,,5,111,8,,1,s2
H. Hou,2064684650,,5,111,9,,1,s2
Ke Niu,2238955236,,7,110,16,,1,s2
Jin Tan,2115409536,,7,110,11,,1,s2
Xiaopo Wu,2107999270,,5,110,15,,2,s2
Shisen Wang,2116301680,,6,110,10,,3,s2
Ahmet Serdar Karadeniz,1486490787,,5,110,12,,2,s2
Deyang Liu,2267870621,,5,109,30,,2,s2
Kaibo Lu,2070274721,,5,109,10,,1,s2
Xun Wang,2261797107,,5,109,6,,1,s2
Zhen Tian,2117804765,,3,109,5,,1,s2
Keqi Wang,2124619255,,4,109,7,,1,s2
Ge Meng,2261749921,,6,108,12,,1,s2
Lin Wang,2294355997,,5,108,16,,1,s2
Qingpao Qin,2210509112,,4,108,4,,2,s2
Zetao Fei,2151381542,,2,108,11,,1,s2
Lin Wang,2144734129,,4,107,11,,1,s2
Xinyi Zhu,2344578591,,5,107,17,,1,s2
Yuhua Qian,2187326606,,6,107,34,,1,s2
Wen Lv,2184812353,,2,107,5,,1,s2
Chengwei Li,2394624155,,5,106,10,,1,s2
Xiaohe Wu,2261408604,,6,106,17,,1,s2
Xuehui Chen,2199252142,,3,106,3,,1,s2
Binquan Wang,46270252,,6,106,15,,1,s2
Kai Zhang,2174637329,,7,105,14,,1,s2
Zhaorun Zhou,1720842659,,6,105,9,,1,s2
Yuanyuan Zhang,2145793664,,7,104,27,,1,s2
Ruikun Zhang,2327002722,,7,104,10,,1,s2
Jiajia Liu,2284527438,,7,104,16,,1,s2
Hangyu Li,2294767989,,5,104,7,,1,s2
Qinghua Li,2108492563,,4,104,15,,1,s2
Yong Xu,2265799628,,4,104,4,,1,s2
Junming Gong,2112954091,,6,104,13,,2,s2
Jiaying Liu,2239051902,,5,103,20,,1,s2
Mingyang Huang,2357049631,,3,103,7,,1,s2
Long Bao,2183482952,,4,103,10,,1,s2
Jun Liu,2375403233,,4,103,7,,1,s2
Guoyu Zhang,2323189165,,6,103,18,,1,s2
Bin Luo,2174116032,,6,103,16,,1,s2
Donghun Ryou,2313247493,,5,102,8,,1,s2
Huaixin Chen,2258684586,,6,102,16,,1,s2
Jingyuan Xia,2339583268,,5,102,14,,1,s2
Taiping Zhang,2168621361,,3,102,7,,1,s2
Chengbo Wang,50096924,,5,102,10,,1,s2
Parthasarathi De,47409063,,6,102,25,,2,s2
Jingsi Zhang,2107924895,,4,101,8,,1,s2
Hossein Shakibania,2232780861,,2,101,6,,1,s2
Sina Raoufi,2232781030,,2,101,2,,1,s2
Yuansheng Liu,2143862667,,2,101,3,,1,s2
Hamza Ergezer,1980641,,4,101,10,,1,s2
Zhichao Xin,145781081,,5,101,7,,1,s2
Sena Yagmur Sen,122478756,,4,100,10,,2,s2
Kean Liu,2356372019,,6,100,11,,1,s2
Heng Sun,2287429540,,5,100,13,,1,s2
Jinhong He,2278779333,,5,100,18,,2,s2
Yuhwan Jeong,2279930538,,5,100,11,,1,s2
Quan Lu,2274925998,,6,100,14,,1,s2
Shanying Zhu,2160533297,,5,100,8,,2,s2
Zekun Guo,11634793,,4,100,7,,1,s2
Fanjiang Xu,2205592862,,6,99,10,,1,s2
Cheol Woo Park,2140588967,,5,99,6,,1,s2
Haipeng Wang,1897728715,,7,99,19,,1,s2
Yongsheng Shi,49593197,,5,99,15,,1,s2
Chenfeng Zhang,2404502,,5,99,26,,1,s2
Hanhe Lin,2268019384,,6,98,16,,1,s2
Qi Tian,2056268330,,4,98,10,,1,s2
Yifan Shuai,2185687544,,4,97,13,,2,s2
Inju Ha,2313252216,,5,97,7,,1,s2
Qin Luo,2170777697,,6,97,7,,1,s2
Fan Zhang,2265620853,,5,97,18,,1,s2
Dandan Zhan,2133210939,,6,97,7,,1,s2
Chun-Yi Lin,2116764384,,3,97,4,,1,s2
Meiqi Niu,2317234452,,4,97,7,,1,s2
Jianying Li,2317850232,,4,97,7,,1,s2
Shuyuan Zhu,2292364503,,5,96,17,,1,s2
Wei Chen,2154940576,,4,96,8,,1,s2
Guoqiang Gong,2350347193,,6,96,13,,1,s2
Juan Zhang,2108137577,,6,96,16,,1,s2
Guoliang Lv,2221040667,,4,96,7,,1,s2
Kai Zhang,2335134242,,5,96,28,,1,s2
Jielin Li,2148947747,,2,96,3,,1,s2
He Cui,2152200853,,4,96,9,,2,s2
Yong Zhong,2258070450,,3,95,10,,2,s2
Yukun Sun,2324211263,,2,95,3,,1,s2
X. Xue,9129343,,6,95,22,,1,s2
Hayoon Kim,2109594074,,6,95,38,,1,s2
Xiang Lu,2127330048,,5,94,13,,1,s2
Kangle Wu,2296028507,,4,94,9,,1,s2
Xuejing Chen,2145449316,,4,94,12,,1,s2
Tao Yan,2106094117,,7,94,17,,1,s2
Ziyao Yi,9733944,,4,94,6,,1,s2
Jinqian Pan,2176149839,,4,94,5,,1,s2
Xin Xu,2152777417,,3,94,4,,1,s2
Guiqing Li,2146571179,,3,94,6,,1,s2
Zhe Xu,2184714875,,5,93,11,,1,s2
Xu Wang,2240192851,,4,93,11,,1,s2
Zhiwu Li,2299107307,,4,93,13,,1,s2
Y. Rao,2240329584,,5,93,10,,1,s2
M. Iqbal,1860890327,,4,93,10,,1,s2
Zhimin Chen,2111354272,,3,92,5,,1,s2
Dmitry Vatolin,2316638138,,7,92,7,,1,s2
Sibin Deng,31182714,,6,92,10,,1,s2
Jiawu Dai,145618711,,6,92,23,,1,s2
Shiguo Huang,9303289,,7,92,22,,1,s2
Igor Morawski,1740758571,,4,92,7,,1,s2
Mai Xu,2297135177,,4,91,12,,2,s2
Shengyun Zhong,2299392793,,4,91,4,,1,s2
Bo Zhang,2155611061,,5,91,11,,1,s2
Masud An Nur Islam Fahim,20934220,,5,91,26,,1,s2
Minglong Chen,2107982035,,2,91,2,,1,s2
C. Vaidya,46798788,,6,90,21,,1,s2
Tian Gao,2072688487,,4,90,9,,1,s2
Jiayan Huang,2115946545,,5,90,22,,1,s2
Fenghua Zhu,2273630436,,4,90,21,,1,s2
Boyu Li,2265682272,,3,90,9,,1,s2
Xiaoyang Yan,2223950230,,3,90,7,,1,s2
Wenbing Tang,2116723937,,5,90,11,,1,s2
Yang-Bo Shi,103615575,,5,90,11,,2,s2
Han Jiao,2070114689,,4,90,5,,1,s2
Yu-Hsuan Huang,34847043,,5,90,16,,1,s2
Cheng Cheng,2116394196,,4,90,6,,1,s2
Hong Liu,2118903529,,6,90,16,,1,s2
Xu Zhang,2309775557,,3,89,19,,1,s2
Guodong Ju,151485737,,4,89,8,,2,s2
Qian Gao,2087604988,,5,89,9,,1,s2
Liyuan Pan,2363286836,,6,88,9,,1,s2
Jie Zhang,2266631253,,4,88,9,,1,s2
Tao Lu,2297165137,,6,88,39,,1,s2
Shaoqing Li,2156638692,,3,88,5,,1,s2
Zhibin Zhang,2109459759,,3,88,6,,1,s2
Gouranga Mandal,46172142,,5,88,31,,2,s2
Caifeng Shan,2335875287,,4,87,29,,1,s2
Cheuk-Yiu Chan,2186563089,,4,87,6,,2,s2
Heow Pueh Lee,2196525215,,3,87,10,,1,s2
Chenyang Wang,2109502294,,6,87,11,,1,s2
Huan Zhang,2317142984,,2,86,8,,1,s2
Kailing Tang,2279607887,,6,86,10,,1,s2
Weifeng Liu,2258306407,,5,86,16,,1,s2
Shaomin Zhang,2116576639,,4,86,8,,1,s2
Wenqi Wang,2134824679,,5,86,6,,1,s2
Zijian Tian,2296220264,,5,85,29,,1,s2
Reman Kumar,2157583053,,5,85,8,,1,s2
Jiachen Dang,2339471830,,5,85,14,,1,s2
Yifei Wang,2115569318,,3,85,5,,1,s2
Shi Chen,2352985671,,5,84,10,,1,s2
Feng Huang,2153751686,,5,84,14,,1,s2
A.-M. Raita-Hakola,2125362197,,6,84,17,,1,s2
Weitao Lin,48150186,,5,84,11,,1,s2
Fanding Wu,2167734431,,3,84,3,,1,s2
Yixin Xiang,2147246448,,4,84,7,,1,s2
Duo-yang Zhang,2324367319,,4,83,5,,1,s2
Kai Jiang,2332505245,,4,83,13,,1,s2
Junkai Fan,2266124407,,4,83,9,,1,s2
Zhe Wu,2303650385,,5,83,12,,1,s2
Liang Wu,2218810019,,5,83,6,,1,s2
Wenhao Song,2181978196,,6,83,15,,1,s2
Yan Zhang,2152819929,,3,83,4,,1,s2
V. Thomas,2319095864,,5,83,23,,1,s2
Dirui Xie,2211254189,,5,82,13,,6,s2
Huan Yang,2156108881,,5,82,12,,1,s2
Zuoyong Li,2258422375,,4,82,10,,1,s2
Linjun Lu,18840047,,4,82,10,,1,s2
Li Zhao,2157761799,,4,82,6,,1,s2
C. Anitha,2140036201,,5,82,21,,1,s2
Cheng Yang,2154169858,,3,82,5,,1,s2
Kang Wu,2115598201,,5,82,10,,1,s2
Ruirui Lin,2283107688,,6,81,12,,3,s2
Mohammad Arif Sobhan Bhuiyan,2238136596,,5,81,12,,1,s2
Khadija Bibi,2265881614,,2,81,7,,1,s2
Haoyang Tang,2112389177,,3,81,20,,1,s2
Xiaohuan Zhang,2108583832,,5,81,20,,1,s2
Jin Chen,2108458965,,4,81,8,,2,s2
Zhiwei Huang,2156500629,,4,81,8,,1,s2
Haifu Guo,2110878108,,4,81,7,,1,s2
Wenhao Cai,2317975996,,3,81,8,,1,s2
Tiantian Qiu,48216378,,4,81,6,,1,s2
Jing Xu,2364858782,,6,80,12,,2,s2
Muhammad Zain ul Abideen,88249299,,3,80,16,,1,s2
Sparsh Jain,2290976695,,3,80,10,,1,s2
Xiaohua Cao,2276795811,,6,80,12,,1,s2
Xiangyu Meng,2150590394,,2,80,3,,1,s2
Vu-Hoang Tran,66170693,,5,80,22,,1,s2
Shijun Shi,2260645441,,5,79,6,,2,s2
Weiguo Pan,2307436131,,4,79,14,,1,s2
Chun Zhang,2180426467,,5,79,21,,1,s2
Yuanyao Lu,2266200183,,5,79,18,,2,s2
Haibin Huang,2269046040,,4,79,5,,1,s2
Jiansheng Lu,2268723013,,4,79,11,,1,s2
Shiwei Fan,2284487034,,4,78,25,,1,s2
Gang Li,2284864325,,2,78,3,,1,s2
He Xiao,2114210605,,6,78,11,,4,s2
Yuanlin Zhang,2292883413,,5,78,30,,1,s2
Li Zhuo,2105909391,,5,78,15,,1,s2
Junhao Tian,2175750276,,3,78,10,,1,s2
Duo Shang,2223787717,,2,78,12,,1,s2
Xin Hui,2223781491,,2,78,10,,1,s2
Z. Chai,2233160728,,2,78,2,,1,s2
Minqi Li,2154747009,,2,78,5,,1,s2
Yunliang Zhuang,2152482431,,4,78,8,,1,s2
M. Reimann,51151622,,6,78,22,,1,s2
Sihao Chen,2301351160,,3,77,6,,1,s2
Jianmin Jiang,2244585958,,5,77,18,,1,s2
Jing Ye,2274013848,,5,77,6,,1,s2
Xin Liu,2146075325,,6,77,8,,1,s2
Hongjun Li,2155567069,,5,76,16,,1,s2
Chenbo Shi,2180146240,,5,76,22,,1,s2
Xiaoguang Di,2243656776,,3,76,16,,2,s2
Dong-Hong Ji,2278041994,,4,76,17,,1,s2
Tengyu Ma,2238532971,,4,76,9,,1,s2
Minglong Xue,2239994043,,5,76,16,,2,s2
Chun Xiao,2268598145,,4,76,7,,1,s2
Wei Liang,2113675770,,4,76,5,,1,s2
Haibo Wan,2304315118,,3,76,8,,1,s2
Bo-Si Feng,9568987,,4,76,8,,1,s2
A. SharifSM,2297774820,,2,75,2,,1,s2
Jijiang Huang,151483379,,4,75,12,,1,s2
Junji Otsuka,2106282542,,4,75,17,,2,s2
Seongsoo Lee,2268174606,,5,75,7,,2,s2
Wei Huang,2152492219,,5,75,16,,1,s2
Omar Arif,2066153846,,4,74,13,,1,s2
G. Uganya,2329274003,,1,74,5,,1,s2
Xuehui Yin,2713266,,5,74,10,,1,s2
Juan Cao,2109829383,,4,74,21,,1,s2
Xuanyu Zhang,2118400564,,2,74,5,,1,s2
Marco Cotogni,1885493,,5,74,10,,1,s2
Minh-Thien Duong,2268101537,,5,74,9,,2,s2
Min-Cheol Hong,2268097214,,5,74,7,,2,s2
Haibo Lei,2306995181,,4,73,5,,1,s2
Dong Liang,2292770439,,4,73,10,,1,s2
Yanmeng Dong,2237962719,,1,73,1,,1,s2
Kai Li,2158259770,,5,73,8,,1,s2
Mingjie Xu,2153557696,,4,73,8,,1,s2
Luis Oala,2284772762,,3,72,7,,1,s2
C. Hui,2186550786,,5,72,9,,1,s2
Pallavi Singh,2291444214,,6,72,15,,3,s2
Hong Qang,2154421497,,1,72,1,,1,s2
Jing Chen,2266734868,,5,72,23,,1,s2
Qiuyuan Ling,2345248129,,1,72,2,,1,s2
X. Pan,2151989711,,3,72,5,,1,s2
Yi Fang,2112786983,,4,71,16,,1,s2
Hongyu Yang,2156052951,,6,71,8,,1,s2
Xinyan Xiao,2269770258,,4,71,5,,1,s2
Miaojing Shi,2283110033,,2,71,3,,1,s2
Yu Zhou,2110633195,,3,71,6,,1,s2
Hardik Sharma,2298628611,,5,70,6,,1,s2
Amudhavel Jayavel,1814242750,,4,70,9,,1,s2
Zhize Wu,2239946463,,4,70,24,,1,s2
Beining Zhang,2323500396,,5,70,18,,1,s2
Yuhang Li,2110539473,,5,70,21,,2,s2
Junyu Fan,2198876207,,3,70,7,,1,s2
Peng Yang,2292940288,,2,70,4,,1,s2
Bin Jiang,2182893942,,3,70,4,,1,s2
Yuwen Liu,2136355493,,4,70,7,,1,s2
Cheng Li,2133092013,,4,69,12,,1,s2
Mingbo Hong,2309478918,,4,69,5,,1,s2
Keying Ren,2158202544,,3,69,8,,1,s2
Yang Sun,2302741361,,4,69,12,,1,s2
Bohyung Han,2357492510,,4,68,7,,1,s2
Shuaifeng Zhi,2315508563,,4,68,11,,1,s2
Changsheng Zhu,2256797855,,4,68,22,,1,s2
Shifeng Wu,47403229,,5,68,25,,1,s2
Manvi Jha,2131301990,,3,68,6,,1,s2
Jinho Song,2223880555,Seoul National University,1,68,3,,1,s2
PengXiang Xiao,2069589540,,5,68,6,,1,s2
Lingzhi Fu,1955819,,4,68,7,,1,s2
Ryan Wen Liu,2202013693,,5,68,7,,1,s2
Runtao Xi,2080056738,,4,68,7,,1,s2
Linfeng Fei,2205900248,,3,67,4,,2,s2
Yuelin Liu,2293174306,,4,67,21,,1,s2
Haonan Su,2240413352,,5,67,42,,1,s2
Xiaolin Li,2108674259,,6,67,18,,1,s2
Ziaur Rahman,2067838715,,2,67,7,,1,s2
Xucheng Wang,2312415418,,4,67,12,,1,s2
Andrew W. H. Ip,2284517762,,3,66,5,,1,s2
Xiao Yu,2139766305,,3,66,5,,1,s2
Cheng Cheng,2116394502,,4,66,6,,1,s2
Jin Gong,2108317342,,3,66,5,,1,s2
Saeed Anwar,2297845544,,5,65,12,,1,s2
Jiajia Liu,2339225957,,6,65,14,,1,s2
Yaqing Li,2316786355,,4,65,6,,1,s2
J. P. Tomas,1382050142,,4,65,44,,1,s2
Wanting Gou,2124837318,,3,65,5,,1,s2
Zhi Jin,2300435939,,3,65,7,,1,s2
Shuigen Wang,2311903161,,4,65,6,,1,s2
Quan Zheng,2374374914,,2,65,7,,1,s2
Bharat Bhushan Upadhyay,2064069612,,4,65,6,,1,s2
Zhangjing Zheng,2115548986,,4,65,7,,1,s2
Kun Ren,47995952,,3,65,10,,2,s2
Atsushi Irie,47275565,,3,65,12,,2,s2
Junfeng An,2105619735,,2,65,3,,1,s2
Sachin Chaudhary,2267052928,,6,64,9,,1,s2
Jiwu Zhang,2107982065,,5,64,13,,1,s2
Xuefei Wang,2238884908,,2,64,4,,1,s2
Daming Shi,2259006000,,4,64,13,,1,s2
Suneung Kim,30938069,,5,64,17,,1,s2
Chi Nan,30854901,,3,64,26,,1,s2
Jiankang Deng,2269769487,,1,64,3,,1,s2
Yusheng Zhang,2108051131,,4,64,7,,1,s2
Qiao Li,2108511746,,4,64,5,,2,s2
Xiaoming Liu,2111120293,,5,64,10,,1,s2
Weifeng Hao,2257954158,,5,64,27,,1,s2
Yuval Haitman,1486439421,,5,63,13,,1,s2
Jie Liang,2327922405,,3,63,12,,1,s2
Jie Song,2316774352,,3,63,10,,1,s2
Zongxi Han,2113961851,,4,63,6,,1,s2
Ming-hui Sun,2023912529,,5,63,9,,1,s2
Xiaoyan Chen,2143799959,,3,63,5,,1,s2
Hui Yu,2188997984,,2,63,6,,1,s2
Jiao Liu,2244576570,,3,63,9,,1,s2
Yang Yang,2242793598,,4,62,26,,1,s2
Xiatian Zhu,2310779366,,3,62,7,,1,s2
Liuyu Zhu,2316515199,,4,62,15,,1,s2
Xiaomin Hu,2148969750,,5,62,9,,1,s2
Yiming Zhou,2110329268,,4,62,14,,1,s2
Wei Wang,2158626214,,4,62,10,,1,s2
Wenhao Li,2108770289,,4,62,8,,1,s2
Chongzhen Tian,2149508465,,4,62,4,,1,s2
Wenjian Zhang,2233975640,,3,61,5,,1,s2
Bangshu Xiong,2265489543,,5,61,22,,3,s2
Guoping Qiu,2261750080,,4,61,15,,1,s2
Zhen Wang,2118453658,,4,61,12,,1,s2
Esha Pahwa,2141800564,,4,61,10,,1,s2
Bo Yan,2075431604,,3,61,9,,1,s2
Tianqu Zhuang,2316762685,,4,60,12,,1,s2
Jiahe Zhu,2217888910,,3,60,9,,1,s2
Zibin Liu,2190291532,,3,60,5,,1,s2
Cheng Yuan,2214535114,,1,60,2,,1,s2
Sameer Malik,2000484626,,4,60,6,,4,s2
Yohan Park,2145069660,,4,60,37,,1,s2
Yuzhong Chen,2297422420,,4,60,20,,1,s2
Xin Feng,2279745469,,4,59,12,,1,s2
Lu Wang,2265156736,,4,59,12,,1,s2
Xingzheng Wang,2289802165,,4,59,16,,2,s2
Zhiguan Wang,2890805,,2,59,4,,1,s2
Runwen Zhu,2296442522,,2,59,4,,1,s2
Xiangchen Yin,2240802580,,5,59,12,,2,s2
Mingliang Zhou,2278620870,,3,59,12,,1,s2
Haiyan Jin,2261118967,,5,59,34,,1,s2
Zhanqiang Huo,2293441519,,4,59,18,,2,s2
Jing Zhang,2260279898,,4,59,22,,1,s2
Tianqiang Li,2118911249,,3,59,11,,1,s2
Xiaohui Wang,2182521397,,3,58,11,,1,s2
Changsen Zhang,2204126324,,5,58,7,,1,s2
Yanbin Xu,2415871032,,2,58,3,,1,s2
Chen Wu,2365099202,,3,58,4,,1,s2
Le Zou,2296258261,,3,58,16,,1,s2
Shiqi Wang,2303523184,,4,58,6,,1,s2
Olivier Déforges,2168252641,,4,58,6,,1,s2
Zhen Shen,2111638621,,5,58,9,,1,s2
Z. Azizi,2093084617,,5,58,7,,1,s2
G. Wu,144395124,,3,58,9,,1,s2
Miao Li,2143545067,,5,58,6,,2,s2
Divyam Goel,2075784310,,4,58,13,,1,s2
Li Cheng,2283966633,,5,57,17,,1,s2
Wei Zhou,2337299236,,4,57,9,,1,s2
Alok Kumar Tiwari,2280506119,,4,57,9,,1,s2
Yan Xiang,2223778244,,3,57,3,,1,s2
Heng Cong,2179020991,,3,57,5,,1,s2
Guiyu Guo,2185280629,,2,57,2,,1,s2
Xuesong Li,2130338179,,5,57,9,,1,s2
Zhenhao Cheng,2152159726,,3,56,6,,1,s2
G. Ciubotariu,1752864776,,4,56,11,,1,s2
Anny Yuniarti,2238036539,,3,56,37,,1,s2
Guang Han,2184044895,,4,56,13,,2,s2
Xiaofeng Wang,2237108013,,3,56,15,,1,s2
Rui Chang,2266196000,,2,56,6,,1,s2
Jie Zhang,2262092430,,4,56,8,,1,s2
Xianfeng Chen,2282950088,,3,56,3,,1,s2
Saeed Ullah Jan,2314221897,,5,56,6,,1,s2
Junhui Li,2144510593,,3,56,6,,1,s2
Weixiang Liang,6643699,,5,56,7,,1,s2
J. Dollner,150142805,,3,56,9,,1,s2
Weihua Liu,2144380729,,4,56,21,,1,s2
Bruno Sanguinetti,2265450346,,2,55,5,,1,s2
Yunlong Wang,2279749885,,4,55,11,,1,s2
Zhifei Wu,2240327642,,4,55,14,,1,s2
Sijie Luo,2316897483,,4,55,12,,1,s2
Muhammad Tahir Rasheed,2267912972,,4,55,7,,2,s2
Jiahui Liu,2338215188,,3,55,4,,1,s2
Haifeng Zhang,2181571727,,5,55,22,,1,s2
Saijie Fan,2191770028,,1,55,1,,1,s2
Jian Chen,2155523973,,2,55,10,,1,s2
Wenhao Huang,2158102842,,4,55,4,,1,s2
Jimin Wang,2265361368,,2,54,4,,2,s2
Jin Chen,2108461272,,3,54,8,,1,s2
Hua Li,2127040617,,4,54,6,,1,s2
Yiying Li,2241488738,,4,54,6,,1,s2
Xianglong Meng,2375859321,,3,54,8,,1,s2
Chao Wang,2293588391,,4,54,4,,1,s2
Yujuan Han,2112896698,,4,54,5,,2,s2
Gangcheng Jiao,2058180863,,5,54,34,,1,s2
Xinyuan Lin,51093474,,2,54,7,,1,s2
Mingxuan Zhang,2112122654,,3,54,10,,1,s2
Xuxu Yang,2274914394,,3,53,21,,1,s2
Jianping Xing,2259092041,,4,53,18,,1,s2
Mingming Zhang,2353847483,,3,53,8,,1,s2
Wanzeng Kong,2274933718,,4,53,29,,1,s2
Yu Zhang,2287926217,,2,53,5,,2,s2
Xiangsheng Li,2221832747,,3,53,5,,1,s2
Amit Shukla,2398909024,,3,52,17,,1,s2
Vishal M. Patel,2319851443,,4,52,8,,1,s2
Xianguo Li,2305446858,,4,52,9,,1,s2
Gongbo Zhou,2276049239,,3,52,31,,1,s2
Luyang Wang,2440937125,,3,52,18,,1,s2
Weiran Gou,2229834485,,2,52,3,,1,s2
Xiaocheng Li,2181651024,,4,52,11,,2,s2
Mustafa Ozcan,46735404,,4,52,7,,1,s2
Kang Yang,2118048420,,4,52,9,,1,s2
Yongjia Lei,2181902672,,4,52,7,,1,s2
Prateek Shaily,2403235332,,4,51,5,,1,s2
Junxiang Zeng,2273686951,,5,51,14,,1,s2
Xicong Wang,2271362374,,2,51,4,,3,s2
Heng Zhang,2271866730,,2,51,6,,3,s2
Mingyang Wu,2304945393,,2,51,4,,1,s2
Jishen Peng,153179279,,4,51,17,,2,s2
Yijie Cai,2216665371,,4,51,18,,1,s2
Yan Wu,2431555852,,4,51,12,,1,s2
Gehui Li,2237952104,,2,51,3,,2,s2
Tongxu Lin,2220777913,,4,51,12,,2,s2
Jikun Wang,2167476542,,4,51,7,,1,s2
Wenjie Xie,2113722134,,4,51,10,,1,s2
Hao Zhang,2376113450,,4,51,12,,1,s2
Wan-Chi Siu,2255887862,,4,50,17,,1,s2
Li You,2325748334,,5,50,8,,1,s2
Shuaibo Gao,2220864349,,2,50,3,,1,s2
Qifan Gao,2357684338,,2,50,2,,1,s2
Xiaochun Cao,2312733924,,4,50,13,,1,s2
Qian Zhao,2287531441,,3,50,8,,1,s2
Xingyuan Li,50080463,,5,50,8,,1,s2
Yanjie Wang,2143472997,,3,50,7,,1,s2
Xu Zhao,2118490525,,4,50,15,,1,s2
Jinwang Pan,2187371905,,3,50,3,,1,s2
Nelson Chong Ngee Bow,1644833955,,1,50,2,,1,s2
Ruixuan Jiang,2362329925,,3,49,4,,1,s2
Jiaxuan Wang,2271359439,,2,49,3,,3,s2
Jun Li,2298349023,,4,49,8,,1,s2
Andrey Moskalenko,2300283845,,3,49,4,,1,s2
Mingyang Zhang,2293555715,,4,49,11,,2,s2
Yonglong Jiang,2185025897,,2,49,6,,2,s2
Richang Hong,2279214329,,3,49,17,,1,s2
Valentina Donzella,2362738993,,4,49,11,,2,s2
Chenglin Wen,2238106022,,4,49,12,,2,s2
Haiyang Jiang,2266241316,,4,49,8,,1,s2
Mingxuan Li,2258417102,,4,49,11,,1,s2
Xiaolu Chen,2292664333,,3,49,8,,1,s2
Taiji Lan,121507422,,4,49,9,,1,s2
Jia-Run Fu,134161039,,1,49,4,,1,s2
Caiyun Guo,2109795159,,5,49,11,,1,s2
Chenyan Zhou,51101047,,2,48,7,,1,s2
Xiaoning Yan,2152614428,,3,48,12,,2,s2
Yonghua Zhang,2210479199,,5,48,14,,3,s2
A. Bryncev,2322443872,,3,48,4,,1,s2
Aditya Kasliwal,2192732131,"Manipal Institute of Technology, Manipal",4,48,21,,1,s2
Byungju Woo,2212287594,,1,48,2,,1,s2
Deyun Yang,2111180991,,3,48,6,,1,s2
D. Tran,2186824333,,2,48,2,,1,s2
D. Fu,2087819248,,4,48,5,,1,s2
Qishen Li,2108107216,,2,47,31,,3,s2
Weiwei Chen,2187150427,,4,47,12,,1,s2
Sheng Hu,2299529311,,3,47,9,,1,s2
Dingyi Wang,2145384996,,4,47,13,,1,s2
Manish Kumar,2166624481,,3,47,3,,1,s2
Xi Tong,2068202152,,4,47,8,,1,s2
Yong Wang,2153954532,,2,47,6,,1,s2
Heunseung Lim,66440069,,4,47,21,,1,s2
Jing Lian,3597137,,2,47,12,,1,s2
Feng Shu,2363573892,,3,46,10,,1,s2
Yanxin Guan,2308987472,,3,46,5,,1,s2
Ying Xiong,2237132490,,3,46,6,,1,s2
Sajid Ullah,2284051843,,4,46,6,,1,s2
Bo Yang,2283535774,,3,46,7,,1,s2
Liye Song,19198244,,4,46,18,,1,s2
Deliang Xiang,2345016090,,4,46,25,,1,s2
Kaiqiang Chen,2118441715,,3,46,5,,1,s2
Feiyan Yang,2351562707,,4,45,7,,1,s2
Kunping Yang,2274753939,,4,45,14,,1,s2
Guanglai Gao,2296714815,,4,45,42,,1,s2
Peipei Liang,2359257098,,2,45,2,,1,s2
Xuesheng Bian,2287083741,,4,45,15,,2,s2
P. .. Mishra,2310921239,,4,45,10,,1,s2
Haoze Zheng,2349798388,,2,45,12,,1,s2
Songcan Chen,2295789828,,4,45,6,,1,s2
Yanzhi Fan,2308241522,,2,45,7,,1,s2
Xia Miao,2158202576,,3,45,6,,1,s2
Zhihui Chen,2157177905,,3,45,6,,1,s2
Guang Han,2067642054,,4,45,7,,1,s2
U. Hari,144459904,,3,45,12,,1,s2
Longyang Zhao,2158087382,,3,45,11,,1,s2
Yuan-Shing Chang,120586583,,3,45,4,,1,s2
Fangfang Li,2146330227,,3,45,8,,1,s2
Fei Li,2262197600,,4,45,10,,1,s2
Yu Tian,2152949673,,3,45,3,,1,s2
Shao-Kui Zhang,2430762395,,2,44,2,,1,s2
Fenglong Song,2274326993,,3,44,3,,2,s2
Li Liu,2355058489,,2,44,4,,1,s2
Weipeng Hu,2273624548,,3,44,11,,1,s2
Chenghao Zhang,2307582272,,3,44,5,,1,s2
Ruoxi Wang,2206521468,,3,44,4,,1,s2
Wenhui Luo,2212920973,,2,44,3,,2,s2
Yanming Liu,2328628732,,4,44,8,,1,s2
Ziyi Wang,2293764319,,3,43,7,,1,s2
Jianhua Lin,2279519332,,4,43,12,,1,s2
Hui Xu,2149189783,,4,43,6,,1,s2
Hui Zhou,2342033285,,3,43,12,,1,s2
Zhen-Hui Dong,2316666844,,3,43,7,,1,s2
A. Dukre,2308310785,,2,43,12,,1,s2
Jin Liu,2280860118,,3,43,6,,1,s2
Wenfeng Huang,2158105217,,4,43,10,,1,s2
Ya-Hui Tasi,2093374314,,2,43,2,,1,s2
Ni Jia,144681848,,2,43,9,,1,s2
Hongwei Liu,2115371119,,2,43,4,,1,s2
Xin Shi,2148375991,,4,43,20,,1,s2
Shengning Zhou,2338975548,,4,43,11,,1,s2
Dong Guo,2279317726,,2,42,11,,2,s2
Kang Chao,48509971,,2,42,6,,1,s2
Xuan Li,2243031426,,3,42,10,,1,s2
Zihan Wei,2212099672,,2,42,7,,1,s2
Ziqing Huang,2249123239,,5,42,13,,3,s2
Yunqi Lu,2308011658,,4,42,9,,1,s2
Jie Cao,2342453404,,2,42,8,,1,s2
Renjie Yang,2387639781,,3,42,13,,1,s2
W. Ge,2276074860,,4,42,14,,1,s2
Ziheng Jia,122560540,,2,42,2,,1,s2
Zhiyong Huang,2156500367,,4,42,12,,1,s2
Liuhong Luo,1406038179,,2,41,7,,1,s2
Zhen Liu,2296849096,,3,41,7,,1,s2
Jun Yu,2318696183,,3,41,5,,1,s2
Gan Zhang,2291694517,,4,41,10,,1,s2
Shyang-En Weng,2223933672,,3,41,10,,1,s2
Haonan Zhao,2284409012,,3,41,6,,2,s2
W. Pate,143851610,,2,41,4,,1,s2
Hongwei Wang,2266008826,,5,41,17,,1,s2
Yanhong Huang,2183513064,,3,41,6,,1,s2
Hue Nguyen,2392595137,,2,41,7,,1,s2
Yuelin Liu,2119035218,,2,41,5,,1,s2
Yibing Zhang,2372124732,,3,40,8,,1,s2
Kai Hu,2341287465,,3,40,12,,2,s2
Junjie Jin,2316923322,,4,40,4,,1,s2
Shihao Zhang,2296627645,,3,40,8,,1,s2
Xunchu Zhou,2217414612,,3,40,5,,2,s2
Yilin Li,2223971161,,3,40,4,,1,s2
Xiao-Fang Liu,2110752940,,2,40,6,,1,s2
Lei Liu,2152043755,,4,40,8,,1,s2
Jiahao Lin,2346892660,,2,40,3,,1,s2
Ziyu Yue,2238954073,,3,40,8,,1,s2
Mengnan Wang,2302837742,,3,39,10,,1,s2
Hengxing Liu,2328382818,,2,39,5,,1,s2
Zhe Chen,2144321516,,2,39,8,,1,s2
Tao Wang,2257008916,,4,39,8,,1,s2
Yanxi Liu,2237952694,,4,39,19,,1,s2
Yunlong Dong,2212175505,,2,39,3,,2,s2
Linjie Yang,2293361156,,3,39,5,,1,s2
Omer F. Rana,2247641509,,5,39,17,,1,s2
Xinjie Wei,2226310405,,3,39,5,,1,s2
Shiqi Zhou,2110990030,,2,39,4,,1,s2
Jiangli Shi,48377179,,4,39,11,,1,s2
Gangyi Jiang,2250176767,,3,38,18,,1,s2
Hongwei Wang,2267866044,,3,38,12,,1,s2
Jingwen Xie,2338861332,,2,38,3,,1,s2
Mehmood Nawaz,2322903403,,3,38,4,,1,s2
Yuk-Hee Chan,2271606055,,2,38,4,,2,s2
Haibin Li,2321051136,,4,38,7,,3,s2
Jiale Chen,2290357890,,4,38,6,,1,s2
Jun Zhang,2269054494,,2,38,15,,1,s2
Yiting Wang,2284178771,,3,38,7,,2,s2
Wei He,2244412699,,3,38,9,,2,s2
Jun Wang,2250713079,,4,38,9,,1,s2
Sen Xiang,2269461907,,2,38,17,,1,s2
Hongguang Wang,2125018715,,3,38,10,,1,s2
Longan Xiao,2243925292,,3,38,6,,1,s2
Yuxuan Wu,2136736164,,2,38,4,,1,s2
Maomei Liu,2112251403,,3,38,6,,1,s2
Zilong Chen,2117098500,,3,38,7,,2,s2
Ruitao Lu,2312758587,,4,37,14,,1,s2
Aashish Negi,2305808430,,3,37,6,,1,s2
Bo Zhang,2426012373,,3,37,5,,1,s2
Jingchun Zhan,2409206447,,1,37,3,,1,s2
Wenhai Wang,2278582110,,2,37,3,,2,s2
Zhixin Dong,2319813971,,5,37,11,,1,s2
Vivek Deshmukh,2308310942,,1,37,4,,1,s2
Kang Qin,2293841228,,4,37,16,,1,s2
Xiangyun Tang,2287916499,,4,37,20,,2,s2
Xiaoke Shang,2237813973,,1,37,3,,1,s2
Yutao Jin,2154182385,,3,37,5,,2,s2
Yifeng Zhu,1390861158,,3,37,5,,1,s2
Xiang Wang,2308500953,,1,37,3,,1,s2
Atik Garg,2106682399,,3,37,5,,1,s2
Ming Guo,2112542970,,3,37,6,,1,s2
Lei Cao,2238898783,,4,36,12,,1,s2
V. K. Singh,2283591002,,3,36,19,,1,s2
Xiaojuan Wu,2154605634,,2,36,8,,1,s2
Yucheng Yang,2325105783,,2,36,7,,1,s2
Ying Chen,2359764258,,3,36,7,,1,s2
Fanqi Meng,2289696942,,4,36,14,,1,s2
Zhen Wang,2304369480,,2,36,5,,1,s2
Fengxin Chen,2261934212,,3,36,6,,1,s2
Callen MacPhee,2153711687,,3,36,11,,2,s2
Ruojie Zhang,2277152094,,2,36,7,,1,s2
Xiaofeng Wang,2258446554,,3,36,6,,1,s2
Nai Ding,2237813761,,1,36,2,,1,s2
H. Meftah,2183483709,,3,36,6,,1,s2
Xingman Niu,2174088210,,2,36,3,,1,s2
Yanlin Huang,2145434848,,4,36,4,,3,s2
Mao Ye,2294040469,,3,36,6,,1,s2
Kai Chen,2259864823,,2,35,2,,1,s2
Lan Zhao,2312099266,,2,35,11,,1,s2
A. Farahani,2307125212,,3,35,16,,1,s2
Fengyuan Zuo,2280672476,,4,35,15,,1,s2
Ji Wu,2333585886,,3,35,13,,1,s2
Ricky Christanto,3071190,Chung Yuan Christian University,3,35,11,,1,s2
Yuling Yi,2146876592,,3,35,8,,1,s2
Chu-Feng Zhu,2206847308,,2,35,2,,1,s2
Amirhossein Bakhtiari,31176012,,4,35,4,,1,s2
Dong Xiong,2064884724,,3,35,6,,1,s2
Yutao Jin,2308842803,,3,34,6,,2,s2
Xingpeng Zhang,2268794543,,3,34,18,,1,s2
Rui He,2260455216,,3,34,4,,2,s2
Jian Wu,2260728198,,3,34,3,,2,s2
Nikolay Safonov,2359256183,,2,34,4,,1,s2
Shuai Wang,2283888173,,3,34,8,,1,s2
Jianzhong Cao,2152964359,,4,34,8,,1,s2
Yuwei Zhang,2292027671,,4,34,8,,1,s2
Fu-Bing Li,2149811258,,2,34,3,,1,s2
Sirui Li,2143204577,,2,34,3,,1,s2
Guangtao Fu,152329766,,3,34,8,,1,s2
Yuhuai Peng,2244594477,,4,33,13,,1,s2
Yujie Wang,2403778864,,3,33,9,,1,s2
Yinghao Liu,2343996305,,3,33,23,,2,s2
Jingyi Xu,2294177215,,2,33,5,,1,s2
Suhas Srinath,2000469004,,3,33,5,,1,s2
Yong-Jin Liu,2311459761,,2,33,4,,1,s2
Antoni Grau-Saldes,2303489844,,2,33,7,,1,s2
G. Sharma,2280450857,,2,33,4,,1,s2
Hongmei Jin,2182115787,,4,33,13,,2,s2
Jinshan Pan,2303583664,,3,33,7,,1,s2
Haoran Wang,2125123823,,3,33,3,,1,s2
Yong Wang,2237392111,,2,33,6,,1,s2
Liwei Wang,2210261748,,2,33,4,,1,s2
Tian Guo,2313902604,,3,33,7,,1,s2
Lutao Jiang,2373575157,,3,33,11,,1,s2
Guoxi Huang,2311632284,,4,32,12,,2,s2
Xiao Cui,2319593385,,3,32,6,,1,s2
Shihang Li,2395677485,,2,32,10,,1,s2
Tae-Hyun Oh,2274931352,,4,32,9,,2,s2
Keqi Wang,2318750600,,2,32,2,,1,s2
Aoran Xiao,2351067177,,3,32,6,,1,s2
Xiaoyang Shen,2321356235,,4,32,7,,3,s2
Student Member Ieee Cheuk-Yiu Chan,2329863978,,1,32,1,,1,s2
Life Fellow Ieee Wan-Chi Siu,2329862477,,1,32,1,,1,s2
Member Ieee Yuk-Hee Chan,2329859187,,1,32,1,,1,s2
L. F. I. H. Anthony Chan,2329863896,,1,32,1,,1,s2
Yuhang Ma,2314811604,,3,32,4,,1,s2
Nader Karimi,2288318017,,3,32,24,,1,s2
Takahiro Toizumi,2265077373,,3,32,9,,1,s2
Atsushi Ito,2279337594,,3,32,10,,1,s2
Guiqing Li,2238134221,,4,32,5,,1,s2
Zonglin Li,2296404,,4,32,10,,1,s2
Xiang Ji,2267883576,,4,31,12,,2,s2
Junsong Wang,2346036934,,2,31,9,,1,s2
Yuxuan Wang,2287759908,,2,31,13,,1,s2
Weichen Dai,2274931426,,3,31,22,,1,s2
Jianbai Yang,2324217174,,4,31,6,,1,s2
Qijie Zou,2340324021,,2,31,2,,1,s2
Na Li,2157952367,,4,31,13,,1,s2
Yuka Ogino,2265077533,,3,31,8,,1,s2
Hang Shi,2292056539,,2,31,8,,1,s2
Yanan Li,2143100474,,3,31,6,,1,s2
Qingyang Tao,2004240084,,2,31,4,,2,s2
Nithin C Babu,2204851002,"Indian Institute of Science, Bangalore, India",2,31,5,https://nithincbabu7.github.io/,1,s2
Xipeng Pan,2269767787,,3,31,18,,1,s2
Manyu Wang,2229740188,,2,31,4,,1,s2
Yingzhi Wang,2347579542,,4,31,8,,1,s2
Yanping Chen,2145269534,,2,31,2,,1,s2
Yongying Li,2370960912,,2,30,4,,1,s2
Reuven Peretz,1742529618,,3,30,4,,1,s2
Jing Guo,2269771415,,3,30,6,,1,s2
Jingyang Peng,2295120922,,2,30,2,,2,s2
Lvchen Cao,2266359800,,4,30,9,,3,s2
Min He,2358828220,,2,30,3,,1,s2
AP Prathosh,2286960334,,3,30,7,,1,s2
Ye Yu,2318541742,,3,30,5,,1,s2
Zijian Yu,2337083635,,2,30,4,,1,s2
Kui Jiang,2301686249,,3,30,5,,1,s2
Qikang Deng,2100612835,,3,30,8,,2,s2
Claudio Cusano,2265669375,,3,30,7,,1,s2
Qiang Wang,2244577452,,3,30,17,,1,s2
Xiao Sun,2318258797,,3,30,3,,1,s2
Yvonne S. Kao,2104311354,,2,30,3,,1,s2
Zixuan Wang,2108400883,,3,30,7,,1,s2
M. Demirhan,9449524,,2,29,4,,1,s2
Wenchao Li,2265521694,,4,29,10,,4,s2
Xiangchu Feng,2280730241,,4,29,11,,1,s2
Yan Kang,2346258624,,2,29,2,,1,s2
Boyang Liu,2357042495,,2,29,10,,1,s2
Bailin Yang,2294676528,,3,29,6,,1,s2
Chang Liu,2293017870,,4,29,10,,1,s2
Zhen Kan,2317981241,,3,29,4,,1,s2
Bahram Jalali,2223401065,,2,29,11,,1,s2
Jiayang Yu,2244603033,,3,29,13,,1,s2
Yu Qin,2276963896,,2,29,12,,1,s2
In The,2085948203,,2,29,4,,1,s2
Allen Lin,2054898424,,2,29,2,,1,s2
I-Ying Chen,46952591,,2,29,3,,1,s2
Yi Qian,2114899381,,3,29,4,,1,s2
Yuting He,2347905253,,3,29,7,,1,s2
Xiaochun Lei,2072811844,,3,29,12,,1,s2
Ariel Lapid,2328086787,,2,28,4,,1,s2
Hao Peng,2362646460,,2,28,3,,2,s2
Zhenyu Yin,2321488192,,3,28,31,,1,s2
Xiao-Hui Wang,2118240587,,2,28,4,,1,s2
Jiong Huang,2128676588,,3,28,12,,1,s2
Xiaoqin Wang,2289215538,,3,28,14,,1,s2
Dongyang Jin,2282024278,,2,28,5,,1,s2
Dinesh Kumar Vishwakarma,2325832992,,3,28,7,,1,s2
Xuanhe Li,2266001395,,2,28,2,,2,s2
Jie Ma,2343778637,,2,28,4,,1,s2
Peng He,2163127089,,3,28,5,,1,s2
Bin Wang,2152595061,,3,28,16,,1,s2
Zhengyan Xu,2295691931,,2,28,4,,1,s2
Bin Guo,2209648697,,2,28,42,,1,s2
Wenda Xu,2298880547,,3,28,8,,1,s2
Jiayi Fan,2151840354,,4,28,6,,1,s2
Jong-Geun Oh,2839262,,3,28,10,,1,s2
Yi Han,2112846484,,3,28,8,,1,s2
Masheal Alghamdi,113377683,,2,28,7,,1,s2
Xiang-Xiang Su,2217865111,,3,28,15,,1,s2
Guixu Lin,2261909172,,3,27,7,,1,s2
Abdur Rehman,2312768602,,3,27,13,,1,s2
Praveen Kumar Kalangi,2303924899,,1,27,7,,1,s2
Haoran Zhang,152454078,,4,27,10,,1,s2
Kun Wang,2280592774,,4,27,7,,1,s2
Yunfei Bai,2294674122,,3,27,10,,1,s2
Man Zhou,2272766397,,2,27,4,,1,s2
Xianglong Chen,2306139944,,3,27,7,,1,s2
Cong Zhang,2276024367,,3,27,9,,1,s2
Xintong Liu,2361993114,,2,27,11,,1,s2
Baoxin Teng,2218135206,,1,27,1,,1,s2
Runxing Zhao,2193365759,,2,27,4,,1,s2
Lishi Xu,2212881367,,1,27,3,,1,s2
Xinran Li,1502860194,,2,27,4,,1,s2
Nazmus Saqib,2008191597,,4,27,11,,1,s2
Yujing Sun,2130286531,,1,27,4,,1,s2
Tianchen Zhou,2330536741,,3,27,8,,1,s2
Fang-Lue Zhang,2290264792,,2,27,8,,1,s2
Yuanben Zhang,2278439806,,3,26,11,,1,s2
Ji Cong,2375388352,,2,26,2,,1,s2
Yong Liu,2257376004,,2,26,5,,1,s2
Fangzhou He,2289924670,,3,26,9,,1,s2
Zhichao Xin,2326618994,,3,26,12,,1,s2
Xin Wang,2322102717,,3,26,8,,2,s2
Xinyuan Chen,2263978040,,3,26,9,,1,s2
Lin Zhang,2143838789,,2,26,5,,1,s2
Zhihao Zheng,2115549646,,3,26,8,,1,s2
Linxin Zhang,2327499797,,3,26,10,,1,s2
Fei Lu,2277250246,,2,26,7,,1,s2
Wanjun Zhang,2213866940,,3,26,5,,1,s2
Xiaoyun Long,2150017862,,3,26,5,,1,s2
Wenbo Zhou,2337800531,,3,26,13,,1,s2
Hossein Motamednia,1752954873,,2,26,6,,1,s2
Yunlong Dong,2198525074,,2,26,5,,1,s2
Baozhen Du,2064619418,,3,26,6,,1,s2
Zuliang Huang,2370727485,,2,26,4,,1,s2
Wen-Zheng Xu,2152922116,,1,26,3,,1,s2
You Du,2217235724,,3,25,9,,1,s2
Tingting Mu,2274102566,,2,25,3,,1,s2
Xiong Ying,2113267284,,2,25,6,,1,s2
Ke Liu,2375719922,,2,25,11,,1,s2
Cheng Xu,2348494903,,2,25,12,,1,s2
Yue Sun,2308737330,,3,25,4,,2,s2
Meng-Xia Zhang,2190704140,,2,25,4,,1,s2
Qian Zhao,2283488059,,2,25,4,,1,s2
Srinivas Kankanala,2346439254,,3,25,8,,2,s2
D. Kulikov,2408467680,,2,25,2,,1,s2
Jiaqiang Peng,2334335002,,3,25,5,,1,s2
Zuxuan Wu,2341646178,,2,25,8,,1,s2
Shuangwu Zheng,1561195926,,3,25,7,,1,s2
Zhuo Li,2332478852,,2,25,4,,1,s2
Li Yang,2153206048,,2,25,9,,1,s2
Qi Mao,2316635994,,2,25,2,,1,s2
Mingqiang Wei,2295690600,,2,25,4,,1,s2
Gang Wang,2297314711,,3,25,10,,1,s2
Zhefan Rao,2261750244,,4,25,12,,1,s2
Lixu Zhang,2222925195,,4,25,9,,1,s2
Zhongwei Yu,2302530808,,3,25,6,,1,s2
Kaiqin Zhao,2213492775,,2,25,2,,1,s2
Shiling Zhao,2211894502,,2,25,4,,1,s2
Yingyi Shi,30878206,,2,25,6,,1,s2
Ye Yang,2116730046,,4,25,12,,1,s2
Chao Dai,2055020811,,2,25,8,,1,s2
Xudong Yang,2265828798,,2,25,4,,1,s2
Zhengzheng Fu,2313574285,,2,25,15,,1,s2
L. Gregorat,2167214651,,3,25,8,,1,s2
Zhiying Li,2109823100,,2,25,6,,1,s2
Zhengwei Yin,2325717969,,3,24,8,,1,s2
A. Harini,2305793425,,3,24,12,,1,s2
Kan Lv,2367379090,,2,24,4,,1,s2
Miaomiao Tian,2056454564,,2,24,6,,1,s2
Xiang Fu,2304147289,,2,24,5,,1,s2
Shuyuan Wen,2265494825,,4,24,7,,4,s2
Ke Yang,2256475188,,3,24,5,,1,s2
Guang Li,2342632798,,4,24,9,,1,s2
Liying Xu,2130011929,,3,24,7,,1,s2
Yang Li,2324638380,,3,24,3,,1,s2
Jie Shen,2275989034,,3,24,5,,1,s2
Xiandong Meng,2303545586,,1,24,3,,1,s2
Hao Ma,2313199753,,3,24,6,,1,s2
Changhui Hu,2257389126,,2,24,11,,1,s2
Yongqiang Chen,2245331388,,2,24,2,,2,s2
Wu Guo,2112285356,,2,24,4,,1,s2
Abhay Kshirsagar,50789368,,3,24,11,,1,s2
Xue Li,2116384005,,2,24,4,,1,s2
Fengji Ma,2068197386,,2,24,4,,1,s2
Yangyang Qu,1490774329,,3,24,6,,2,s2
陈晓冬 Chen Xiaodong,2127906353,,3,24,14,,1,s2
Yongdan Zhu,2345685040,,2,24,9,,1,s2
Zhiqing Zhao,2307016443,,3,23,6,,1,s2
Daniele Faccio,2289610948,,3,23,6,,1,s2
Yan Qian,2294314641,,2,23,4,,1,s2
Yan Zhai,2190307604,,2,23,4,,1,s2
Tao Hu,2291014998,,2,23,6,,3,s2
Jiewen Tian,2265356246,,2,23,5,,1,s2
Yingxue Pang,2292139663,,1,23,3,,1,s2
Fang Luo,2274846794,,1,23,2,,1,s2
Haozhe Wang,2314588095,,2,23,4,,1,s2
Zijun Gao,2268050385,,2,23,6,,1,s2
Feifan Cai,2203092308,,3,23,18,,1,s2
Huiyao Xu,2292737926,,2,23,3,,1,s2
Bo Wang,2213743543,,3,23,6,,1,s2
Daniel Gummadi,2275641863,,2,23,8,,1,s2
Hao Wang,2256769585,,3,23,10,,1,s2
Hu Yan,2249195924,,2,23,2,,1,s2
F. Yu,2212061665,,2,23,5,,1,s2
Tao Wang,48470152,,2,23,3,,1,s2
Yizhuo Quan,2181974897,,3,23,5,,1,s2
Shreyas Kamath K. M.,2220170311,,1,23,1,,1,s2
Qing Lin,2168343890,,2,23,7,,1,s2
Pablo Malvido Fresnillo,2258131982,,2,23,4,,1,s2
Bingxue Lv,1623497111,,3,23,5,,1,s2
Jiaqi Ma,2386165627,,1,22,8,,1,s2
Jiancheng Zhao,2325368986,,3,22,11,,1,s2
Yang-kwon Jeong,71041740,,3,22,20,,1,s2
Xiaohai He,2290101341,,3,22,12,,1,s2
Balaram Murthy Chintakindi,2209718856,,2,22,8,,1,s2
Wenxia Bao,2311911116,,4,22,13,,1,s2
Ruoyu Yang,2347942452,,2,22,8,,1,s2
Zhipeng Huang,2189696885,,2,22,9,,1,s2
Xiaoyan Chen,2315445463,,3,22,6,,2,s2
Jia Zhang,2271223169,,3,22,8,,2,s2
Wei Chen,2329164441,,3,22,11,,1,s2
Zhen Zhu,2375959469,,3,22,7,,1,s2
Xiaomao Li,2325564239,,3,22,5,,1,s2
John Nicholson,2269473262,,3,22,4,,1,s2
Bing Ding,2376718468,,3,22,6,,1,s2
Muhammet Nuri Dudak,2215111325,,2,22,4,,1,s2
Heming Xu,2297051352,,1,22,2,,1,s2
Sathish Kannan,2292750155,,3,22,14,,1,s2
Xin Gao,2321262054,,2,22,8,,1,s2
Yuheng Wang,2224060448,,3,22,5,,1,s2
Liang Huang,2109047463,,3,22,8,,1,s2
Yu Sun,2168600643,,3,22,3,,1,s2
Rongyu Zhang,46752954,,1,22,3,,1,s2
Ironhead Chuang,2223970878,,1,22,2,,1,s2
Drake Guan,2223970404,,1,22,1,,1,s2
Kae Lou,2223951699,,1,22,1,,1,s2
Willy Huang,2223972551,,1,22,2,,1,s2
Xin Xu,2211729345,,1,22,3,,1,s2
Zhiqiang Feng,2113908830,,2,22,7,,1,s2
Zhaoting Gong,2165478115,,3,22,5,,1,s2
Yijie Zheng,2164842755,,3,22,10,,1,s2
Aaryan Agrawal,2153760430,,2,22,3,,1,s2
Fanyu Zeng,2270084595,,3,22,7,,1,s2
Yonggui Liu,2336536222,,3,21,14,,1,s2
Hua Huang,2154489526,,2,21,22,,2,s2
Xianchun Zhou,9302947,,3,21,12,,1,s2
Lixin Zhang,2321484379,,2,21,3,,1,s2
Jinhao Zhu,2265666097,,3,21,8,,3,s2
D. Forsyth,2294360961,,4,21,5,,1,s2
Xuemei Bai,2244383485,,2,21,22,,1,s2
Graham D. Finlayson,2256917785,,3,21,10,,1,s2
Weilin Yi,2222786115,,2,21,3,,1,s2
B. Shankar,2252450266,,1,21,2,,1,s2
Zhaohong Liao,2201678636,,2,21,3,,1,s2
Jia He,2444492079,,2,21,2,,1,s2
Xichang Cai,2107159051,,2,21,27,,1,s2
Xinqiang Chen,2396957101,,2,21,5,,1,s2
Kun Zhou,2241255648,,2,21,3,,1,s2
Huizhen Yang,2268176945,,3,21,9,,1,s2
Xiaochen Huang,2323717852,,2,20,3,,1,s2
Weiwei Wang,2253902542,,3,20,5,,1,s2
Qiufeng Li,2154487963,,2,20,20,,3,s2
J. S. Sahambi,2295129090,,3,20,12,,1,s2
Tierui Zhang,2357699962,,2,20,6,,1,s2
Muhammad A. A. Abdelgawad,2287165902,,3,20,10,,1,s2
Qiao Zhang,2350761462,,3,20,8,,1,s2
Haosen Dong,2176367668,,2,20,5,,1,s2
Bo Li,2165247651,,2,20,6,,1,s2
Wenhao Wang,2243110072,,3,20,8,,1,s2
Jiun-Han Chen,2222364174,,2,20,2,,1,s2
Miaohui Zhang,2249455099,,2,20,5,,1,s2
Kan Chang,2217958366,,2,20,5,,1,s2
Weiyuan Zeng,2150082567,,2,20,5,,1,s2
Yan Wei,2112599289,,3,20,12,,1,s2
Zhimin Yuan,2112340345,,3,20,8,,1,s2
Zizheng Sun,2181083714,,2,20,3,,1,s2
Wen-Bin Chen,2109910513,,2,20,6,,1,s2
汪. Wang Yi,2128264902,,2,20,14,,1,s2
Xiwang Xu,2292455147,,1,20,3,,1,s2
Hujun Bao,2286797568,,2,20,4,,1,s2
Zhiguang Zhang,2268540237,,3,20,12,,1,s2
R. ShortPaper,2260051680,,2,20,4,,1,s2
Z. Chaine,2260060024,,2,20,4,,1,s2
H. DengM.,2260055727,,2,20,4,,1,s2
Kim,2260070995,,2,20,4,,1,s2
Yawen Wang,2299735214,,2,19,5,,1,s2
Tan Jian Ding,2277539233,,2,19,7,,1,s2
Lee Yan Kang,2277591191,,2,19,7,,1,s2
Yi Xiang,2372196505,,2,19,5,,1,s2
Zhengqi Yang,72486540,,2,19,20,,1,s2
Yang Yang,2322063612,,3,19,18,,1,s2
Phil Birch,2268519091,,3,19,5,,1,s2
Feiyang Lv,2324120772,,2,19,6,,1,s2
Hanping Hu,2244144525,,2,19,15,,1,s2
Zongshou Wei,31331817,,2,19,8,,1,s2
Lei Yang,2118929457,,3,19,14,,1,s2
Zhenyu Li,2274447113,,3,19,5,,1,s2
Xiao Fang,2276991612,,1,19,3,,1,s2
Qianxi Li,2256779819,,3,19,12,,1,s2
Weiqiang Liu,2163947273,,3,19,5,,3,s2
Chang Lu,2149468656,,3,19,5,,1,s2
Shanji Chen,2144336292,,3,19,19,,1,s2
Yuefei Zhao,2335441251,,2,19,7,,1,s2
赵鹏 Zhao Peng,2128096318,,2,19,17,,1,s2
Weiming Feng,2246983188,,1,18,6,,1,s2
Hao Luo,2320190989,,2,18,4,,2,s2
Sathish Mothe,2346449677,,2,18,2,,2,s2
Yu Long,2340430182,,2,18,4,,1,s2
Xingfei Zhang,2332291838,,2,18,4,,1,s2
Sen Li,2362970396,,3,18,4,,1,s2
Rui Xue,2198770953,,1,18,4,,1,s2
Jialu Duan,2260650068,,1,18,3,,1,s2
Zhengwei Du,2198776157,,1,18,3,,1,s2
Dongyan Zhang,2291643624,,2,18,3,,1,s2
Xuehai Liu,2337870644,,3,18,12,,1,s2
Rajamohan Parthasarathy,2257009921,,2,18,20,,1,s2
Bangyong Sun,2258321506,,3,18,8,,1,s2
N. Park,2052429129,,2,18,4,,1,s2
Han-jiao Wang,2334436201,,2,18,2,,1,s2
Ying Cuan,49161275,,2,18,25,,1,s2
Pu Zhao,2204579423,,3,18,5,,1,s2
Jiahan Peng,2175757666,,3,18,4,,1,s2
Jingwei Chen,2280952394,,2,18,4,,1,s2
蔡怀宇 Cai Huaiyu,2127880050,,2,18,11,,1,s2
Yunyi Gao,2330756563,,3,18,13,,1,s2
Ruoyu Guo,2262091394,,2,18,6,,1,s2
Zehao Li,2307386990,,1,18,7,,1,s2
Padmashree Desai,2313122504,,1,17,13,,1,s2
Dingyong Gou,2307004572,,2,17,5,,1,s2
Yuyang Liu,2344196587,,1,17,7,,1,s2
Guomin Zhang,2311825194,,2,17,6,,1,s2
J. Pang,2277670084,,2,17,3,,1,s2
Ze Li,2292318468,,2,17,6,,1,s2
Chuanjian Liu,2293567185,,2,17,5,,1,s2
Yuhang Peng,2349153100,,2,17,14,,1,s2
S. Rajkumar,2292757113,,3,17,6,,1,s2
Chinmayee Mandi,2276529634,,2,17,2,,1,s2
Jinbao Yang,2864169,,2,17,13,,1,s2
Xin Liu,2120100298,,3,17,10,,1,s2
Namrata Jadhav,2066002310,,2,17,4,,1,s2
Bai Zhao,2138171954,,3,17,3,,2,s2
Lingchao Zhao,2146089755,,3,17,3,,2,s2
Le Chen,2146072894,,3,17,6,,1,s2
R. M. S. Kumar,2218120686,,2,17,6,,1,s2
Ming Xu,2152759762,,2,17,8,,1,s2
Hongping Li,2256306950,,2,17,8,,1,s2
Taewon Park,2071934705,,2,17,13,,1,s2
Jun He,2118174970,,2,17,10,,1,s2
†. JiachenDang,2291170249,,1,17,1,,1,s2
Ibrahim Radwan,2363859773,,2,16,8,,1,s2
Jianwei Zhao,2256473027,,3,16,12,,1,s2
Yi Shi,2170852501,,2,16,4,,1,s2
Juan Xia,2325817144,,1,16,9,,2,s2
Lei Xiong,2303873876,,1,16,5,,1,s2
Yongcan Zhao,2297704345,,3,16,7,,2,s2
Jiayuan Cao,2240027790,,2,16,6,,1,s2
Yujie Ding,2266136792,,2,16,2,,2,s2
Qing Tao,2283776841,,2,16,6,,1,s2
Run-Sheng Shen,2142196618,,1,16,3,,1,s2
Zelong Wang,2161310427,,2,16,3,,1,s2
Zijun Wang,2365991217,,3,16,7,,1,s2
Long Ma,2340912932,,2,16,4,,1,s2
Yuxing Peng,2357909116,,1,16,4,,1,s2
Krish Didwania,2284761247,,3,16,8,,1,s2
Xiaopeng Hu,2338531367,,3,16,5,,1,s2
Rui Yang,2325570097,,3,16,7,,1,s2
Yuxiang Hui,2281643588,,2,16,4,,1,s2
R. Minu,2348646213,,2,16,7,,1,s2
Haiwen Liu,2258583395,,2,16,5,,1,s2
Yu Yuan,2161609114,,2,16,5,,1,s2
Weiwen Mu,2183969553,,2,16,3,,1,s2
Shenming Jiang,103202096,,2,16,4,,1,s2
Neetu Mittal,2281348097,,2,16,20,,1,s2
Fenglian Liu,2306428730,,2,16,7,,1,s2
S. Chidambaram,50217555,,3,16,4,,1,s2
Li Yao,2338680049,,2,16,10,,1,s2
Yan Chen,2378026858,,2,15,7,,1,s2
Zhipei Lei,2350435827,,1,15,2,,1,s2
Liwen Zhang,2349863323,,1,15,4,,1,s2
Cong Li,2349949316,,1,15,3,,1,s2
Hai Xu,2334792994,,1,15,5,,1,s2
Haozhe Li,2395282668,,1,15,4,,1,s2
Haodong Guo,2365499273,,2,15,7,,1,s2
Hyunwoo Ha,2281868998,,3,15,8,,2,s2
Nuthi Raju,2314715018,,2,15,5,,1,s2
Jie Li,2298095688,,2,15,13,,1,s2
Mei-Yang Wang,2304686040,,2,15,3,,1,s2
Baoju Zhang,2220183772,,3,15,17,,1,s2
Mingwen Shao,2350666331,,2,15,7,,1,s2
Jiabao Chen,2265518764,,3,15,6,,2,s2
Miaomiao Xue,2335718761,,2,15,4,,1,s2
Laraib Zainab,1573664976,,2,15,5,,1,s2
Hua Wang,2287562678,,3,15,6,,1,s2
Yao Liu,2310860456,,1,15,6,,1,s2
Sirong Tong,2290510812,,2,15,7,,1,s2
Yugui Zhang,2297060382,,2,15,15,,1,s2
Kaijie Zhang,2297373826,,2,15,6,,1,s2
Fujing Zhang,2224144111,,2,15,3,,1,s2
Zhengnan Deng,2225133541,,3,15,5,,1,s2
Gerile Tu,2058828437,,1,15,3,,1,s2
Zihao Xu,2117883323,,2,15,4,,1,s2
Aditya Shankar,2212898809,,1,15,2,,1,s2
Dingnan Zhang,1628910029,,2,15,9,,1,s2
Rongfeng Zhou,2260619255,,1,15,4,,1,s2
Yihao Chen,2271803346,,2,15,6,,1,s2
Zelin Pei,122304658,,2,15,5,,1,s2
Yunzhong Chen,49070089,,2,15,4,,1,s2
Yikai Wu,2307395807,,2,14,5,,1,s2
Shanning Zhan,2274571573,,3,14,4,,1,s2
Yiwen Xiong,2187774355,,2,14,4,,1,s2
Kankanala Srinivas,2314725730,,2,14,10,,1,s2
Manli Wang,2145276979,,3,14,14,,1,s2
Inderjeet,2212477566,Indian Institute of Technology Ropar,3,14,10,,1,s2
Xindan Gao,2323942678,,2,14,5,,1,s2
Muhammad Daud,2341119606,,2,14,3,,1,s2
Zefu Liu,2224090559,,2,14,6,,1,s2
Shuo Zhang,2350998079,,3,14,7,,1,s2
Jingtao Peng,2304309507,,1,14,5,,1,s2
Luo Zhong,2281210871,,2,14,2,,1,s2
Jingjun Yu,2279668138,,2,14,7,,1,s2
Xinghao Wang,2244566885,,2,14,3,,1,s2
Yinghao Song,2370146919,,2,14,7,,1,s2
Fan Jia,2277464549,,3,14,8,,1,s2
Bosi Fu,2075409552,,2,14,9,,1,s2
Chengyi Cao,2151197087,,1,14,5,,1,s2
Mingming Tan,2190124500,,2,14,3,,1,s2
Fellow Ieee K.R Rao,2265914637,,1,14,1,,1,s2
Deepanshu Rana,2058749502,,2,14,2,,2,s2
Kanishk Jayant Lal,2057095953,,2,14,2,,2,s2
Haitao Hu,47864619,,1,14,6,,1,s2
Xiaoyu Guo,2310332664,,3,14,11,,1,s2
Feng Lu,2279610393,,2,14,2,,1,s2
Degang Xu,2325706382,,1,13,8,,2,s2
Niharika Anand,2319927159,,2,13,8,,1,s2
Wei Lu,2347685425,,1,13,3,,1,s2
Qiuli Wang,2294672782,,3,13,9,,1,s2
Xiaofei Zhang,2283178437,,2,13,6,,2,s2
Maozhen Liu,2307982973,,2,13,8,,1,s2
Mohan Yin,2324132665,,2,13,2,,1,s2
Shijie Hao,2355541760,,3,13,15,,1,s2
Keyi Li,2330053537,,2,13,5,,1,s2
Youdong Ding,2249071896,,3,13,14,,1,s2
Jiaxin Wu,2267015115,,2,13,8,,1,s2
Chong Yang,2260907960,,1,13,3,,1,s2
Tianyanshi Liu,2198626685,,2,13,3,,1,s2
Mengsu Zhang,2153207393,,2,13,2,,1,s2
Haocheng Shen,2192858528,,2,13,6,,1,s2
Jiaqi Wu,2110435150,,2,13,4,,1,s2
Xiangying Song,2191280481,,2,13,2,,1,s2
Shivam Chhirolya,2187298719,,1,13,2,,1,s2
Penghao He,2153239652,,1,13,3,,1,s2
Ayush Gaur,2164778908,,1,13,2,,1,s2
Fengqi Zhang,2290062612,,2,13,5,,1,s2
Fan Zhang,2346987783,,2,12,8,,1,s2
Xiaojie Guo,2256638354,,1,12,4,,1,s2
Jinao Song,2330723192,,1,12,5,,1,s2
Bei Yu,2362514661,,2,12,4,,2,s2
Guannan Chen,2363602708,,2,12,3,,1,s2
Md Billal Hossain,2302505667,,2,12,4,,1,s2
Zeyao Hou,2350339437,,3,12,3,,2,s2
Zhijun Fang,2348313475,,2,12,6,,1,s2
Xue-qin Jiang,2313868791,,2,12,10,,1,s2
Jin Chen,2303900987,,2,12,5,,1,s2
Zhigang Tu,2352932765,,2,12,6,,2,s2
Gaoqiang Wang,2331074432,,1,12,2,,2,s2
Lingma Sun,2312689449,,2,12,9,,1,s2
Tao Li,2351431675,,2,12,6,,1,s2
Gong Chen,2406942164,,2,12,2,,1,s2
Yuwei Yin,2315786138,,1,12,2,,1,s2
F. Shakeri,2312590610,,2,12,11,,1,s2
Marco Cotogni,2265674038,,3,12,6,,1,s2
Xiuqin Su,2283643539,,2,12,5,,1,s2
Yingxin Huang,2218463297,,2,12,5,,1,s2
Zhaoyuan Zhang,2232743830,,2,12,5,,1,s2
Yanchun Liang,2283265662,,2,12,5,,1,s2
Zhenda Yu,2239467883,,2,12,2,,1,s2
Yao Tan,2158336351,,1,12,4,,1,s2
Jifan Ouyang,2148467674,,3,12,7,,1,s2
Shiwani Jeswani,2174391434,,1,12,1,,1,s2
Faezeh Amjadi,31749007,,2,12,6,,1,s2
Jiacheng Qi,2381078975,,3,12,11,,1,s2
刘桂华 Liu Guihua,2133655828,,2,12,10,,1,s2
YuHua Zhang,2334661037,,2,12,5,,1,s2
Fengming Shi,2312441953,,2,12,8,,1,s2
Han Zhang,2364724004,,2,12,12,,1,s2
Zeyu Wang,2280954258,,2,12,5,,1,s2
Mohamed Lamine Mekhalfi,2327240591,,1,12,1,,1,s2
Paul Ian Chippendale,2327240632,,1,12,1,,1,s2
L. Jiao,2072514062,,2,12,7,,1,s2
Jintao Yu,2151482846,,2,11,9,,1,s2
Changqing Ye,2430780962,,1,11,2,,1,s2
Varda I Pattanshetty,2430638677,,1,11,1,,1,s2
Varsha I Pattanshetty,2430638679,,1,11,1,,1,s2
Kaifan Qiao,2288007542,,1,11,3,,1,s2
Bofei Chen,2430858384,,1,11,3,,1,s2
N. Ananya,2430637617,,1,11,3,,1,s2
K. Lakshanya,2430637639,,1,11,1,,1,s2
Yihao Cheng,2430788663,,1,11,3,,1,s2
H. Lee,2374297943,,1,11,4,,1,s2
Ruixing Wang,2303302229,,2,11,9,,3,s2
Ying Zhang,2292448853,,2,11,6,,1,s2
De Li,2282286360,,1,11,11,,1,s2
Wei Hu,2384167852,,2,11,8,,1,s2
X. Cai,2303230460,,1,11,5,,1,s2
Runxin Yang,2363945261,,2,11,2,,1,s2
Anxin Zhao,2224937951,,2,11,6,,1,s2
Lu Liu,2368920049,,2,11,6,,1,s2
Zhiwei Zhong,2372089874,,2,11,10,,1,s2
Chunxiao Liu,2337269077,,1,11,3,,1,s2
Qinghua Lin,2357332309,,2,11,8,,1,s2
Yang Chen,2352874139,,2,11,6,,1,s2
Victor C. M. Leung,2316063125,,3,11,8,,1,s2
Chengqi Dong,2319898417,,2,11,3,,1,s2
Zhiyuan Cao,2320094469,,2,11,3,,1,s2
Fan Tang,2318387317,,2,11,5,,1,s2
Yihao Ju,2301655459,,1,11,1,,1,s2
Ru Yi,2310627751,,1,11,8,,1,s2
Bing Liang,2180418786,,2,11,7,,1,s2
Xiujie Cao,2297839069,,2,11,3,,1,s2
Hao Sun,2292353431,,1,11,4,,1,s2
Wenhan Yin,2311963925,,1,11,2,,1,s2
Tao Wang,2156018085,,2,11,5,,1,s2
Jianzhong Cao,2267034784,,2,11,8,,1,s2
Wenyan Cao,2265799989,,2,11,6,,1,s2
Le Zhang,2309294410,,2,11,7,,1,s2
Xiaochen Bo,2060165174,,2,11,3,,1,s2
Xu Wu,2186958197,,2,11,8,,1,s2
Dmitry Orlov,2060117873,,1,11,18,,1,s2
Jufu Zhang,26504826,,2,11,6,,1,s2
Yong Zhao,2151270267,,2,11,5,,1,s2
徐锋 Xu Feng,2128105503,,2,11,6,,1,s2
Xiaohua Wang,2109072867,,2,11,6,,1,s2
Shuiwang Li,2335423467,,2,11,6,,1,s2
Rui Yang,2279292987,,2,11,12,,1,s2
Ruhan Nie,2220461645,,1,11,2,,1,s2
Zhanhong Zhuo,2358272273,,1,10,3,,1,s2
Yi Han,2238916924,,2,10,6,,1,s2
Haoyang He,2326999233,,2,10,4,,1,s2
Zhongxiang Liu,2394554013,,2,10,12,,1,s2
Di Ming,2157428703,,2,10,3,,1,s2
Xiaogang Xu,2373442317,,2,10,5,,1,s2
Zonghao Tian,2069521593,,2,10,4,,1,s2
Yong Wu,2115860396,,2,10,10,,1,s2
Zhewei Liu,2323398329,,2,10,2,,1,s2
Daizong Tian,1452345027,,2,10,7,,1,s2
Qiushi Cui,2333271928,,1,10,6,,1,s2
Yanchun Guo,2345710109,,2,10,4,,1,s2
Ujjwal Verma,2284761245,,2,10,9,,1,s2
Rentao Yang,2332302314,,2,10,3,,1,s2
Jiashan Liu,2332299960,,2,10,2,,1,s2
Wei Shao,2303002780,,2,10,9,,1,s2
Ao Sun,2316490173,,2,10,4,,1,s2
Wesley Gunawan,2317717631,,1,10,1,,1,s2
D. Rowlands,2248611046,,2,10,7,,1,s2
Rong Xie,2200263735,,1,10,2,,1,s2
Farzaneh Koohestani,2276423439,,2,10,6,,1,s2
Mingyang Sun,2311080531,,1,10,6,,1,s2
Krystyna Rybka,2284058890,,2,10,5,,1,s2
Biao Li,2274910584,,2,10,4,,1,s2
Yizhen Jia,2297431855,,2,10,5,,1,s2
Xiaowei Wei,2197785017,,2,10,4,,1,s2
Abhay Chaturvedi,2238567994,,2,10,9,,1,s2
Jiasheng Wang,2110144752,,1,10,3,,1,s2
Hao Zhang,2310367327,,2,10,8,,1,s2
Wenhao Huang,2267127994,,3,10,4,,1,s2
Tirui Wu,2285003251,,2,10,2,,1,s2
Jingyu Ji,2310303430,,2,10,7,,1,s2
Donghui Luo,2313522994,,2,10,7,,1,s2
Yanming Kang,2278790496,,1,10,2,,1,s2
Christoph Clausen,2064577502,,1,9,6,,1,s2
Yifeng Lin,2404161883,,2,9,9,,1,s2
Wanqing Liu,2346047327,,2,9,3,,1,s2
Shenshen Luan,2294359625,,2,9,9,,1,s2
Zhixi Wang,2350298082,,1,9,10,,1,s2
Jifeng Guo,2349552436,,2,9,6,,1,s2
Susan White,2184506057,,1,9,4,,1,s2
Liang Li,2311346846,,2,9,4,,1,s2
Kaixin Wang,2331945233,,2,9,3,,1,s2
Qiuxiang Tao,2265480449,,2,9,5,,1,s2
Yingyue Zhou,2341934491,,1,9,4,,1,s2
Tao He,2349943849,,1,9,5,,1,s2
Jiabao Liang,2338154815,,2,9,2,,1,s2
Xinwei Xue,2324342252,,2,9,5,,1,s2
Sheng Liu,2319348089,,2,9,10,,1,s2
Ping Zhang,2154286304,,1,9,13,,1,s2
Shiyu Huang,2308210377,,2,9,6,,1,s2
Dohoon Lee,2271397772,,3,9,5,,2,s2
Xinxin Wang,2310648996,,1,9,5,,1,s2
Zhanli Li,2238918132,,2,9,5,,1,s2
Shan Jiang,2287783281,,1,9,6,,2,s2
R. P. Anto Kumar,2284239264,,1,9,2,,1,s2
Varsha Bendre,2295007041,,1,9,7,,1,s2
Fusheng Yu,2219022512,,2,9,7,,1,s2
Tian Geng,2197905590,,2,9,2,,1,s2
Yan Sun,2152598061,,2,9,4,,1,s2
Peng Peng,2072676837,,2,9,5,,1,s2
Wenwei Luo,2268650985,,2,9,12,,1,s2
Zongji Wang,2263735881,,1,8,9,,1,s2
Biqing Li,2293549849,,1,8,4,,1,s2
Kim Ji-Yeon,2299701781,,2,8,4,,1,s2
Wei Li,2285128159,,2,8,4,,2,s2
Tianze Yu,2393902194,,2,8,6,,1,s2
Congyu Li,2281999332,,1,8,8,,1,s2
Yiqiang Zhou,2237957901,,2,8,10,,1,s2
Bo Zhang,2208122861,,2,8,5,,1,s2
Qiang Li,2338298932,,2,8,13,,1,s2
Xiangyu Zhang,2325689187,,2,8,4,,1,s2
Siyong Fu,2271228851,,2,8,5,,1,s2
Qinghua Zhao,2265488947,,2,8,3,,1,s2
Hesheng Liu,2265434180,,2,8,3,,1,s2
Shubo Zhou,2346284010,,2,8,6,,1,s2
Shihao Cheng,2353201686,,1,8,4,,2,s2
Zhihua Wang,2355239773,,1,8,4,,1,s2
Kai Zhang,2338711216,,1,8,3,,1,s2
Ruiyuan Chen,2305799735,,2,8,4,,1,s2
Zhaokang Ji,2266524865,,1,8,4,,1,s2
Dan Zhang,2268246826,,2,8,5,,1,s2
Ruiyao Wang,2341172811,,2,8,9,,1,s2
Rui Zhao,2241032311,,2,8,3,,1,s2
Ziling Xu,2290632545,,2,8,10,,1,s2
Piotr Stefański,2284057056,,1,8,4,,1,s2
Changlin Liu,2297217008,,1,8,3,,1,s2
Zhen Wang,2144787261,,1,8,6,,1,s2
Tianshuo Li,2259268733,,1,8,2,,1,s2
Xiaocong Huang,2214796301,,1,8,2,,1,s2
Yang Hong,2194028417,,2,8,3,,1,s2
Siyuan Liu,2243428378,,1,8,4,,1,s2
Yixin Lei,2217461066,,2,8,2,,1,s2
Xi Yuan,2159318207,,1,8,4,,1,s2
Aijing Sun,2185500162,,2,8,2,,1,s2
Sangjae Ahn,2159005227,,2,8,4,,1,s2
Tianxiao Cai,2089564397,,2,8,4,,1,s2
Xiang Li,2359045345,,2,7,4,,1,s2
Chenglin Wen,2367323600,,2,7,7,,1,s2
Yitao Liang,2325728040,,1,7,7,,2,s2
Lan Li,2282087684,,1,7,5,,2,s2
Minghai Jiao,2307597055,,2,7,6,,1,s2
Xi Leng,2398799588,,1,7,2,,1,s2
Senyan Zhao,2000834112,,2,7,5,,1,s2
Yingjian Li,2353663423,,2,7,6,,1,s2
Wenhao Yu,2261366011,,1,7,4,,1,s2
Xiaobing Feng,2348779279,,2,7,5,,1,s2
Sijing Wu,2294680318,,2,7,3,,1,s2
Qian Wang,2274346132,,1,7,12,,1,s2
Tianyou Fang,2364470230,,1,7,2,,1,s2
Yuming Fang,2355404388,,1,7,7,,1,s2
Xiao'er Li,2332040948,,1,7,3,,1,s2
Hao Wu,2360520904,,2,7,7,,1,s2
Zhaozheng Zhang,2310757027,,1,7,5,,1,s2
Yaser Abu Awwad,2287643311,,1,7,1,,1,s2
Kaidi Wang,2277145169,,2,7,2,,1,s2
Mengyao Zhang,2292593221,,2,7,6,,1,s2
Shuqing He,2290008759,,1,7,4,,1,s2
Yongcheng Han,48386441,,2,7,4,,1,s2
Wenbing Cai,2209404865,,2,7,6,,1,s2
Jiaying Du,2159186102,,1,7,2,,1,s2
Lindong Wang,2108565992,,2,7,3,,1,s2
Guijing Zhu,2153724721,,2,7,2,,2,s2
Liangheng Shen,151472426,,2,7,2,,1,s2
张宇寒 Zhang Yuhan,2261859258,,1,7,6,,1,s2
Zixuan Wang,2266724069,,2,7,4,,1,s2
Lin Gao,2296291358,,2,7,4,,1,s2
M. Shyam,2226525483,,1,7,5,,1,s2
Jongpil Jeong,2314526962,,1,6,10,,1,s2
Lei Wang,2273651306,,1,6,9,,1,s2
Yafeng Zhao,2391843151,,2,6,4,,1,s2
Hao Li,2353793617,,1,6,10,,1,s2
Wenyan Jiang,2308044987,,1,6,5,,1,s2
Nan An,2347539421,,2,6,8,,1,s2
A. S. Nair,2055262721,,2,6,7,,1,s2
S. G.,2219659637,,1,6,16,,1,s2
Hai Nan,2277257957,,1,6,2,,1,s2
Zhian Yuan,2279162346,,2,6,4,,1,s2
Huan Zeng,2380001065,,2,6,5,,1,s2
Xuemin Wang,2336530093,,2,6,7,,1,s2
B. Goud,2283497149,,1,6,18,,1,s2
Derong Kong,2349817713,,2,6,3,,1,s2
Zhangzhao Cha,2213174962,,1,6,2,,1,s2
Yuchen Pan,2277575514,,2,6,4,,1,s2
Xichuan Zhang,2316516219,,2,6,5,,1,s2
Jing Liu,2386640187,,1,6,2,,1,s2
Jianxing Wu,2376831338,,2,6,5,,1,s2
Danjuan Liu,2358028416,,1,6,2,,1,s2
Garvita Singh,2190313064,,1,6,5,,1,s2
Yuqian Zhang,2369216530,,1,6,2,,1,s2
Zhan Wang,2369951128,,1,6,2,,1,s2
Yudi Jiang,2369292374,,1,6,1,,1,s2
Yong Li,2275631168,,1,6,6,,1,s2
Naidi Yang,2361885635,,2,6,4,,1,s2
Zhijie Li,2271436377,,1,6,3,,1,s2
Han Zeng,2376094675,,1,6,2,,1,s2
Shaurya Rathore,2339262666,,2,6,4,,1,s2
Yixing Gao,2299097283,,1,6,2,,1,s2
Jingzhi Ouyang,2313401071,,1,6,2,,1,s2
Keya Huang,2313617236,,1,6,2,,1,s2
Lakshmi Kumari,2292765872,,1,6,5,,2,s2
Wenhao Zhang,2291690841,,2,6,2,,1,s2
DongWon Choo,2300608052,,2,6,3,,2,s2
H. Ji,2358980155,,2,6,2,,1,s2
Chao Wang,2144446642,,1,6,4,,1,s2
Wei Yang,2325918526,,2,6,5,,1,s2
R. Balakrishnan,2292767320,,1,6,6,,1,s2
Qi Zhou,2297146736,,2,6,6,,1,s2
Xuyang Wang,2264352213,,2,6,5,,1,s2
C. Wen,2068036068,,1,6,4,,1,s2
Yuan Xu,2145139708,,2,6,4,,1,s2
Muhammad Hamza,1615108183,,2,6,2,,1,s2
Ct Kuo,103085831,,1,6,4,,1,s2
Lijiang Shao,2366748298,,2,6,2,,1,s2
Lingling Fu,2175354696,,1,6,4,,1,s2
Jiazhen Zu,2173371625,,1,6,2,,1,s2
Sheng Zhang,2155924079,,2,6,5,,1,s2
Kaiqiang Chen,2266798493,,2,6,3,,1,s2
Ning Ma,2312080498,,1,5,3,,1,s2
Ming-Feng Yu,2152599571,,1,5,3,,1,s2
Yanli Gao,2397855154,,1,5,5,,1,s2
Riyadi Jimmy Iskandar,2271306333,,2,5,4,,1,s2
Caiyun Wu,2286416676,,1,5,4,,1,s2
Mithilesh Kumar Singh Yadav,2212995586,,1,5,6,,1,s2
Kaige Cui,2403809162,,1,5,9,,1,s2
R. Devesh,2363698601,,1,5,6,,1,s2
Xiucheng Li,2329083599,,1,5,6,,1,s2
Chenhao Zeng,2396318217,,2,5,2,,1,s2
Jie Xu,2328804723,,1,5,4,,1,s2
Xingxiang Zhou,2323730117,,1,5,5,,1,s2
Xianyang Wang,2327792169,,1,5,5,,1,s2
Ziang Wang,2378243224,,2,5,7,,1,s2
Hongxuan Xie,2387818911,,1,5,2,,1,s2
Delin Wang,2325613419,,2,5,3,,1,s2
Julia Navarro,2289926527,,2,5,9,,1,s2
Hexing Wu,2347884061,,2,5,2,,1,s2
Xiaoyang Weng,2347796866,,2,5,4,,1,s2
Li Li,2305255455,,2,5,3,,1,s2
Pingsheng Jiang,2338646599,,1,5,2,,1,s2
Yimeng Xia,2324707927,,1,5,3,,1,s2
Jingxi Liao,2357795020,,1,5,3,,1,s2
Shengjun Xu,2321677070,,1,5,13,,1,s2
Sepideh Khormaeipour,2312591734,,2,5,2,,1,s2
Zhongyang Jin,2200984558,,1,5,4,,1,s2
Xinghua Gu,2177521350,,2,5,2,,1,s2
Harshal Pati,2292749577,,1,5,1,,1,s2
Suresh Tommandru,2051746729,,2,5,3,,2,s2
Deepa Mahajan,2357351767,,1,5,12,,1,s2
S. T. R,2268076749,,1,5,5,,1,s2
Chang-Hao Wu,2146290048,,2,5,4,,1,s2
Lei He,2218864244,,1,5,2,,1,s2
A. Bevi,2288196488,,1,5,3,,1,s2
Yao Tang,2185612200,,2,5,6,,1,s2
Zhuang Yin,2212680255,,1,5,4,,1,s2
Wenbo Yang,2129467299,,2,5,5,,1,s2
Zhihang Xue,2314391945,,2,5,6,,1,s2
Utsav Dihingia,2142840209,,1,5,1,,1,s2
Jianglei Di,2344127381,,1,4,8,,1,s2
Shuai Pang,2391277255,,2,4,5,,1,s2
Jiaqi Liu,2378614405,,2,4,4,,1,s2
Yixian Liu,2394121791,,1,4,8,,1,s2
Zhijia Zhang,2337202911,,1,4,5,,1,s2
Zhaoming Feng,2311811083,,1,4,4,,1,s2
Peixian Zhang,2338057038,,1,4,4,,1,s2
Yi Tang,2332606773,,1,4,6,,1,s2
Fangtong Sun,2350157855,,1,4,2,,1,s2
Muhammad Shafique,2227916275,,1,4,5,,1,s2
Qiuhong Zheng,2374374920,,1,4,4,,1,s2
Jun Li,2334862594,,1,4,3,,1,s2
N. Eswar,2003306999,,1,4,5,,1,s2
Bo Jiang,2177275988,,1,4,4,,1,s2
Xinyu Zhang,2287799135,,1,4,2,,1,s2
Junyu Xia,2341880156,,1,4,3,,1,s2
Xinyu Liu,2346919018,,1,4,2,,1,s2
Peilin Tao,2364884284,,1,4,4,,1,s2
Junhao Zhang,2308346531,,1,4,3,,1,s2
Weiwei Kong,2306371594,,1,4,5,,1,s2
Kexin Wu,2292672610,,1,4,2,,1,s2
Jialu Li,2244130303,,2,4,2,,1,s2
Yuanjie Zhou,2346546582,,2,4,3,,1,s2
Huoxing Li,2109107007,,1,4,3,,1,s2
Hao Zhang,2302787661,,1,4,5,,1,s2
Yiyang Qu,2408480683,,2,4,3,,1,s2
Seitaro Ono,2279335504,,1,4,2,,1,s2
Masato Tsukada,2264787303,,1,4,3,,1,s2
Haihui Wang,2283508460,,1,4,9,,1,s2
Jiaxin Duan,2266888433,,1,4,3,,1,s2
Zeyu He,2274916829,,1,4,5,,1,s2
Qiang Wen,2269459289,,2,4,3,,1,s2
Shaojin Wu,2204169104,,2,4,4,,1,s2
Meiyong Huang,2156270196,,1,4,3,,1,s2
Taida Wu,2160104490,,2,4,3,,1,s2
Hanlei Lu,2218136097,,1,4,2,,1,s2
Yingjie Jiao,2149629629,,1,4,3,,1,s2
Dongsheng Wu,2398753821,,1,4,8,,1,s2
Xinzhe Wang,2324669721,,1,4,3,,1,s2
Xiao Ji,2371296151,,1,4,5,,1,s2
Yu Yang,2296392822,,2,4,3,,1,s2
Xiaotong Zuo,2346158854,,2,4,6,,1,s2
Yang Song,2328578455,,1,4,2,,1,s2
Leilei Huang,2297995497,,1,4,2,,1,s2
Ping Li,2267107644,,1,4,3,,1,s2
Jun Zhu,2314684639,,2,4,2,,1,s2
Haoran Peng,2314564261,,1,4,4,,1,s2
Jingjiao You,2350344084,,1,4,4,,1,s2
Jiangang Hu,2382719073,,1,3,6,,1,s2
Ying Liu,2308468836,,1,3,7,,1,s2
Lingyu Wang,2287613462,,1,3,6,,1,s2
Divya Prasad K. H,2416778897,,1,3,2,,1,s2
Hongji Chen,2374279063,,1,3,7,,1,s2
Yixuan Xing,2409453648,,1,3,5,,1,s2
Nitisha Sharma,2405524302,,1,3,6,,1,s2
G. L. A. Babu,2287695861,,1,3,6,,1,s2
Aiping Liu,2374310747,,1,3,3,,1,s2
Feng Zhang,2373871211,,1,3,4,,1,s2
H. Zou,103054625,,1,3,5,,1,s2
A. K.,2219796840,,1,3,7,,1,s2
Yifan Liu,2273559907,,1,3,3,,1,s2
Yu Yang,2337464172,,1,3,3,,1,s2
Yingcai Wan,2329062830,,1,3,3,,1,s2
Zhaopeng Zhang,2319408902,,1,3,2,,1,s2
Aravind Shenoy,2339269078,,1,3,2,,1,s2
Tao Liu,2298538217,,1,3,4,,1,s2
Hemang Jamadagni,2330191770,,1,3,2,,1,s2
Xuxu Yang,2325742353,,1,3,5,,1,s2
Zhan Gao,2266386588,,1,3,2,,1,s2
Wei Zhao,2329332720,,1,3,3,,1,s2
Zongyao Liu,2346683576,,1,3,2,,1,s2
Lu Chen,2305594274,,1,3,3,,1,s2
Yanfeng Li,2275033194,,1,3,7,,1,s2
Kun Zhang,2292209926,,1,3,4,,1,s2
Kaiyue Liu,2263481510,,1,3,4,,1,s2
Arshiana Shamir,2192209672,,1,3,2,,1,s2
Yingfeng Wang,2269704838,,1,3,2,,2,s2
Saisai Yu,2284952650,,1,3,2,,1,s2
Frequency Domain,2220830170,,1,3,1,,1,s2
Sami Ul Rehman,2220645647,,1,3,1,,1,s2
Saeed H. Alsamhi,2220640967,,1,3,1,,1,s2
Hanyu Du,2213786298,,1,3,2,,2,s2
Baoxiang Tang,1571690765,,1,3,5,,2,s2
Anil Singh Parihar,2268072935,,1,3,2,,1,s2
Menglong Hou,2205234367,,1,3,4,,1,s2
Ziqi Shan,2176866256,,1,3,2,,1,s2
Marina Zdanova,121378960,,1,3,8,,1,s2
Yansong Xue,2380459782,,1,3,5,,1,s2
Zhanyou Chang,2146468674,,1,3,1,,1,s2
Zhengli Leng,2125340856,,1,3,2,,1,s2
Ruowang Chang,2130582777,,1,3,2,,2,s2
Zhouheng Ge,2130348717,,1,3,2,,1,s2
Ryan Wen Liu,2364546752,,1,3,3,,1,s2
Yuanlong Deng,2302333100,,1,3,3,,1,s2
Huaguo Liu,2375446485,,1,3,5,,1,s2
Jinlong Liu,2395985209,,1,3,5,,1,s2
Xiaofeng Liu,2257345982,,1,3,3,,1,s2
Chaoqun Zhuang,2279568373,,1,3,3,,1,s2
刘伟强 Liu Weiqiang,2134542484,,1,3,2,,1,s2
宋向迎 Song Xiangying,2236610591,,1,3,1,,1,s2
Yecheng Zhao,2350254327,,1,3,2,,1,s2
Yi Lu,2398722320,,1,2,3,,2,s2
Bin Li,2326047051,,1,2,8,,2,s2
Krishna Sharma S,2413139163,,1,2,1,,1,s2
.. A. Anjali,2413138572,,1,2,1,,1,s2
Mahendra K. Shukla,2413134930,,1,2,1,,1,s2
Jiangtao Li,2371062775,,1,2,2,,1,s2
Xingqi Na,2353512139,,1,2,4,,1,s2
Xiaoyu Wu,2329311875,,1,2,3,,2,s2
Yuxiang Shao,2330076798,,1,2,3,,2,s2
Wan Chen,2411233726,,1,2,3,,1,s2
Hongji Chen,2351796298,,1,2,4,,1,s2
Xi Zhang,2403343291,,1,2,2,,1,s2
Xinsheng Wang,2352975514,,1,2,7,,1,s2
Sathish Mothe,2387411517,,1,2,3,,1,s2
Wenping Zheng,2407371549,,1,2,2,,1,s2
Jianxun Zhang,2374286482,,1,2,6,,1,s2
Yingzhu Zeng,2374288364,,1,2,3,,1,s2
Zheyu Shi,2258681113,,1,2,6,,1,s2
Xiaolin Qin,2342112963,,1,2,4,,1,s2
Yiwen Dou,2395817702,,1,2,2,,1,s2
Yiting Gao,2158445784,,1,2,8,,1,s2
Li Liu,2390918957,,1,2,2,,1,s2
Xinhua Wang,2387431624,,1,2,4,,1,s2
Weilin Wu,2377903351,,1,2,4,,1,s2
Daniel Torres,2289882421,,1,2,5,,2,s2
Catalina Sbert,2289884726,,1,2,8,,2,s2
Joan Duran,2289881176,,1,2,7,,2,s2
Steven J. Holiday,2324055594,,1,2,3,,1,s2
Edward Sazonov,2324055743,,1,2,3,,1,s2
Xiaofan Yu,2396842211,,1,2,7,,1,s2
Bohua Chu,2368859316,,1,2,2,,1,s2
Jun Ma,2306498022,,1,2,8,,1,s2
Zejie Sun,2365273825,,1,2,2,,1,s2
Yuling Wu,2365190357,,1,2,3,,1,s2
Pankaj Kumar G,2381853519,,1,2,4,,1,s2
A. A. Aswathy,2381851848,,1,2,3,,1,s2
Shiqi Wang,2372435169,,1,2,4,,1,s2
Saksham Jain,2383104557,,1,2,6,,1,s2
Zhiqiang Liu,2316517942,,1,2,7,,1,s2
Xiaoxue Li,2316520825,,1,2,6,,1,s2
Zining Zhao,2367065092,,1,2,5,,1,s2
Deyu Meng,2324996221,,1,2,3,,1,s2
Ieee Cheuk-Yiu Chan Student Member,2376356742,,1,2,1,,1,s2
Ieee Wan-Chi Siu Life Fellow,2376356718,,1,2,1,,1,s2
Ieee Yuk-Hee Chan Member,2376356716,,1,2,1,,1,s2
Ieee H. Anthony Chan Life Fellow,2376356749,,1,2,1,,1,s2
Hongbin Zhang,2356797331,,1,2,8,,1,s2
A. Buades,2330728644,,1,2,3,,1,s2
Hao Luo,2352068946,,1,2,4,,1,s2
Jinsheng Liu,2330057440,,1,2,6,,1,s2
Zahra Nabizadeh-ShahrBabak,2312740156,,1,2,1,,1,s2
Büşra Söylemez,2294457581,,1,2,3,,2,s2
Huaiyao Wang,2304891666,,1,2,3,,1,s2
Zixin Guan,2402721800,,1,2,7,,1,s2
Lei Zhang,2290620461,,1,2,3,,1,s2
Fan Yi,2290573419,,1,2,2,,1,s2
Xiaoxi Ge,2314452489,,1,2,3,,1,s2
Hanyue Zhang,2274868012,,1,2,2,,1,s2
S. Bendre,2309514984,,1,2,2,,1,s2
Sneha Pujari,2154646309,,1,2,4,,1,s2
Tong Liu,2243379302,,1,2,3,,1,s2
Meng Zhang,2371141264,,1,2,7,,1,s2
Naveen Kumar Ashok,2268073959,,1,2,2,,1,s2
Mengwei Bao,2180418293,,1,2,4,,2,s2
Wenjin Wang,2117833431,,1,2,2,,1,s2
Hengxuan Li,2214305109,,1,2,3,,1,s2
Yang Wei,2186351239,,1,2,4,,1,s2
Jindan Yang,2166449993,,1,2,2,,1,s2
Li Li,2166286078,,1,2,4,,1,s2
Peng Yuan,2069400058,,1,2,4,,1,s2
郭泰龙 Guo Tailong,2349035994,,1,2,2,,1,s2
Bin Zhang,2294748546,,1,2,2,,1,s2
Yuxiang Gong,2376102064,,1,2,2,,1,s2
Changlong Wang,2361331404,,1,2,5,,1,s2
Xiaoyi Zhang,2325705053,,1,2,2,,1,s2
Guang-liang Xie,30949123,,1,2,4,,1,s2
董秀成 Dong Xiucheng,2133744109,,1,2,5,,1,s2
Yijie Xue,100551091,,1,1,5,,1,s2
Mounir Kaaniche,2368358126,,1,1,8,,1,s2
Dehua Zhou,2376466626,,1,1,4,,1,s2
V. Pais,2372915569,,1,1,5,,1,s2
Junyi Liu,2332040143,,1,1,10,,1,s2
Yimei Li,2291528175,,1,1,5,,1,s2
Yunuo Xie,2410953584,,1,1,1,,1,s2
Nagendra Pratap Singh,2347890077,,1,1,8,,1,s2
Xinyu Jin,2342650177,,1,1,3,,2,s2
Junfang Tu,2369602864,,1,1,4,,1,s2
Yong Peng,2316519605,,1,1,4,,1,s2
Yong Zhong,2316544777,,1,1,3,,1,s2
Zhihua Qu,2293505841,,1,1,5,,1,s2
Jiachang Li,2292294135,,1,1,7,,1,s2
Kumar Misra,2363698633,,1,1,3,,1,s2
Xuan Zhou,2395969989,,1,1,4,,1,s2
Zhouqiang Zhang,2330255180,,1,1,2,,1,s2
Yi Zhu,2354603437,,1,1,5,,1,s2
Caibo Feng,2365053308,,1,1,3,,1,s2
Yanlian Jiang,2388540423,,1,1,2,,1,s2
Shifan Yang,2389391519,,1,1,4,,1,s2
Yaxi Lu,2456527836,,1,1,1,,1,s2
Yiren Chen,2339725758,,1,1,4,,1,s2
Matthew R. Cribbet,2377171877,,1,1,2,,1,s2
Yu Gan,2377064420,,1,1,5,,1,s2
Binming Zeng,2379343244,,1,1,1,,1,s2
Zifan Rui,2379383196,,1,1,4,,1,s2
Yaolong Hu,2380141326,,1,1,2,,1,s2
Yameng Zhang,2322610245,,1,1,4,,1,s2
Deepa Raj,2319471352,,1,1,6,,1,s2
Qi Cheng,2314354404,,1,1,4,,1,s2
Zeyang Yu,2385115118,,1,1,3,,1,s2
Yaming Mao,2375176508,,1,1,2,,1,s2
Yiyang Lu,2330417040,,1,1,3,,1,s2
Shihao Zhu,2368398075,,1,1,6,,1,s2
Jingjing Jiang,2369221495,,1,1,2,,1,s2
Yuhan Liu,2361876338,,1,1,3,,1,s2
Xi Chen,2362354067,,1,1,2,,1,s2
Zejiu Wu,2356808228,,1,1,2,,1,s2
Yuxing Zou,2357790825,,1,1,5,,1,s2
Yazhun Zhang,2400661783,,1,1,2,,1,s2
Alireza Khajehvandi,2355196474,,1,1,1,,1,s2
Mehdi Ezoji,2355197422,,1,1,1,,1,s2
Zhixin Li,2349884904,,1,1,2,,1,s2
Namrah Siddiqua,2346835169,,1,1,1,,1,s2
Liang Chang,2337777569,,1,1,2,,1,s2
Taoli Bao,2327763826,,1,1,1,,1,s2
Tuoshi Qi,2367590891,,1,1,3,,1,s2
Xinyu Zhang,2315892943,,1,1,2,,1,s2
Ling Wu,2295912069,,1,1,2,,1,s2
S. Sony Priya,2277374246,,1,1,2,,1,s2
Xueyang Zhong,2332538610,,1,1,3,,1,s2
Shovin Kaul,2280605820,,1,1,1,,1,s2
Shubhodiya Ghosh,2280903998,,1,1,1,,1,s2
Wenzhu Chen,2109078473,,1,1,2,,1,s2
Yuxin Jiang,2243911677,,1,1,2,,1,s2
Jieyu Pang,2211970962,,1,1,2,,1,s2
Kaixin Shao,2187587678,,1,1,3,,1,s2
Jinliang Zhang,2187871821,,1,1,3,,1,s2
Ruimin Meng,2157962111,,1,1,5,,1,s2
Mohit Kumar Agarwal,2212895011,,1,1,1,,1,s2
Xijing Li,2369639921,,1,1,2,,1,s2
ZhanTi Ll,2190859298,,1,1,1,,1,s2
Yuzhu Xie,2118596417,,1,1,4,,1,s2
F. Zhao,2152340469,,1,1,2,,1,s2
Punchok Kerdsiri,2044360149,,1,1,1,,1,s2
Caofei Luo,2109613421,,1,1,5,,1,s2
Naman Varyomalani,1753739110,,1,1,2,,1,s2
陈春梅 Chen Chunmei,2269581630,,1,1,3,,1,s2
袁玲玲 Yuan Lingling,2341063811,,1,1,2,,1,s2
郭泓达 Guo Hongda,2301963474,,1,1,1,,1,s2
郑永康 Zheng Yongkang,2301963644,,1,1,1,,1,s2
雎雅玲 Ju Yaling,2301956088,,1,1,2,,1,s2
张党成 Zhang Dangcheng,2301955966,,1,1,1,,1,s2
Xuan Li,2108263450,,1,1,4,,1,s2
， 徐常余,2364356798,,1,1,1,,1,s2
LOL-Real 和 ExDark,2364361118,,1,1,1,,1,s2
Yasmin Yasin,2237025751,,0,0,7,,1,s2
Yueqing Kang,2457732225,,0,0,0,,1,s2
U. S.,2446810280,,0,0,3,,1,s2
J. S.,2438514864,,0,0,3,,1,s2
Yanyi Wu,2450169397,,0,0,1,,1,s2
Junkai Chen,2450191207,,0,0,1,,1,s2
Yimei Zhang,2408353005,,0,0,4,,1,s2
Q. Hoang,2269652471,,0,0,3,,1,s2
Yi Han,2364634851,,0,0,5,,1,s2
Chenyang Guo,2340179320,,0,0,4,,1,s2
Yanheng Wen,2454927646,,0,0,1,,1,s2
Peiyuan He,2438924353,,0,0,2,,1,s2
Malena Mendilaharzu,2449256835,,0,0,1,,1,s2
Utkarsh,2448470544,,0,0,1,,1,s2
Shashank Singh,2448926515,,0,0,1,,1,s2
Vikash Kumar Gupta,2448545181,,0,0,1,,1,s2
Himanshu Gautam,2448470725,,0,0,1,,1,s2
Vivek Kumar Jaiswal,2448470699,,0,0,1,,1,s2
Xiao Dai,2232115529,,0,0,5,,1,s2
Linbo Qing,2393086506,,0,0,4,,1,s2
Haonan Li,2375343275,,0,0,3,,1,s2
Xinyu Ouyang,2452434783,,0,0,1,,1,s2
Zijian Li,2453047721,,0,0,2,,1,s2
Qiong Luo,2455628112,,0,0,1,,1,s2
Bin Pang,2455605385,,0,0,1,,1,s2
Ying Xu,,,,,,,1,
Shi-Chu Zhang,2429010877,,0,0,4,,1,s2
Jie Wang,2430757396,,0,0,3,,1,s2
Tan You,2140101204,,0,0,4,,1,s2
Wonjun Jo,2401827864,,0,0,3,,2,s2
S.Pradeesh Kumar,2333847276,,0,0,2,,1,s2
Yi Wu,2403857945,,0,0,5,,1,s2
Simeng Tu,2430893368,,0,0,1,,1,s2
Yinglian Zhu,2365422519,,0,0,3,,1,s2
Binxin Tang,2425784821,,0,0,1,,1,s2
Mengnan Lv,2425704437,,0,0,2,,1,s2
Zhao An,2410514467,,0,0,2,,1,s2
Xiaohui Li,2257359990,,0,0,4,,1,s2
Jin-Chun Piao,2281989811,,0,0,6,,1,s2
Yashwitha Reddy Chapala,2428578257,,0,0,1,,1,s2
Sriram Bodla,2428578071,,0,0,1,,1,s2
Aishwarya Tota,2428577907,,0,0,1,,1,s2
Gudepu Sai Krishna,2381849293,,0,0,3,,1,s2
Aditya Bharadwaj,2399056560,,0,0,2,,1,s2
Jigar Dalwadi,2391596532,,0,0,1,,1,s2
Niteen Vaghela,2391595175,,0,0,1,,1,s2
Poonam Sahibani,2391594909,,0,0,1,,1,s2
Qiyao Luo,2384402024,,0,0,2,,1,s2
Yongqing Qian,2342101368,,0,0,3,,1,s2
Yuan Shi,2400698445,,0,0,4,,1,s2
Houbo Zhang,2384712435,,0,0,1,,1,s2
Yitang Zuo,2393100989,,0,0,2,,1,s2
Shifa Chen,2433095905,,0,0,3,,1,s2
Mengqi Xue,2322554149,,0,0,4,,1,s2
Supriya Singh,2319615098,,0,0,2,,1,s2
Zekai Shang,2395010026,,0,0,2,,1,s2
Xing Pan,2328542488,,0,0,13,,1,s2
Ebin J Alapatt,2381851649,,0,0,1,,1,s2
Aman K Shihab,2381854940,,0,0,1,,1,s2
S. Bhatt,2381852092,,0,0,2,,1,s2
Sreevishnu Damodaran,2381851710,,0,0,1,,1,s2
Yongsheng Hou,114680093,,0,0,5,,1,s2
Shen Li,2392899697,,0,0,2,,1,s2
P. Wijesiri,2379243985,,0,0,2,,1,s2
Qiwen Wu,2442315181,,0,0,1,,1,s2
Yue Liu,,,,,,,1,
Yanhong Li,2306346902,,0,0,4,,1,s2
Xinyue Yao,2345441023,,0,0,3,,1,s2
C. A. D. Dela Cruz,2360517490,,0,0,3,,1,s2
E. G. M. Domingo,2333494049,,0,0,2,,1,s2
Mia B. Enciso,2333498384,,0,0,2,,1,s2
G. Peng,2343828307,,0,0,3,,1,s2
Qinjie Zhou,2345650135,,0,0,2,,1,s2
Linlin Hu,2279334429,,0,0,2,,1,s2
J. Bright Jose,2284240314,,0,0,1,,1,s2
Yanpu Chen,2283521937,,0,0,2,,1,s2
Kai Yang,2297064507,,0,0,2,,1,s2
Fengcai Cao,2297024863,,0,0,3,,1,s2
Junxiao Ma,2297139395,,0,0,2,,1,s2
Hui Sze Liew,2267654584,,0,0,1,,1,s2
Haozhe Jia,2269784443,,0,0,3,,1,s2
Xin Wei,2269749335,,0,0,2,,1,s2
Qiguo Cao,2269462319,,0,0,1,,1,s2
C. H. S. Devi,2359251284,,0,0,2,,1,s2
Linshuai Shen,2246732324,,0,0,1,,1,s2
Junhao Chen,2256837609,,0,0,2,,1,s2
Mengfei Wu,2406048376,,0,0,2,,1,s2
Yuanhao Cai,,,,,,,1,
Hao Tang,,,,,,,1,
Bo Li,,,,,,,1,
Mingrui Liu,2374924413,,0,0,4,,1,s2
Bo Zhang,,,,,,,2,
Hao Zhang,,,,,,,1,
Yifan Jiang,,,,,,,1,
Shiqi Wang,,,,,,,1,
Kai Chen,,,,,,,1,
Fumin Wu,2257430477,,0,0,5,,1,s2
Bo Liu,,,,,,,1,
Nirav Motwani,1753741419,,0,0,1,,1,s2
Aakanksha Talreja,1753741417,,0,0,1,,1,s2
Kunal Kundnani,1753739100,,0,0,1,,1,s2
Yukun Huang,,,,,,,1,
Wei Zhang,,,,,,,1,
Chen Chen,,,,,,,1,
王蔓菁 Wang Manjing,2430904868,,0,0,1,,1,s2
刘满禄 Liu Manlu,2430906737,,0,0,2,,1,s2
Sukai Xiong,2437589381,,0,0,1,,1,s2
Yuanshuai Yao,2437919306,,0,0,1,,1,s2
Enqi Yue,2429596107,,0,0,2,,1,s2
Boyang Liu,2156643027,,0,0,4,,1,s2
朱天鑫 Zhu Tianxin,2350701904,,0,0,1,,1,s2
Jun Young Park,2393113721,,0,0,1,,1,s2
Zifeng Liang,2448675408,,0,0,1,,1,s2
Zhou Liu,2375380658,,0,0,6,,1,s2
O. Postolache,2396881452,,0,0,2,,1,s2
Xiaohong Gu,2195789820,,0,0,4,,1,s2
Shuyuan Shang,2144742191,,0,0,8,,1,s2
Marco Cotogni,,,,,,,1,
Keyu Yan,,,,,,,1,
Jingwen Wang,,,,,,,1,
