name,author_ids,n_citing_papers,affiliations,sample_papers
Wenhan Yang,1898172;2274269967,12,,Seeing in the Dark with Ambient Guidance ;; Interpretable Optimization-Inspired Unfolding Network for Lo ;; Unrolled Decomposed Unpaired Learning for Controllable Low-L
Risheng Liu,2237951125;34469457,9,,SNRD-Net: SNR-aware dual enhancement network for low-light i ;; DEAL: Data-Efficient Adversarial Learning for High-Quality I ;; Fearless Luminance Adaptation: A Macro-Micro-Hierarchical Tr
Yu Guo,2143378699;2310688922,9,,OneRestore: A Universal Restoration Framework for Composite  ;; AiOENet: All-in-One Low-Visibility Enhancement to Improve Vi ;; Double Domain Guided Real-Time Low-Light Image Enhancement f
Yuxu Lu,121713030,9,,OneRestore: A Universal Restoration Framework for Composite  ;; AiOENet: All-in-One Low-Visibility Enhancement to Improve Vi ;; Rep-Enhancer: Re-parameterizing Neural Network for Real-time
Feng Lu,1388864077;2151233362;2279610393,9,,Visibility Enhancement for Low-light Hazy Scenarios ;; Optical Flow in the Dark ;; Separating Content and Style for Unsupervised Image-to-Image
Long Ma,1732160;2331460441;2340912932,8,,SNRD-Net: SNR-aware dual enhancement network for low-light i ;; DEAL: Data-Efficient Adversarial Learning for High-Quality I ;; Crossing the Chasm: A practical architecture augmentation fo
Yinqiang Zheng,2037259;2242543861;2247926612,7,,Moment-Reenacting: Inverse Motion Degradation with Cross-shu ;; Motion Blur Decomposition with Cross-shutter Guidance ;; Optimal LED Spectral Multiplexing for NIR2RGB Translation
Bo Zhang,2141897317;2155611061;2208118873;2208122861;2426012373,7,,NTIRE 2026 The 3rd Restore Any Image Model (RAIM) Challenge: ;; An adaptive weight fusion low-light image enhancement based  ;; Generative Diffusion Prior for Unified Image Restoration and
Wenqi Ren,144850642;2053308882;2260700948;2265263152;2276950332,7,,SGNet: Style-Guided Network With Temporal Compensation for U ;; DI-Retinex: Digital-Imaging Retinex Model for Low-Light Imag ;; DI-Retinex: Digital-Imaging Retinex Theory for Low-Light Ima
Xiaofang Hu,2289192561;47027727,7,,Learning Structural Priors via Laplacian RWKV Diffusion with ;; Memristive Bi-Path Wavelet Transformer for low-light image e ;; MA-MNN: Multi-flow attentive memristive neural network for m
Yue Zhou,2116451313,7,,Learning Structural Priors via Laplacian RWKV Diffusion with ;; Memristive Bi-Path Wavelet Transformer for low-light image e ;; MA-MNN: Multi-flow attentive memristive neural network for m
Shiqi Wang,2279744514;2283201042;2303523184;2372435169,7,,Exploiting Long and Short Temporal Dependence for Low-Light  ;; RCNet: Deep Recurrent Collaborative Network for Multi-View L ;; Unrolled Decomposed Unpaired Learning for Controllable Low-L
Jinjiang Li,2555126,7,,Multi-Frequency Field Perception and Sparse Progressive Netw ;; Multi-scale dynamic fusion for correcting uneven illuminatio ;; Attention-based multi-channel feature fusion enhancement net
Chongyi Li,2185949399;2237956540;2698424,7,,Empowering Low-Light Image Enhancer through Customized Learn ;; DNF: Decouple and Feedback Network for Seeing in the Dark ;; LEDNet: Joint Low-light Enhancement and Deblurring in the Da
Dirui Xie,2211254189,6,,Learning Structural Priors via Laplacian RWKV Diffusion with ;; Memristive Bi-Path Wavelet Transformer for low-light image e ;; Reffusion: Enhancement Conditional Diffusion Framework with 
Xiaoyan Chen,2143799176;2143799959;2315445463,6,,Unsupervised detail and color restorer for Retinex-based low ;; A hybrid framework for curve estimation based low light imag ;; Low-light image enhancement via adaptive frequency decomposi
Xiaohong Liu,2211737291;2311271429,6,,GLARE: Low Light Image Enhancement via Generative Latent Fea ;; Light-VQA+: A Video Quality Assessment Model for Exposure Co ;; FastLLVE: Real-Time Low-Light Video Enhancement with Intensi
Guangtao Zhai,144826390;2266393212,6,,GLARE: Low Light Image Enhancement via Generative Latent Fea ;; Light-VQA+: A Video Quality Assessment Model for Exposure Co ;; NTIRE 2023 Quality Assessment of Video Enhancement Challenge
Ryan Wen Liu,2124017717;2202013693;2268299485;2364546752,6,,OneRestore: A Universal Restoration Framework for Composite  ;; AiOENet: All-in-One Low-Visibility Enhancement to Improve Vi ;; Rep-Enhancer: Re-parameterizing Neural Network for Real-time
Ziteng Cui,2152101108,6,,Aleth-NeRF: Illumination Adaptive NeRF with Concealing Field ;; Aleth-NeRF: Low-light Condition View Synthesis with Conceali ;; You Only Need 90K Parameters to Adapt Light: a Light Weight 
Lin Gu,151484085;2261518797;2290494499,6,,Aleth-NeRF: Illumination Adaptive NeRF with Concealing Field ;; Aleth-NeRF: Low-light Condition View Synthesis with Conceali ;; You Only Need 90K Parameters to Adapt Light: a Light Weight 
Jie Huang,2110284557,6,,Empowering Low-Light Image Enhancer through Customized Learn ;; Structure- and Texture-Aware Learning for Low-Light Image En ;; Low-Light Stereo Image Enhancement
Zhen Hua,144278699,6,,Attention-based multi-channel feature fusion enhancement net ;; Attention-Guided Multi-Scale Feature Fusion Network for Low- ;; FLA-Net: multi-stage modular network for low-light image enh
Jiaying Liu,2239051902;41127426,5,,Seeing in the Dark with Ambient Guidance ;; Towards Low Light Enhancement With RAW Images ;; Band Representation-Based Semi-Supervised Low-Light Image En
R. Timofte,1732855,5,,Low Light Image Enhancement Challenge at NTIRE 2026 ;; NTIRE 2026 The 3rd Restore Any Image Model (RAIM) Challenge: ;; NTIRE 2025 Challenge on UGC Video Enhancement: Methods and R
Erkut Erdem,152330322,5,,EeveeDark: A Binary Neural Framework for Low-Light Video Enh ;; Self-Supervised Low-Light Hyperspectral Image Enhancement vi ;; HUE Dataset: High-Resolution Event and Frame Sequences for L
Aykut Erdem,14364286;2253752451,5,,EeveeDark: A Binary Neural Framework for Low-Light Video Enh ;; Self-Supervised Low-Light Hyperspectral Image Enhancement vi ;; HUE Dataset: High-Resolution Event and Frame Sequences for L
Xiaogang Xu,2027354611;2276483420;2373442317,5,,Low-Light Video Enhancement with An Effective Spatial-Tempor ;; Low-Light Video Enhancement via Spatial-Temporal Consistent  ;; Deep Parametric 3D Filters for Joint Video Denoising and Ill
Ruixing Wang,2108666491;2303302229,5,,Low-Light Video Enhancement with An Effective Spatial-Tempor ;; Low-Light Video Enhancement via Spatial-Temporal Consistent  ;; Deep Parametric 3D Filters for Joint Video Denoising and Ill
Wei Chen,2154940576;2154942699;2283009;2329164441,5,,Task-Decoupled Bézier Surface Constraint for Uneven Low-Ligh ;; CLIP-Optimized Multimodal Image Enhancement via ISP-CNN Fusi ;; Wakeup-Darkness: When Multimodal Meets Unsupervised Low-Ligh
Huiyuan Fu,2513605,5,,Rethinking the Low-Light Video Enhancement: Benchmark Datase ;; Exploring in Extremely Dark: Low-Light Video Enhancement wit ;; Learning Exposure Correction in Dynamic Scenes
Huadong Ma,144258295;2248034542;2263653397,5,,Rethinking the Low-Light Video Enhancement: Benchmark Datase ;; Exploring in Extremely Dark: Low-Light Video Enhancement wit ;; Learning Exposure Correction in Dynamic Scenes
Lingyu Zhu,2281724124,5,,Unsupervised Ultra-High-Resolution UAV Low-Light Image Enhan ;; Exploiting Long and Short Temporal Dependence for Low-Light  ;; RCNet: Deep Recurrent Collaborative Network for Multi-View L
Shukai Duan,2159433014;2269227618,5,,MA-MNN: Multi-flow attentive memristive neural network for m ;; Reffusion: Enhancement Conditional Diffusion Framework with  ;; A Global Self-Attention Memristive Neural Network for Image 
R. Soundararajan,2510315,5,,UnDIVE: Generalized Underwater Video Enhancement Using Gener ;; Semi-Supervised Learning for Low-light Image Restoration thr ;; Low Light Video Enhancement by Learning on Static Videos wit
Man Zhou,2121684731;2272766397,5,,Image Light Enhancement Model Based on Illuminance- Diffusio ;; Empowering Low-Light Image Enhancer through Customized Learn ;; Structure- and Texture-Aware Learning for Low-Light Image En
Fengmei Zhao,2152335165,5,,Empowering Low-Light Image Enhancer through Customized Learn ;; Structure- and Texture-Aware Learning for Low-Light Image En ;; Low-Light Stereo Image Enhancement
Chunle Guo,18158517,5,,DNF: Decouple and Feedback Network for Seeing in the Dark ;; Low-Light Image and Video Enhancement Using Deep Learning: A ;; Learning to Enhance Low-Light Image via Zero-Reference Deep 
Feifan Lv,51290122,5,,Fast Enhancement for Non-Uniform Illumination Images using L ;; An Integrated Enhancement Solution for 24-hour Colorful Imag ;; Attention Guided Low-Light Image Enhancement with a Large Sc
Heng Zhang,2271866730;40940525,4,,ViD-EnlightenGAN: A Temporally Aware GAN for Unsupervised Lo ;; Rethinking the Low-Light Video Enhancement: Benchmark Datase ;; Exploring in Extremely Dark: Low-Light Video Enhancement wit
Jin Chen,2108458965;2108461272;2303900987,4,,Integration of KAN with an enhanced multi-scale mamba archit ;; DED-net: multi-scale fusion and illumination-guided enhancem ;; A Semi-Supervised Network Framework for low-light image enha
Fan Zhang,2153304421;2153307863;2265620853;2346987783,4,,Deep multi-patch hierarchical network for coal-mine roller t ;; RMT-BVQA: Recurrent Memory Transformer-based Blind Video Qua ;; Learning Temporal Consistency for Low Light Video Enhancemen
Xueyang Fu,2273893743;3061449,4,,Event-Illumination Collaborative Low-light Image Enhancement ;; Illumination-Invariant Person Re-Identification ;; Low-Light Stereo Image Enhancement
Bin Li,2185910798;2212052721;2326047051,4,,A two-stage low-light image enhancement network combining sp ;; Low-Light Scene Text Image Enhancement in the Wild ;; MDFF-Net: Multi-level Dynamic Feature Fusion Network Combine
Lei Zhang,2152827674;2256830888;2286036173;2290620461,4,,NTIRE 2026 The 3rd Restore Any Image Model (RAIM) Challenge: ;; Enhancing low-light image quality: a multi-granularity memor ;; DCENet-based low-light image enhancement improved by spiking
Yang Yang,2152915963;2242793598;2322063612;2365327194,4,,NTIRE 2026 The 3rd Restore Any Image Model (RAIM) Challenge: ;; Multi-sparsity isotropic gradient regularization for edge-pr ;; Nighttime Driving Fatigue Detection Based on Improved Zero-D
Wenchao Li,2265521694,4,,Context-based low-light image enhancement via multiscale neu ;; ZERRIN-Net: Adaptive low-light image enhancement using Retin ;; An unsupervised low-light video enhancement network based on
Shuyuan Wen,2265494825,4,,Context-based low-light image enhancement via multiscale neu ;; ZERRIN-Net: Adaptive low-light image enhancement using Retin ;; An unsupervised low-light video enhancement network based on
Jun Li,2265939036;2298349023;2330228278;2334862594,4,,AIE-Net: Adaptive Illumination Estimation for Low-Light Imag ;; DFCNet: Dual-Stage Frequency-Domain Calibration Network for  ;; Daytime-Mixed Non-Aligned Learning for Real Nighttime Image 
Hufsa Khan,2147395983,4,,Illuminating the darkness: experimental review of cutting-ed ;; Advancing low-light image enhancement through deep learning: ;; A comprehensive experiment-based review of low-light image e
Yutao Jin,2154182385;2308842803,4,,Unsupervised detail and color restorer for Retinex-based low ;; A hybrid framework for curve estimation based low light imag ;; Low-light image enhancement via adaptive frequency decomposi
Qingming Huang,1689702;2237597856,4,,Adaptive Multi-Exposure Image Correction via Joint Lightness ;; Unsupervised Low-Light Image Enhancement via Luminance Mask  ;; Unsupervised Low-Light Video Enhancement With Spatial-Tempor
Mingwen Shao,2237783247;2350666331,4,,Pool-mamba: Pooling state space model for low-light image en ;; Degradation-Guided cross-consistent deep unfolding network f ;; Multi-Domain Multi-Scale Diffusion Model for Low-Light Image
Zhigang Tu,2061178292;2352932765,4,,DED-net: multi-scale fusion and illumination-guided enhancem ;; OwlSight: A Robust Illumination Adaptation Framework for Dar ;; Dark-DSAR: Lightweight one-step pipeline for action recognit
Jinyuan Liu,2108510456;2293559619,4,,DEAL: Data-Efficient Adversarial Learning for High-Quality I ;; Enhancing Neural Radiance Fields with Adaptive Multi-Exposur ;; Holistic Dynamic Frequency Transformer for Image Fusion and 
A. Bhandari,2019243,4,,A Review on Computational Low-Light Image Enhancement Models ;; Low light image enhancement using reflection model and wavel ;; Laplacian and gaussian pyramid based multiscale fusion for n
Xiaofeng Zhang,2144525229;2257953748;2328309571,4,,Wakeup-Darkness: When Multimodal Meets Unsupervised Low-Ligh ;; Retinexmamba: Retinex-based Mamba for Low-light Image Enhanc ;; Enlighten-Your-Voice: When Multimodal Meets Zero-shot Low-li
Hao Tang,145462888;2275194660,4,,Wakeup-Darkness: When Multimodal Meets Unsupervised Low-Ligh ;; Enlighten-Your-Voice: When Multimodal Meets Zero-shot Low-li ;; Enlighten-Anything: When Segment Anything Model Meets Low-Li
He Xiao,2114210605,4,,Reffusion: Enhancement Conditional Diffusion Framework with  ;; A Global Self-Attention Memristive Neural Network for Image  ;; Neuromorphic Vision Restoration Network for Advanced Driver 
Kui Jiang,2237233392;2301686249;51360637,4,,Image Enhancement via Associated Perturbation Removal and Te ;; Fragrant: frequency-auxiliary guided relational attention ne ;; Decomposition Makes Better Rain Removal: An Improved Attenti
Baoliang Chen,1919597217,4,,RCNet: Deep Recurrent Collaborative Network for Multi-View L ;; Unrolled Decomposed Unpaired Learning for Controllable Low-L ;; Temporally Consistent Enhancement of Low-Light Videos via Sp
Xiongkuo Min,2246414,4,,GLARE: Low Light Image Enhancement via Generative Latent Fea ;; NTIRE 2023 Quality Assessment of Video Enhancement Challenge ;; VDPVE: VQA Dataset for Perceptual Video Enhancement
Yuan Gao,2118635326;2118635997;2244143114,4,,OneRestore: A Universal Restoration Framework for Composite  ;; Double Domain Guided Real-Time Low-Light Image Enhancement f ;; Joint Contrast Enhancement and Noise Suppression of Low-ligh
Bo Li,2155883252;2165247651;2246445422,4,,DAF-Retinex: Preserve the image detailed features and restor ;; BrightFormer: A transformer to brighten the image ;; Low-light Image Enhancement Algorithm Based on Exposure Pred
Yunlong Dong,2115459224;2198525074;2212175505,4,,Light-VQA+: A Video Quality Assessment Model for Exposure Co ;; NTIRE 2023 Quality Assessment of Video Enhancement Challenge ;; Light-VQA: A Multi-Dimensional Quality Assessment Model for 
Yixuan Gao,2118544238,4,,Light-VQA+: A Video Quality Assessment Model for Exposure Co ;; NTIRE 2023 Quality Assessment of Video Enhancement Challenge ;; Light-VQA: A Multi-Dimensional Quality Assessment Model for 
Hao Zhang,2302787661;2310367327;2376113450,4,,Semantic combined lightweight transformer low light image en ;; DRLIE: Flexible Low-Light Image Enhancement via Disentangled ;; Unsupervised Low-Light Image Enhancement Based on Explicit D
Jing Ye,144030865;2274013848,4,,SNR-Prior Guided Trajectory-Aware Transformer for Low-Light  ;; Joint low-light enhancement and deblurring with structural p ;; Spatio-temporal propagation and reconstruction for low-light
Changzhen Qiu,9326186,4,,SNR-Prior Guided Trajectory-Aware Transformer for Low-Light  ;; Joint low-light enhancement and deblurring with structural p ;; Spatio-temporal propagation and reconstruction for low-light
Zhiyong Zhang,2117992459,4,,SNR-Prior Guided Trajectory-Aware Transformer for Low-Light  ;; Joint low-light enhancement and deblurring with structural p ;; Spatio-temporal propagation and reconstruction for low-light
Tatsuya Harada,2147394803;2256612994,4,,Aleth-NeRF: Illumination Adaptive NeRF with Concealing Field ;; Aleth-NeRF: Low-light Condition View Synthesis with Conceali ;; You Only Need 90K Parameters to Adapt Light: a Light Weight 
Ziaur Rahman,145760130;2067838715,4,,Efficient Contrast Adjustment and Fusion Method for Underexp ;; Diverse image enhancer for complex underexposed image ;; Structure revealing of low-light images using wavelet transf
Dongming Zhou,2153594632;3041495,4,,Efficient low-light image enhancement with model parameters  ;; AEMS: an attention enhancement network of modules stacking f ;; AMBCR: Low-light image enhancement via attention guided mult
Yong Wang,2153952645;2153954532;2157288214;2237392111,4,,A Semi-Supervised Network Framework for low-light image enha ;; BrightFormer: A transformer to brighten the image ;; Combining attention mechanism and Retinex model to enhance l
R. W. Liu,3136503,4,,Double Domain Guided Real-Time Low-Light Image Enhancement f ;; Fast Deep Multi-patch Progressive Network for Low-light Imag ;; Low-Light Maritime Image Enhancement with Regularized Illumi
Xin-Yue Fan,2117800366,4,,Fearless Luminance Adaptation: A Macro-Micro-Hierarchical Tr ;; MonoTDP: Twin Depth Perception for Monocular 3D Object Detec ;; Advancing Unsupervised Low-light Image Enhancement: Noise Es
Sameer Malik,2000484626,4,,Semi-Supervised Learning for Low-light Image Restoration thr ;; Low Light Video Enhancement by Learning on Static Videos wit ;; Quality Assessment of Low-Light Restored Images: A Subjectiv
Shansi Zhang,2116577885,4,,LRT: An Efficient Low-Light Restoration Transformer for Dark ;; An effective decomposition-enhancement method to restore lig ;; An Effective Image Restorer: Denoising and Luminance Adjustm
E. Lam,1725389,4,,LRT: An Efficient Low-Light Restoration Transformer for Dark ;; An effective decomposition-enhancement method to restore lig ;; An Effective Image Restorer: Denoising and Luminance Adjustm
Chen Change Loy,1717179,4,,LEDNet: Joint Low-light Enhancement and Deblurring in the Da ;; Low-Light Image and Video Enhancement Using Deep Learning: A ;; Learning to Enhance Low-Light Image via Zero-Reference Deep 
Ying Fu,143728560;2107214086;2262425671,4,,Learning Temporal Consistency for Low Light Video Enhancemen ;; An Effective Network with ConvLSTM for Low-Light Image Enhan ;; Grayscale-Assisted RGB Image Conversion from Near-Infrared I
M. Lecca,2558075,4,,Comprehensive evaluation of image enhancement for unsupervis ;; Machine Vision and Robotics for Primary Food Manipulation an ;; Relighting Backlight and Spotlight Images using the von Krie
Yong Ma,2122482757;2291680328,3,,Unleashing the potential of Mamba: A novel approach for low- ;; Frequency-aware retinex-wavelet decomposition hybrid network ;; Zero-Shot Restoration of Underexposed Images via Robust Reti
Yi Han,2112846484;2238916924;2364634851,3,,FRT-Net: A Lightweight Frequency-Spatial Framework for Low-L ;; SEGCA-Net: Structure-exposure guided cross attention network ;; End-to-End Retinex-Based Illumination Attention Low-Light En
Haofeng Huang,48186372,3,,Seeing in the Dark with Ambient Guidance ;; Towards Low Light Enhancement With RAW Images ;; Benchmarking Low-Light Image Enhancement and Beyond
Ruirui Lin,2283107688,3,,PixIE: Prompted Pixel-Space Low-Light Image Enhancement ;; Dynamic Weight-based Temporal Aggregation for Low-light Vide ;; Low-light Video Enhancement with Conditional Diffusion Model
N. Anantrasirichai,1756108,3,,PixIE: Prompted Pixel-Space Low-Light Image Enhancement ;; Dynamic Weight-based Temporal Aggregation for Low-light Vide ;; Low-light Video Enhancement with Conditional Diffusion Model
Chenglin Wen,2238106022;2367323600,3,,A low-light image enhancement network with attention and cro ;; A depth iterative illumination estimation network for low-li ;; DBENet: Dual-Branch Brightness Enhancement Fusion Network fo
Jiesong Bai,2300253561,3,,Light 'em Up: Enabling Few-Shot Low-Light 3D Gaussian Splatt ;; DLEN: Dual Branch of Transformer for Low-Light Image Enhance ;; Retinexmamba: Retinex-based Mamba for Low-light Image Enhanc
Zhi Jin,2111471831;2297834069;2300435939,3,,Low Light Image Enhancement Challenge at NTIRE 2026 ;; Understanding and improving zero-reference deep curve estima ;; Low-Light Enhancement in the Frequency Domain
Shuo Zhang,2108032962;2117777418;2350998079,3,,Low Light Image Enhancement Challenge at NTIRE 2026 ;; TransDiff: Transformer-based diffusion model for low-light i ;; Multi-Stream Progressive Restoration for Low-Light Light Fie
Jing Xu,2364858782,3,,Low Light Image Enhancement Challenge at NTIRE 2026 ;; Low Light Image Enhancement Challenge at NTIRE 2026 ;; NTIRE 2026 The 3rd Restore Any Image Model (RAIM) Challenge:
Kun Zhou,2241255648;2269757386,3,,Low-Light Video Enhancement with An Effective Spatial-Tempor ;; Low-Light Video Enhancement via Spatial-Temporal Consistent  ;; Low-Light Video Enhancement via Spatial-Temporal Consistent 
Tao Hu,2291014998,3,,Low-Light Video Enhancement with An Effective Spatial-Tempor ;; Low-Light Video Enhancement via Spatial-Temporal Consistent  ;; Low-Light Video Enhancement via Spatial-Temporal Consistent 
Bei Yu,2121417136;2362514661,3,,Low-Light Video Enhancement with An Effective Spatial-Tempor ;; Low-Light Video Enhancement via Spatial-Temporal Consistent  ;; Seeing Dynamic Scene in the Dark: A High-Quality Video Datas
Qishen Li,2108107216,3,,Low-Light Image Enhancement Based on Retinex with Multi-Scal ;; Object Detection in Adverse Weather Based on Image Enhanceme ;; Low-light image enhancement model based on self-calibration 
Qiufeng Li,2154487963,3,,Low-Light Image Enhancement Based on Retinex with Multi-Scal ;; Object Detection in Adverse Weather Based on Image Enhanceme ;; Low-light image enhancement model based on self-calibration 
Hua Huang,143814264;2154489526,3,,Low-Light Image Enhancement Based on Retinex with Multi-Scal ;; Object Detection in Adverse Weather Based on Image Enhanceme ;; An Effective Network with ConvLSTM for Low-Light Image Enhan
Sathish Mothe,2346449677;2387411517,3,,HazeLightFormer: Joint transformer model for image dehazing  ;; MIDNet: Multilevel Integration and Disintegration Network fo ;; Multi-stage residual network with two fold attention mechani
Yong Zhong,2258070450;2316544777,3,,Perceptual enhanced multi-exposure image fusion network base ;; PPformer: Using pixel-wise and patch-wise cross-attention fo ;; WaveNet: Wave-Aware Image Enhancement
Kaibing Zhang,1723685;2238968445,3,,Rethinking progressive low-light image enhancement: A freque ;; Division Gets Better: Learning Brightness-Aware and Detail-S ;; Multi-Branch and Progressive Network for Low-Light Image Enh
Chao Xie,2064757396;2158024018,3,,DCD-Net: Decoupling-Centric Decomposition Network for Low-Li ;; Residual Quotient Learning for Zero-Reference Low-Light Imag ;; Low-Illumination Image Enhancement Based on Deep Learning Te
Chunxiao Liu,2107927047;2337269077,3,,Larger Hausdorff Dimension in Scanning Pattern Facilitates M ;; Efficient Retinex-Based Framework for Low-Light Image Enhanc ;; EFINet: Restoration for Low-Light Images via Enhancement-Fus
Jinhao Zhu,2265666097,3,,Context-based low-light image enhancement via multiscale neu ;; ZERRIN-Net: Adaptive low-light image enhancement using Retin ;; Zero-Shot Enhancement of Low-Light Image Based on Retinex De
Qiaofeng Ou,2261011,3,,Context-based low-light image enhancement via multiscale neu ;; ZERRIN-Net: Adaptive low-light image enhancement using Retin ;; Zero-Shot Enhancement of Low-Light Image Based on Retinex De
Bangshu Xiong,2265489543,3,,Context-based low-light image enhancement via multiscale neu ;; ZERRIN-Net: Adaptive low-light image enhancement using Retin ;; Zero-Shot Enhancement of Low-Light Image Based on Retinex De
Jiaxuan Wang,2271359439,3,,Rethinking the Low-Light Video Enhancement: Benchmark Datase ;; Exploring in Extremely Dark: Low-Light Video Enhancement wit ;; Dancing in the Dark: A Benchmark towards General Low-light V
Wenkai Zheng,2186746235,3,,Rethinking the Low-Light Video Enhancement: Benchmark Datase ;; Dancing in the Dark: A Benchmark towards General Low-light V ;; You Do Not Need Additional Priors or Regularizers in Retinex
Xicong Wang,2271362374,3,,Rethinking the Low-Light Video Enhancement: Benchmark Datase ;; Exploring in Extremely Dark: Low-Light Video Enhancement wit ;; Dancing in the Dark: A Benchmark towards General Low-light V
Jiangwei Weng,2301455592,3,,AIE-Net: Adaptive Illumination Estimation for Low-Light Imag ;; Daytime-Mixed Non-Aligned Learning for Real Nighttime Image  ;; MambaLLIE: Implicit Retinex-Aware Low Light Enhancement with
Xingzheng Wang,2289802165;48631703,3,,Towards Real-World Unsupervised Enhancement of Low-Light Lig ;; RLNet: Reshaping Learning Network for Accurate Low-Light Lig ;; PMSNet: Parallel Multi-Scale Network for Accurate Low-Light 
Xiaochun Cao,2265310728;2312733924,3,,DI-Retinex: Digital-Imaging Retinex Model for Low-Light Imag ;; Towards Realistic Low-Light Image Enhancement via ISP Driven ;; DI-Retinex: Digital-Imaging Retinex Theory for Low-Light Ima
Guang Han,2067642054;2184044895,3,,Dual-stream noise suppression low-light image enhancement ne ;; Unsupervised learning based dual-branch fusion low-light ima ;; Dual-Stream Adaptive Convergent Low-Light Image Enhancement 
Yonghua Zhang,2210479199,3,,TransDiff: Transformer-based diffusion model for low-light i ;; Local-Global Two-Branch Synergy to Optimize Exposure Correct ;; TCPCNet: a transformer-CNN parallel cooperative network for 
Lvchen Cao,2266359800,3,,TransDiff: Transformer-based diffusion model for low-light i ;; Local-Global Two-Branch Synergy to Optimize Exposure Correct ;; TCPCNet: a transformer-CNN parallel cooperative network for 
Ziqing Huang,2249123239,3,,TransDiff: Transformer-based diffusion model for low-light i ;; Local-Global Two-Branch Synergy to Optimize Exposure Correct ;; TCPCNet: a transformer-CNN parallel cooperative network for 
Jian Yang,13524601;2146236970;2273535040,3,,Daytime-Mixed Non-Aligned Learning for Real Nighttime Image  ;; MambaLLIE: Implicit Retinex-Aware Low Light Enhancement with ;; An automatic framework for endoscopic image restoration and 
Hao Luo,2320190989;2352068946,3,,Exploiting Long and Short Temporal Dependence for Low-Light  ;; R‐YOLOv5s: Improved YOLOv5s for Object Detection in Low‐Ligh ;; RCNet: Deep Recurrent Collaborative Network for Multi-View L
Bo Peng,2054590685,3,,Adaptive Multi-Exposure Image Correction via Joint Lightness ;; Unsupervised Low-Light Image Enhancement via Luminance Mask  ;; LVE-S2D: Low-Light Video Enhancement From Static to Dynamic
Zhe Zhang,2177091563,3,,Adaptive Multi-Exposure Image Correction via Joint Lightness ;; Unsupervised Low-Light Image Enhancement via Luminance Mask  ;; LVE-S2D: Low-Light Video Enhancement From Static to Dynamic
Tao Wang,2156018085;2257008916;48470152,3,,Adaptive Multi-Exposure Image Correction via Joint Lightness ;; Visual-Based Detection Method for Oil Leakage in Antarctic P ;; Near-infrared fusion for deep lightness enhancement
Jianjun Lei,143879230,3,,Adaptive Multi-Exposure Image Correction via Joint Lightness ;; Unsupervised Low-Light Image Enhancement via Luminance Mask  ;; LVE-S2D: Low-Light Video Enhancement From Static to Dynamic
Qian Zhao,2283488059;2287531441;46317290,3,,Deep Learning for Low-Light Vision: A Comprehensive Survey ;; A new two-stage low-light enhancement network with progressi ;; Low-Light Image Enhancement by Retinex-Based Algorithm Unrol
Yuanshuo Cheng,2153514280,3,,Degradation-Guided cross-consistent deep unfolding network f ;; Multi-Domain Multi-Scale Diffusion Model for Low-Light Image ;; Cross-Consistent Deep Unfolding Network for Adaptive All-In-
Deyu Meng,1803714;2237802857;2324996221,3,,Degradation-Guided cross-consistent deep unfolding network f ;; Cross-Consistent Deep Unfolding Network for Adaptive All-In- ;; Low-Light Image Enhancement by Retinex-Based Algorithm Unrol
Kai Zhang,2174637329;2335134242;2338711216,3,,Towards Realistic Low-Light Image Enhancement via ISP Driven ;; From Darkness to Detail: Frequency-Aware SSMs for Low-Light  ;; Opt2Ada: an universal method for single-image low-light enha
Xinyu Zhang,120070100;2287799135;2315892943,3,,A wavelet-based diffusion model for low-light image enhancem ;; HCSAM-Net: multistage network with a hybrid of convolution a ;; DEFormer: DCT-driven Enhancement Transformer for Low-light I
Pallavi Singh,2291444214,3,,A Review on Computational Low-Light Image Enhancement Models ;; Low light image enhancement using reflection model and wavel ;; Laplacian and gaussian pyramid based multiscale fusion for n
Chaochen Gu,2253450209;5494837,3,,Wakeup-Darkness: When Multimodal Meets Unsupervised Low-Ligh ;; Enlighten-Your-Voice: When Multimodal Meets Zero-shot Low-li ;; Enlighten-Anything: When Segment Anything Model Meets Low-Li
Xin Gao,2239459437;2321262054,3,,Wavelet-based enhancement network for low-light image ;; A non-uniform low-light image enhancement method with multi- ;; DEFormer: DCT-driven Enhancement Transformer for Low-light I
Zhen Wang,2118453658;2144787261;2304369480,3,,FIPNet: Self-supervised low-light image enhancement combinin ;; Contextual recovery network for low-light image enhancement  ;; Two-Stage Low-Light Image Enhancement Method Based on Genera
Xiaoyang Shen,2321356235,3,,ColorBoost-LLIE: A multi-loss guided low-light image enhance ;; LDWLE: self-supervised driven low-light object detection fra ;; Low-light image enhancement guided by multi-domain features 
Haibin Li,2321051136,3,,ColorBoost-LLIE: A multi-loss guided low-light image enhance ;; LDWLE: self-supervised driven low-light object detection fra ;; Low-light image enhancement guided by multi-domain features 
Yaqian Li,2267309136,3,,ColorBoost-LLIE: A multi-loss guided low-light image enhance ;; LDWLE: self-supervised driven low-light object detection fra ;; Low-light image enhancement guided by multi-domain features 
Wenming Zhang,2107979694,3,,ColorBoost-LLIE: A multi-loss guided low-light image enhance ;; LDWLE: self-supervised driven low-light object detection fra ;; Low-light image enhancement guided by multi-domain features 
Sara Aghajanzadeh,94297661,3,,Zero-Shot Low Light Image Enhancement with Diffusion Prior ;; Long Scale Error Control in Low Light Image and Video Enhanc ;; Towards Robust Low Light Image Enhancement
Shijie Hao,2355541760;6175623,3,,Enhancing Low-light Images Using a Coarse-to-fine Linear Map ;; SDI-Net: Toward Sufficient Dual-View Interaction for Low-lig ;; Low-light enhancement based on an improved simplified Retine
Feng Shao,2065221266;2166597539,3,,Perceptually-calibrated synergy network for night-time image ;; Benchmark Dataset and Pair-Wise Ranking Method for Quality E ;; Progressive Bidirectional Feature Extraction and Enhancement
Junjun Jiang,1708439;2141510194;2260831387,3,,Image Enhancement via Associated Perturbation Removal and Te ;; ChebyLighter: Optimal Curve Estimation for Low-light Image E ;; Decomposition Makes Better Rain Removal: An Improved Attenti
Xin Xu,2152775854;2152777417;2211729345,3,,Image Enhancement via Associated Perturbation Removal and Te ;; Unsupervised Image Enhancement Method Based on Attention Map ;; Single low-light image brightening using learning-based inte
Hegui Zhu,2117693876;2565254,3,,A new two-stage low-light enhancement network with progressi ;; Pre-denoising 3D Multi-scale Fusion Attention Network for Lo ;; Low-light image enhancement network with decomposition and a
Zhenqi Fu,31419775,3,,Unsupervised Low-light Image Enhancement with Lookup Tables  ;; AGLLDiff: Guiding Diffusion Models Towards Unsupervised Trai ;; Learning a Simple Low-Light Image Enhancer from Paired Low-L
Xinghao Ding,2262201427;2713947,3,,Unsupervised Low-light Image Enhancement with Lookup Tables  ;; AGLLDiff: Guiding Diffusion Models Towards Unsupervised Trai ;; Learning a Simple Low-Light Image Enhancer from Paired Low-L
Jue Wang,2109763930,3,,DAF-Retinex: Preserve the image detailed features and restor ;; Low-light Image Enhancement Algorithm Based on Exposure Pred ;; WSA-YOLO: Weak-Supervised and Adaptive Object Detection in t
Tengchuan Kou,2131091027,3,,Light-VQA+: A Video Quality Assessment Model for Exposure Co ;; NTIRE 2023 Quality Assessment of Video Enhancement Challenge ;; VDPVE: VQA Dataset for Perceptual Video Enhancement
Marco Cotogni,1885493;2265674038,3,,Select & Enhance: Masked-based image enhancement through tre ;; TreEnhance: A tree search method for low-light image enhance ;; TreEnhance: An Automatic Tree-Search Based Method for Low-Li
Haiyang Jiang,152743682;2266241316,3,,Motion Blur Decomposition with Cross-shutter Guidance ;; ARODNet: adaptive rain image enhancement object detection ne ;; Learning to See Moving Objects in the Dark
Zhanqiang Huo,1816039841;2293441519,3,,Dual-band low-light image enhancement ;; Rethinking Zero-DCE for Low-Light Image Enhancement ;; Low-light Image Enhancement via Unsupervised Progressive Fus
Zhiying Jiang,2292303526;3109913,3,,Enhancing Neural Radiance Fields with Adaptive Multi-Exposur ;; Holistic Dynamic Frequency Transformer for Image Fusion and  ;; Fearless Luminance Adaptation: A Macro-Micro-Hierarchical Tr
Zhenbing Liu,1904697,3,,Low-light image enhancement via multistage Laplacian feature ;; FDMLNet: A Frequency-Division and Multiscale Learning Networ ;; FFENet: Learning Frequency Features for Low-Light Enhancemen
Haoxiang Lu,2115608321,3,,Low-light image enhancement via multistage Laplacian feature ;; FDMLNet: A Frequency-Division and Multiscale Learning Networ ;; FFENet: Learning Frequency Features for Low-Light Enhancemen
Jun Zhang,2155662657;2186277910;2269054494,3,,High-Fidelity StyleGAN Inversion and Attribute Editing for L ;; Low-light image enhancement via deep Retinex decomposition a ;; Low-Light Raw Video Denoising With a High-Quality Realistic 
Xiao Sun,2112349534;2273669927;2318258797,3,,Aleth-NeRF: Illumination Adaptive NeRF with Concealing Field ;; DEFormer: DCT-driven Enhancement Transformer for Low-light I ;; Aleth-NeRF: Low-light Condition View Synthesis with Conceali
M. Aamir,2147469944,3,,Efficient Contrast Adjustment and Fusion Method for Underexp ;; Structure revealing of low-light images using wavelet transf ;; Efficient Image Enhancement Model for Correcting Uneven Illu
Jingxiang Qu,2189470689,3,,Double Domain Guided Real-Time Low-Light Image Enhancement f ;; Rep-Enhancer: Re-parameterizing Neural Network for Real-time ;; MDSFE: Multiscale Deep Stacking Fusion Enhancer Network for 
Xiwen Liang,51291599,3,,Low-light image enhancement via adaptive frequency decomposi ;; Enhancement methodology for low light image ;; A lightweight low-light image enhancement network
Wei Sun,2153198409,3,,NTIRE 2023 Quality Assessment of Video Enhancement Challenge ;; VDPVE: VQA Dataset for Perceptual Video Enhancement ;; Perceptual Quality Assessment of Low-light Image Enhancement
Linghao Han,2118503811,3,,DNF: Decouple and Feedback Network for Seeing in the Dark ;; Low-Light Image and Video Enhancement Using Deep Learning: A ;; Lighting the Darkness in the Deep Learning Era
Y. Qiao,145858545;2059129841,3,,Aleth-NeRF: Low-light Condition View Synthesis with Conceali ;; You Only Need 90K Parameters to Adapt Light: a Light Weight  ;; Illumination Adaptive Transformer
Guodong Fan,2093184672;2298760903,3,,Low-light image enhancement via multistage feature fusion ne ;; Fractal pyramid low-light image enhancement network with ill ;; Spatio-temporal collaborative optimization for event-guided 
Weiqiang Liu,2163947273,3,,A Survey of Low-light Image Enhancement ;; A low-light image enhancement method based on atmospheric sc ;; Low-Light Image Enhancement Algorithm Based on Multi-scale C
Penghui Zhao,8049880,3,,A Survey of Low-light Image Enhancement ;; A low-light image enhancement method based on atmospheric sc ;; Low-Light Image Enhancement Algorithm Based on Multi-scale C
Xin Fan,144309189,3,,Best of Both Worlds: See and Understand Clearly in the Dark ;; Hierarchical Bilevel Learning with Architecture and Loss Sea ;; Collaborative Reflectance-And-Illumination Learning For High
Min-Cheol Hong,2268097214;3689350,3,,Low-Light Image Enhancement Using Hybrid Deep-Learning and M ;; Learning to Concurrently Brighten and Mitigate Deterioration ;; DMT-Net: Deep Multiple Networks for Low-Light Image Enhancem
Linwei Fan,31431421,3,,Attention-based multi-channel feature fusion enhancement net ;; Attention-Guided Multi-Scale Feature Fusion Network for Low- ;; Progressive Dual-Branch Network for Low-Light Image Enhancem
Jian Wang,2152765441;2152766744,3,,Low-light image enhancement based on normal-light image degr ;; Low-Light Image Enhancement Based on Multi-Path Interaction ;; Seeing in Extra Darkness Using a Deep-Red Flash
Xinxu Wei,2128378378,3,,TSN-CA: A Two-Stage Network with Channel Attention for Low-L ;; DA-DRN: Degradation-Aware Deep Retinex Network for Low-Light ;; BLNet: A Fast Deep Learning Framework for Low-Light Image En
Xian-Shi Zhang,2108002784,3,,TSN-CA: A Two-Stage Network with Channel Attention for Low-L ;; DA-DRN: Degradation-Aware Deep Retinex Network for Low-Light ;; BLNet: A Fast Deep Learning Framework for Low-Light Image En
Shisen Wang,2116301680,3,,TSN-CA: A Two-Stage Network with Channel Attention for Low-L ;; DA-DRN: Degradation-Aware Deep Retinex Network for Low-Light ;; BLNet: A Fast Deep Learning Framework for Low-Light Image En
Yanlin Huang,2145434848,3,,TSN-CA: A Two-Stage Network with Channel Attention for Low-L ;; DA-DRN: Degradation-Aware Deep Retinex Network for Low-Light ;; BLNet: A Fast Deep Learning Framework for Low-Light Image En
Yongjie Li,2110515159,3,,TSN-CA: A Two-Stage Network with Channel Attention for Low-L ;; DA-DRN: Degradation-Aware Deep Retinex Network for Low-Light ;; BLNet: A Fast Deep Learning Framework for Low-Light Image En
Chen Chen,2141809280,3,,Decomposition Makes Better Rain Removal: An Improved Attenti ;; Degrade is Upgrade: Learning Degradation for Low-light Image ;; Seeing Motion in the Dark
S. Kwong,121840359,3,,Glow in the Dark: Low-Light Image Enhancement With External  ;; CodedBGT: Code Bank-Guided Transformer for Low-Light Image E ;; Dual-Stream Adaptive Convergent Low-Light Image Enhancement 
Sena Yagmur Sen,122478756,2,,SPIM-FUSE: Sparsely-Coded Image Fusion for Low-Light Enhance ;; Retinex-Fusion: A Novel Paradigm for Ultra-Low Light Image E
Gazihan Alankus,2734839,2,,SPIM-FUSE: Sparsely-Coded Image Fusion for Low-Light Enhance ;; Retinex-Fusion: A Novel Paradigm for Ultra-Low Light Image E
Mehmet Turkan,70031922,2,,SPIM-FUSE: Sparsely-Coded Image Fusion for Low-Light Enhance ;; Retinex-Fusion: A Novel Paradigm for Ultra-Low Light Image E
Deyang Liu,2267870621,2,,Probabilistic-Based Learning for Joint Light Field Image Com ;; Structure-Aware and Implicit Restoration for Low-Light Light
Jimin Wang,2265361368,2,,Probabilistic-Based Learning for Joint Light Field Image Com ;; Structure-Aware and Implicit Restoration for Low-Light Light
Lei Wang,2152504244;2273651306,2,,Integration of KAN with an enhanced multi-scale mamba archit ;; Low-Light Image Enhancement with Attention and Multi-level F
Ge Wang,2296241759,2,,Unleashing the potential of Mamba: A novel approach for low- ;; Frequency-aware retinex-wavelet decomposition hybrid network
Jun Huang,2118226234,2,,Unleashing the potential of Mamba: A novel approach for low- ;; Frequency-aware retinex-wavelet decomposition hybrid network
Fan Fan,40513331,2,,Unleashing the potential of Mamba: A novel approach for low- ;; Frequency-aware retinex-wavelet decomposition hybrid network
Yi Lu,2398722320,2,,Unleashing the potential of Mamba: A novel approach for low- ;; Frequency-aware retinex-wavelet decomposition hybrid network
Trung-Hieu Le,46230648,2,,Diffusion-guided knowledge absorption for robust object dete ;; Diffusion-based feature absorption approach for improving li
Dong Guo,2279317726,2,,FRT-Net: A Lightweight Frequency-Spatial Framework for Low-L ;; SEGCA-Net: Structure-exposure guided cross attention network
Yifan Shuai,2185687544,2,,GAformer: Low-Light Image Enhancement Based on Gradient-Awar ;; A Channel-Wise Guidance Sparse Transformer for Effective Dar
Xiaojie Guo,2256638354;33465926,2,,Internally Referenced Low-Light Enhancement ;; DRLIE: Flexible Low-Light Image Enhancement via Disentangled
Guoxi Huang,2311632284,2,,PixIE: Prompted Pixel-Space Low-Light Image Enhancement ;; Dynamic Weight-based Temporal Aggregation for Low-light Vide
Xiang Ji,2267883576,2,,Moment-Reenacting: Inverse Motion Degradation with Cross-shu ;; Motion Blur Decomposition with Cross-shutter Guidance
Xuxu Yang,2274914394;2325742353,2,,A two-stage low-light image enhancement network combining sp ;; MDFF-Net: Multi-level Dynamic Feature Fusion Network Combine
Yitao Liang,2325728040,2,,A two-stage low-light image enhancement network combining sp ;; MDFF-Net: Multi-level Dynamic Feature Fusion Network Combine
Degang Xu,2325706382,2,,A two-stage low-light image enhancement network combining sp ;; MDFF-Net: Multi-level Dynamic Feature Fusion Network Combine
Juan Xia,2325817144,2,,A two-stage low-light image enhancement network combining sp ;; MDFF-Net: Multi-level Dynamic Feature Fusion Network Combine
Lan Li,2282087684,2,,A two-stage low-light image enhancement network combining sp ;; MDFF-Net: Multi-level Dynamic Feature Fusion Network Combine
Yuhao Yin,2301176355,2,,Light 'em Up: Enabling Few-Shot Low-Light 3D Gaussian Splatt ;; Retinexmamba: Retinex-based Mamba for Low-light Image Enhanc
Nikhil Neelkanth Akalwadi,2268207680,2,,Low Light Image Enhancement Challenge at NTIRE 2026 ;; LightNet: Generative Model for Enhancement of Low-Light Imag
Uma Mudenagudi,2938896,2,,Low Light Image Enhancement Challenge at NTIRE 2026 ;; LightNet: Generative Model for Enhancement of Low-Light Imag
R. Tabib,9141151,2,,Low Light Image Enhancement Challenge at NTIRE 2026 ;; LightNet: Generative Model for Enhancement of Low-Light Imag
Wei Zhou,2256662364;2337299236,2,,Low Light Image Enhancement Challenge at NTIRE 2026 ;; Residual Quotient Learning for Zero-Reference Low-Light Imag
Lin Wang,2144734129;2294355997,2,,Low Light Image Enhancement Challenge at NTIRE 2026 ;; EvLight++: Low-Light Video Enhancement With an Event Camera:
Jiachen Tu,2360174435,2,,Low Light Image Enhancement Challenge at NTIRE 2026 ;; NTIRE 2026 The 3rd Restore Any Image Model (RAIM) Challenge:
Guoyi Xu,2315615688,2,,Low Light Image Enhancement Challenge at NTIRE 2026 ;; NTIRE 2026 The 3rd Restore Any Image Model (RAIM) Challenge:
Yaoxin Jiang,2410723309,2,,Low Light Image Enhancement Challenge at NTIRE 2026 ;; NTIRE 2026 The 3rd Restore Any Image Model (RAIM) Challenge:
Jiajia Liu,2284527438;2339225957,2,,Low Light Image Enhancement Challenge at NTIRE 2026 ;; NTIRE 2026 The 3rd Restore Any Image Model (RAIM) Challenge:
Yaokun Shi,2360348276,2,,Low Light Image Enhancement Challenge at NTIRE 2026 ;; NTIRE 2026 The 3rd Restore Any Image Model (RAIM) Challenge:
Alexandru Brateanu,2281742235,2,,Low Light Image Enhancement Challenge at NTIRE 2026 ;; Multinex: Lightweight Low-light Image Enhancement via Multi-
Cosmin Ancuți,1701934,2,,Low Light Image Enhancement Challenge at NTIRE 2026 ;; Multinex: Lightweight Low-light Image Enhancement via Multi-
C. Ancuti,40124146,2,,Low Light Image Enhancement Challenge at NTIRE 2026 ;; Multinex: Lightweight Low-light Image Enhancement via Multi-
Xin Deng,2277041332,2,,Low Light Image Enhancement Challenge at NTIRE 2026 ;; NTIRE 2025 Challenge on UGC Video Enhancement: Methods and R
Mai Xu,2297135177,2,,Low Light Image Enhancement Challenge at NTIRE 2026 ;; NTIRE 2025 Challenge on UGC Video Enhancement: Methods and R
Shengxi Li,2272184472;2298054749,2,,Low Light Image Enhancement Challenge at NTIRE 2026 ;; Luminance-Aware Statistical Quantization: Unsupervised Hiera
Shijun Shi,2260645441,2,,Low Light Image Enhancement Challenge at NTIRE 2026 ;; NTIRE 2026 The 3rd Restore Any Image Model (RAIM) Challenge:
Yong Liu,2257376004;2265222933,2,,Low Light Image Enhancement Challenge at NTIRE 2026 ;; NTIRE 2026 The 3rd Restore Any Image Model (RAIM) Challenge:
Kai Hu,2341287465,2,,Low Light Image Enhancement Challenge at NTIRE 2026 ;; NTIRE 2026 The 3rd Restore Any Image Model (RAIM) Challenge:
Xianfang Zeng,22248940,2,,Low Light Image Enhancement Challenge at NTIRE 2026 ;; NTIRE 2026 The 3rd Restore Any Image Model (RAIM) Challenge:
Jun Chen,2261186402,2,,Low Light Image Enhancement Challenge at NTIRE 2026 ;; GLARE: Low Light Image Enhancement via Generative Latent Fea
Hongwei Wang,2266008826;2267866044,2,,NTIRE 2026 The 3rd Restore Any Image Model (RAIM) Challenge: ;; A Roadheader Positioning Method Based on Multi-Sensor Fusion
Shuyuan Zhu,1719428;2292364503,2,,NTIRE 2026 The 3rd Restore Any Image Model (RAIM) Challenge: ;; Learning to Kindle the Starlight
O. Eker,32449861,2,,EeveeDark: A Binary Neural Framework for Low-Light Video Enh ;; HUE Dataset: High-Resolution Event and Frame Sequences for L
Wonjun Jo,2401827864,2,,LiDAR-Anchored Collaborative Distillation for Robust 2D Repr ;; DarkEQA: Benchmarking Vision-Language Models for Embodied Qu
Hyunwoo Ha,2281868998,2,,LiDAR-Anchored Collaborative Distillation for Robust 2D Repr ;; DarkEQA: Benchmarking Vision-Language Models for Embodied Qu
Tae-Hyun Oh,2274931352,2,,LiDAR-Anchored Collaborative Distillation for Robust 2D Repr ;; DarkEQA: Benchmarking Vision-Language Models for Embodied Qu
Jiafei Wu,2276486864,2,,Low-Light Video Enhancement with An Effective Spatial-Tempor ;; Low-Light Video Enhancement via Spatial-Temporal Consistent 
Hao Peng,2362646460,2,,Low-Light Video Enhancement with An Effective Spatial-Tempor ;; Low-Light Video Enhancement via Spatial-Temporal Consistent 
Xiaoyu Wu,2329311875,2,,LPENet: A laplacian pyramid enhancement network for object d ;; Dark-DENet: A Lightweight Enhancement Network for Low-Light 
Yuxiang Shao,2330076798,2,,LPENet: A laplacian pyramid enhancement network for object d ;; Dark-DENet: A Lightweight Enhancement Network for Low-Light 
Xinyu Jin,2342650177,2,,LPENet: A laplacian pyramid enhancement network for object d ;; Dark-DENet: A Lightweight Enhancement Network for Low-Light 
Hongji Chen,2351796298;2374279063,2,,SARA-Net: a lightweight and adaptive network for low-light i ;; RetinexWT: Retinex-Based Low-Light Enhancement Method Combin
Wei Li,2285128159,2,,A pretrained CNN-guided diffusion framework with color trans ;; Real-time efficient image enhancement in low-light condition
Yongcan Zhao,2297704345,2,,A pretrained CNN-guided diffusion framework with color trans ;; Real-time efficient image enhancement in low-light condition
Wei Lu,2322593644;2347685425,2,,Low-Light Scene Text Image Enhancement in the Wild ;; Unsupervised Ultra-High-Resolution UAV Low-Light Image Enhan
Xuan Li,2108263450;2243031426,2,,A robust zero-shot framework based on adaptive illumination  ;; Low-Light Video Enhancement Using Deep Learning
Yuhua Qian,2087074282;2187326606,2,,Illumination-adaptive feature enhancement for low-light obje ;; Linear Array Network for Low-light Image Enhancement
Keqi Wang,2124619255;2318750600,2,,Illumination-adaptive feature enhancement for low-light obje ;; Linear Array Network for Low-light Image Enhancement
Xiaolin Qin,2268725569;2342112963,2,,Perceptual enhanced multi-exposure image fusion network base ;; PPformer: Using pixel-wise and patch-wise cross-attention fo
Jie Li,2298095688;49298718,2,,Towards Vehicle-Infrastructure Cooperation: A Retina-Inspire ;; Multi-Branch and Progressive Network for Low-Light Image Enh
Qiuping Jiang,2238896888,2,,SGNet: Style-Guided Network With Temporal Compensation for U ;; Benchmark Dataset and Pair-Wise Ranking Method for Quality E
Zhichao Xin,145781081;2326618994,2,,Vision-Based Method for Visitor Detection in Nighttime Sceni ;; ULL-SLAM: underwater low-light enhancement for the front-end
Li Liu,2355058489;2390918957,2,,Luminance-Aware Statistical Quantization: Unsupervised Hiera ;; Towards Realistic Low-Light Image Enhancement via ISP Driven
Wei Wang,2158505639;2158626214,2,,DCD-Net: Decoupling-Centric Decomposition Network for Low-Li ;; Unsupervised Low Light Enhancement Method with Inherent Diff
Xin Wang,2322102717,2,,Rethinking the Low-Light Video Enhancement: Benchmark Datase ;; Exploring in Extremely Dark: Low-Light Video Enhancement wit
Yinghao Liu,2343996305,2,,Real-time efficient image enhancement in low-light condition ;; Local-Global Two-Branch Synergy to Optimize Exposure Correct
Wenhui Wu,2139644112,2,,Low-Light Image Enhancement Through Learning a Simplified In ;; Interpretable Optimization-Inspired Unfolding Network for Lo
Pingping Zhang,2154286605,2,,Low-Light Image Enhancement Through Learning a Simplified In ;; Interpretable Optimization-Inspired Unfolding Network for Lo
Daniel Torres,2289882421,2,,A Retinex-Based Variational Model with A Nonlocal Gradient-T ;; Nonlocal Retinex-Based Variational Model and its Deep Unfold
Catalina Sbert,2289884726,2,,A Retinex-Based Variational Model with A Nonlocal Gradient-T ;; Nonlocal Retinex-Based Variational Model and its Deep Unfold
Joan Duran,2289881176,2,,A Retinex-Based Variational Model with A Nonlocal Gradient-T ;; Nonlocal Retinex-Based Variational Model and its Deep Unfold
Muhammad Tahir Rasheed,2267912972,2,,Illuminating the darkness: experimental review of cutting-ed ;; Advancing low-light image enhancement through deep learning:
Shangquan Sun,2125119000,2,,DI-Retinex: Digital-Imaging Retinex Model for Low-Light Imag ;; DI-Retinex: Digital-Imaging Retinex Theory for Low-Light Ima
Jingyang Peng,2295120922,2,,DI-Retinex: Digital-Imaging Retinex Model for Low-Light Imag ;; DI-Retinex: Digital-Imaging Retinex Theory for Low-Light Ima
Fenglong Song,2274326993,2,,DI-Retinex: Digital-Imaging Retinex Model for Low-Light Imag ;; DI-Retinex: Digital-Imaging Retinex Theory for Low-Light Ima
Mehmood Nawaz,2322903403;38317000,2,,Deep Neural Networks for Block-Level Video Enhancement: Tran ;; Block Based Enhancement using Deep Learning for Conversion o
Yue Sun,2308737330,2,,Unsupervised detail and color restorer for Retinex-based low ;; A hybrid framework for curve estimation based low light imag
Xiaoning Yan,2152614428,2,,Unsupervised detail and color restorer for Retinex-based low ;; A hybrid framework for curve estimation based low light imag
Yujie Ding,2266136792,2,,TransDiff: Transformer-based diffusion model for low-light i ;; TCPCNet: a transformer-CNN parallel cooperative network for 
Feng Zhang,2158118770;2373871211,2,,Robust Low-Light Scene Restoration via Illumination Transiti ;; RSCNN: A CNN-Based Method to Enhance Low-Light Remote-Sensin
Ying-ji Tai,13459129,2,,Daytime-Mixed Non-Aligned Learning for Real Nighttime Image  ;; MambaLLIE: Implicit Retinex-Aware Low Light Enhancement with
Xiaofei Zhang,2283178437,2,,TPE-YOLO: improved low-light object detection using a two-wa ;; DBLDNet: dual branch low light object detector based on feat
Xiaoguang Di,2243656776,2,,TPE-YOLO: improved low-light object detection using a two-wa ;; DBLDNet: dual branch low light object detector based on feat
Zeyao Hou,2350339437,2,,Low-light image enhancement method based on retinex theory a ;; A hybrid framework for curve estimation based low light imag
Jia Zhang,2271223169,2,,Adaptive Multi-Exposure Image Correction via Joint Lightness ;; Unsupervised Low-Light Image Enhancement via Luminance Mask 
Gang Li,143736623;2284864325,2,,Deep Learning for Low-Light Vision: A Comprehensive Survey ;; Learning a Single Convolutional Layer Model for Low Light Im
Rui He,2260455216,2,,"LEESDFormer: A lightweight unsupervised CNN-Transformer-base ;; LEES-Net: Fast, lightweight unsupervised curve estimation ne"
Xuanhe Li,2266001395,2,,"LEESDFormer: A lightweight unsupervised CNN-Transformer-base ;; LEES-Net: Fast, lightweight unsupervised curve estimation ne"
Jian Wu,2260728198,2,,"LEESDFormer: A lightweight unsupervised CNN-Transformer-base ;; LEES-Net: Fast, lightweight unsupervised curve estimation ne"
Yecong Wan,2147200675,2,,Degradation-Guided cross-consistent deep unfolding network f ;; Cross-Consistent Deep Unfolding Network for Adaptive All-In-
Wangmeng Zuo,2279210262,2,,Degradation-Guided cross-consistent deep unfolding network f ;; Degraded Structure and Hue Guided Auxiliary Learning for low
Shihao Cheng,2353201686,2,,DED-net: multi-scale fusion and illumination-guided enhancem ;; OwlSight: A Robust Illumination Adaptation Framework for Dar
Srinivas Kankanala,2346439254,2,,MIDNet: Multilevel Integration and Disintegration Network fo ;; Multi-stage residual network with two fold attention mechani
Ying Chen,2359764258;47558464,2,,NTIRE 2025 Challenge on UGC Video Enhancement: Methods and R ;; NTIRE 2023 Quality Assessment of Video Enhancement Challenge
Kai Chen,2259864823,2,,NTIRE 2025 Challenge on UGC Video Enhancement: Methods and R ;; UMLE: Unsupervised Multi-discriminator Network for Low Light
Xun Wang,2115535644;2261797107,2,,Efficient Retinex-Based Framework for Low-Light Image Enhanc ;; EFINet: Restoration for Low-Light Images via Enhancement-Fus
Jie Zhang,2262092430;2266631253,2,,Vehicle spatiotemporal distribution identification in low-li ;; LEGAN: A low-light image enhancement generative adversarial 
Jiabao Chen,2265518764,2,,ZERRIN-Net: Adaptive low-light image enhancement using Retin ;; Zero-Shot Enhancement of Low-Light Image Based on Retinex De
Cheuk-Yiu Chan,2186563089,2,,Back Projection Generative Strategy for Low and Normal Light ;; AnlightenDiff: Anchoring Diffusion Probabilistic Model on Lo
Yuk-Hee Chan,2271606055,2,,Back Projection Generative Strategy for Low and Normal Light ;; AnlightenDiff: Anchoring Diffusion Probabilistic Model on Lo
Boyang Liu,2156643027;2357042495,2,,Transferring enhanced material knowledge via image quality e ;; Robust Low-Light Pedestrian Detection via Optimized Zero-DCE
Yuming Fang,2355404388;4639656,2,,Towards Realistic Low-Light Image Enhancement via ISP Driven ;; Band Representation-Based Semi-Supervised Low-Light Image En
Rugang Wang,49908074,2,,SwinLightGAN a study of low-light image enhancement algorith ;; A Low-Light Image Enhancement Algorithm Incorporating Cross-
Mingyang Zhang,2293555715,2,,SwinLightGAN a study of low-light image enhancement algorith ;; A Low-Light Image Enhancement Algorithm Incorporating Cross-
Yuanyuan Wang,2146025300,2,,SwinLightGAN a study of low-light image enhancement algorith ;; A Low-Light Image Enhancement Algorithm Incorporating Cross-
Feng Zhou,97662451,2,,SwinLightGAN a study of low-light image enhancement algorith ;; A Low-Light Image Enhancement Algorithm Incorporating Cross-
Xuesheng Bian,2287083741,2,,SwinLightGAN a study of low-light image enhancement algorith ;; A Low-Light Image Enhancement Algorithm Incorporating Cross-
Lin Zhang,2143834929;2143838789,2,,MA-MNN: Multi-flow attentive memristive neural network for m ;; Zero-Shot Restoration of Underexposed Images via Robust Reti
Yu Yang,2296392822;2337464172,2,,MA-MNN: Multi-flow attentive memristive neural network for m ;; RTF-SAW-YOLOv11: A Bolt Defect Detection Model for Power Tra
Jiaqi Wu,2110435150;2292459577,2,,CLIP-Optimized Multimodal Image Enhancement via ISP-CNN Fusi ;; Learning to Kindle the Starlight
F. Yu,2212061665;2256990287,2,,CLIP-Optimized Multimodal Image Enhancement via ISP-CNN Fusi ;; Semi-supervised Zero-Shot Learning in Retinex decomposition-
Li Li,2166286078;2305255455,2,,Patch-Wise-Based Diffusion Model with Uncertainty Guidance f ;; NRNet: Retinex Decomposition with Realistic Noise
Jishen Peng,153179279,2,,Patch-Wise-Based Diffusion Model with Uncertainty Guidance f ;; NRNet: Retinex Decomposition with Realistic Noise
Gang Liu,2266223708,2,,Illumination enhancement discriminator and compensation atte ;; GDNet: a low-light image enhancement network based on Ghost-
Gaoqiang Wang,2331074432,2,,Illumination enhancement discriminator and compensation atte ;; GDNet: a low-light image enhancement network based on Ghost-
D. P. Bavirisetti,9151922,2,,Illumination enhancement discriminator and compensation atte ;; GDNet: a low-light image enhancement network based on Ghost-
Xinwei Xue,2324342252;32797485,2,,Crossing the Chasm: A practical architecture augmentation fo ;; Best of Both Worlds: See and Understand Clearly in the Dark
Zishan Xu,2258090051,2,,Wakeup-Darkness: When Multimodal Meets Unsupervised Low-Ligh ;; Enlighten-Your-Voice: When Multimodal Meets Zero-shot Low-li
Xiangchen Yin,2240802580,2,,Wavelet-based enhancement network for low-light image ;; DEFormer: DCT-driven Enhancement Transformer for Low-light I
Gang Wang,2297314711;2307771123,2,,FIPNet: Self-supervised low-light image enhancement combinin ;; Deep Learning Strategies for Addressing Anomalous Exposure i
Xiaofeng Wang,2237108013;2258446554,2,,ILENet: Illumination-Modulated Laplacian-Pyramid Enhancement ;; Image Restoration via Low-Illumination to Normal-Illuminatio
Linfeng Fei,2205900248,2,,Residual Quotient Learning for Zero-Reference Low-Light Imag ;; Low-Illumination Image Enhancement Based on Deep Learning Te
Yuantao Wang,2203021722,2,,Gated image-adaptive network for driving-scene object detect ;; ARODNet: adaptive rain image enhancement object detection ne
Yuanyao Lu,2266200183,2,,Gated image-adaptive network for driving-scene object detect ;; ARODNet: adaptive rain image enhancement object detection ne
Yongsheng Qiu,47604559,2,,Gated image-adaptive network for driving-scene object detect ;; ARODNet: adaptive rain image enhancement object detection ne
Jiangli Shi,2241079713;48377179,2,,Perceptually-calibrated synergy network for night-time image ;; Progressive Bidirectional Feature Extraction and Enhancement
Rui Yang,2279292987;2325570097,2,,Enhanced soft domain adaptation for object detection in the  ;; Hierarchical image enhancement based on intersectional corti
Shuaicheng Liu,2311739754,2,,You Only Look Around: Learning Illumination Invariant Featur ;; GLARE: Low Light Image Enhancement via Generative Latent Fea
Luyang Wang,2170435;2440937125,2,,A new two-stage low-light enhancement network with progressi ;; Pre-denoising 3D Multi-scale Fusion Attention Network for Lo
Yuelin Liu,2119035218;2293174306,2,,A new two-stage low-light enhancement network with progressi ;; Low-light image enhancement network with decomposition and a
Yunlong Lin,2262081005,2,,Unsupervised Low-light Image Enhancement with Lookup Tables  ;; AGLLDiff: Guiding Diffusion Models Towards Unsupervised Trai
Tian Ye,2280882260,2,,Unsupervised Low-light Image Enhancement with Lookup Tables  ;; AGLLDiff: Guiding Diffusion Models Towards Unsupervised Trai
Sixiang Chen,2111636335,2,,Unsupervised Low-light Image Enhancement with Lookup Tables  ;; AGLLDiff: Guiding Diffusion Models Towards Unsupervised Trai
Yingying Wang,2261894410,2,,Unsupervised Low-light Image Enhancement with Lookup Tables  ;; AGLLDiff: Guiding Diffusion Models Towards Unsupervised Trai
Yue Huang,1950637,2,,Unsupervised Low-light Image Enhancement with Lookup Tables  ;; Learning a Simple Low-Light Image Enhancer from Paired Low-L
Xiaotong Tu,30693423,2,,Unsupervised Low-light Image Enhancement with Lookup Tables  ;; Learning a Simple Low-Light Image Enhancer from Paired Low-L
Yonglong Jiang,2185025897,2,,A Joint Network for Low-Light Image Enhancement Based on Ret ;; DEANet: Decomposition Enhancement and Adjustment Network for
Hongbing Ma,2153231160;2408757,2,,A Joint Network for Low-Light Image Enhancement Based on Ret ;; DEANet: Decomposition Enhancement and Adjustment Network for
Jinhong He,2278779333,2,,Optimizing 4D Lookup Table for Low-light Video Enhancement v ;; Optimizing a 4D Lookup Table for Low-Light Video Enhancement
Minglong Xue,2239994043,2,,Optimizing 4D Lookup Table for Low-light Video Enhancement v ;; Optimizing a 4D Lookup Table for Low-Light Video Enhancement
Wenhai Wang,2278582110,2,,Optimizing 4D Lookup Table for Low-light Video Enhancement v ;; Optimizing a 4D Lookup Table for Low-Light Video Enhancement
Mingliang Zhou,2269261255;2278620870,2,,Optimizing 4D Lookup Table for Low-light Video Enhancement v ;; Optimizing a 4D Lookup Table for Low-Light Video Enhancement
Kanghao Chen,2294580844,2,,EvLight++: Low-Light Video Enhancement With an Event Camera: ;; Event-Guided Consistent Video Enhancement with Modality-Adap
Guoqiang Liang,2294359232,2,,EvLight++: Low-Light Video Enhancement With an Event Camera: ;; Event-Guided Consistent Video Enhancement with Modality-Adap
Kuk-Jin Yoon,2279721731;51182421,2,,Towards Real-world Event-guided Low-light Video Enhancement  ;; Lightweight HDR Camera ISP for Robust Perception in Dynamic 
Hanwei Zhu,151482176,2,,Unrolled Decomposed Unpaired Learning for Controllable Low-L ;; Temporally Consistent Enhancement of Low-Light Videos via Sp
Zhangkai Ni,38748686,2,,Unrolled Decomposed Unpaired Learning for Controllable Low-L ;; Glow in the Dark: Low-Light Image Enhancement With External 
Callen MacPhee,2153711687,2,,Real-time low-light video enhancement on smartphones ;; VEViD: Vision Enhancement via Virtual diffraction and cohere
Bin Wang,2152592769;2152595061,2,,A Channel-Wise Guidance Sparse Transformer for Effective Dar ;; SRLFormer: Single Retinex-based and low-light image guidance
Lakshmi Kumari,2292765872,2,,An Experiment Based Improved Image Enhancement Methods Analy ;; Development of Optimized Adaptive Multiscale Retinex Deep Le
Neetu Mittal,2281348097;6883706,2,,An Experiment Based Improved Image Enhancement Methods Analy ;; Development of Optimized Adaptive Multiscale Retinex Deep Le
Megha Modi,49779047,2,,An Experiment Based Improved Image Enhancement Methods Analy ;; Development of Optimized Adaptive Multiscale Retinex Deep Le
Jianzhong Cao,2152964359;2267034784,2,,DCTE-LLIE: A Dual Color-and-Texture-Enhancement-Based Method ;; Real-Time Low-Light Imaging in Space Based on the Fusion of 
Büşra Söylemez,2294457581,2,,Low-light Image Enhancement Using Attention Mechanisms on Ed ;; Edge Boosted Global Awared Low-light Image Enhancement Netwo
S. Çiftçi,32656225,2,,Low-light Image Enhancement Using Attention Mechanisms on Ed ;; Edge Boosted Global Awared Low-light Image Enhancement Netwo
Qikang Deng,2100612835,2,,A 5K Efficient Low-Light Enhancement Model by Estimating Inc ;; HVR-SSLE: Hierarchical Visual Reasoning for Self-Supervised 
DongWon Choo,2300608052,2,,A 5K Efficient Low-Light Enhancement Model by Estimating Inc ;; HVR-SSLE: Hierarchical Visual Reasoning for Self-Supervised 
Dohoon Lee,2271397772,2,,A 5K Efficient Low-Light Enhancement Model by Estimating Inc ;; HVR-SSLE: Hierarchical Visual Reasoning for Self-Supervised 
Xunchu Zhou,2217414612,2,,Light-VQA+: A Video Quality Assessment Model for Exposure Co ;; Light-VQA: A Multi-Dimensional Quality Assessment Model for 
Haoning Wu,120155330,2,,Light-VQA+: A Video Quality Assessment Model for Exposure Co ;; NTIRE 2023 Quality Assessment of Video Enhancement Challenge
Yuhang Li,2110539473,2,,Luminance domain-guided low-light image enhancement ;; LDNet: low-light image enhancement with joint lighting and d
Chao Wang,2144446642;2293588391,2,,Luminance domain-guided low-light image enhancement ;; Multi-Domain Multi-Scale Diffusion Model for Low-Light Image
Youdong Ding,1987649;2249071896,2,,Luminance domain-guided low-light image enhancement ;; LDNet: low-light image enhancement with joint lighting and d
Xiaohe Wu,2261408604;39637222,2,,Degraded Structure and Hue Guided Auxiliary Learning for low ;; Invertible network for unpaired low-light image enhancement
Hongmei Jin,2182115787,2,,Semantic combined lightweight transformer low light image en ;; Night Fatigue Driving Detection Algorithm based on Lightweig
Aizhong Mi,1894034,2,,Dual-band low-light image enhancement ;; Rethinking Zero-DCE for Low-Light Image Enhancement
Wenhui Luo,2212920973,2,,Dual-band low-light image enhancement ;; Rethinking Zero-DCE for Low-Light Image Enhancement
Xingyuan Li,2238012581;50080463,2,,Enhancing Neural Radiance Fields with Adaptive Multi-Exposur ;; MonoTDP: Twin Depth Perception for Monocular 3D Object Detec
Yingxu Qiao,103972450,2,,Rethinking Zero-DCE for Low-Light Image Enhancement ;; Low-light Image Enhancement via Unsupervised Progressive Fus
Lu Ren,2218529854,2,,Multi-Frequency Field Perception and Sparse Progressive Netw ;; Multi-scale dynamic fusion for correcting uneven illuminatio
Zheng Chen,2117203134,2,,Multi-Frequency Field Perception and Sparse Progressive Netw ;; Multi-scale dynamic fusion for correcting uneven illuminatio
Chuanming Wang,2109153220,2,,Learning Exposure Correction in Dynamic Scenes ;; You Do Not Need Additional Priors or Regularizers in Retinex
Yiting Wang,2284178771,2,,Benchmarking the Robustness of Panoptic Segmentation for Aut ;; The Effect of Camera Data Degradation Factors on Panoptic Se
Haonan Zhao,2284409012,2,,Benchmarking the Robustness of Panoptic Segmentation for Aut ;; The Effect of Camera Data Degradation Factors on Panoptic Se
K. Debattista,2276423748,2,,Benchmarking the Robustness of Panoptic Segmentation for Aut ;; The Effect of Camera Data Degradation Factors on Panoptic Se
Valentina Donzella,2362738993,2,,Benchmarking the Robustness of Panoptic Segmentation for Aut ;; The Effect of Camera Data Degradation Factors on Panoptic Se
Yu Zhang,2287926217,2,,RadiantVisions: Illuminating Low-Light Imagery with a Multi- ;; Patch-Based Transformer for Low-Light Image Enhancement
Shan Jiang,2287783281,2,,RadiantVisions: Illuminating Low-Light Imagery with a Multi- ;; Patch-Based Transformer for Low-Light Image Enhancement
Xiangyun Tang,2287916499,2,,RadiantVisions: Illuminating Low-Light Imagery with a Multi- ;; Patch-Based Transformer for Low-Light Image Enhancement
Manlu Liu,47842165,2,,Pixel-Wise Gamma Correction Mapping for Low-Light Image Enha ;; IBE-Net: Low-Light Image Enhancement Based on Image Brightne
Fenghua Zhu,2242533246;2273630436,2,,AiOENet: All-in-One Low-Visibility Enhancement to Improve Vi ;; Double Domain Guided Real-Time Low-Light Image Enhancement f
Shanying Zhu,2160533297,2,,Enlighten-Your-Voice: When Multimodal Meets Zero-shot Low-li ;; Enlighten-Anything: When Segment Anything Model Meets Low-Li
Hao Wang,2256769585;48016595,2,,Real-Time Low-Light Imaging in Space Based on the Fusion of  ;; NTIRE 2023 Quality Assessment of Video Enhancement Challenge
Qifeng Chen,143832240;2269692452,2,,LDM-ISP: Enhancing Neural ISP for Low Light with Latent Diff ;; Seeing Motion in the Dark
Zafar Ali,2143648228,2,,Efficient Contrast Adjustment and Fusion Method for Underexp ;; Diverse image enhancer for complex underexposed image
Shaoliang Yang,2162395521,2,,Efficient low-light image enhancement with model parameters  ;; LightingNet: An Integrated Learning Method for Low-Light Ima
Yongqiang Chen,2245331388,2,,A depth iterative illumination estimation network for low-li ;; DBENet: Dual-Branch Brightness Enhancement Fusion Network fo
Weifeng Liu,1732108;2258306407,2,,A depth iterative illumination estimation network for low-li ;; DBENet: Dual-Branch Brightness Enhancement Fusion Network fo
Wei He,2244412699,2,,A depth iterative illumination estimation network for low-li ;; DBENet: Dual-Branch Brightness Enhancement Fusion Network fo
Yujuan Han,2112896698,2,,A Semi-Supervised Network Framework for low-light image enha ;; Combining attention mechanism and Retinex model to enhance l
Y. P. Loh,34676974,2,,Low-light is More Than Darkness: An Empirical Study on Illum ;; DEN: Disentanglement and Enhancement Networks for Low Illumi
Jing Zhang,2260279898;47538862,2,,RDMA: low-light image enhancement based on retinex decomposi ;; Single-Exposure Optical Measurement of Highly Reflective Sur
Guiqing Li,2146571179;2238134221,2,,DLEN: Deep Laplacian Enhancement Networks for Low-Light Imag ;; DENet: Detection-driven Enhancement Network for Object Detec
Mengyuan Huang,2112586477,2,,DLEN: Deep Laplacian Enhancement Networks for Low-Light Imag ;; DENet: Detection-driven Enhancement Network for Object Detec
Qingpao Qin,2210509112,2,,DLEN: Deep Laplacian Enhancement Networks for Low-Light Imag ;; DENet: Detection-driven Enhancement Network for Object Detec
Boxin Shi,2273929993;35580784,2,,Coherent Event Guided Low-Light Video Enhancement ;; Polarization-Aware Low-Light Image Enhancement
Jie Yang,2263258061;34463165,2,,BrightsightNet: A lightweight progressive low-light image en ;; Improved Retinex-Theory-Based Low-Light Image Enhancement Al
Jun Young Park,2369288915;2393113721,2,,ULBPNet: Low-light image enhancement using U-shaped lighteni ;; Contrast-Aware Image Enhancement Network for Low-Light Image
I. Eom,3260798,2,,ULBPNet: Low-light image enhancement using U-shaped lighteni ;; Contrast-Aware Image Enhancement Network for Low-Light Image
Yingfeng Wang,2269704838,2,,Semi-supervised learning with CNN for low-light images enhan ;; Dedark+Detection: A Hybrid Scheme for Object Detection under
Naishan Zheng,104219880,2,,Empowering Low-Light Image Enhancer through Customized Learn ;; Unsupervised Underexposed Image Enhancement via Self-Illumin
W. Zuo,1724520,2,,Cross-Consistent Deep Unfolding Network for Adaptive All-In- ;; Invertible network for unpaired low-light image enhancement
Gehui Li,2237952104,2,,Holistic Dynamic Frequency Transformer for Image Fusion and  ;; Fearless Luminance Adaptation: A Macro-Micro-Hierarchical Tr
Suresh Tommandru,2051746729,2,,Low-illumination image contrast enhancement using adaptive g ;; Deep learning model for person identification and verificati
Domnic Sandanam,152318934,2,,Low-illumination image contrast enhancement using adaptive g ;; Deep learning model for person identification and verificati
Kehua Guo,1808299,2,,A Collaborative Learning-based Urban Low-light Small-target  ;; Deep Illumination-Enhanced Face Super-Resolution Network for
Min Hu,2093566373,2,,A Collaborative Learning-based Urban Low-light Small-target  ;; Deep Illumination-Enhanced Face Super-Resolution Network for
Sheng Ren,2075290131,2,,A Collaborative Learning-based Urban Low-light Small-target  ;; Deep Illumination-Enhanced Face Super-Resolution Network for
Tongxu Lin,2220777913,2,,SCDet: decoupling discriminative representation for dark obj ;; A Dark Transformation-Equivariant Algorithm for Dark Object 
Guoheng Huang,2376100,2,,SCDet: decoupling discriminative representation for dark obj ;; A Dark Transformation-Equivariant Algorithm for Dark Object 
Xiaoqian Lv,2112411035,2,,Unsupervised Low-Light Video Enhancement With Spatial-Tempor ;; Low-light image enhancement via deep Retinex decomposition a
Shengping Zhang,1761159,2,,Unsupervised Low-Light Video Enhancement With Spatial-Tempor ;; Low-light image enhancement via deep Retinex decomposition a
Chaoqun Zhuang,101722863;2279568373,2,,Visibility Enhancement for Low-light Hazy Scenarios ;; Joint Low-light Enhancement and Super Resolution with Image 
Yunfei Liu,47908555,2,,Visibility Enhancement for Low-light Hazy Scenarios ;; Separating Content and Style for Unsupervised Image-to-Image
Sicong Liu,2155857286,2,,MoEnlight: Energy-efficient and self-adaptive Low-light Vide ;; AdaEnlight
Xiaocheng Li,2181651024,2,,MoEnlight: Energy-efficient and self-adaptive Low-light Vide ;; AdaEnlight
Zimu Zhou,2246189563;2735715,2,,MoEnlight: Energy-efficient and self-adaptive Low-light Vide ;; AdaEnlight
Bin Guo,145066132;2209648697,2,,MoEnlight: Energy-efficient and self-adaptive Low-light Vide ;; AdaEnlight
Zhiwen Yu,2256618,2,,MoEnlight: Energy-efficient and self-adaptive Low-light Vide ;; AdaEnlight
Yufei Wang,2108111745;2143696239,2,,ExposureDiffusion: Learning to Expose for Low-light Image En ;; Low-Light Image Enhancement with Normalizing Flow
Lap-Pui Chau,145662587,2,,ExposureDiffusion: Learning to Expose for Low-light Image En ;; Low-Light Image Enhancement with Normalizing Flow
A. Kot,1711097,2,,ExposureDiffusion: Learning to Expose for Low-light Image En ;; Low-Light Image Enhancement with Normalizing Flow
Sumit Shekhar,35223379,2,,ALIVE: Adaptive-Chromaticity for Interactive Low-light Image ;; Low-light Image and Video Enhancement via Selective Manipula
Hao Chen,2051536212;36620472,2,,Low-Light Enhancement in the Frequency Domain ;; PDE: A Real-Time Object Detection and Enhancing Model under 
Chao Xu,2190472895,2,,Polarization-Aware Low-Light Image Enhancement ;; Pyramid Structure-Based Context Aggregation Detail Restorati
Yan Yang,2108849557;2108850820,2,,Learning a Simple Low-Light Image Enhancer from Paired Low-L ;; Super-Pixel Guided Low-Light Images Enhancement with Feature
Yulun Zhang,2410227,2,,NTIRE 2023 Quality Assessment of Video Enhancement Challenge ;; Retinexformer: One-stage Retinex-based Transformer for Low-l
Y. Cao,2112823820,2,,NTIRE 2023 Quality Assessment of Video Enhancement Challenge ;; VDPVE: VQA Dataset for Perceptual Video Enhancement
Jiaxin Gao,2170969324,2,,Advancing Unsupervised Low-light Image Enhancement: Noise Es ;; NFI2: Learning Noise-Free Illuminance-Interpolator for Unsup
Bin Jiang,145942580;2182893942,2,,FBGAN: multi-scale feature aggregation combined with boostin ;; Effective low-light image enhancement with multiscale and co
Qiao Li,2108511746,2,,FBGAN: multi-scale feature aggregation combined with boostin ;; Effective low-light image enhancement with multiscale and co
Zhibin Yu,144803009,2,,ULL-SLAM: underwater low-light enhancement for the front-end ;; Lighting the darkness in the sea: A deep learning model for 
Bing Zheng,49721778,2,,ULL-SLAM: underwater low-light enhancement for the front-end ;; Lighting the darkness in the sea: A deep learning model for 
Yu Zhou,2110633040;2110633195,2,,Cycle-enhance: low-light image enhancement based on CycleGan ;; Unsupervised learning based dual-branch fusion low-light ima
Hanyu Du,2213786298,2,,RRANet: low-light image enhancement based on Retinex theory  ;; Attention-guided multi-scale illumination estimation for low
Baoxiang Tang,1571690765,2,,RRANet: low-light image enhancement based on Retinex theory  ;; Attention-guided multi-scale illumination estimation for low
Fanyu Zeng,2054265308;2270084595,2,,Unsupervised learning based dual-branch fusion low-light ima ;; Dual-Stream Adaptive Convergent Low-Light Image Enhancement 
Xin Liu,2120100298;2146075325,2,,Unsupervised HDR Image and Video Tone Mapping via Contrastiv ;; Water leakage detection and its application of turbine floor
Mengwei Bao,2180418293,2,,Maritime Low-light Image Enhancement by Joint En-decoder Arc ;; Joint Contrast Enhancement and Noise Suppression of Low-ligh
Tiesong Zhao,2043147;2153707464,2,,No-reference quality assessment for low-light image enhancem ;; Bilateral Interaction for Local-Global Collaborative Percept
Kun Ren,47995952,2,,A lightweight object detection network in low-light conditio ;; An accurate low-light object detection method based on pyram
Qingyang Tao,2004240084,2,,A lightweight object detection network in low-light conditio ;; An accurate low-light object detection method based on pyram
Yuhui Ma,143976354,2,,A two-stage framework for optical coherence tomography angio ;; Cycle Structure and Illumination Constrained GAN for Medical
Yitian Zhao,1956017,2,,A two-stage framework for optical coherence tomography angio ;; Cycle Structure and Illumination Constrained GAN for Medical
J. Suo,144036068,2,,DarkVision: A Benchmark for Low-light Image/Video Perception ;; Computational Imaging and Artificial Intelligence: The Next 
Qionghai Dai,144954808;1491800101,2,,DarkVision: A Benchmark for Low-light Image/Video Perception ;; Computational Imaging and Artificial Intelligence: The Next 
Ziwei Zhang,48806258,2,,Pre-denoising 3D Multi-scale Fusion Attention Network for Lo ;; Low-light image enhancement network with decomposition and a
Shen Zheng,2111074015;2111075146,2,,Low-Light Image and Video Enhancement: A Comprehensive Surve ;; Semantic-Guided Zero-Shot Learning for Low-Light Image/Video
Gaurav Gupta,2104357582,2,,Low-Light Image and Video Enhancement: A Comprehensive Surve ;; Semantic-Guided Zero-Shot Learning for Low-Light Image/Video
Masakazu Yoshimura,1516952123,2,,DynamicISP: Dynamically Controlled Image Signal Processor fo ;; Rawgment: Noise-Accounted RAW Augmentation Enables Recogniti
Junji Otsuka,2106282542,2,,DynamicISP: Dynamically Controlled Image Signal Processor fo ;; Rawgment: Noise-Accounted RAW Augmentation Enables Recogniti
Atsushi Irie,47275565,2,,DynamicISP: Dynamically Controlled Image Signal Processor fo ;; Rawgment: Noise-Accounted RAW Augmentation Enables Recogniti
T. Ohashi,3358605,2,,DynamicISP: Dynamically Controlled Image Signal Processor fo ;; Rawgment: Noise-Accounted RAW Augmentation Enables Recogniti
Min Gan,2024537593,2,,Low-light image enhancement via multistage feature fusion ne ;; Fractal pyramid low-light image enhancement network with ill
Junming Gong,2112954091,2,,FDMLNet: A Frequency-Division and Multiscale Learning Networ ;; FFENet: Learning Frequency Features for Low-Light Enhancemen
Rushi Lan,122211566;36034272,2,,FDMLNet: A Frequency-Division and Multiscale Learning Networ ;; FFENet: Learning Frequency Features for Low-Light Enhancemen
Xipeng Pan,2269767787;9371863,2,,FDMLNet: A Frequency-Division and Multiscale Learning Networ ;; FFENet: Learning Frequency Features for Low-Light Enhancemen
Xianming Liu,2110655701;2330970874,2,,ChebyLighter: Optimal Curve Estimation for Low-light Image E ;; Unsupervised Low-Light Image Enhancement Based on Explicit D
Jinghao Zhang,2108045911,2,,Structure- and Texture-Aware Learning for Low-Light Image En ;; Deep Fourier-Based Exposure Correction Network with Spatial-
Xianjun Hu,2109790733,2,,Fast Deep Multi-patch Progressive Network for Low-light Imag ;; Low-Light Image Enhancement via Gradient Prior-Aided Network
M. T. Rasheed,34999535,2,,A comprehensive experiment-based review of low-light image e ;; An Empirical Study on Retinex Methods for Low-Light Image En
D. Shi,1887263,2,,A comprehensive experiment-based review of low-light image e ;; An Empirical Study on Retinex Methods for Low-Light Image En
Zetao Jiang,8324588,2,,Multi-scale error feedback network for low-light image enhan ;; KinD-LCE: curve estimation and Retinex Fusion on low-light i
Zilong Chen,2117098500,2,,Attention-based Broad Self-guided Network for Low-light Imag ;; Attention based Broadly Self-guided Network for Low light Im
Yaling Liang,9260001,2,,Attention-based Broad Self-guided Network for Low-light Imag ;; Attention based Broadly Self-guided Network for Low light Im
Minghui Du,31866339,2,,Attention-based Broad Self-guided Network for Low-light Imag ;; Attention based Broadly Self-guided Network for Low light Im
Chi-Wing Fu,144856288,2,,Deep Parametric 3D Filters for Joint Video Denoising and Ill ;; Seeing Dynamic Scene in the Dark: A High-Quality Video Datas
Jiaya Jia,1729056,2,,Deep Parametric 3D Filters for Joint Video Denoising and Ill ;; Seeing Dynamic Scene in the Dark: A High-Quality Video Datas
Ting Sun,144395946;2113204269,2,,Fractal pyramid low-light image enhancement network with ill ;; Multi-scale low-light image enhancement by fusing dense resi
Guijing Zhu,2153724721,2,,Hierarchical Bilevel Learning with Architecture and Loss Sea ;; Collaborative Reflectance-And-Illumination Learning For High
David A. Forsyth,121068894,2,,Long Scale Error Control in Low Light Image and Video Enhanc ;; Towards Robust Low Light Image Enhancement
Yanming Hui,2172174907,2,,Low-light Image Enhancement Algorithm Based on Exposure Pred ;; WSA-YOLO: Weak-Supervised and Adaptive Object Detection in t
S. Agaian,8973902,2,,Algorithm for creating a single image of the cutting machine ;; Deep Perceptual Image Enhancement Network for Exposure Resto
Yurong Guan,2069570743,2,,Diverse image enhancer for complex underexposed image ;; Efficient Image Enhancement Model for Correcting Uneven Illu
Kunchang Li,2115468491,2,,You Only Need 90K Parameters to Adapt Light: a Light Weight  ;; Illumination Adaptive Transformer
Sheng Su,2066629681,2,,You Only Need 90K Parameters to Adapt Light: a Light Weight  ;; Illumination Adaptive Transformer
Peng Gao,144740494,2,,You Only Need 90K Parameters to Adapt Light: a Light Weight  ;; Illumination Adaptive Transformer
Zhengkai Jiang,50676465,2,,You Only Need 90K Parameters to Adapt Light: a Light Weight  ;; Illumination Adaptive Transformer
C. Cusano,1686808,2,,TreEnhance: A tree search method for low-light image enhance ;; TreEnhance: An Automatic Tree-Search Based Method for Low-Li
Xiaoming Liu,2108960018;2111120293,2,,Super-Pixel Guided Low-Light Images Enhancement with Feature ;; Color-wise Attention Network for Low-light Image Enhancement
Pranjay Shyam,1924559935,2,,Lightweight HDR Camera ISP for Robust Perception in Dynamic  ;; Retaining Image Feature Matching Performance Under Low Light
Kyung-soo Kim,2109327860,2,,Lightweight HDR Camera ISP for Robust Perception in Dynamic  ;; Retaining Image Feature Matching Performance Under Low Light
Yang-Bo Shi,103615575,2,,Interactive and Fast Low-Light Image Enhancement Algo-rithm  ;; Exemplar-guided low-light image enhancement
Xiaopo Wu,2107999270,2,,Interactive and Fast Low-Light Image Enhancement Algo-rithm  ;; Exemplar-guided low-light image enhancement
Ming Zhu,143821153;2152183919,2,,Interactive and Fast Low-Light Image Enhancement Algo-rithm  ;; Exemplar-guided low-light image enhancement
He Cui,2152200853,2,,Attention-Guided Multi-Scale Feature Fusion Network for Low- ;; Progressive Dual-Branch Network for Low-Light Image Enhancem
Bai Zhao,2138171954,2,,Low-light image enhancement based on normal-light image degr ;; Low-Light Image Enhancement Based on Multi-Path Interaction
Xiaoling Gong,49832330,2,,Low-light image enhancement based on normal-light image degr ;; Low-Light Image Enhancement Based on Multi-Path Interaction
Lingchao Zhao,2146089755,2,,Low-light image enhancement based on normal-light image degr ;; Low-Light Image Enhancement Based on Multi-Path Interaction
Xin Zhang,2149174373,2,,Multi-scale Deep Curve Estimation for Low-light Image Enhanc ;; MARN: Multi-Scale Attention Retinex Network for Low-Light Im
Xia Wang,2108224422,2,,Multi-scale Deep Curve Estimation for Low-light Image Enhanc ;; MARN: Multi-Scale Attention Retinex Network for Low-Light Im
W. Heidrich,1752192,2,,Snapshot HDR Video Construction Using Coded Mask ;; Seeing in Extra Darkness Using a Deep-Red Flash
Qiong Liu,1794500;47362438,2,,Dedark+Detection: A Hybrid Scheme for Object Detection under ;; Deep image enhancement for ill light imaging.
You Yang,47796278,2,,Dedark+Detection: A Hybrid Scheme for Object Detection under ;; Deep image enhancement for ill light imaging.
Mingfang Zhang,2290240304,2,,Optical Flow in the Dark ;; Optical Flow in the Dark
Cheng Cheng,2116394196;2116394502,2,,DA-DRN: Degradation-Aware Deep Retinex Network for Low-Light ;; BLNet: A Fast Deep Learning Framework for Low-Light Image En
Kaifu Yang,2105451,2,,DA-DRN: Degradation-Aware Deep Retinex Network for Low-Light ;; BLNet: A Fast Deep Learning Framework for Low-Light Image En
Shaodi You,2941564,2,,Multitask AET with Orthogonal Tangent Regularity for Dark Ob ;; Learning Temporal Consistency for Low Light Video Enhancemen
Zhongyuan Wang,38655501,2,,Decomposition Makes Better Rain Removal: An Improved Attenti ;; Degrade is Upgrade: Learning Degradation for Low-light Image
Peng Yi,145526138,2,,Decomposition Makes Better Rain Removal: An Improved Attenti ;; Degrade is Upgrade: Learning Degradation for Low-light Image
Guodong Ju,151485737,2,,Integration-and-Diffusion Network for Low-Light Image Enhanc ;; Low-Light Image Enhancement with Attention and Multi-level F
Aidong Men,1736046,2,,Integration-and-Diffusion Network for Low-Light Image Enhanc ;; Low-Light Image Enhancement with Attention and Multi-level F
Miao Li,2143545067,2,,AEMS: an attention enhancement network of modules stacking f ;; AMBCR: Low-light image enhancement via attention guided mult
Rencan Nie,6019653,2,,AEMS: an attention enhancement network of modules stacking f ;; AMBCR: Low-light image enhancement via attention guided mult
Yanyu Liu,2108219360,2,,AEMS: an attention enhancement network of modules stacking f ;; AMBCR: Low-light image enhancement via attention guided mult
Zhangyang Wang,2156070723;2969311,2,,CERL: A Unified Optimization Framework for Light Enhancement ;; Debiased Subjective Assessment of Real-World Image Enhanceme
Ruowang Chang,2130582777,2,,RGNET: A Two-stage Low-light Image Enhancement Network Witho ;; From Under- to Overexposure: Single Image Contrast Enhanceme
Yuehuang Wang,102316900,2,,RGNET: A Two-stage Low-light Image Enhancement Network Witho ;; From Under- to Overexposure: Single Image Contrast Enhanceme
Yu Li,2116609876,2,,Learning Temporal Consistency for Low Light Video Enhancemen ;; Attention Guided Low-Light Image Enhancement with a Large Sc
Deepanshu Rana,2058749502,2,,Edge Guided Low-Light Image Enhancement ;; A Comparative Study on CNN based Low-light Image Enhancement
Kanishk Jayant Lal,2057095953,2,,Edge Guided Low-Light Image Enhancement ;; A Comparative Study on CNN based Low-light Image Enhancement
A. Parihar,14456434,2,,Edge Guided Low-Light Image Enhancement ;; A Comparative Study on CNN based Low-light Image Enhancement
Yunliang Qi,9273627,2,,A Comprehensive Overview of Image Enhancement Techniques ;; A pulse-number-adjustable MSPCNN and its image enhancement a
Zhen Yang,2149232984,2,,A Comprehensive Overview of Image Enhancement Techniques ;; A pulse-number-adjustable MSPCNN and its image enhancement a
Jing Lian,1561165594;3597137,2,,A Comprehensive Overview of Image Enhancement Techniques ;; A pulse-number-adjustable MSPCNN and its image enhancement a
Yide Ma,1756244,2,,A Comprehensive Overview of Image Enhancement Techniques ;; A pulse-number-adjustable MSPCNN and its image enhancement a
Jun Jiang,2107975681,2,,Low-Light Image and Video Enhancement Using Deep Learning: A ;; Lighting the Darkness in the Deep Learning Era
Mingg-Ming Cheng,1557350184,2,,Low-Light Image and Video Enhancement Using Deep Learning: A ;; Lighting the Darkness in the Deep Learning Era
Jinwei Gu,143785523,2,,Low-Light Image and Video Enhancement Using Deep Learning: A ;; Lighting the Darkness in the Deep Learning Era
Gouranga Mandal,46172142,2,,Real-time automotive night-vision system for drivers to inhi ;; Real-time fast low-light vision enhancement for driver durin
Diptendu Bhattacharya,36513717,2,,Real-time automotive night-vision system for drivers to inhi ;; Real-time fast low-light vision enhancement for driver durin
Parthasarathi De,47409063,2,,Real-time automotive night-vision system for drivers to inhi ;; Real-time fast low-light vision enhancement for driver durin
Minhao Fan,1993384690,2,,Benchmarking Low-Light Image Enhancement and Beyond ;; Integrating Semantic Segmentation and Retinex Model for Low-
Li-Wen Wang,1837949044,2,,Video Lightening with Dedicated CNN Architecture ;; Lightening Network for Low-Light Image Enhancement
W. Siu,144250750,2,,Video Lightening with Dedicated CNN Architecture ;; Lightening Network for Low-Light Image Enhancement
Zhi-Song Liu,3382725,2,,Video Lightening with Dedicated CNN Architecture ;; Lightening Network for Low-Light Image Enhancement
D. Lun,1731962,2,,Video Lightening with Dedicated CNN Architecture ;; Lightening Network for Low-Light Image Enhancement
Yangyang Qu,1490774329,2,,UMLE: Unsupervised Multi-discriminator Network for Low Light ;; LEUGAN: Low-Light Image Enhancement by Unsupervised Generati
Chao Liu,2152505971,2,,UMLE: Unsupervised Multi-discriminator Network for Low Light ;; LEUGAN: Low-Light Image Enhancement by Unsupervised Generati
Y. Ou,144897720,2,,UMLE: Unsupervised Multi-discriminator Network for Low Light ;; LEUGAN: Low-Light Image Enhancement by Unsupervised Generati
Meifang Yang,1443734899,2,,Low-Light Maritime Image Enhancement with Regularized Illumi ;; Low-Light Image Enhancement With Regularized Illumination Op
K. Chui,1977592;2057073046,2,,Low-Light Maritime Image Enhancement with Regularized Illumi ;; Low-Light Image Enhancement With Regularized Illumination Op
Ahmet Serdar Karadeniz,1486490787,2,,Burst Photography for Learning to Enhance Extremely Dark Ima ;; Burst Denoising of Dark Images
Christos Sakaridis,7593607,2,,Map-Guided Curriculum Domain Adaptation and Uncertainty-Awar ;; Guided Curriculum Model Adaptation and Uncertainty-Aware Eva
Dengxin Dai,1778526,2,,Map-Guided Curriculum Domain Adaptation and Uncertainty-Awar ;; Guided Curriculum Model Adaptation and Uncertainty-Aware Eva
Ziyi Shen,2182388,2,,Modeling and Enhancing Low-Quality Retinal Fundus Images ;; Understanding and Correcting Low-quality Retinal Fundus Imag
H. Fu,1929093,2,,Modeling and Enhancing Low-Quality Retinal Fundus Images ;; Understanding and Correcting Low-quality Retinal Fundus Imag
Jianbing Shen,145953515,2,,Modeling and Enhancing Low-Quality Retinal Fundus Images ;; Understanding and Correcting Low-quality Retinal Fundus Imag
Ling Shao,144082425,2,,Modeling and Enhancing Low-Quality Retinal Fundus Images ;; Understanding and Correcting Low-quality Retinal Fundus Imag
Wencheng Wang,2120372506;2177239141,2,,An Experiment-Based Review of Low-Light Image Enhancement Me ;; Signal Processing: Image Communication
Xiaojin Wu,50171677,2,,An Experiment-Based Review of Low-Light Image Enhancement Me ;; Signal Processing: Image Communication
Xiaohui Yuan,2115844515;2115844662,2,,An Experiment-Based Review of Low-Light Image Enhancement Me ;; Signal Processing: Image Communication
Wei Huang,2152491604;2152492219,2,,Low Light Image Enhancement Network With Attention Mechanism ;; Single Low-Light Ghost-Free Image Enhancement via Deep Retin
Yifei Pu,7805040,2,,Structure revealing of low-light images using wavelet transf ;; Efficient Image Enhancement Model for Correcting Uneven Illu
Samad Wali,104452537,2,,Structure revealing of low-light images using wavelet transf ;; Efficient Image Enhancement Model for Correcting Uneven Illu
Mao Ye,144560364;2294040469,2,,Color-wise Attention Network for Low-light Image Enhancement ;; Zero-Shot Parameter Learning Network for Low-Light Image Enh
Yukun Huang,2372145983,2,,Illumination-Invariant Person Re-Identification ;; Deep Fourier-Based Exposure Correction Network with Spatial-
Kaiqiang Chen,2118441715;2266798493,2,,RLNet: Reshaping Learning Network for Accurate Low-Light Lig ;; PMSNet: Parallel Multi-Scale Network for Accurate Low-Light 
Wenhao Huang,2158102842;2267127994,2,,RLNet: Reshaping Learning Network for Accurate Low-Light Lig ;; PMSNet: Parallel Multi-Scale Network for Accurate Low-Light 
Zixuan Wang,2108400883;2266724069,2,,RLNet: Reshaping Learning Network for Accurate Low-Light Lig ;; PMSNet: Parallel Multi-Scale Network for Accurate Low-Light 
Hangwei Chen,2145252631,2,,Benchmark Dataset and Pair-Wise Ranking Method for Quality E ;; Progressive Bidirectional Feature Extraction and Enhancement
Dongjie Ye,32198004,2,,Glow in the Dark: Low-Light Image Enhancement With External  ;; CodedBGT: Code Bank-Guided Transformer for Low-Light Image E
Minh-Thien Duong,2268101537,2,,Learning to Concurrently Brighten and Mitigate Deterioration ;; DMT-Net: Deep Multiple Networks for Low-Light Image Enhancem
Seongsoo Lee,2268174606,2,,Learning to Concurrently Brighten and Mitigate Deterioration ;; DMT-Net: Deep Multiple Networks for Low-Light Image Enhancem
Zhenghao Shi,2853312,2,,Linear Contrast Enhancement Network for Low-Illumination Ima ;; LCA-Net: A Context-Aware Lightweight Network for Low-Illumin
Zhiwei Xiong,2352456,2,,Low-Light Stereo Image Enhancement ;; Deep Fourier-Based Exposure Correction Network with Spatial-
Yijie Xue,100551091,1,,ViD-EnlightenGAN: A Temporally Aware GAN for Unsupervised Lo
Yanli Liu,2108202965,1,,ViD-EnlightenGAN: A Temporally Aware GAN for Unsupervised Lo
Yiwen Ye,2170220899,1,,ViD-EnlightenGAN: A Temporally Aware GAN for Unsupervised Lo
Hao Jiang,2292414930,1,,ViD-EnlightenGAN: A Temporally Aware GAN for Unsupervised Lo
Feng Shu,2363573892,1,,ViD-EnlightenGAN: A Temporally Aware GAN for Unsupervised Lo
Zhimin Chen,2111354272,1,,ViD-EnlightenGAN: A Temporally Aware GAN for Unsupervised Lo
Jongpil Jeong,2314526962,1,,Bright-Channel Retinex Enhancement with a Conditional Overdi
Yasmin Yasin,2237025751,1,,UBLLIE: Unified Backlight and Low-Light Image Enhancement
Muhammad Usman,2223436301,1,,UBLLIE: Unified Backlight and Low-Light Image Enhancement
Ibrahim Radwan,2363859773,1,,UBLLIE: Unified Backlight and Low-Light Image Enhancement
Saeed Anwar,2297845544,1,,UBLLIE: Unified Backlight and Low-Light Image Enhancement
Yueqing Kang,2457732225,1,,UAV-LIENet: a low-light UAV image enhancement network via il
Ruitao Lu,2312758587,1,,UAV-LIENet: a low-light UAV image enhancement network via il
Xiaogang Yang,2275298208,1,,UAV-LIENet: a low-light UAV image enhancement network via il
Zhenhao Cheng,2152159726,1,,UAV-LIENet: a low-light UAV image enhancement network via il
Zhanhong Zhuo,2358272273,1,,UAV-LIENet: a low-light UAV image enhancement network via il
Jiwei Fan,3079153,1,,UAV-LIENet: a low-light UAV image enhancement network via il
U. S.,2446810280,1,,PSO-based parameter optimization of intuitionistic fuzzy gen
J. S.,2438514864,1,,PSO-based parameter optimization of intuitionistic fuzzy gen
Yanyi Wu,2450169397,1,,Thresholded Cross-Attention for Reliable Intensity-Chromatic
Xu Zhang,2309775557,1,,Thresholded Cross-Attention for Reliable Intensity-Chromatic
Junkai Chen,2450191207,1,,Thresholded Cross-Attention for Reliable Intensity-Chromatic
Laibin Chang,2121619327,1,,Thresholded Cross-Attention for Reliable Intensity-Chromatic
Jiaqi Ma,2386165627,1,,Thresholded Cross-Attention for Reliable Intensity-Chromatic
Shi Chen,2352985671,1,,Thresholded Cross-Attention for Reliable Intensity-Chromatic
Linwei Zhu,1969075,1,,Thresholded Cross-Attention for Reliable Intensity-Chromatic
Jianglei Di,2344127381,1,,Thresholded Cross-Attention for Reliable Intensity-Chromatic
Huan Zhang,2317142984,1,,Thresholded Cross-Attention for Reliable Intensity-Chromatic
Yifan Mao,2117694584,1,,Probabilistic-Based Learning for Joint Light Field Image Com
Mounir Kaaniche,2368358126,1,,Probabilistic-Based Learning for Joint Light Field Image Com
Xiaofei Zhou,2142867508,1,,Probabilistic-Based Learning for Joint Light Field Image Com
Gangyi Jiang,2250176767,1,,Probabilistic-Based Learning for Joint Light Field Image Com
Caifeng Shan,2335875287,1,,Probabilistic-Based Learning for Joint Light Field Image Com
Yimei Zhang,2408353005,1,,Integration of KAN with an enhanced multi-scale mamba archit
Jintao Yu,2151482846,1,,Integration of KAN with an enhanced multi-scale mamba archit
You Du,2217235724,1,,Unleashing the potential of Mamba: A novel approach for low-
Zhiqing Zhao,2307016443,1,,Unleashing the potential of Mamba: A novel approach for low-
Q. Hoang,2269652471,1,,Diffusion-guided knowledge absorption for robust object dete
Ke Wang,2133843529,1,,GAformer: Low-Light Image Enhancement Based on Gradient-Awar
Weiming Feng,2246983188,1,,GAformer: Low-Light Image Enhancement Based on Gradient-Awar
Shuai Pang,2391277255,1,,GAformer: Low-Light Image Enhancement Based on Gradient-Awar
Dehua Zhou,2376466626,1,,GAformer: Low-Light Image Enhancement Based on Gradient-Awar
Yikui Zhai,2205040886,1,,GAformer: Low-Light Image Enhancement Based on Gradient-Awar
Ning Ma,2312080498,1,,Deep multi-patch hierarchical network for coal-mine roller t
Xiang Lu,2127330048,1,,Deep multi-patch hierarchical network for coal-mine roller t
Mengnan Wang,2302837742,1,,Seeing in the Dark with Ambient Guidance
Lingyu Duan,2284844824,1,,Seeing in the Dark with Ambient Guidance
Jiaqi Liu,2378614405,1,,SEGCA-Net: Structure-exposure guided cross attention network
Zhenghua Zhou,2524604,1,,CS³-Diff: Collaborative spatio-spectral-scale guided diffusi
Yuanyuan Zhang,2145793664,1,,CS³-Diff: Collaborative spatio-spectral-scale guided diffusi
Chenyang Guo,2340179320,1,,CS³-Diff: Collaborative spatio-spectral-scale guided diffusi
Jianwei Zhao,2256473027,1,,CS³-Diff: Collaborative spatio-spectral-scale guided diffusi
Yafeng Zhao,2391843151,1,,Lightweight Low-Light Enhancement Network with Multi-Bio-Ins
Xiang Li,2359045345,1,,Lightweight Low-Light Enhancement Network with Multi-Bio-Ins
Shuaipeng Hao,2137059479,1,,Lightweight Low-Light Enhancement Network with Multi-Bio-Ins
Ming-Feng Yu,2152599571,1,,Lightweight Low-Light Enhancement Network with Multi-Bio-Ins
Yanli Gao,2397855154,1,,Lightweight Low-Light Enhancement Network with Multi-Bio-Ins
Shiwei Fan,2284487034,1,,Lightweight Low-Light Enhancement Network with Multi-Bio-Ins
Hao Li,2353793617,1,,Low-Light Video Frame Enhancement with High-Frequency Reflec
Yanheng Wen,2454927646,1,,PenPy-DETR: A Penta-Pyramid Framework for Small Target Perce
Yuehai Chen,2051695812,1,,PenPy-DETR: A Penta-Pyramid Framework for Small Target Perce
Yi Shi,2170852501,1,,PenPy-DETR: A Penta-Pyramid Framework for Small Target Perce
Jing Yang,2143851688,1,,PenPy-DETR: A Penta-Pyramid Framework for Small Target Perce
Peiyuan He,2438924353,1,,Internally Referenced Low-Light Enhancement
Hainuo Wang,2344307474,1,,Internally Referenced Low-Light Enhancement
Hengxing Liu,2328382818,1,,Internally Referenced Low-Light Enhancement
Mingjia Li,2297826009,1,,Internally Referenced Low-Light Enhancement
D. Bull,2241468553,1,,PixIE: Prompted Pixel-Space Low-Light Image Enhancement
Senyan Xu,2298415902,1,,Event-Illumination Collaborative Low-light Image Enhancement
Zhijing Sun,2298403164,1,,Event-Illumination Collaborative Low-light Image Enhancement
Kean Liu,2356372019,1,,Event-Illumination Collaborative Low-light Image Enhancement
Xin Lu,2308422305,1,,Event-Illumination Collaborative Low-light Image Enhancement
Ruixuan Jiang,2362329925,1,,Event-Illumination Collaborative Low-light Image Enhancement
Mingyang Huang,2357049631,1,,Event-Illumination Collaborative Low-light Image Enhancement
Zheng-Jun Zha,2292182136,1,,Event-Illumination Collaborative Low-light Image Enhancement
V. Pais,2372915569,1,,Making the Discrete Continuous: Synthetic RAW Augmentations 
Malena Mendilaharzu,2449256835,1,,Making the Discrete Continuous: Synthetic RAW Augmentations 
Daniele Faccio,2289610948,1,,Making the Discrete Continuous: Synthetic RAW Augmentations 
Luis Oala,2284772762,1,,Making the Discrete Continuous: Synthetic RAW Augmentations 
Christoph Clausen,2064577502,1,,Making the Discrete Continuous: Synthetic RAW Augmentations 
Bruno Sanguinetti,2265450346,1,,Making the Discrete Continuous: Synthetic RAW Augmentations 
Guixu Lin,2261909172,1,,Moment-Reenacting: Inverse Motion Degradation with Cross-shu
Zhengwei Yin,2325717969,1,,Moment-Reenacting: Inverse Motion Degradation with Cross-shu
Jiancheng Zhao,2325368986,1,,Moment-Reenacting: Inverse Motion Degradation with Cross-shu
Utkarsh,2448470544,1,,A Survey on Weak Contrast Image Enhancement
Shashank Singh,2448926515,1,,A Survey on Weak Contrast Image Enhancement
Vikash Kumar Gupta,2448545181,1,,A Survey on Weak Contrast Image Enhancement
Himanshu Gautam,2448470725,1,,A Survey on Weak Contrast Image Enhancement
Vivek Kumar Jaiswal,2448470699,1,,A Survey on Weak Contrast Image Enhancement
Yifeng Lin,2404161883,1,,A low-light image enhancement network with attention and cro
Yang-kwon Jeong,71041740,1,,A low-light image enhancement network with attention and cro
Xiaochen Huang,2323717852,1,,AMIEOD: Adaptive Multi-Experts Image Enhancement for Object 
Honggang Chen,6222832,1,,AMIEOD: Adaptive Multi-Experts Image Enhancement for Object 
Weichen Zhang,2108043700,1,,AMIEOD: Adaptive Multi-Experts Image Enhancement for Object 
Xiao Dai,2232115529,1,,AMIEOD: Adaptive Multi-Experts Image Enhancement for Object 
Yongying Li,2370960912,1,,AMIEOD: Adaptive Multi-Experts Image Enhancement for Object 
Linbo Qing,2393086506,1,,AMIEOD: Adaptive Multi-Experts Image Enhancement for Object 
Xiaohai He,2290101341,1,,AMIEOD: Adaptive Multi-Experts Image Enhancement for Object 
Minghai Jiao,2307597055,1,,LIVE-Net: A unified lightweight network for low-light image 
Haoyang He,2326999233,1,,LIVE-Net: A unified lightweight network for low-light image 
Yixian Liu,2394121791,1,,LIVE-Net: A unified lightweight network for low-light image 
Wenyan Jiang,2308044987,1,,LIVE-Net: A unified lightweight network for low-light image 
Jiangang Hu,2382719073,1,,LIVE-Net: A unified lightweight network for low-light image 
Yuhuai Peng,2244594477,1,,LIVE-Net: A unified lightweight network for low-light image 
Qingpeng Li,2108701200,1,,LADC: A Dual-Branch Adaptive Image Enhancement Method Based 
Haonan Li,2375343275,1,,LADC: A Dual-Branch Adaptive Image Enhancement Method Based 
Xinyu Ouyang,2452434783,1,,LADC: A Dual-Branch Adaptive Image Enhancement Method Based 
Zijian Li,2453047721,1,,LADC: A Dual-Branch Adaptive Image Enhancement Method Based 
Qiong Luo,2455628112,1,,An Online Alignment Method for Pixel Misalignment Between In
Bin Pang,2455605385,1,,An Online Alignment Method for Pixel Misalignment Between In
Zongji Wang,2263735881,1,,Light 'em Up: Enabling Few-Shot Low-Light 3D Gaussian Splatt
Yuanben Zhang,2278439806,1,,Light 'em Up: Enabling Few-Shot Low-Light 3D Gaussian Splatt
Biqing Li,2293549849,1,,Light 'em Up: Enabling Few-Shot Low-Light 3D Gaussian Splatt
Junyi Liu,2332040143,1,,Light 'em Up: Enabling Few-Shot Low-Light 3D Gaussian Splatt
G. Ciubotariu,1752864776,1,,Low Light Image Enhancement Challenge at NTIRE 2026
A. SharifSM,2297774820,1,,Low Light Image Enhancement Challenge at NTIRE 2026
Abdur Rehman,2312768602,1,,Low Light Image Enhancement Challenge at NTIRE 2026
F. Dharejo,31624593,1,,Low Light Image Enhancement Challenge at NTIRE 2026
R. Naqvi,8683310,1,,Low Light Image Enhancement Challenge at NTIRE 2026
Marcos V. Conde,2335868692,1,,Low Light Image Enhancement Challenge at NTIRE 2026
Hongjun Wu,2264188652,1,,Low Light Image Enhancement Challenge at NTIRE 2026
Wenjian Zhang,2233975640,1,,Low Light Image Enhancement Challenge at NTIRE 2026
Changqing Ye,2430780962,1,,Low Light Image Enhancement Challenge at NTIRE 2026
Xunpeng Yi,2182439167,1,,Low Light Image Enhancement Challenge at NTIRE 2026
Qinglong Yan,2327962776,1,,Low Light Image Enhancement Challenge at NTIRE 2026
Yibing Zhang,2372124732,1,,Low Light Image Enhancement Challenge at NTIRE 2026
Varda I Pattanshetty,2430638677,1,,Low Light Image Enhancement Challenge at NTIRE 2026
Varsha I Pattanshetty,2430638679,1,,Low Light Image Enhancement Challenge at NTIRE 2026
Padmashree Desai,2313122504,1,,Low Light Image Enhancement Challenge at NTIRE 2026
Hao Yang,2257352642,1,,Low Light Image Enhancement Challenge at NTIRE 2026
Ruikun Zhang,2327002722,1,,Low Light Image Enhancement Challenge at NTIRE 2026
Liyuan Pan,2363286836,1,,Low Light Image Enhancement Challenge at NTIRE 2026
Furkan Kınlı,1388060209,1,,Low Light Image Enhancement Challenge at NTIRE 2026
Donghun Ryou,2313247493,1,,Low Light Image Enhancement Challenge at NTIRE 2026
Inju Ha,2313252216,1,,Low Light Image Enhancement Challenge at NTIRE 2026
Junoh Kang,2257134071,1,,Low Light Image Enhancement Challenge at NTIRE 2026
Bohyung Han,2357492510,1,,Low Light Image Enhancement Challenge at NTIRE 2026
Yuval Haitman,1486439421,1,,Low Light Image Enhancement Challenge at NTIRE 2026
Ariel Lapid,2328086787,1,,Low Light Image Enhancement Challenge at NTIRE 2026
Reuven Peretz,1742529618,1,,Low Light Image Enhancement Challenge at NTIRE 2026
I. Diamant,143804345,1,,Low Light Image Enhancement Challenge at NTIRE 2026
Lei Cao,2238898783,1,,Low Light Image Enhancement Challenge at NTIRE 2026
Praful Hambarde,103864860,1,,Low Light Image Enhancement Challenge at NTIRE 2026
Prateek Shaily,2403235332,1,,Low Light Image Enhancement Challenge at NTIRE 2026
J. Kumar,2069634816,1,,Low Light Image Enhancement Challenge at NTIRE 2026
Hardik Sharma,2298628611,1,,Low Light Image Enhancement Challenge at NTIRE 2026
Aashish Negi,2305808430,1,,Low Light Image Enhancement Challenge at NTIRE 2026
Sachin Chaudhary,2267052928,1,,Low Light Image Enhancement Challenge at NTIRE 2026
Akshay Dudhane,47634649,1,,Low Light Image Enhancement Challenge at NTIRE 2026
Amit Shukla,2398909024,1,,Low Light Image Enhancement Challenge at NTIRE 2026
Mohao Wu,2297819266,1,,Low Light Image Enhancement Challenge at NTIRE 2026
Raul Balmez,2281742182,1,,Low Light Image Enhancement Challenge at NTIRE 2026
Ciprian Orhei,1389526435,1,,Low Light Image Enhancement Challenge at NTIRE 2026
Bilel Benjdira,11042085,1,,Low Light Image Enhancement Challenge at NTIRE 2026
Anas M. Ali,2244781345,1,,Low Light Image Enhancement Challenge at NTIRE 2026
Wadii Boulila,3151219,1,,Low Light Image Enhancement Challenge at NTIRE 2026
Kaifan Qiao,2288007542,1,,Low Light Image Enhancement Challenge at NTIRE 2026
Bofei Chen,2430858384,1,,Low Light Image Enhancement Challenge at NTIRE 2026
Duo-yang Zhang,2324367319,1,,Low Light Image Enhancement Challenge at NTIRE 2026
Lai Jiang,150188542,1,,Low Light Image Enhancement Challenge at NTIRE 2026
A. Harini,2305793425,1,,Low Light Image Enhancement Challenge at NTIRE 2026
N. Ananya,2430637617,1,,Low Light Image Enhancement Challenge at NTIRE 2026
K. Lakshanya,2430637639,1,,Low Light Image Enhancement Challenge at NTIRE 2026
Ying Xu,,1,,Low Light Image Enhancement Challenge at NTIRE 2026
Xinyi Zhu,2344578591,1,,Low Light Image Enhancement Challenge at NTIRE 2026
Jiang-She Zhang,2281104439,1,,Low Light Image Enhancement Challenge at NTIRE 2026
Jinao Song,2330723192,1,,Low Light Image Enhancement Challenge at NTIRE 2026
Guang Tang,2065464227,1,,Low Light Image Enhancement Challenge at NTIRE 2026
Cheng Li,2133092013,1,,Low Light Image Enhancement Challenge at NTIRE 2026
Yuqiang Yang,2108623429,1,,Low Light Image Enhancement Challenge at NTIRE 2026
Ziyi Wang,2293764319,1,,Low Light Image Enhancement Challenge at NTIRE 2026
Yan Chen,2378026858,1,,Low Light Image Enhancement Challenge at NTIRE 2026
Long Bao,2183482952,1,,Low Light Image Enhancement Challenge at NTIRE 2026
Heng Sun,2287429540,1,,Low Light Image Enhancement Challenge at NTIRE 2026
Mohab Kishawy,2323043874,1,,Low Light Image Enhancement Challenge at NTIRE 2026
Wan-Chi Siu,2255887862,1,,Low Light Image Enhancement Challenge at NTIRE 2026
Yihao Cheng,2430788663,1,,Low Light Image Enhancement Challenge at NTIRE 2026
H. Lee,2374297943,1,,Low Light Image Enhancement Challenge at NTIRE 2026
C. Hui,2186550786,1,,Low Light Image Enhancement Challenge at NTIRE 2026
Yikai Wu,2307395807,1,,DRE-YOLO: A dual-path retinex enhancement network for low-li
Yonggui Liu,2336536222,1,,DRE-YOLO: A dual-path retinex enhancement network for low-li
Fengqin Zhang,2182281837,1,,RZSL-PSR: Noise-Disentangled Retinex Zero-Shot Framework for
Yanxin Guan,2308987472,1,,NTIRE 2026 The 3rd Restore Any Image Model (RAIM) Challenge:
Shao-Kui Zhang,2430762395,1,,NTIRE 2026 The 3rd Restore Any Image Model (RAIM) Challenge:
Hang Guo,2274202835,1,,NTIRE 2026 The 3rd Restore Any Image Model (RAIM) Challenge:
Yawen Wang,2299735214,1,,NTIRE 2026 The 3rd Restore Any Image Model (RAIM) Challenge:
Xinyi Fan,152912444,1,,NTIRE 2026 The 3rd Restore Any Image Model (RAIM) Challenge:
Tianqu Zhuang,2316762685,1,,NTIRE 2026 The 3rd Restore Any Image Model (RAIM) Challenge:
Jie Liang,2327922405,1,,NTIRE 2026 The 3rd Restore Any Image Model (RAIM) Challenge:
Huimin Zeng,2356492701,1,,NTIRE 2026 The 3rd Restore Any Image Model (RAIM) Challenge:
Guanyi Qin,2214084797,1,,NTIRE 2026 The 3rd Restore Any Image Model (RAIM) Challenge:
Lishen Qu,2294361582,1,,NTIRE 2026 The 3rd Restore Any Image Model (RAIM) Challenge:
Tao Dai,2268311556,1,,NTIRE 2026 The 3rd Restore Any Image Model (RAIM) Challenge:
Shutao Xia,2240063099,1,,NTIRE 2026 The 3rd Restore Any Image Model (RAIM) Challenge:
Bin Chen,2257347207,1,,NTIRE 2026 The 3rd Restore Any Image Model (RAIM) Challenge:
Yuanbo Zhou,2261253070,1,,NTIRE 2026 The 3rd Restore Any Image Model (RAIM) Challenge:
Qinquan Gao,40214487,1,,NTIRE 2026 The 3rd Restore Any Image Model (RAIM) Challenge:
Tong Tong,2281862171,1,,NTIRE 2026 The 3rd Restore Any Image Model (RAIM) Challenge:
Yan Qian,2294314641,1,,NTIRE 2026 The 3rd Restore Any Image Model (RAIM) Challenge:
Li You,2325748334,1,,NTIRE 2026 The 3rd Restore Any Image Model (RAIM) Challenge:
Ji Cong,2375388352,1,,NTIRE 2026 The 3rd Restore Any Image Model (RAIM) Challenge:
Lei Xiong,2303873876,1,,NTIRE 2026 The 3rd Restore Any Image Model (RAIM) Challenge:
Zhiyan Zhong,12760596,1,,NTIRE 2026 The 3rd Restore Any Image Model (RAIM) Challenge:
Kan Lv,2367379090,1,,NTIRE 2026 The 3rd Restore Any Image Model (RAIM) Challenge:
Kailing Tang,2279607887,1,,NTIRE 2026 The 3rd Restore Any Image Model (RAIM) Challenge:
Minjian Zhang,2142808686,1,,NTIRE 2026 The 3rd Restore Any Image Model (RAIM) Challenge:
Zhipei Lei,2350435827,1,,NTIRE 2026 The 3rd Restore Any Image Model (RAIM) Challenge:
Zhe Xu,2184714875,1,,NTIRE 2026 The 3rd Restore Any Image Model (RAIM) Challenge:
Liwen Zhang,2349863323,1,,NTIRE 2026 The 3rd Restore Any Image Model (RAIM) Challenge:
Dingyong Gou,2307004572,1,,NTIRE 2026 The 3rd Restore Any Image Model (RAIM) Challenge:
Yanlin Wu,2303376551,1,,NTIRE 2026 The 3rd Restore Any Image Model (RAIM) Challenge:
Cong Li,2349949316,1,,NTIRE 2026 The 3rd Restore Any Image Model (RAIM) Challenge:
Xiao Cui,2319593385,1,,NTIRE 2026 The 3rd Restore Any Image Model (RAIM) Challenge:
Liqing Wang,2142480154,1,,NTIRE 2026 The 3rd Restore Any Image Model (RAIM) Challenge:
Shihang Li,2395677485,1,,NTIRE 2026 The 3rd Restore Any Image Model (RAIM) Challenge:
Biao Wang,2136790887,1,,NTIRE 2026 The 3rd Restore Any Image Model (RAIM) Challenge:
Hai Xu,2334792994,1,,NTIRE 2026 The 3rd Restore Any Image Model (RAIM) Challenge:
Xiang Long,2318980237,1,,NTIRE 2026 The 3rd Restore Any Image Model (RAIM) Challenge:
Xu Liao,2200151070,1,,NTIRE 2026 The 3rd Restore Any Image Model (RAIM) Challenge:
Yan Zhai,2190307604,1,,NTIRE 2026 The 3rd Restore Any Image Model (RAIM) Challenge:
Haozhe Li,2395282668,1,,NTIRE 2026 The 3rd Restore Any Image Model (RAIM) Challenge:
Jiangning Zhang,73329364,1,,NTIRE 2026 The 3rd Restore Any Image Model (RAIM) Challenge:
Yuyang Liu,2344196587,1,,NTIRE 2026 The 3rd Restore Any Image Model (RAIM) Challenge:
Min Wei,2240479249,1,,NTIRE 2026 The 3rd Restore Any Image Model (RAIM) Challenge:
Tingting Mu,2274102566,1,,Multinex: Lightweight Low-light Image Enhancement via Multi-
Riyadi Jimmy Iskandar,2271306333,1,,Analysis of DCE Iterations Using ResNetDCE for Low-Light Enh
Chastine Fatichah,3345616,1,,Analysis of DCE Iterations Using ResNetDCE for Low-Light Enh
Anny Yuniarti,2238036539,1,,Analysis of DCE Iterations Using ResNetDCE for Low-Light Enh
Ying Liu,2308468836,1,,Single-Stage Signal Attenuation Diffusion Model for Low-Ligh
Junchao Zhang,2376519957,1,,Single-Stage Signal Attenuation Diffusion Model for Low-Ligh
Caiyun Wu,2286416676,1,,Single-Stage Signal Attenuation Diffusion Model for Low-Ligh
Chenyan Zhou,51101047,1,,SG-CIDNet: structure-guided low-light image enhancement netw
Zhongxiang Liu,2394554013,1,,SG-CIDNet: structure-guided low-light image enhancement netw
Shi-Chu Zhang,2429010877,1,,SG-CIDNet: structure-guided low-light image enhancement netw
Xin Feng,2279745469,1,,DarkCORE: Efficient low-light object detection via collabora
Jie Wang,2430757396,1,,DarkCORE: Efficient low-light object detection via collabora
Yunlong Wang,2279749885,1,,DarkCORE: Efficient low-light object detection via collabora
Junxiang Zeng,2273686951,1,,DarkCORE: Efficient low-light object detection via collabora
Di Ming,2157428703,1,,DarkCORE: Efficient low-light object detection via collabora
Muhammad Zain ul Abideen,88249299,1,,SNRD-Net: SNR-aware dual enhancement network for low-light i
Nan An,2347539421,1,,SNRD-Net: SNR-aware dual enhancement network for low-light i
Lingyu Wang,2287613462,1,,DADNet: Dual-Branch Low-Light Image Enhancement Network Base
Minli Tang,2113728085,1,,DADNet: Dual-Branch Low-Light Image Enhancement Network Base
Hua Li,2127040617,1,,DADNet: Dual-Branch Low-Light Image Enhancement Network Base
Feiyan Yang,2351562707,1,,DADNet: Dual-Branch Low-Light Image Enhancement Network Base
Ming Yuan,2284290820,1,,DADNet: Dual-Branch Low-Light Image Enhancement Network Base
Yimei Li,2291528175,1,,HVIFormer: A Dual-Stage Low-Light Image Enhancement Method B
Liuhong Luo,1406038179,1,,HVIFormer: A Dual-Stage Low-Light Image Enhancement Method B
Hongjun Li,2155567069,1,,HVIFormer: A Dual-Stage Low-Light Image Enhancement Method B
V. K. Singh,2283591002,1,,Low-Light Image Enhancement for Edge-Based Security Surveill
Niharika Anand,2319927159,1,,Low-Light Image Enhancement for Edge-Based Security Surveill
Krishna Sharma S,2413139163,1,,Low-Light Image Enhancement for Edge-Based Security Surveill
.. A. Anjali,2413138572,1,,Low-Light Image Enhancement for Edge-Based Security Surveill
Mahendra K. Shukla,2413134930,1,,Low-Light Image Enhancement for Edge-Based Security Surveill
Rajkumar Singh Rathore,33058369,1,,Low-Light Image Enhancement for Edge-Based Security Surveill
Weiwei Jiang,2202878685,1,,Low-Light Image Enhancement for Edge-Based Security Surveill
Tan You,2140101204,1,,Low-Light Image Enhancement via Deep Curve Estimation with F
Tan Jian Ding,2277539233,1,,Low-Light Image Enhancement via Deep Curve Estimation with F
Lee Yan Kang,2277591191,1,,Low-Light Image Enhancement via Deep Curve Estimation with F
Kang Chao,48509971,1,,Low-Light Image Enhancement via Deep Curve Estimation with F
Mohammad Arif Sobhan Bhuiyan,2238136596,1,,Low-Light Image Enhancement via Deep Curve Estimation with F
Haodong Guo,2365499273,1,,Target Detection in Underground Mines Based on Low-Light Ima
Kaibo Lu,2070274721,1,,Target Detection in Underground Mines Based on Low-Light Ima
Shanning Zhan,2274571573,1,,Target Detection in Underground Mines Based on Low-Light Ima
Jiangtao Li,2371062775,1,,Target Detection in Underground Mines Based on Low-Light Ima
Zhifei Wu,2240327642,1,,Target Detection in Underground Mines Based on Low-Light Ima
Yunuo Xie,2410953584,1,,IGDBT: Illumination-guide dual branch transformer for low-li
Zhijia Zhang,2337202911,1,,IGDBT: Illumination-guide dual branch transformer for low-li
Xin Huang,2368656770,1,,IGDBT: Illumination-guide dual branch transformer for low-li
Xingqi Na,2353512139,1,,IGDBT: Illumination-guide dual branch transformer for low-li
Kim Ji-Yeon,2299701781,1,,LiDAR-Anchored Collaborative Distillation for Robust 2D Repr
Hawook Jeong,2544084,1,,LiDAR-Anchored Collaborative Distillation for Robust 2D Repr
S.Pradeesh Kumar,2333847276,1,,A Hybrid Approach for Low Light Image Enhancement using Trad
Mithilesh Kumar Singh Yadav,2212995586,1,,A Hybrid Approach for Low Light Image Enhancement using Trad
Nagendra Pratap Singh,2347890077,1,,A Hybrid Approach for Low Light Image Enhancement using Trad
Divya Prasad K. H,2416778897,1,,ICE-GAN: A Low Light Image Enhancement Model
A. S. Nair,2055262721,1,,ICE-GAN: A Low Light Image Enhancement Model
S. G.,2219659637,1,,ICE-GAN: A Low Light Image Enhancement Model
Kangle Wu,2296028507,1,,Frequency-aware retinex-wavelet decomposition hybrid network
Xinyang Zhang,2399999294,1,,Enhancing low-light image quality: a multi-granularity memor
Hai Nan,2277257957,1,,SARA-Net: a lightweight and adaptive network for low-light i
Wan Chen,2411233726,1,,SARA-Net: a lightweight and adaptive network for low-light i
Junfang Tu,2369602864,1,,A pretrained CNN-guided diffusion framework with color trans
Kunyan Zhang,5332972,1,,A pretrained CNN-guided diffusion framework with color trans
Kaige Cui,2403809162,1,,Structure Awareness Wavelet Transformer Network for Low-Ligh
Weiwei Wang,2253902542,1,,Structure Awareness Wavelet Transformer Network for Low-Ligh
Yujie Wang,2403778864,1,,Structure Awareness Wavelet Transformer Network for Low-Ligh
Yi Wu,2403857945,1,,Structure Awareness Wavelet Transformer Network for Low-Ligh
Simeng Tu,2430893368,1,,Low-Light Image Enhancement Based on Retinex with Multi-Scal
Xiong Ying,2113267284,1,,Low-Light Image Enhancement Based on Retinex with Multi-Scal
Xi Zhang,2403343291,1,,Multi-sparsity isotropic gradient regularization for edge-pr
Yiwen Xiong,2187774355,1,,Multi-sparsity isotropic gradient regularization for edge-pr
Xinsheng Wang,2352975514,1,,Multi-sparsity isotropic gradient regularization for edge-pr
Xi Leng,2398799588,1,,Multi-sparsity isotropic gradient regularization for edge-pr
Haiyang Yu,2187451203,1,,Low-Light Scene Text Image Enhancement in the Wild
Yinglian Zhu,2365422519,1,,Low-Light Scene Text Image Enhancement in the Wild
Ke Niu,2238955236,1,,Low-Light Scene Text Image Enhancement in the Wild
Xiangyang Xue,2212947154,1,,Low-Light Scene Text Image Enhancement in the Wild
Nuthi Raju,2314715018,1,,HazeLightFormer: Joint transformer model for image dehazing 
Kankanala Srinivas,2314725730,1,,HazeLightFormer: Joint transformer model for image dehazing 
Balaram Murthy Chintakindi,2209718856,1,,HazeLightFormer: Joint transformer model for image dehazing 
Zhaoming Feng,2311811083,1,,A robust zero-shot framework based on adaptive illumination 
Weiwei Chen,2187150427,1,,A robust zero-shot framework based on adaptive illumination 
Guomin Zhang,2311825194,1,,A robust zero-shot framework based on adaptive illumination 
Yifan Ding,2311857420,1,,A robust zero-shot framework based on adaptive illumination 
Li Cheng,2283966633,1,,A robust zero-shot framework based on adaptive illumination 
Xiaohui Wang,2182521397,1,,LowLight-NeRF: A novel framework for high-fidelity neural re
Zhenyu Yin,2321488192,1,,LowLight-NeRF: A novel framework for high-fidelity neural re
Feiqing Zhang,151481679,1,,LowLight-NeRF: A novel framework for high-fidelity neural re
Wenxia Bao,2311911116,1,,Progressive enhancement method for low-light images via self
Wentao Guo,2304937496,1,,Progressive enhancement method for low-light images via self
Zonghao Tian,2069521593,1,,Progressive enhancement method for low-light images via self
Nian Wang,2152171257,1,,Progressive enhancement method for low-light images via self
Jiajia Lu,2260059059,1,,Illumination-adaptive feature enhancement for low-light obje
Wenping Zheng,2407371549,1,,Illumination-adaptive feature enhancement for low-light obje
Xinyan Liang,9540574,1,,Illumination-adaptive feature enhancement for low-light obje
Zhian Yuan,2279162346,1,,Illumination-adaptive feature enhancement for low-light obje
Jianxun Zhang,2374286482,1,,RetinexWT: Retinex-Based Low-Light Enhancement Method Combin
Tianze Yu,2393902194,1,,RetinexWT: Retinex-Based Low-Light Enhancement Method Combin
Yingzhu Zeng,2374288364,1,,RetinexWT: Retinex-Based Low-Light Enhancement Method Combin
Huan Zeng,2380001065,1,,RetinexWT: Retinex-Based Low-Light Enhancement Method Combin
Binxin Tang,2425784821,1,,Mean‐Local Binary Pattern‐Guided Multi‐Attention Network for
Xianchun Zhou,9302947,1,,Mean‐Local Binary Pattern‐Guided Multi‐Attention Network for
Jiewen Tian,2265356246,1,,Mean‐Local Binary Pattern‐Guided Multi‐Attention Network for
Mengnan Lv,2425704437,1,,Mean‐Local Binary Pattern‐Guided Multi‐Attention Network for
Ying Zhang,2292448853,1,,Mean‐Local Binary Pattern‐Guided Multi‐Attention Network for
Zheyu Shi,2258681113,1,,Perceptual enhanced multi-exposure image fusion network base
Yong Peng,2316519605,1,,Perceptual enhanced multi-exposure image fusion network base
Zhao An,2410514467,1,,SFD-Net: Spatial-frequency domain dual-branch cross-domain i
Jingwen Xie,2338861332,1,,Object Detection in Adverse Weather Based on Image Enhanceme
Ying Xiong,2237132490,1,,Object Detection in Adverse Weather Based on Image Enhanceme
Fangzhou He,2289924670,1,,Towards Vehicle-Infrastructure Cooperation: A Retina-Inspire
Xiaohui Li,2257359990,1,,Towards Vehicle-Infrastructure Cooperation: A Retina-Inspire
Peixian Zhang,2338057038,1,,Towards Vehicle-Infrastructure Cooperation: A Retina-Inspire
Yi Xiang,2372196505,1,,Towards Vehicle-Infrastructure Cooperation: A Retina-Inspire
Zhihua Qu,2293505841,1,,Towards Vehicle-Infrastructure Cooperation: A Retina-Inspire
Guanghui Yue,2119003274,1,,SGNet: Style-Guided Network With Temporal Compensation for U
Lixin Zhang,2321484379,1,,SGNet: Style-Guided Network With Temporal Compensation for U
Wanqing Liu,2346047327,1,,SGNet: Style-Guided Network With Temporal Compensation for U
Jingfeng Du,16291945,1,,SGNet: Style-Guided Network With Temporal Compensation for U
Tianwei Zhou,50018428,1,,SGNet: Style-Guided Network With Temporal Compensation for U
Hanhe Lin,2268019384,1,,SGNet: Style-Guided Network With Temporal Compensation for U
Jiachang Li,2292294135,1,,Vision-Based Method for Visitor Detection in Nighttime Sceni
Yixuan Xing,2409453648,1,,Vision-Based Method for Visitor Detection in Nighttime Sceni
Yong Wu,2115860396,1,,Vision-Based Method for Visitor Detection in Nighttime Sceni
Jianping Xing,2259092041,1,,Vision-Based Method for Visitor Detection in Nighttime Sceni
Ke Liu,2375719922,1,,DINO-Night: A Low-Illumination Road Object Detection Method 
Xiao-Hui Wang,2118240587,1,,DINO-Night: A Low-Illumination Road Object Detection Method 
De Li,2282286360,1,,DINO-Night: A Low-Illumination Road Object Detection Method 
Jin-Chun Piao,2281989811,1,,DINO-Night: A Low-Illumination Road Object Detection Method 
Xiaojuan Wu,2154605634,1,,Deep Learning-Based Automatic Recognition of Segregation in 
Jiwu Zhang,2107982065,1,,Deep Learning-Based Automatic Recognition of Segregation in 
Fujian Guo,117778344,1,,Deep Learning-Based Automatic Recognition of Segregation in 
R. Devesh,2363698601,1,,Deep Learning-Based Automatic Recognition of Segregation in 
Kumar Misra,2363698633,1,,Deep Learning-Based Automatic Recognition of Segregation in 
Xuemin Wang,2336530093,1,,Deep Learning-Based Automatic Recognition of Segregation in 
Xiucheng Li,2329083599,1,,Deep Learning-Based Automatic Recognition of Segregation in 
Miaomiao Tian,2056454564,1,,Exploiting Temporal Redundancy with Generative Priors: A Tra
Shenshen Luan,2294359625,1,,Exploiting Temporal Redundancy with Generative Priors: A Tra
Wei Hu,2384167852,1,,Dual enhancement of low-light image based on single-channel 
Manli Wang,2145276979,1,,Dual enhancement of low-light image based on single-channel 
Changsen Zhang,2204126324,1,,Dual enhancement of low-light image based on single-channel 
Yiwen Dou,2395817702,1,,Multi-branch low-light image iterative enhancement network
Yiting Gao,2158445784,1,,Multi-branch low-light image iterative enhancement network
Mei Gao,2147416198,1,,Multi-branch low-light image iterative enhancement network
Senyan Zhao,2000834112,1,,Multi-branch low-light image iterative enhancement network
Chenhao Zeng,2396318217,1,,Multi-branch low-light image iterative enhancement network
Feng Huang,2153751686,1,,DRIGNet: Low-light image enhancement based on dual-range inf
Jiong Huang,2128676588,1,,DRIGNet: Low-light image enhancement based on dual-range inf
Jing Wu,2149267521,1,,DRIGNet: Low-light image enhancement based on dual-range inf
Jianhua Lin,2279519332,1,,DRIGNet: Low-light image enhancement based on dual-range inf
Jing Guo,2269771415,1,,DRIGNet: Low-light image enhancement based on dual-range inf
Yunxiang Li,2297812171,1,,DRIGNet: Low-light image enhancement based on dual-range inf
Zhewei Liu,2323398329,1,,DRIGNet: Low-light image enhancement based on dual-range inf
Ruoyu Yang,2347942452,1,,DELIA-Net: A Detail-Enhanced and Local Illumination Adjustme
Huaixin Chen,2258684586,1,,DELIA-Net: A Detail-Enhanced and Local Illumination Adjustme
Sijie Luo,2316897483,1,,DELIA-Net: A Detail-Enhanced and Local Illumination Adjustme
Zhixi Wang,2350298082,1,,DELIA-Net: A Detail-Enhanced and Local Illumination Adjustme
Quoc-Viet Hoang,2303941072,1,,Diffusion-based feature absorption approach for improving li
M. Demirhan,9449524,1,,Self-Supervised Low-Light Hyperspectral Image Enhancement vi
S. E. Yuksel,3162554,1,,Self-Supervised Low-Light Hyperspectral Image Enhancement vi
A.-M. Raita-Hakola,2125362197,1,,Self-Supervised Low-Light Hyperspectral Image Enhancement vi
I. Pölönen,2565479,1,,Self-Supervised Low-Light Hyperspectral Image Enhancement vi
Yashwitha Reddy Chapala,2428578257,1,,Zero-DiDCE: Dual-Illumination Curve Estimation For Zero-Refe
Praveen Kumar Kalangi,2303924899,1,,Zero-DiDCE: Dual-Illumination Curve Estimation For Zero-Refe
Sriram Bodla,2428578071,1,,Zero-DiDCE: Dual-Illumination Curve Estimation For Zero-Refe
Aishwarya Tota,2428577907,1,,Zero-DiDCE: Dual-Illumination Curve Estimation For Zero-Refe
Nitisha Sharma,2405524302,1,,Zero-DiDCE: Dual-Illumination Curve Estimation For Zero-Refe
B. Goud,2283497149,1,,Zero-DiDCE: Dual-Illumination Curve Estimation For Zero-Refe
G. L. A. Babu,2287695861,1,,Zero-DiDCE: Dual-Illumination Curve Estimation For Zero-Refe
Gudepu Sai Krishna,2381849293,1,,Zero-DiDCE: Dual-Illumination Curve Estimation For Zero-Refe
Aditya Bharadwaj,2399056560,1,,MDNet: Multi-Scale Detail-aware Network for Low-Light Image 
Inderjeet,2212477566,1,,MDNet: Multi-Scale Detail-aware Network for Low-Light Image 
J. S. Sahambi,2295129090,1,,MDNet: Multi-Scale Detail-aware Network for Low-Light Image 
Derong Kong,2349817713,1,,Luminance-Aware Statistical Quantization: Unsupervised Hiera
Zhixiong Yang,2244603168,1,,Luminance-Aware Statistical Quantization: Unsupervised Hiera
Shuaifeng Zhi,2315508563,1,,Luminance-Aware Statistical Quantization: Unsupervised Hiera
Zhen Liu,2296849096,1,,Luminance-Aware Statistical Quantization: Unsupervised Hiera
Jingyuan Xia,2339583268,1,,Luminance-Aware Statistical Quantization: Unsupervised Hiera
Zhangzhao Cha,2213174962,1,,Zero-shot low-light image enhancement via scattering-based r
Yi Tang,2332606773,1,,Zero-shot low-light image enhancement via scattering-based r
Yingjian Li,2353663423,1,,Rethinking progressive low-light image enhancement: A freque
Xuan Zhou,2395969989,1,,Rethinking progressive low-light image enhancement: A freque
Zhouqiang Zhang,2330255180,1,,Rethinking progressive low-light image enhancement: A freque
Sheng Hu,2299529311,1,,Rethinking progressive low-light image enhancement: A freque
Yi Zhu,2354603437,1,,DCD-Net: Decoupling-Centric Decomposition Network for Low-Li
Mingming Zhang,2353847483,1,,DCD-Net: Decoupling-Centric Decomposition Network for Low-Li
Jigar Dalwadi,2391596532,1,,A Contemporary Survey of Low-Light Image Enhancement: From S
Niteen Vaghela,2391595175,1,,A Contemporary Survey of Low-Light Image Enhancement: From S
Poonam Sahibani,2391594909,1,,A Contemporary Survey of Low-Light Image Enhancement: From S
Vishal M. Patel,2319851443,1,,A Contemporary Survey of Low-Light Image Enhancement: From S
Xinhua Wang,2387431624,1,,Larger Hausdorff Dimension in Scanning Pattern Facilitates M
Caibo Feng,2365053308,1,,Larger Hausdorff Dimension in Scanning Pattern Facilitates M
Xiang Fu,2304147289,1,,Larger Hausdorff Dimension in Scanning Pattern Facilitates M
Fangtong Sun,2350157855,1,,FRBNet: Revisiting Low-Light Vision through Frequency-Domain
Congyu Li,2281999332,1,,FRBNet: Revisiting Low-Light Vision through Frequency-Domain
Ke Yang,2256475188,1,,FRBNet: Revisiting Low-Light Vision through Frequency-Domain
Yuchen Pan,2277575514,1,,FRBNet: Revisiting Low-Light Vision through Frequency-Domain
Hanwen Yu,2834956,1,,FRBNet: Revisiting Low-Light Vision through Frequency-Domain
Xichuan Zhang,2316516219,1,,FRBNet: Revisiting Low-Light Vision through Frequency-Domain
Yiying Li,2241488738,1,,FRBNet: Revisiting Low-Light Vision through Frequency-Domain
Zihan Wei,2212099672,1,,Learning Structural Priors via Laplacian RWKV Diffusion with
Zhengqi Yang,72486540,1,,Learning Structural Priors via Laplacian RWKV Diffusion with
Yanlian Jiang,2388540423,1,,Learning Structural Priors via Laplacian RWKV Diffusion with
Weilin Wu,2377903351,1,,A Novel Perspective on Low-Light Image Enhancement: Leveragi
Shifan Yang,2389391519,1,,A Novel Perspective on Low-Light Image Enhancement: Leveragi
Qizhao Lin,2261867936,1,,A Novel Perspective on Low-Light Image Enhancement: Leveragi
Xinghong Chen,2118654284,1,,A Novel Perspective on Low-Light Image Enhancement: Leveragi
Kunping Yang,2274753939,1,,A Novel Perspective on Low-Light Image Enhancement: Leveragi
Jing Wang,40470615,1,,A Novel Perspective on Low-Light Image Enhancement: Leveragi
Guannan Chen,2363602708,1,,A Novel Perspective on Low-Light Image Enhancement: Leveragi
Mei-Yang Wang,2304686040,1,,RetinexMCNet: A Memory Controller Dominated Network for Low-
Xuejing Kang,1690834884,1,,RetinexMCNet: A Memory Controller Dominated Network for Low-
Yaxi Lu,2456527836,1,,RetinexMCNet: A Memory Controller Dominated Network for Low-
Jie Xu,2328804723,1,,RetinexMCNet: A Memory Controller Dominated Network for Low-
Xingxiang Zhou,2323730117,1,,Task-Decoupled Bézier Surface Constraint for Uneven Low-Ligh
Xiangdong Su,80644791,1,,Task-Decoupled Bézier Surface Constraint for Uneven Low-Ligh
Haoran Zhang,152454078,1,,Task-Decoupled Bézier Surface Constraint for Uneven Low-Ligh
Guanglai Gao,2296714815,1,,Task-Decoupled Bézier Surface Constraint for Uneven Low-Ligh
Qiyao Luo,2384402024,1,,Night-time Lightweight Vehicle Detection Algorithm Based on 
Yongqing Qian,2342101368,1,,Night-time Lightweight Vehicle Detection Algorithm Based on 
Yuan Shi,2400698445,1,,Structure-Aware and Implicit Restoration for Low-Light Light
Yiren Chen,2339725758,1,,Structure-Aware and Implicit Restoration for Low-Light Light
Xianyang Wang,2327792169,1,,Structure-Aware and Implicit Restoration for Low-Light Light
Nuoya Li,2283087675,1,,Ihenet: an illumination invariant hierarchical feature enhan
Weiguo Pan,2307436131,1,,Ihenet: an illumination invariant hierarchical feature enhan
Bingxin Xu,2283059953,1,,Ihenet: an illumination invariant hierarchical feature enhan
Hongzhe Liu,2283089934,1,,Ihenet: an illumination invariant hierarchical feature enhan
Songyin Dai,2150490850,1,,Ihenet: an illumination invariant hierarchical feature enhan
Cheng Xu,2348494903,1,,Ihenet: an illumination invariant hierarchical feature enhan
X. Cai,2303230460,1,,Dual-conversion framework for effective low-light image enha
Weinan Chen,2109085614,1,,Dual-conversion framework for effective low-light image enha
Tierui Zhang,2357699962,1,,Dual-conversion framework for effective low-light image enha
Jiayuan Cao,2240027790,1,,Dual-conversion framework for effective low-light image enha
Houbo Zhang,2384712435,1,,Efficient traffic sign recognition via state space models an
Yitang Zuo,2393100989,1,,Efficient traffic sign recognition via state space models an
Runxin Yang,2363945261,1,,Real-time efficient image enhancement in low-light condition
J. Pang,2277670084,1,,Low-Light Image Enhancement Through Learning a Simplified In
Shuaibo Gao,2220864349,1,,Low-Light Image Enhancement Through Learning a Simplified In
Zhe Chen,2144321516,1,,Low-Light Image Enhancement Through Learning a Simplified In
Guoping Qiu,2261750080,1,,Low-Light Image Enhancement Through Learning a Simplified In
Yiqiang Zhou,2237957901,1,,LUXFormer: Low-light image enhancement via joint spatial-fre
Xindan Gao,2323942678,1,,LUXFormer: Low-light image enhancement via joint spatial-fre
Jifeng Guo,2349552436,1,,LUXFormer: Low-light image enhancement via joint spatial-fre
Guang Li,2342632798,1,,LUXFormer: Low-light image enhancement via joint spatial-fre
Lu Wang,2265156736,1,,LUXFormer: Low-light image enhancement via joint spatial-fre
Jing Liu,2386640187,1,,LUXFormer: Low-light image enhancement via joint spatial-fre
Wenhao Yu,2261366011,1,,AIE-Net: Adaptive Illumination Estimation for Low-Light Imag
Shifa Chen,2433095905,1,,Towards Real-World Unsupervised Enhancement of Low-Light Lig
Guoqiang Gong,2350347193,1,,Towards Real-World Unsupervised Enhancement of Low-Light Lig
Daizong Tian,1452345027,1,,Long-Short Exposure Fusion With Event Data For Low-Light Vid
A. Choudhury,2526476,1,,Long-Short Exposure Fusion With Event Data For Low-Light Vid
Walt Husak,47236701,1,,Long-Short Exposure Fusion With Event Data For Low-Light Vid
Tonmoy Ghosh,148197904,1,,Detection of Screen Usage During Eating Events Among Prescho
Md Billal Hossain,2302505667,1,,Detection of Screen Usage During Eating Events Among Prescho
Steven J. Holiday,2324055594,1,,Detection of Screen Usage During Eating Events Among Prescho
Matthew R. Cribbet,2377171877,1,,Detection of Screen Usage During Eating Events Among Prescho
Susan White,2184506057,1,,Detection of Screen Usage During Eating Events Among Prescho
Yu Gan,2377064420,1,,Detection of Screen Usage During Eating Events Among Prescho
Edward Sazonov,2324055743,1,,Detection of Screen Usage During Eating Events Among Prescho
Shengli Zhang,2186282191,1,,Illuminating the darkness: experimental review of cutting-ed
Binming Zeng,2379343244,1,,Dual-stream noise suppression low-light image enhancement ne
Zifan Rui,2379383196,1,,Dual-stream noise suppression low-light image enhancement ne
Yaolong Hu,2380141326,1,,Dual-stream noise suppression low-light image enhancement ne
Xiaofan Yu,2396842211,1,,Dual-stream noise suppression low-light image enhancement ne
Po-Wen Hsieh,1974017,1,,Anisotropic pth-order TV-based Retinex decomposition with ad
Suh-Yuh Yang,2547124,1,,Anisotropic pth-order TV-based Retinex decomposition with ad
Sihao Chen,2301351160,1,,Unsupervised Ultra-High-Resolution UAV Low-Light Image Enhan
M. Hamza,2260414880,1,,Deep Neural Networks for Block-Level Video Enhancement: Tran
Muhammad Daud,2341119606,1,,Deep Neural Networks for Block-Level Video Enhancement: Tran
Khadija Bibi,2265881614,1,,Deep Neural Networks for Block-Level Video Enhancement: Tran
Muhammad A. A. Abdelgawad,2287165902,1,,Deep Neural Networks for Block-Level Video Enhancement: Tran
Muhammad Shafique,2227916275,1,,Deep Neural Networks for Block-Level Video Enhancement: Tran
Kai Jiang,2332505245,1,,An adaptive weight fusion low-light image enhancement based 
Baoju Zhang,2220183772,1,,An adaptive weight fusion low-light image enhancement based 
Cuiping Zhang,40531119,1,,An adaptive weight fusion low-light image enhancement based 
Bohua Chu,2368859316,1,,An adaptive weight fusion low-light image enhancement based 
Yameng Zhang,2322610245,1,,An adaptive weight fusion low-light image enhancement based 
Mengqi Xue,2322554149,1,,An adaptive weight fusion low-light image enhancement based 
Supriya Singh,2319615098,1,,Zero-shot learning with depthwise separable convolution for 
Deepa Raj,2319471352,1,,Zero-shot learning with depthwise separable convolution for 
Ziang Wang,2378243224,1,,DIME-Net: A Dual-Illumination Adaptive Enhancement Network B
Xiaoqin Wang,2289215538,1,,DIME-Net: A Dual-Illumination Adaptive Enhancement Network B
Dingyi Wang,2145384996,1,,DIME-Net: A Dual-Illumination Adaptive Enhancement Network B
Qiang Li,2338298932,1,,DIME-Net: A Dual-Illumination Adaptive Enhancement Network B
Shushan Qiao,2139902800,1,,DIME-Net: A Dual-Illumination Adaptive Enhancement Network B
Zhipeng Huang,2189696885,1,,NP-YOLO: A Nighttime Pedestrian Detection Model for Video Su
Weiming Liu,1454014370,1,,NP-YOLO: A Nighttime Pedestrian Detection Model for Video Su
Yanbin Xu,2415871032,1,,Unsupervised detail and color restorer for Retinex-based low
Zefu Liu,2224090559,1,,Unsupervised detail and color restorer for Retinex-based low
Hongxuan Xie,2387818911,1,,TransDiff: Transformer-based diffusion model for low-light i
Hui Xu,2149189783,1,,TransDiff: Transformer-based diffusion model for low-light i
Chenbo Shi,2180146240,1,,RICNET: Retinex-Inspired Illumination Curve Estimation for L
Xiangyu Zhang,2325689187,1,,RICNET: Retinex-Inspired Illumination Curve Estimation for L
Delin Wang,2325613419,1,,RICNET: Retinex-Inspired Illumination Curve Estimation for L
Changsheng Zhu,2256797855,1,,RICNET: Retinex-Inspired Illumination Curve Estimation for L
Aiping Liu,2374310747,1,,RICNET: Retinex-Inspired Illumination Curve Estimation for L
Chun Zhang,2180426467,1,,RICNET: Retinex-Inspired Illumination Curve Estimation for L
Xiaobing Feng,2348779279,1,,RICNET: Retinex-Inspired Illumination Curve Estimation for L
Jianxing Wu,2376831338,1,,Multi-scale cascaded network with high-low frequency for low
T. Ran,2088932195,1,,Multi-scale cascaded network with high-low frequency for low
Wendong Xiao,2093593356,1,,Multi-scale cascaded network with high-low frequency for low
Liang Yuan,2089025639,1,,Multi-scale cascaded network with high-low frequency for low
Qing Tao,2283776841,1,,Multi-scale cascaded network with high-low frequency for low
Qi Cheng,2314354404,1,,Memristive Bi-Path Wavelet Transformer for low-light image e
Anxin Zhao,2224937951,1,,Application of CycleGAN-based low-light image enhancement al
Qiuhong Zheng,2374374920,1,,Application of CycleGAN-based low-light image enhancement al
Liang Li,2311346846,1,,Application of CycleGAN-based low-light image enhancement al
Zeyang Yu,2385115118,1,,Wavelet State Space Model for Low-Light Image Enhancement
Yi Fang,2112786983,1,,Wavelet State Space Model for Low-Light Image Enhancement
Qiang Ling,2242936090,1,,Wavelet State Space Model for Low-Light Image Enhancement
Hui Zhou,2342033285,1,,DFCNet: Dual-Stage Frequency-Domain Calibration Network for 
Yaming Mao,2375176508,1,,DFCNet: Dual-Stage Frequency-Domain Calibration Network for 
Lu Liu,2368920049,1,,DFCNet: Dual-Stage Frequency-Domain Calibration Network for 
Yiyang Lu,2330417040,1,,DFCNet: Dual-Stage Frequency-Domain Calibration Network for 
Jun Ma,2306498022,1,,Efficient detection model of UAVs under low-light conditions
Zejie Sun,2365273825,1,,Efficient detection model of UAVs under low-light conditions
Yuling Wu,2365190357,1,,Efficient detection model of UAVs under low-light conditions
Dongyang Jin,2282024278,1,,Efficient detection model of UAVs under low-light conditions
Yucheng Yang,2325105783,1,,Nighttime Driving Fatigue Detection Based on Improved Zero-D
Shihao Zhu,2368398075,1,,Nighttime Driving Fatigue Detection Based on Improved Zero-D
Zekai Shang,2395010026,1,,Nighttime Driving Fatigue Detection Based on Improved Zero-D
Xing Pan,2328542488,1,,Nighttime Driving Fatigue Detection Based on Improved Zero-D
Ebin J Alapatt,2381851649,1,,Lightweight Low-Light Image Enhancement Techniques for Edge 
Pankaj Kumar G,2381853519,1,,Lightweight Low-Light Image Enhancement Techniques for Edge 
N. Eswar,2003306999,1,,Lightweight Low-Light Image Enhancement Techniques for Edge 
Aman K Shihab,2381854940,1,,Lightweight Low-Light Image Enhancement Techniques for Edge 
S. Bhatt,2381852092,1,,Lightweight Low-Light Image Enhancement Techniques for Edge 
Sreevishnu Damodaran,2381851710,1,,Lightweight Low-Light Image Enhancement Techniques for Edge 
A. A. Aswathy,2381851848,1,,Lightweight Low-Light Image Enhancement Techniques for Edge 
Kun Wang,2280592774,1,,Partially decoupled low-light image enhancement for brighten
Xiangchu Feng,2280730241,1,,Partially decoupled low-light image enhancement for brighten
Ze Li,2292318468,1,,Robust Low-Light Scene Restoration via Illumination Transiti
Xiatian Zhu,2310779366,1,,Robust Low-Light Scene Restoration via Illumination Transiti
Meng-Xia Zhang,2190704140,1,,Robust Low-Light Scene Restoration via Illumination Transiti
Yanghong Zhou,3087985,1,,Robust Low-Light Scene Restoration via Illumination Transiti
P. Mok,2055816103,1,,Robust Low-Light Scene Restoration via Illumination Transiti
Xingpeng Zhang,2268794543,1,,EffRetMamba: A Light-Weight Mamba for Low-Light Image Enhanc
Sijing Wu,2294680318,1,,EffRetMamba: A Light-Weight Mamba for Low-Light Image Enhanc
Qiuli Wang,2294672782,1,,EffRetMamba: A Light-Weight Mamba for Low-Light Image Enhanc
Kaixin Wang,2331945233,1,,EffRetMamba: A Light-Weight Mamba for Low-Light Image Enhanc
Siyong Fu,2271228851,1,,Low-light object detection via adaptive enhancement and dyna
Qinghua Zhao,2265488947,1,,Low-light object detection via adaptive enhancement and dyna
Hesheng Liu,2265434180,1,,Low-light object detection via adaptive enhancement and dyna
Qiuxiang Tao,2265480449,1,,Low-light object detection via adaptive enhancement and dyna
Danjuan Liu,2358028416,1,,Low-light object detection via adaptive enhancement and dyna
Junkai Fan,2266124407,1,,Daytime-Mixed Non-Aligned Learning for Real Nighttime Image 
Jianjun Qian,2261987864,1,,Daytime-Mixed Non-Aligned Learning for Real Nighttime Image 
H. Zou,103054625,1,,Daytime-Mixed Non-Aligned Learning for Real Nighttime Image 
Yudong Mao,2152119664,1,,Exploiting Long and Short Temporal Dependence for Low-Light 
Yixuan Li,2279762308,1,,Exploiting Long and Short Temporal Dependence for Low-Light 
Zhiwei Zhong,2372089874,1,,Exploiting Long and Short Temporal Dependence for Low-Light 
Shanshe Wang,1755176,1,,Exploiting Long and Short Temporal Dependence for Low-Light 
Saksham Jain,2383104557,1,,IllumiCurveNet: Low-Light Image Enhancement of Lunar Permane
Sparsh Jain,2290976695,1,,IllumiCurveNet: Low-Light Image Enhancement of Lunar Permane
A. Prajapati,93662805,1,,IllumiCurveNet: Low-Light Image Enhancement of Lunar Permane
Garvita Singh,2190313064,1,,IllumiCurveNet: Low-Light Image Enhancement of Lunar Permane
Dinesh Kumar Vishwakarma,2325832992,1,,IllumiCurveNet: Low-Light Image Enhancement of Lunar Permane
Liuyu Zhu,2316515199,1,,LOPD: A Low-illumination Scene Occluded Pedestrian Detection
Zhiguan Wang,2890805,1,,LOPD: A Low-illumination Scene Occluded Pedestrian Detection
Yongsheng Hou,114680093,1,,LOPD: A Low-illumination Scene Occluded Pedestrian Detection
Zhiqiang Liu,2316517942,1,,LOPD: A Low-illumination Scene Occluded Pedestrian Detection
Shen Li,2392899697,1,,LOPD: A Low-illumination Scene Occluded Pedestrian Detection
Xiaoxue Li,2316520825,1,,LOPD: A Low-illumination Scene Occluded Pedestrian Detection
Runwen Zhu,2296442522,1,,TPE-YOLO: improved low-light object detection using a two-wa
Yuqian Zhang,2369216530,1,,Low-light image enhancement method based on retinex theory a
Jie Jiang,2277419637,1,,Low-light image enhancement method based on retinex theory a
Zhan Wang,2369951128,1,,Low-light image enhancement method based on retinex theory a
Qi Zhang,2369247544,1,,Low-light image enhancement method based on retinex theory a
Yudi Jiang,2369292374,1,,Low-light image enhancement method based on retinex theory a
Jun Liu,2375403233,1,,Low-light image enhancement method based on retinex theory a
Liying Xu,2130011929,1,,Adaptive Multi-Exposure Image Correction via Joint Lightness
Xiong Liu,2110678576,1,,Component Generation Network-Based Image Enhancement Method 
Juan Zhang,2108137577,1,,Component Generation Network-Based Image Enhancement Method 
Qiushi Cui,2333271928,1,,Component Generation Network-Based Image Enhancement Method 
Yingyue Zhou,2341934491,1,,Component Generation Network-Based Image Enhancement Method 
Qian Wang,2274346132,1,,Component Generation Network-Based Image Enhancement Method 
Zining Zhao,2367065092,1,,Component Generation Network-Based Image Enhancement Method 
Yong Li,2275631168,1,,Component Generation Network-Based Image Enhancement Method 
Maozhen Liu,2307982973,1,,DBLDNet: dual branch low light object detector based on feat
Bin He,2082464010,1,,Deep Learning for Low-Light Vision: A Comprehensive Survey
Run-Sheng Shen,2142196618,1,,Deep Learning for Low-Light Vision: A Comprehensive Survey
Qiao Zhang,2350761462,1,,Pool-mamba: Pooling state space model for low-light image en
Xinyuan Chen,2263978040,1,,Pool-mamba: Pooling state space model for low-light image en
Junsong Wang,2346036934,1,,Advancing low-light image enhancement through deep learning:
Yan Kang,2346258624,1,,Advancing low-light image enhancement through deep learning:
Yuanjian Qiao,1828827901,1,,Degradation-Guided cross-consistent deep unfolding network f
Shubo Zhou,2346284010,1,,Adaptive frequency selection network for low-light image enh
Jingjing Jiang,2369221495,1,,Adaptive frequency selection network for low-light image enh
Zhijun Fang,2348313475,1,,Adaptive frequency selection network for low-light image enh
Xiaoming Ding,2117434876,1,,Adaptive frequency selection network for low-light image enh
Rongfang Huang,2453818449,1,,Adaptive frequency selection network for low-light image enh
Xue-qin Jiang,2313868791,1,,Adaptive frequency selection network for low-light image enh
Haosen Dong,2176367668,1,,DED-net: multi-scale fusion and illumination-guided enhancem
Tianyou Fang,2364470230,1,,DED-net: multi-scale fusion and illumination-guided enhancem
P. Wijesiri,2379243985,1,,Attention-Driven Multi-Scale GAN with Complementary Learning
Guhanathan Poravi,51938252,1,,Attention-Driven Multi-Scale GAN with Complementary Learning
Bo Jiang,2177275988,1,,Semantic-Aware Low-Light Image Enhancement by Learning from 
Xuefei Wang,2238884908,1,,Semantic-Aware Low-Light Image Enhancement by Learning from 
Naidi Yang,2361885635,1,,Semantic-Aware Low-Light Image Enhancement by Learning from 
Yuhan Liu,2361876338,1,,Semantic-Aware Low-Light Image Enhancement by Learning from 
Xi Chen,2362354067,1,,Semantic-Aware Low-Light Image Enhancement by Learning from 
Qiwen Wu,2442315181,1,,Semantic-Aware Low-Light Image Enhancement by Learning from 
Nikolay Safonov,2359256183,1,,NTIRE 2025 Challenge on UGC Video Enhancement: Methods and R
A. Bryncev,2322443872,1,,NTIRE 2025 Challenge on UGC Video Enhancement: Methods and R
Andrey Moskalenko,2300283845,1,,NTIRE 2025 Challenge on UGC Video Enhancement: Methods and R
D. Kulikov,2408467680,1,,NTIRE 2025 Challenge on UGC Video Enhancement: Methods and R
Dmitry Vatolin,2316638138,1,,NTIRE 2025 Challenge on UGC Video Enhancement: Methods and R
Haibo Lei,2306995181,1,,NTIRE 2025 Challenge on UGC Video Enhancement: Methods and R
Qifan Gao,2357684338,1,,NTIRE 2025 Challenge on UGC Video Enhancement: Methods and R
Qin Luo,2170777697,1,,NTIRE 2025 Challenge on UGC Video Enhancement: Methods and R
Yaqing Li,2316786355,1,,NTIRE 2025 Challenge on UGC Video Enhancement: Methods and R
Jie Song,2316774352,1,,NTIRE 2025 Challenge on UGC Video Enhancement: Methods and R
Shaozhe Hao,2154574545,1,,NTIRE 2025 Challenge on UGC Video Enhancement: Methods and R
Mei Zheng,46934753,1,,NTIRE 2025 Challenge on UGC Video Enhancement: Methods and R
Jingyi Xu,2294177215,1,,NTIRE 2025 Challenge on UGC Video Enhancement: Methods and R
Chen Wu,2365099202,1,,NTIRE 2025 Challenge on UGC Video Enhancement: Methods and R
Jiahui Liu,2338215188,1,,NTIRE 2025 Challenge on UGC Video Enhancement: Methods and R
Peipei Liang,2359257098,1,,NTIRE 2025 Challenge on UGC Video Enhancement: Methods and R
Jie Ma,2343778637,1,,NTIRE 2025 Challenge on UGC Video Enhancement: Methods and R
Junjie Jin,2316923322,1,,NTIRE 2025 Challenge on UGC Video Enhancement: Methods and R
Yingxue Pang,2292139663,1,,NTIRE 2025 Challenge on UGC Video Enhancement: Methods and R
Fang Luo,2274846794,1,,NTIRE 2025 Challenge on UGC Video Enhancement: Methods and R
Shijie Zhao,2316587852,1,,NTIRE 2025 Challenge on UGC Video Enhancement: Methods and R
Mingyang Wu,2304945393,1,,NTIRE 2025 Challenge on UGC Video Enhancement: Methods and R
Renjie Li,2351000281,1,,NTIRE 2025 Challenge on UGC Video Enhancement: Methods and R
Yushen Zuo,2355427138,1,,NTIRE 2025 Challenge on UGC Video Enhancement: Methods and R
Shengyun Zhong,2299392793,1,,NTIRE 2025 Challenge on UGC Video Enhancement: Methods and R
Zhengzhong Tu,40992714,1,,NTIRE 2025 Challenge on UGC Video Enhancement: Methods and R
Zelong Wang,2161310427,1,,Efficient Retinex-Based Framework for Low-Light Image Enhanc
Phil Birch,2268519091,1,,Efficient Retinex-Based Framework for Low-Light Image Enhanc
Jiaqiang Peng,2334335002,1,,Vehicle spatiotemporal distribution identification in low-li
X. Kong,2241849332,1,,Vehicle spatiotemporal distribution identification in low-li
Shuo Wang,2259924207,1,,Vehicle spatiotemporal distribution identification in low-li
Jiexuan Hu,98909817,1,,Vehicle spatiotemporal distribution identification in low-li
Yang Li,2324638380,1,,FE-YOLO: Fourier enhancement YOLO for end-to-end object dete
Xianguo Li,2305446858,1,,FE-YOLO: Fourier enhancement YOLO for end-to-end object dete
Michael Lin,2266035447,1,,FE-YOLO: Fourier enhancement YOLO for end-to-end object dete
Yanchun Guo,2345710109,1,,ZERRIN-Net: Adaptive low-light image enhancement using Retin
S. A,2307915077,1,,EUI: A Novel Underwater Image Enhancement Network
A. K.,2219796840,1,,EUI: A Novel Underwater Image Enhancement Network
Ieee Cheuk-Yiu Chan Student Member,2376356742,1,,Back Projection Generative Strategy for Low and Normal Light
Ieee Wan-Chi Siu Life Fellow,2376356718,1,,Back Projection Generative Strategy for Low and Normal Light
Ieee Yuk-Hee Chan Member,2376356716,1,,Back Projection Generative Strategy for Low and Normal Light
Ieee H. Anthony Chan Life Fellow,2376356749,1,,Back Projection Generative Strategy for Low and Normal Light
Zejiu Wu,2356808228,1,,Transferring enhanced material knowledge via image quality e
Yuxing Zou,2357790825,1,,Transferring enhanced material knowledge via image quality e
Zhijie Li,2271436377,1,,Transferring enhanced material knowledge via image quality e
Dong-Hong Ji,2278041994,1,,Transferring enhanced material knowledge via image quality e
Hongbin Zhang,2356797331,1,,Transferring enhanced material knowledge via image quality e
Zhihua Wang,2355239773,1,,Towards Realistic Low-Light Image Enhancement via ISP Driven
Yu Long,2340430182,1,,Towards Realistic Low-Light Image Enhancement via ISP Driven
Qinghua Lin,2357332309,1,,Towards Realistic Low-Light Image Enhancement via ISP Driven
Yazhun Zhang,2400661783,1,,Towards Realistic Low-Light Image Enhancement via ISP Driven
Alireza Khajehvandi,2355196474,1,,Enhancing image brightness without paired data: a fast no-re
Mehdi Ezoji,2355197422,1,,Enhancing image brightness without paired data: a fast no-re
Julia Navarro,2289926527,1,,Nonlocal Retinex-Based Variational Model and its Deep Unfold
Min He,2358828220,1,,SwinLightGAN a study of low-light image enhancement algorith
Feiyang Lv,2324120772,1,,SwinLightGAN a study of low-light image enhancement algorith
Ruiyuan Chen,2305799735,1,,PDCE: Patch-wise Dynamic Curve Estimation for Low-Light Imag
Zhixin Li,2349884904,1,,PDCE: Patch-wise Dynamic Curve Estimation for Low-Light Imag
Han Zeng,2376094675,1,,PDCE: Patch-wise Dynamic Curve Estimation for Low-Light Imag
Yifan Liu,2273559907,1,,PDCE: Patch-wise Dynamic Curve Estimation for Low-Light Imag
Tao He,2349943849,1,,PDCE: Patch-wise Dynamic Curve Estimation for Low-Light Imag
Tiecheng Song,2292177904,1,,PDCE: Patch-wise Dynamic Curve Estimation for Low-Light Imag
Yuxuan Wang,2287759908,1,,Advancing Dark Action Recognition via Modality Fusion and Da
Zhen Xing,2332354247,1,,Advancing Dark Action Recognition via Modality Fusion and Da
Zuxuan Wu,2341646178,1,,Advancing Dark Action Recognition via Modality Fusion and Da
C. Vaidya,46798788,1,,Image denoising by attention U-Net based network module for 
Amudhavel Jayavel,1814242750,1,,Image denoising by attention U-Net based network module for 
P. .. Mishra,2310921239,1,,Image denoising by attention U-Net based network module for 
Zunjin Zhao,1638057237,1,,LoRaDIP: Low-Rank Adaptation With Deep Image Prior for Gener
Daming Shi,2259006000,1,,LoRaDIP: Low-Rank Adaptation With Deep Image Prior for Gener
Peng He,2163127089,1,,MA-MNN: Multi-flow attentive memristive neural network for m
Jinlu Zhang,2144199915,1,,OwlSight: A Robust Illumination Adaptation Framework for Dar
Yue Liu,,1,,OwlSight: A Robust Illumination Adaptation Framework for Dar
Aoran Xiao,2351067177,1,,OwlSight: A Robust Illumination Adaptation Framework for Dar
Jiabao Liang,2338154815,1,,A hybrid framework for curve estimation based low light imag
Shuangwu Zheng,1561195926,1,,A hybrid framework for curve estimation based low light imag
Yang Chen,2352874139,1,,A hybrid framework for curve estimation based low light imag
Zhu Liu,2292191683,1,,DEAL: Data-Efficient Adversarial Learning for High-Quality I
Zijun Wang,2365991217,1,,DEAL: Data-Efficient Adversarial Learning for High-Quality I
Fanqi Meng,2289696942,1,,DEAL: Data-Efficient Adversarial Learning for High-Quality I
Weichen Dai,2274931426,1,,Implicit guidance for enhancing low-light optical flow estim
Hexing Wu,2347884061,1,,Implicit guidance for enhancing low-light optical flow estim
Xiaoyang Weng,2347796866,1,,Implicit guidance for enhancing low-light optical flow estim
Wanzeng Kong,2274933718,1,,Implicit guidance for enhancing low-light optical flow estim
Shuai Wang,2283888173,1,,CLIP-Optimized Multimodal Image Enhancement via ISP-CNN Fusi
Shihao Zhang,2296627645,1,,CLIP-Optimized Multimodal Image Enhancement via ISP-CNN Fusi
Zijian Tian,2296220264,1,,CLIP-Optimized Multimodal Image Enhancement via ISP-CNN Fusi
Tongzhu Jin,150320259,1,,CLIP-Optimized Multimodal Image Enhancement via ISP-CNN Fusi
Miaomiao Xue,2335718761,1,,CLIP-Optimized Multimodal Image Enhancement via ISP-CNN Fusi
Zehua Wang,2261096811,1,,CLIP-Optimized Multimodal Image Enhancement via ISP-CNN Fusi
Victor C. M. Leung,2316063125,1,,CLIP-Optimized Multimodal Image Enhancement via ISP-CNN Fusi
Namrah Siddiqua,2346835169,1,,LUMINA-Net: Low-light Upgrade through Multi-stage Illuminati
Suneung Kim,30938069,1,,LUMINA-Net: Low-light Upgrade through Multi-stage Illuminati
Mohan Yin,2324132665,1,,ILR-Net: Low-light image enhancement network based on the co
Jianbai Yang,2324217174,1,,ILR-Net: Low-light image enhancement network based on the co
Yang Xu,2115681716,1,,A wavelet-based diffusion model for low-light image enhancem
Zhihui Wei,2157387443,1,,A wavelet-based diffusion model for low-light image enhancem
Zebin Wu,134909078,1,,A wavelet-based diffusion model for low-light image enhancem
Yingcai Wan,2329062830,1,,Patch-Wise-Based Diffusion Model with Uncertainty Guidance f
Xingfei Zhang,2332291838,1,,Illumination enhancement discriminator and compensation atte
Mengliang Xing,2188403500,1,,Illumination enhancement discriminator and compensation atte
Haoze Zheng,2349798388,1,,Crossing the Chasm: A practical architecture augmentation fo
Yuechao Gao,2343597165,1,,Crossing the Chasm: A practical architecture augmentation fo
Tengyu Ma,2238532971,1,,Crossing the Chasm: A practical architecture augmentation fo
Qi Jia,2129979738,1,,Crossing the Chasm: A practical architecture augmentation fo
Jianhui Wang,2339243505,1,,MDANet: A multi-stage domain adaptation framework for genera
Yangfan He,2310318734,1,,MDANet: A multi-stage domain adaptation framework for genera
Kun Li,2339536802,1,,MDANet: A multi-stage domain adaptation framework for genera
Sida Li,2339479443,1,,MDANet: A multi-stage domain adaptation framework for genera
Lan Zhao,2312099266,1,,MDANet: A multi-stage domain adaptation framework for genera
Jun Yin,2340409875,1,,MDANet: A multi-stage domain adaptation framework for genera
Miao Zhang,2339241115,1,,MDANet: A multi-stage domain adaptation framework for genera
Tianyu Shi,2323017980,1,,MDANet: A multi-stage domain adaptation framework for genera
Xueqian Wang,2292032615,1,,MDANet: A multi-stage domain adaptation framework for genera
Yuanbo Li,2110481394,1,,A comprehensive survey of visible and infrared imaging in co
Ping Zhou,2106946559,1,,A comprehensive survey of visible and infrared imaging in co
Gongbo Zhou,2276049239,1,,A comprehensive survey of visible and infrared imaging in co
Haozhe Wang,2314588095,1,,A comprehensive survey of visible and infrared imaging in co
Yunqi Lu,2308011658,1,,A comprehensive survey of visible and infrared imaging in co
Yuxing Peng,2357909116,1,,A comprehensive survey of visible and infrared imaging in co
Junyu Xia,2341880156,1,,DLEN: Dual Branch of Transformer for Low-Light Image Enhance
Yihang Dong,2316519915,1,,DLEN: Dual Branch of Transformer for Low-Light Image Enhance
Zhaopeng Zhang,2319408902,1,,GLE-YOLO: intelligent detection of road linear damage in sha
Zhijie Xu,2136387927,1,,GLE-YOLO: intelligent detection of road linear damage in sha
Jianqin Zhang,2107981027,1,,GLE-YOLO: intelligent detection of road linear damage in sha
Abdulmotaleb El Saddik,2192549899,1,,Wakeup-Darkness: When Multimodal Meets Unsupervised Low-Ligh
Yongbo Liu,2144407203,1,,Local-Global Two-Branch Synergy to Optimize Exposure Correct
Shaurya Rathore,2339262666,1,,HipyrNet: Hypernet-Guided Feature Pyramid Network for Mixed-
Aravind Shenoy,2339269078,1,,HipyrNet: Hypernet-Guided Feature Pyramid Network for Mixed-
Krish Didwania,2284761247,1,,HipyrNet: Hypernet-Guided Feature Pyramid Network for Mixed-
Aditya Kasliwal,2192732131,1,,HipyrNet: Hypernet-Guided Feature Pyramid Network for Mixed-
Ujjwal Verma,2284761245,1,,HipyrNet: Hypernet-Guided Feature Pyramid Network for Mixed-
A. Buades,2330728644,1,,Efficient recurrent real video restoration
J. Lisani,2142405,1,,Efficient recurrent real video restoration
Xiaopeng Hu,2338531367,1,,Wavelet-based enhancement network for low-light image
Kang Liu,2146386319,1,,Wavelet-based enhancement network for low-light image
Pingsheng Jiang,2338646599,1,,Wavelet-based enhancement network for low-light image
Xu Qian,2067732973,1,,Wavelet-based enhancement network for low-light image
Jie Cao,2342453404,1,,FIPNet: Self-supervised low-light image enhancement combinin
Qijie Zou,2340324021,1,,FIPNet: Self-supervised low-light image enhancement combinin
Xin Ning,2195492834,1,,FIPNet: Self-supervised low-light image enhancement combinin
Rentao Yang,2332302314,1,,ILENet: Illumination-Modulated Laplacian-Pyramid Enhancement
Zhize Wu,2239946463,1,,ILENet: Illumination-Modulated Laplacian-Pyramid Enhancement
Lingma Sun,2312689449,1,,ILENet: Illumination-Modulated Laplacian-Pyramid Enhancement
Jiashan Liu,2332299960,1,,ILENet: Illumination-Modulated Laplacian-Pyramid Enhancement
Le Zou,2296258261,1,,ILENet: Illumination-Modulated Laplacian-Pyramid Enhancement
Jian Weng,2173437827,1,,Interpretable Optimization-Inspired Unfolding Network for Lo
Xu Wang,2240192851,1,,Interpretable Optimization-Inspired Unfolding Network for Lo
Jianmin Jiang,2244585958,1,,Interpretable Optimization-Inspired Unfolding Network for Lo
Yimeng Xia,2324707927,1,,R‐YOLOv5s: Improved YOLOv5s for Object Detection in Low‐Ligh
Yuanmei Wang,2444707894,1,,R‐YOLOv5s: Improved YOLOv5s for Object Detection in Low‐Ligh
Sheng Liu,2319348089,1,,R‐YOLOv5s: Improved YOLOv5s for Object Detection in Low‐Ligh
Tao Li,2351431675,1,,R‐YOLOv5s: Improved YOLOv5s for Object Detection in Low‐Ligh
Haoyang Tang,2112389177,1,,A Multi-Scale Enhancement Network for Object Detection in Lo
Xinyu Liu,2346919018,1,,A Multi-Scale Enhancement Network for Object Detection in Lo
Yanhong Li,2306346902,1,,A Multi-Scale Enhancement Network for Object Detection in Lo
Xinyue Yao,2345441023,1,,A Multi-Scale Enhancement Network for Object Detection in Lo
Huanjie Tao,46232650,1,,Residual Quotient Learning for Zero-Reference Low-Light Imag
Yaocong Hu,2265512842,1,,Residual Quotient Learning for Zero-Reference Low-Light Imag
Jiun Tian Hoe,2130147135,1,,Residual Quotient Learning for Zero-Reference Low-Light Imag
Weipeng Hu,2273624548,1,,Residual Quotient Learning for Zero-Reference Low-Light Imag
Yap-Peng Tan,2273608727,1,,Residual Quotient Learning for Zero-Reference Low-Light Imag
Yu Luo,2108803162,1,,Low-light image enhancement via an attention-guided deep Ret
Guoliang Lv,2221040667,1,,Low-light image enhancement via an attention-guided deep Ret
Jie Ling,2238214058,1,,Low-light image enhancement via an attention-guided deep Ret
Xiaomin Hu,2148969750,1,,Low-light image enhancement via an attention-guided deep Ret
Joshua Cho,50546194,1,,Zero-Shot Low Light Image Enhancement with Diffusion Prior
Zhen Zhu,2375959469,1,,Zero-Shot Low Light Image Enhancement with Diffusion Prior
D. Forsyth,2294360961,1,,Zero-Shot Low Light Image Enhancement with Diffusion Prior
Laraib Zainab,1573664976,1,,A light-weight deep learning framework for Low Light Image E
H. Afzal,1777100,1,,A light-weight deep learning framework for Low Light Image E
Khawir Mahmood,120533414,1,,A light-weight deep learning framework for Low Light Image E
Omar Arif,2066153846,1,,A light-weight deep learning framework for Low Light Image E
Zhaokang Ji,2266524865,1,,Low-Light Image Enhancement Method Based on Optimized Genera
Tao Liu,2298538217,1,,Low-Light Image Enhancement Method Based on Optimized Genera
Ping Zhang,2154286304,1,,Low-Light Image Enhancement Method Based on Optimized Genera
Jingxi Liao,2357795020,1,,Enhancing Low-light Images Using a Coarse-to-fine Linear Map
Tian Gao,2072688487,1,,A Comprehensive Review of Low-light Image Enhancement Techni
Peilin Tao,2364884284,1,,A Comprehensive Review of Low-light Image Enhancement Techni
J. P. Tomas,1382050142,1,,Leveraging Two-Stage Transfer Learning with YOLOv7 and CNN-B
C. A. D. Dela Cruz,2360517490,1,,Leveraging Two-Stage Transfer Learning with YOLOv7 and CNN-B
E. G. M. Domingo,2333494049,1,,Leveraging Two-Stage Transfer Learning with YOLOv7 and CNN-B
Mia B. Enciso,2333498384,1,,Leveraging Two-Stage Transfer Learning with YOLOv7 and CNN-B
B. Doma,12731001,1,,Leveraging Two-Stage Transfer Learning with YOLOv7 and CNN-B
Qi Sun,2112428315,1,,Low-light Video Enhancement with Conditional Diffusion Model
Rui Chang,2266196000,1,,GDNet: a low-light image enhancement network based on Ghost-
Yao Qian,2188412783,1,,GDNet: a low-light image enhancement network based on Ghost-
Haojie Tang,2266236016,1,,GDNet: a low-light image enhancement network based on Ghost-
Chia-Hsien Lin,2116503871,1,,Object Detection for Low-Illumination Scenes Based on Enhanc
G. Peng,2343828307,1,,Object Detection for Low-Illumination Scenes Based on Enhanc
C. Lin,2267152832,1,,Object Detection for Low-Illumination Scenes Based on Enhanc
Suhas Srinath,2000469004,1,,UnDIVE: Generalized Underwater Video Enhancement Using Gener
A. Chandrasekar,47387170,1,,UnDIVE: Generalized Underwater Video Enhancement Using Gener
Hemang Jamadagni,2330191770,1,,UnDIVE: Generalized Underwater Video Enhancement Using Gener
AP Prathosh,2286960334,1,,UnDIVE: Generalized Underwater Video Enhancement Using Gener
Junhao Zhang,2308346531,1,,COLEA: A Low-light Enhancement Accelerator with Memory-usage
Liang Chang,2337777569,1,,COLEA: A Low-light Enhancement Accelerator with Memory-usage
Zhe Wu,2303650385,1,,STARNet: Low-light video enhancement using spatio-temporal c
Zehua Sheng,2160714209,1,,STARNet: Low-light video enhancement using spatio-temporal c
Xue Zhang,2144543653,1,,STARNet: Low-light video enhancement using spatio-temporal c
Sixi Cao,113288744,1,,STARNet: Low-light video enhancement using spatio-temporal c
Runmin Zhang,2294502116,1,,STARNet: Low-light video enhancement using spatio-temporal c
Beinan Yu,2427745307,1,,STARNet: Low-light video enhancement using spatio-temporal c
Chenghao Zhang,2307582272,1,,STARNet: Low-light video enhancement using spatio-temporal c
Bailin Yang,2294676528,1,,STARNet: Low-light video enhancement using spatio-temporal c
Hui Shen,2110827120,1,,STARNet: Low-light video enhancement using spatio-temporal c
Zhuo Li,2332478852,1,,Perceptually-calibrated synergy network for night-time image
Xiao'er Li,2332040948,1,,Perceptually-calibrated synergy network for night-time image
Yunfei Bai,2294674122,1,,Enhanced soft domain adaptation for object detection in the 
Chang Liu,2293017870,1,,Enhanced soft domain adaptation for object detection in the 
Xiaomao Li,2325564239,1,,Enhanced soft domain adaptation for object detection in the 
Ruoxi Wang,2206521468,1,,Image Enhancement via Associated Perturbation Removal and Te
Yi Xiao,2153507956,1,,Image Enhancement via Associated Perturbation Removal and Te
Tao Lu,2297165137,1,,Image Enhancement via Associated Perturbation Removal and Te
Jingchun Zhan,2409206447,1,,Low-light image enhancement: A comprehensive review on metho
Eg Su Goh,67195982,1,,Low-light image enhancement: A comprehensive review on metho
M. S. Sunar,2036992,1,,Low-light image enhancement: A comprehensive review on metho
Qinjie Zhou,2345650135,1,,Unsupervised Enhancement Model for Brightness Equalization o
Wei Shao,2303002780,1,,Unsupervised Enhancement Model for Brightness Equalization o
Student Member Ieee Cheuk-Yiu Chan,2329863978,1,,AnlightenDiff: Anchoring Diffusion Probabilistic Model on Lo
Life Fellow Ieee Wan-Chi Siu,2329862477,1,,AnlightenDiff: Anchoring Diffusion Probabilistic Model on Lo
Member Ieee Yuk-Hee Chan,2329859187,1,,AnlightenDiff: Anchoring Diffusion Probabilistic Model on Lo
L. F. I. H. Anthony Chan,2329863896,1,,AnlightenDiff: Anchoring Diffusion Probabilistic Model on Lo
Mingbo Hong,2309478918,1,,You Only Look Around: Learning Illumination Invariant Featur
Shen Cheng,2116727508,1,,You Only Look Around: Learning Illumination Invariant Featur
Haibin Huang,2269046040,1,,You Only Look Around: Learning Illumination Invariant Featur
Haoqiang Fan,2249400286,1,,You Only Look Around: Learning Illumination Invariant Featur
Burak Ercan,2077142890,1,,HUE Dataset: High-Resolution Event and Frame Sequences for L
Sheng Xu,2110923498,1,,Learning Accurate Low-bit Quantization towards Efficient Com
Yanjing Li,2110500972,1,,Learning Accurate Low-bit Quantization towards Efficient Com
Chuanjian Liu,2293567185,1,,Learning Accurate Low-bit Quantization towards Efficient Com
Baochang Zhang,2261599344,1,,Learning Accurate Low-bit Quantization towards Efficient Com
Zhan Gao,2266386588,1,,A new two-stage low-light enhancement network with progressi
Xianjun Han,29976668,1,,Exploring Fast and Flexible Zero‐Shot Low‐Light Image/Video 
Taoli Bao,2327763826,1,,Exploring Fast and Flexible Zero‐Shot Low‐Light Image/Video 
Hongyu Yang,2156052951,1,,Exploring Fast and Flexible Zero‐Shot Low‐Light Image/Video 
Kairun Wen,2268673110,1,,Unsupervised Low-light Image Enhancement with Lookup Tables 
Ge Meng,2261749921,1,,Unsupervised Low-light Image Enhancement with Lookup Tables 
Wei Zhao,2329332720,1,,Image Light Enhancement Model Based on Illuminance- Diffusio
Xuejing Chen,2145449316,1,,Image Light Enhancement Model Based on Illuminance- Diffusio
Li Yang,2153206048,1,,Image Light Enhancement Model Based on Illuminance- Diffusio
Zongyao Liu,2346683576,1,,A NeRF Rendering Method for Low-Light Scenes Using Occlusion
Weiwei Kong,2306371594,1,,A NeRF Rendering Method for Low-Light Scenes Using Occlusion
Jiahe Zhu,2217888910,1,,A Joint Network for Low-Light Image Enhancement Based on Ret
Liangliang Li,2214104890,1,,A Joint Network for Low-Light Image Enhancement Based on Ret
Jingsi Zhang,2107924895,1,,Multi-scale Structure Aggregation with Instance-aware Enhanc
Xiaosheng Yu,9305845,1,,Multi-scale Structure Aggregation with Instance-aware Enhanc
Zhixin Dong,2319813971,1,,Multi-scale Structure Aggregation with Instance-aware Enhanc
Chengdong Wu,2238041387,1,,Multi-scale Structure Aggregation with Instance-aware Enhanc
Peilin Chen,2158171902,1,,RCNet: Deep Recurrent Collaborative Network for Multi-View L
Yunfan Lu,2014217,1,,EvLight++: Low-Light Video Enhancement With an Event Camera:
Hangyu Li,2294767989,1,,EvLight++: Low-Light Video Enhancement With an Event Camera:
Chengqi Dong,2319898417,1,,Row–Column Separated Attention Based Low‐Light Image/Video E
Zhiyuan Cao,2320094469,1,,Row–Column Separated Attention Based Low‐Light Image/Video E
Tuoshi Qi,2367590891,1,,Row–Column Separated Attention Based Low‐Light Image/Video E
Kexin Wu,2292672610,1,,Row–Column Separated Attention Based Low‐Light Image/Video E
Yixing Gao,2299097283,1,,Row–Column Separated Attention Based Low‐Light Image/Video E
Fan Tang,2318387317,1,,Row–Column Separated Attention Based Low‐Light Image/Video E
Ye Yu,2318541742,1,,LMT-GP: Combined Latent Mean-Teacher and Gaussian Process fo
Fengxin Chen,2261934212,1,,LMT-GP: Combined Latent Mean-Teacher and Gaussian Process fo
Jun Yu,2318696183,1,,LMT-GP: Combined Latent Mean-Teacher and Gaussian Process fo
Zhen Kan,2317981241,1,,LMT-GP: Combined Latent Mean-Teacher and Gaussian Process fo
Taewoo Kim,2111182649,1,,Towards Real-world Event-guided Low-light Video Enhancement 
Jaeseok Jeong,72286913,1,,Towards Real-world Event-guided Low-light Video Enhancement 
Hoonhee Cho,2148275179,1,,Towards Real-world Event-guided Low-light Video Enhancement 
Yuhwan Jeong,2279930538,1,,Towards Real-world Event-guided Low-light Video Enhancement 
Chenjie Zhang,2244133607,1,,Deep learning-based low-light image enhancement method for d
Jialu Li,2244130303,1,,Deep learning-based low-light image enhancement method for d
Hanping Hu,2244144525,1,,Deep learning-based low-light image enhancement method for d
Xuemei Bai,2244383485,1,,Deep learning-based low-light image enhancement method for d
Qi Mao,2316635994,1,,Unrolled Decomposed Unpaired Learning for Controllable Low-L
Reman Kumar,2157583053,1,,Low light image enhancement using reflection model and wavel
Linlin Hu,2279334429,1,,SDI-Net: Toward Sufficient Dual-View Interaction for Low-lig
Ao Sun,2316490173,1,,SDI-Net: Toward Sufficient Dual-View Interaction for Low-lig
Richang Hong,2279214329,1,,SDI-Net: Toward Sufficient Dual-View Interaction for Low-lig
Meng Wang,2146058658,1,,SDI-Net: Toward Sufficient Dual-View Interaction for Low-lig
Eashan Adhikarla,2123636086,1,,From Darkness to Detail: Frequency-Aware SSMs for Low-Light 
Gong Chen,2406942164,1,,From Darkness to Detail: Frequency-Aware SSMs for Low-Light 
John Nicholson,2269473262,1,,From Darkness to Detail: Frequency-Aware SSMs for Low-Light 
Brian D. Davison,2269472995,1,,From Darkness to Detail: Frequency-Aware SSMs for Low-Light 
Yiming Zhou,2110329268,1,,Real-time low-light video enhancement on smartphones
Wesley Gunawan,2317717631,1,,Real-time low-light video enhancement on smartphones
A. Farahani,2307125212,1,,Real-time low-light video enhancement on smartphones
Bahram Jalali,2223401065,1,,Real-time low-light video enhancement on smartphones
Sheng Ye,2190436787,1,,Gaussian in the Dark: Real‐Time View Synthesis From Inconsis
Zhen-Hui Dong,2316666844,1,,Gaussian in the Dark: Real‐Time View Synthesis From Inconsis
Yubin Hu,2112240517,1,,Gaussian in the Dark: Real‐Time View Synthesis From Inconsis
Yu-Hui Wen,2114784556,1,,Gaussian in the Dark: Real‐Time View Synthesis From Inconsis
Yong-Jin Liu,2311459761,1,,Gaussian in the Dark: Real‐Time View Synthesis From Inconsis
Zhihao Zheng,2115549646,1,,Latent Disentanglement for Low Light Image Enhancement
Mooi Choo Choo Chuah,144811861,1,,Latent Disentanglement for Low Light Image Enhancement
Jiale Chen,2290357890,1,,HCSAM-Net: multistage network with a hybrid of convolution a
Qiusheng Lian,1933741,1,,HCSAM-Net: multistage network with a hybrid of convolution a
Dan Zhang,2268246826,1,,HCSAM-Net: multistage network with a hybrid of convolution a
Yuchi Yang,153690296,1,,HCSAM-Net: multistage network with a hybrid of convolution a
Sen Li,2362970396,1,,Research on inshore ship detection under nighttime low-visib
Xiaohua Cao,2276795811,1,,Research on inshore ship detection under nighttime low-visib
Zhigang Zhou,2276817156,1,,Research on inshore ship detection under nighttime low-visib
Li-qiong Chen,2155570120,1,,Unsupervised Low-Light Image Enhancement via Luminance Mask 
Rui Xue,2198770953,1,,MPE-DETR: A multiscale pyramid enhancement network for objec
Jialu Duan,2260650068,1,,MPE-DETR: A multiscale pyramid enhancement network for objec
Zhengwei Du,2198776157,1,,MPE-DETR: A multiscale pyramid enhancement network for objec
Yuwei Yin,2315786138,1,,Dark-DSAR: Lightweight one-step pipeline for action recognit
Miao Liu,2108511234,1,,Dark-DSAR: Lightweight one-step pipeline for action recognit
Renjie Yang,2387639781,1,,Dark-DSAR: Lightweight one-step pipeline for action recognit
Yuanzhong Liu,2051276746,1,,Dark-DSAR: Lightweight one-step pipeline for action recognit
D. Rowlands,2248611046,1,,Optimisation of Convolution-Based Image Lightness Processing
Graham D. Finlayson,2256917785,1,,Optimisation of Convolution-Based Image Lightness Processing
Shengjun Xu,2321677070,1,,Low-Light Image Enhancement Network Based on Hierarchical Re
Chi Nan,30854901,1,,Low-Light Image Enhancement Network Based on Hierarchical Re
Huan Yang,2156108881,1,,Low-Light Image Enhancement Network Based on Hierarchical Re
Jingzhi Ouyang,2313401071,1,,Illumination-guided semi-supervised network for low-light im
Keya Huang,2313617236,1,,Illumination-guided semi-supervised network for low-light im
Wenhao Chai,2308312508,1,,AGLLDiff: Guiding Diffusion Models Towards Unsupervised Trai
Zhaohu Xing,153107262,1,,AGLLDiff: Guiding Diffusion Models Towards Unsupervised Trai
Lei Zhu,2265684978,1,,AGLLDiff: Guiding Diffusion Models Towards Unsupervised Trai
Linxin Zhang,2327499797,1,,ASFN: An RGB-T Adaptive Selection Fusion Network for Nightti
Xianglong Chen,2306139944,1,,ASFN: An RGB-T Adaptive Selection Fusion Network for Nightti
Jinsheng Liu,2330057440,1,,ASFN: An RGB-T Adaptive Selection Fusion Network for Nightti
Tao Yan,2106094117,1,,ASFN: An RGB-T Adaptive Selection Fusion Network for Nightti
Keyi Li,2330053537,1,,Dim-light image processing strategy rooted in improved dual-
Zongshou Wei,31331817,1,,Dim-light image processing strategy rooted in improved dual-
Han Zhou,2305206336,1,,GLARE: Low Light Image Enhancement via Generative Latent Fea
Wei Dong,2305622986,1,,GLARE: Low Light Image Enhancement via Generative Latent Fea
Vivek Deshmukh,2308310942,1,,Zero Reference based Low-light Enhancement with Wavelet Opti
A. Dukre,2308310785,1,,Zero Reference based Low-light Enhancement with Wavelet Opti
Ashutosh Kulkarni,2147218269,1,,Zero Reference based Low-light Enhancement with Wavelet Opti
Prashant W. Patil,1430720118,1,,Zero Reference based Low-light Enhancement with Wavelet Opti
Santosh Kumar Vipparthi,145353981,1,,Zero Reference based Low-light Enhancement with Wavelet Opti
Subrahmanyam Murala,1827383,1,,Zero Reference based Low-light Enhancement with Wavelet Opti
A. Gonde,2636421,1,,Zero Reference based Low-light Enhancement with Wavelet Opti
Haiyan Jin,2261118967,1,,A Channel-Wise Guidance Sparse Transformer for Effective Dar
Fengyuan Zuo,2280672476,1,,A Channel-Wise Guidance Sparse Transformer for Effective Dar
Haonan Su,2240413352,1,,A Channel-Wise Guidance Sparse Transformer for Effective Dar
Zhaolin Xiao,2760487,1,,A Channel-Wise Guidance Sparse Transformer for Effective Dar
Yuanlin Zhang,2292883413,1,,A Channel-Wise Guidance Sparse Transformer for Effective Dar
Huilin Zhu,2000555299,1,,OneRestore: A Universal Restoration Framework for Composite 
Shengfeng He,2310814137,1,,OneRestore: A Universal Restoration Framework for Composite 
Sepideh Khormaeipour,2312591734,1,,A modified hue and range preserving color assignment functio
F. Shakeri,2312590610,1,,A modified hue and range preserving color assignment functio
Ronghui Zhang,2152042536,1,,A robust and real-time lane detection method in low-light sc
Jingtao Peng,2304309507,1,,A robust and real-time lane detection method in low-light sc
Wanting Gou,2124837318,1,,A robust and real-time lane detection method in low-light sc
Yuhang Ma,2314811604,1,,A robust and real-time lane detection method in low-light sc
Junzhou Chen,2282087105,1,,A robust and real-time lane detection method in low-light sc
Hongyu Hu,2266705952,1,,A robust and real-time lane detection method in low-light sc
Weihua Li,153021240,1,,A robust and real-time lane detection method in low-light sc
Guodong Yin,2264175328,1,,A robust and real-time lane detection method in low-light sc
Zhiwu Li,2299107307,1,,A robust and real-time lane detection method in low-light sc
Cong Zhang,2276024367,1,,YOLO-DS: Application of One-Stage Instance Segmentation in t
Jie Shen,2275989034,1,,YOLO-DS: Application of One-Stage Instance Segmentation in t
Hao Wu,2360520904,1,,Exposure image correction of electrical equipment nameplate 
Yanxi Liu,2237952694,1,,Exposure image correction of electrical equipment nameplate 
Zhongyang Jin,2200984558,1,,Exposure image correction of electrical equipment nameplate 
Yuanjie Zhou,2346546582,1,,Exposure image correction of electrical equipment nameplate 
Zijian Yu,2337083635,1,,Improved Lightweight Zero-Reference Deep Curve Estimation Lo
Yangyang Guo,2250557927,1,,Improved Lightweight Zero-Reference Deep Curve Estimation Lo
Liyuan Zhang,2308626842,1,,Improved Lightweight Zero-Reference Deep Curve Estimation Lo
Yi Ding,2364938868,1,,Improved Lightweight Zero-Reference Deep Curve Estimation Lo
Gan Zhang,2291694517,1,,Improved Lightweight Zero-Reference Deep Curve Estimation Lo
Dongyan Zhang,2291643624,1,,Improved Lightweight Zero-Reference Deep Curve Estimation Lo
Xianglong Meng,2375859321,1,,DedustGAN: Unpaired learning for image dedusting based on Re
Jiayan Huang,2115946545,1,,DedustGAN: Unpaired learning for image dedusting based on Re
Zuoyong Li,2258422375,1,,DedustGAN: Unpaired learning for image dedusting based on Re
Chuansheng Wang,2109152855,1,,DedustGAN: Unpaired learning for image dedusting based on Re
Shenghua Teng,2677515,1,,DedustGAN: Unpaired learning for image dedusting based on Re
Antoni Grau-Saldes,2303489844,1,,DedustGAN: Unpaired learning for image dedusting based on Re
Wenhao Zhang,2291690841,1,,A Global Self-Attention Memristive Neural Network for Image 
Zongxi Han,2113961851,1,,Blind quality assessment of night-time photos: A region sele
Rong Xie,2200263735,1,,Blind quality assessment of night-time photos: A region sele
Yijie Cai,2216665371,1,,Research on Unsupervised Low-Light Railway Fastener Image En
Xuehai Liu,2337870644,1,,Research on Unsupervised Low-Light Railway Fastener Image En
Huoxing Li,2109107007,1,,Research on Unsupervised Low-Light Railway Fastener Image En
Fei Lu,2277250246,1,,Research on Unsupervised Low-Light Railway Fastener Image En
Xinghua Gu,2177521350,1,,Research on Unsupervised Low-Light Railway Fastener Image En
Kang Qin,2293841228,1,,Research on Unsupervised Low-Light Railway Fastener Image En
Farzaneh Koohestani,2276423439,1,,Preserving Details in Darkness: A VQ-VAE Based Approach with
Zahra Nabizadeh-ShahrBabak,2312740156,1,,Preserving Details in Darkness: A VQ-VAE Based Approach with
Nader Karimi,2288318017,1,,Preserving Details in Darkness: A VQ-VAE Based Approach with
S. Samavi,143837075,1,,Preserving Details in Darkness: A VQ-VAE Based Approach with
Hua Wang,2287562678,1,,DCTE-LLIE: A Dual Color-and-Texture-Enhancement-Based Method
Lei Yang,2118929457,1,,DCTE-LLIE: A Dual Color-and-Texture-Enhancement-Based Method
Jijiang Huang,151483379,1,,DCTE-LLIE: A Dual Color-and-Texture-Enhancement-Based Method
Zhiqiang Yan,2143627370,1,,MambaLLIE: Implicit Retinex-Aware Low Light Enhancement with
J. Qian,40074541,1,,MambaLLIE: Implicit Retinex-Aware Low Light Enhancement with
Ji Wu,2333585886,1,,A Retinex-based network for image enhancement in low-light e
Bing Ding,2376718468,1,,A Retinex-based network for image enhancement in low-light e
Beining Zhang,2323500396,1,,A Retinex-based network for image enhancement in low-light e
Jie Ding,2269691445,1,,A Retinex-based network for image enhancement in low-light e
Yuhang Peng,2349153100,1,,Improved Attention-based Fusion Model Integrating DnCNN and 
Xiandong Meng,2303545586,1,,Temporally Consistent Enhancement of Low-Light Videos via Sp
Shiyu Huang,2308210377,1,,DAF-Retinex: Preserve the image detailed features and restor
Zijun Gao,2268050385,1,,DAF-Retinex: Preserve the image detailed features and restor
Ruiyao Wang,2341172811,1,,The Analysis of Urban Low-light Image Enhancement Algorithms
Rajamohan Parthasarathy,2257009921,1,,The Analysis of Urban Low-light Image Enhancement Algorithms
Muhammet Nuri Dudak,2215111325,1,,Low-light Image Enhancement Using Attention Mechanisms on Ed
Tianhao Peng,2269736998,1,,RMT-BVQA: Recurrent Memory Transformer-based Blind Video Qua
Chen Feng,2117346009,1,,RMT-BVQA: Recurrent Memory Transformer-based Blind Video Qua
Duolikun Danier,2051683028,1,,RMT-BVQA: Recurrent Memory Transformer-based Blind Video Qua
David R. Bull,2138393856,1,,RMT-BVQA: Recurrent Memory Transformer-based Blind Video Qua
Wenxuan Liu,1432791325,1,,Fragrant: frequency-auxiliary guided relational attention ne
Xuemei Jia,2100723008,1,,Fragrant: frequency-auxiliary guided relational attention ne
Yihao Ju,2301655459,1,,Fragrant: frequency-auxiliary guided relational attention ne
Yakun Ju,144904672,1,,Fragrant: frequency-auxiliary guided relational attention ne
Shifeng Wu,47403229,1,,Fragrant: frequency-auxiliary guided relational attention ne
Luo Zhong,2281210871,1,,Fragrant: frequency-auxiliary guided relational attention ne
Xian Zhong,2240204468,1,,Fragrant: frequency-auxiliary guided relational attention ne
H. Ji,2358980155,1,,A 5K Efficient Low-Light Enhancement Model by Estimating Inc
Xinxin Wang,2310648996,1,,Low-light Image Enhancement Algorithm Based on Improved Mult
Ru Yi,2310627751,1,,Low-light Image Enhancement Algorithm Based on Improved Mult
Mingyang Sun,2311080531,1,,Low-light Image Enhancement Algorithm Based on Improved Mult
Zhaozheng Zhang,2310757027,1,,Low-light Image Enhancement Algorithm Based on Improved Mult
Zicheng Zhang,2116459218,1,,Light-VQA+: A Video Quality Assessment Model for Exposure Co
Chunyi Li,2109738874,1,,Light-VQA+: A Video Quality Assessment Model for Exposure Co
Qiyuan He,2394129855,1,,Retinexmamba: Retinex-based Mamba for Low-light Image Enhanc
Yuanxiang Li,2144420776,1,,Retinexmamba: Retinex-based Mamba for Low-light Image Enhanc
Quan Lu,2274925998,1,,Multi-path parallel enhancement of low-light images based on
Chengwei Li,2394624155,1,,Multi-path parallel enhancement of low-light images based on
Linfei Yin,9152493,1,,Multi-path parallel enhancement of low-light images based on
Claudio Cusano,2265669375,1,,Select & Enhance: Masked-based image enhancement through tre
Jiahao Wu,2316011150,1,,Understanding and improving zero-reference deep curve estima
Dandan Zhan,2133210939,1,,Understanding and improving zero-reference deep curve estima
Zhenyu Li,2274447113,1,,Low light image enhancement algorithm based on edge and colo
Bing Liang,2180418786,1,,Luminance domain-guided low-light image enhancement
Feifan Cai,2203092308,1,,Luminance domain-guided low-light image enhancement
Xiujie Cao,2297839069,1,,LLE-NET: A Low-Light Image Enhancement Algorithm Based on Cu
Jingjun Yu,2279668138,1,,LLE-NET: A Low-Light Image Enhancement Algorithm Based on Cu
Rui Zhao,2241032311,1,,Content-illumination coupling guided low-light image enhance
Meilin Xie,2283105060,1,,Content-illumination coupling guided low-light image enhance
Xubin Feng,51025015,1,,Content-illumination coupling guided low-light image enhance
Xiuqin Su,2283643539,1,,Content-illumination coupling guided low-light image enhance
Huiming Zhang,2143469822,1,,Content-illumination coupling guided low-light image enhance
Wei Yang,2325918526,1,,Content-illumination coupling guided low-light image enhance
Alok Kumar Tiwari,2280506119,1,,Low-light DEtection TRansformer (LDETR): object detection in
M. Pattanaik,144168964,1,,Low-light DEtection TRansformer (LDETR): object detection in
G. Sharma,2280450857,1,,Low-light DEtection TRansformer (LDETR): object detection in
Dong Liang,2292770439,1,,PIE: Physics-Inspired Low-Light Enhancement
Zhengyan Xu,2295691931,1,,PIE: Physics-Inspired Low-Light Enhancement
Ling Li,2146625427,1,,PIE: Physics-Inspired Low-Light Enhancement
Mingqiang Wei,2295690600,1,,PIE: Physics-Inspired Low-Light Enhancement
Songcan Chen,2295789828,1,,PIE: Physics-Inspired Low-Light Enhancement
Heming Xu,2297051352,1,,Degraded Structure and Hue Guided Auxiliary Learning for low
Xintong Liu,2361993114,1,,Degraded Structure and Hue Guided Auxiliary Learning for low
Hanwen Zhang,2385421727,1,,Degraded Structure and Hue Guided Auxiliary Learning for low
Na Li,2157952367,1,,Research on Remote Sensing Image Enhancement for Complex Env
Yao Liu,2310860456,1,,Research on Remote Sensing Image Enhancement for Complex Env
Huaiyao Wang,2304891666,1,,Dual-Branch Low-Light Image Enhancement via Spatial and Mult
Lu Chen,2305594274,1,,Dual-Branch Low-Light Image Enhancement via Spatial and Mult
Zixin Guan,2402721800,1,,Dual-Branch Low-Light Image Enhancement via Spatial and Mult
Zhanli Li,2238918132,1,,Semantic combined lightweight transformer low light image en
K. Shang,2293399989,1,,Multi-Domain Multi-Scale Diffusion Model for Low-Light Image
Shuigen Wang,2311903161,1,,Multi-Domain Multi-Scale Diffusion Model for Low-Light Image
Yang Zou,2277598978,1,,Enhancing Neural Radiance Fields with Adaptive Multi-Exposur
Quan Zheng,2374374914,1,,Learning Novel View Synthesis from Heterogeneous Low-light C
Hao Sun,2292353431,1,,Learning Novel View Synthesis from Heterogeneous Low-light C
Huiyao Xu,2292737926,1,,Learning Novel View Synthesis from Heterogeneous Low-light C
Fanjiang Xu,2205592862,1,,Learning Novel View Synthesis from Heterogeneous Low-light C
Yuwei Zhang,2292027671,1,,CPA-Enhancer: Chain-of-Thought Prompted Adaptive Enhancer fo
Yan Wu,2431555852,1,,CPA-Enhancer: Chain-of-Thought Prompted Adaptive Enhancer fo
Yanming Liu,2328628732,1,,CPA-Enhancer: Chain-of-Thought Prompted Adaptive Enhancer fo
Xinyue Peng,2291082069,1,,CPA-Enhancer: Chain-of-Thought Prompted Adaptive Enhancer fo
Guoyu Zhang,2323189165,1,,An Apple Detection and Localization Method for Automated Har
Ye Tian,2143700164,1,,An Apple Detection and Localization Method for Automated Har
Wenhan Yin,2311963925,1,,An Apple Detection and Localization Method for Automated Har
Change Zheng,2153619472,1,,An Apple Detection and Localization Method for Automated Har
Xinghao Wang,2244566885,1,,DCENet-based low-light image enhancement improved by spiking
Qiang Wang,2244577452,1,,DCENet-based low-light image enhancement improved by spiking
Yiyang Qu,2408480683,1,,DCENet-based low-light image enhancement improved by spiking
Fan Yi,2290573419,1,,DCENet-based low-light image enhancement improved by spiking
Jiayang Yu,2244603033,1,,DCENet-based low-light image enhancement improved by spiking
Qiuhan Liu,1915113309,1,,DCENet-based low-light image enhancement improved by spiking
Ruicong Xia,1381665939,1,,DCENet-based low-light image enhancement improved by spiking
Ziling Xu,2290632545,1,,DCENet-based low-light image enhancement improved by spiking
Sirong Tong,2290510812,1,,DCENet-based low-light image enhancement improved by spiking
Linjie Yang,2293361156,1,,Joint low-light enhancement and deblurring with structural p
Shuang Yuan,2379614103,1,,Multi-Frequency Field Perception and Sparse Progressive Netw
Yingxin Huang,2218463297,1,,Low-light image enhancement via multistage Laplacian feature
Ruojie Zhang,2277152094,1,,Low-light image enhancement via multistage Laplacian feature
Wenhao Wang,2243110072,1,,Low-light image enhancement via multistage Laplacian feature
Zhaoyuan Zhang,2232743830,1,,Low-light image enhancement via multistage Laplacian feature
Tengyue Li,1914871113,1,,Restoration of UAV-Based Backlit Images for Geological Mappi
Shyang-En Weng,2223933672,1,,A Lightweight Low-Light Image Enhancement Network via Channe
S. Miaou,1720218,1,,A Lightweight Low-Light Image Enhancement Network via Channe
Ricky Christanto,3071190,1,,A Lightweight Low-Light Image Enhancement Network via Channe
Jin Liu,2280860118,1,,Learning Exposure Correction in Dynamic Scenes
Bo Wang,2213743543,1,,Learning Exposure Correction in Dynamic Scenes
Ling Wu,2295912069,1,,High-Fidelity StyleGAN Inversion and Attribute Editing for L
Daniel Gummadi,2275641863,1,,Benchmarking the Robustness of Panoptic Segmentation for Aut
M. Dianati,1953808,1,,Benchmarking the Robustness of Panoptic Segmentation for Aut
Piotr Stefański,2284057056,1,,Triticale field phenotyping using RGB camera for ear countin
Sajid Ullah,2284051843,1,,Triticale field phenotyping using RGB camera for ear countin
Przemysław Matysik,89131918,1,,Triticale field phenotyping using RGB camera for ear countin
Krystyna Rybka,2284058890,1,,Triticale field phenotyping using RGB camera for ear countin
J. Bright Jose,2284240314,1,,A novel method for video enhancement under low light using B
R. P. Anto Kumar,2284239264,1,,A novel method for video enhancement under low light using B
Yinghao Song,2370146919,1,,Troublemaker Learning for Low-Light Image Enhancement
Hao Ma,2313199753,1,,Troublemaker Learning for Low-Light Image Enhancement
Bo Yang,2283535774,1,,Troublemaker Learning for Low-Light Image Enhancement
Yanchun Liang,2283265662,1,,Troublemaker Learning for Low-Light Image Enhancement
H. Ge,5951184,1,,Troublemaker Learning for Low-Light Image Enhancement
Heow Pueh Lee,2196525215,1,,Troublemaker Learning for Low-Light Image Enhancement
Chunguo Wu,1989477,1,,Troublemaker Learning for Low-Light Image Enhancement
Xiaoxi Ge,2314452489,1,,Visual-Based Detection Method for Oil Leakage in Antarctic P
Kanjian Zhang,2197323448,1,,Visual-Based Detection Method for Oil Leakage in Antarctic P
Xiangsheng Li,2221832747,1,,Pixel-Wise Gamma Correction Mapping for Low-Light Image Enha
Q. Ling,40177644,1,,Pixel-Wise Gamma Correction Mapping for Low-Light Image Enha
Chun-Yi Lin,2116764384,1,,Efficient Saliency Map Detection for Low-Light Images Based 
Muhamad Amirul Haq,101954925,1,,Efficient Saliency Map Detection for Low-Light Images Based 
Jiun-Han Chen,2222364174,1,,Efficient Saliency Map Detection for Low-Light Images Based 
S. Ruan,144611095,1,,Efficient Saliency Map Detection for Low-Light Images Based 
E. Naroska,1746800,1,,Efficient Saliency Map Detection for Low-Light Images Based 
Yisheng Lv,2268452822,1,,AiOENet: All-in-One Low-Visibility Enhancement to Improve Vi
G. Zhou,31498835,1,,Neuromorphic Vision Restoration Network for Advanced Driver 
Yuxiang Hui,2281643588,1,,"VJT: A Video Transformer on Joint Tasks of Deblurring, Low-l"
Yang Liu,2258961576,1,,"VJT: A Video Transformer on Joint Tasks of Deblurring, Low-l"
Yaofang Liu,2142860074,1,,"VJT: A Video Transformer on Joint Tasks of Deblurring, Low-l"
Fan Jia,2277464549,1,,"VJT: A Video Transformer on Joint Tasks of Deblurring, Low-l"
Jinshan Pan,2303583664,1,,"VJT: A Video Transformer on Joint Tasks of Deblurring, Low-l"
Raymond H. Chan,2258962579,1,,"VJT: A Video Transformer on Joint Tasks of Deblurring, Low-l"
Tieyong Zeng,2277505260,1,,"VJT: A Video Transformer on Joint Tasks of Deblurring, Low-l"
Yaser Abu Awwad,2287643311,1,,Anomaly Detection on the Edge Using Smart Cameras under Low-
Omer F. Rana,2247641509,1,,Anomaly Detection on the Edge Using Smart Cameras under Low-
Charith Perera,2121000333,1,,Anomaly Detection on the Edge Using Smart Cameras under Low-
Seitaro Ono,2279335504,1,,Improving Low-Light Image Recognition Performance Based on I
Yuka Ogino,2265077533,1,,Improving Low-Light Image Recognition Performance Based on I
Takahiro Toizumi,2265077373,1,,Improving Low-Light Image Recognition Performance Based on I
Atsushi Ito,2279337594,1,,Improving Low-Light Image Recognition Performance Based on I
Masato Tsukada,2264787303,1,,Improving Low-Light Image Recognition Performance Based on I
R. Balakrishnan,2292767320,1,,Image Recognition in Low-Light Conditions with Deep Learning
Ruchira Rawat,35676331,1,,Image Recognition in Low-Light Conditions with Deep Learning
Sathish Kannan,2292750155,1,,Image Recognition in Low-Light Conditions with Deep Learning
W. Pate,143851610,1,,Image Recognition in Low-Light Conditions with Deep Learning
Harshal Pati,2292749577,1,,Image Recognition in Low-Light Conditions with Deep Learning
S. Rajkumar,2292757113,1,,Image Recognition in Low-Light Conditions with Deep Learning
D. Makwana,2077569514,1,,LIVENet: A novel network for real-world low-light image deno
Gayatri S Deshmukh,119582522,1,,LIVENet: A novel network for real-world low-light image deno
Onkar Susladkar,2149412487,1,,LIVENet: A novel network for real-world low-light image deno
Sparsh Mittal,2262215176,1,,LIVENet: A novel network for real-world low-light image deno
S. R.,2279428520,1,,LIVENet: A novel network for real-world low-light image deno
Jiachen Dang,2339471830,1,,PPformer: Using pixel-wise and patch-wise cross-attention fo
Xiaohuan Zhang,2108583832,1,,Contextual recovery network for low-light image enhancement 
S. Sony Priya,2277374246,1,,Augmenting Face Detection in Extremely Low-Light CCTV Footag
R. Minu,2348646213,1,,Augmenting Face Detection in Extremely Low-Light CCTV Footag
Kaidi Wang,2277145169,1,,Attention-based multi-scale recursive residual network for l
Yuanlin Zheng,65787202,1,,Attention-based multi-scale recursive residual network for l
Kaiyang Liao,2971452,1,,Attention-based multi-scale recursive residual network for l
Haiwen Liu,2258583395,1,,Attention-based multi-scale recursive residual network for l
Bangyong Sun,2258321506,1,,Attention-based multi-scale recursive residual network for l
Xiao Fang,2276991612,1,,A non-uniform low-light image enhancement method with multi-
Baofeng Li,48218713,1,,A non-uniform low-light image enhancement method with multi-
Feng Zhai,2256852764,1,,A non-uniform low-light image enhancement method with multi-
Yu Qin,2276963896,1,,A non-uniform low-light image enhancement method with multi-
Zhihang Meng,2256860810,1,,A non-uniform low-light image enhancement method with multi-
Jiansheng Lu,2268723013,1,,A non-uniform low-light image enhancement method with multi-
Chun Xiao,2268598145,1,,A non-uniform low-light image enhancement method with multi-
Xueyang Zhong,2332538610,1,,Dynamic Residual Illuminating Network for Low-Light Image En
Haihui Wang,2283508460,1,,Dynamic Residual Illuminating Network for Low-Light Image En
Yanpu Chen,2283521937,1,,Dynamic Residual Illuminating Network for Low-Light Image En
Xinping Guan,2066614902,1,,Enlighten-Your-Voice: When Multimodal Meets Zero-shot Low-li
Jiaxin Wu,2267015115,1,,Real-Time Low-Light Imaging in Space Based on the Fusion of 
Haifeng Zhang,2181571727,1,,Real-Time Low-Light Imaging in Space Based on the Fusion of 
Biao Li,2274910584,1,,Real-Time Low-Light Imaging in Space Based on the Fusion of 
Jiaxin Duan,2266888433,1,,Real-Time Low-Light Imaging in Space Based on the Fusion of 
Qianxi Li,2256779819,1,,Real-Time Low-Light Imaging in Space Based on the Fusion of 
Zeyu He,2274916829,1,,Real-Time Low-Light Imaging in Space Based on the Fusion of 
Xianzheng Ma,2261892326,1,,Aleth-NeRF: Illumination Adaptive NeRF with Concealing Field
Yu Qiao,2266467340,1,,Aleth-NeRF: Illumination Adaptive NeRF with Concealing Field
Xian Zhang,2108304020,1,,Forest nighttime image enhancement based on improved SCI lig
Yanfeng Li,2275033194,1,,Forest nighttime image enhancement based on improved SCI lig
Hanyue Zhang,2274868012,1,,Forest nighttime image enhancement based on improved SCI lig
Qi Zhou,2297146736,1,,Deep Learning Strategies for Addressing Anomalous Exposure i
Kai Yang,2297064507,1,,Deep Learning Strategies for Addressing Anomalous Exposure i
Zunwang Ke,2014735862,1,,Deep Learning Strategies for Addressing Anomalous Exposure i
Yugui Zhang,2297060382,1,,Deep Learning Strategies for Addressing Anomalous Exposure i
Yizhen Jia,2297431855,1,,Deep Learning Strategies for Addressing Anomalous Exposure i
Fengcai Cao,2297024863,1,,Deep Learning Strategies for Addressing Anomalous Exposure i
Junxiao Ma,2297139395,1,,Deep Learning Strategies for Addressing Anomalous Exposure i
Changlin Liu,2297217008,1,,Deep Learning Strategies for Addressing Anomalous Exposure i
Kaijie Zhang,2297373826,1,,Deep Learning Strategies for Addressing Anomalous Exposure i
Min Wu,2149348420,1,,Deep Learning Strategies for Addressing Anomalous Exposure i
Qiang Wen,2269459289,1,,LDM-ISP: Enhancing Neural ISP for Low Light with Latent Diff
Zhefan Rao,2261750244,1,,LDM-ISP: Enhancing Neural ISP for Low Light with Latent Diff
Yazhou Xing,2072727444,1,,LDM-ISP: Enhancing Neural ISP for Low Light with Latent Diff
Yuanbiao Gou,1781457837,1,,Test-Time Degradation Adaptation for Open-Set Image Restorat
Haiyu Zhao,2271570535,1,,Test-Time Degradation Adaptation for Open-Set Image Restorat
Boyun Li,150044582,1,,Test-Time Degradation Adaptation for Open-Set Image Restorat
Xinyan Xiao,2269770258,1,,Test-Time Degradation Adaptation for Open-Set Image Restorat
Xi Peng,2269759322,1,,Test-Time Degradation Adaptation for Open-Set Image Restorat
Zhipeng Du,2180661093,1,,Boosting Object Detection with Zero-Shot Day-Night Domain Ad
Miaojing Shi,2283110033,1,,Boosting Object Detection with Zero-Shot Day-Night Domain Ad
Jiankang Deng,2269769487,1,,Boosting Object Detection with Zero-Shot Day-Night Domain Ad
Jing Tao,2218896520,1,,LEGAN: A low-light image enhancement generative adversarial 
Junliang Wang,46584628,1,,LEGAN: A low-light image enhancement generative adversarial 
Peng Zhang,2374290319,1,,LEGAN: A low-light image enhancement generative adversarial 
Kai-Leung Yung,2193369847,1,,LEGAN: A low-light image enhancement generative adversarial 
Andrew W. H. Ip,2284517762,1,,LEGAN: A low-light image enhancement generative adversarial 
Hu Yan,2249195924,1,,"LEES-Net: Fast, lightweight unsupervised curve estimation ne"
Xianfeng Chen,2282950088,1,,"LEES-Net: Fast, lightweight unsupervised curve estimation ne"
Abdul Khader Jilani Saudagar,2788046,1,,Efficient Contrast Adjustment and Fusion Method for Underexp
Abdullah Altameem,1403869508,1,,Efficient Contrast Adjustment and Fusion Method for Underexp
K. Muhammad,134260245,1,,Efficient Contrast Adjustment and Fusion Method for Underexp
Weilin Yi,2222786115,1,,Two-Stage Low-Light Image Enhancement Method Based on Genera
Changhui Hu,2257389126,1,,Two-Stage Low-Light Image Enhancement Method Based on Genera
Kun Zhang,2292209926,1,,SPANet—Sparse Convolutional Pyramid Attention Network for Gr
Qinghua Li,2108492563,1,,SPANet—Sparse Convolutional Pyramid Attention Network for Gr
Kaiyue Liu,2263481510,1,,SPANet—Sparse Convolutional Pyramid Attention Network for Gr
Mengyao Zhang,2292593221,1,,SPANet—Sparse Convolutional Pyramid Attention Network for Gr
Xuyang Wang,2264352213,1,,SPANet—Sparse Convolutional Pyramid Attention Network for Gr
Chao Feng,2117344819,1,,SPANet—Sparse Convolutional Pyramid Attention Network for Gr
Haoran Wang,2125123823,1,,A Roadheader Positioning Method Based on Multi-Sensor Fusion
Zhenglong Li,2145367383,1,,A Roadheader Positioning Method Based on Multi-Sensor Fusion
Wenyan Cao,2265799989,1,,A Roadheader Positioning Method Based on Multi-Sensor Fusion
Fujing Zhang,2224144111,1,,A Roadheader Positioning Method Based on Multi-Sensor Fusion
Yuheng Wang,2224060448,1,,A Roadheader Positioning Method Based on Multi-Sensor Fusion
Wanjun Zhang,2213866940,1,,TCPCNet: a transformer-CNN parallel cooperative network for 
Miaohui Zhang,2249455099,1,,TCPCNet: a transformer-CNN parallel cooperative network for 
Jun Wang,2250713079,1,,TCPCNet: a transformer-CNN parallel cooperative network for 
Xiaoyun Long,2150017862,1,,Zero-Shot Enhancement of Low-Light Image Based on Retinex De
Arshiana Shamir,2192209672,1,,BOLD-net: Brightness enhancement for old images using deep c
N. Park,2052429129,1,,BOLD-net: Brightness enhancement for old images using deep c
Bumshik Lee,2672583,1,,BOLD-net: Brightness enhancement for old images using deep c
Junyu Fan,2198876207,1,,Multi-scale dynamic fusion for correcting uneven illuminatio
Hui Sze Liew,2267654584,1,,Low-light is More Than Darkness: An Empirical Study on Illum
Simying Ong,33567862,1,,Low-light is More Than Darkness: An Empirical Study on Illum
Jiafeng Li,3117925,1,,RDMA: low-light image enhancement based on retinex decomposi
Shuai Hao,47595917,1,,RDMA: low-light image enhancement based on retinex decomposi
Tianshuo Li,2259268733,1,,RDMA: low-light image enhancement based on retinex decomposi
Li Zhuo,2105909391,1,,RDMA: low-light image enhancement based on retinex decomposi
Chaobing Zheng,24329943,1,,Unsupervised Low Light Enhancement Method with Inherent Diff
Xinjie Wei,2226310405,1,,DLEN: Deep Laplacian Enhancement Networks for Low-Light Imag
Kan Chang,2217958366,1,,DLEN: Deep Laplacian Enhancement Networks for Low-Light Imag
Chaitra Desai,32173170,1,,LightNet: Generative Model for Enhancement of Low-Light Imag
Amogh Joshi,2276533020,1,,LightNet: Generative Model for Enhancement of Low-Light Imag
Sampada Malagi,2268207014,1,,LightNet: Generative Model for Enhancement of Low-Light Imag
Chinmayee Mandi,2276529634,1,,LightNet: Generative Model for Enhancement of Low-Light Imag
Ujwala Patil,148268483,1,,LightNet: Generative Model for Enhancement of Low-Light Imag
Jinxiu Liang,2118674813,1,,Coherent Event Guided Low-Light Video Enhancement
Yixin Yang,2265716567,1,,Coherent Event Guided Low-Light Video Enhancement
Boyu Li,2265682272,1,,Coherent Event Guided Low-Light Video Enhancement
Peiqi Duan,2265682931,1,,Coherent Event Guided Low-Light Video Enhancement
Yong Xu,2265799628,1,,Coherent Event Guided Low-Light Video Enhancement
Zhichao Chen,2262790719,1,,BrightsightNet: A lightweight progressive low-light image en
Chong Yang,2260907960,1,,BrightsightNet: A lightweight progressive low-light image en
Cheol Woo Park,2140588967,1,,ULBPNet: Low-light image enhancement using U-shaped lighteni
C. Wen,2068036068,1,,Image Restoration via Low-Illumination to Normal-Illuminatio
Ting Nie,47476066,1,,Image Restoration via Low-Illumination to Normal-Illuminatio
Mingxuan Li,2258417102,1,,Image Restoration via Low-Illumination to Normal-Illuminatio
Liang Huang,2109047463,1,,Image Restoration via Low-Illumination to Normal-Illuminatio
Y. Rao,2240329584,1,,Relevance gradient descent for parameter optimization of ima
Yuling Yi,2146876592,1,,Relevance gradient descent for parameter optimization of ima
O. T. Nartey,1391407625,1,,Relevance gradient descent for parameter optimization of ima
Saeed Ullah Jan,2314221897,1,,Relevance gradient descent for parameter optimization of ima
Yanzhi Fan,2308241522,1,,Semi-supervised learning with CNN for low-light images enhan
Haozhe Jia,2269784443,1,,Semi-supervised learning with CNN for low-light images enhan
Xin Wei,2269749335,1,,Semi-supervised learning with CNN for low-light images enhan
Qiguo Cao,2269462319,1,,Semi-supervised learning with CNN for low-light images enhan
Sen Xiang,2269461907,1,,Semi-supervised learning with CNN for low-light images enhan
Xiaowei Wei,2197785017,1,,Low-light Road Target Detection based on Lightweight Generat
Saisai Yu,2284952650,1,,Low-light Road Target Detection based on Lightweight Generat
Shuqing He,2290008759,1,,Low-light Road Target Detection based on Lightweight Generat
Fei Wang,2274447159,1,,Double Domain Guided Real-Time Low-Light Image Enhancement f
Zhenda Yu,2239467883,1,,DEFormer: DCT-driven Enhancement Transformer for Low-light I
Ran Ju,33687539,1,,DEFormer: DCT-driven Enhancement Transformer for Low-light I
G. Uganya,2329274003,1,,Sub-network modeling and integration for low-light enhanceme
C. H. S. Devi,2359251284,1,,Sub-network modeling and integration for low-light enhanceme
Abhay Chaturvedi,2238567994,1,,Sub-network modeling and integration for low-light enhanceme
B. Shankar,2252450266,1,,Sub-network modeling and integration for low-light enhanceme
J. V. N. Ramesh,2211558308,1,,Sub-network modeling and integration for low-light enhanceme
Ajmeera Kiran,144652286,1,,Sub-network modeling and integration for low-light enhanceme
Yanmeng Dong,2237962719,1,,Empowering Low-Light Image Enhancer through Customized Learn
Xiangyu Rui,2056920436,1,,Empowering Low-Light Image Enhancer through Customized Learn
Lixu Zhang,2222925195,1,,Cross-Consistent Deep Unfolding Network for Adaptive All-In-
Xiaoke Shang,2237813973,1,,Holistic Dynamic Frequency Transformer for Image Fusion and 
Shaomin Zhang,2116576639,1,,Holistic Dynamic Frequency Transformer for Image Fusion and 
Nai Ding,2237813761,1,,Holistic Dynamic Frequency Transformer for Image Fusion and 
Zhen Tian,2117804765,1,,A Survey of Deep Learning-Based Low-Light Image Enhancement
Peixin Qu,36060293,1,,A Survey of Deep Learning-Based Low-Light Image Enhancement
Jielin Li,2148947747,1,,A Survey of Deep Learning-Based Low-Light Image Enhancement
Yukun Sun,2324211263,1,,A Survey of Deep Learning-Based Low-Light Image Enhancement
Guohou Li,2108466535,1,,A Survey of Deep Learning-Based Low-Light Image Enhancement
Zheng Liang,2194606464,1,,A Survey of Deep Learning-Based Low-Light Image Enhancement
W. Zhang,143715293,1,,A Survey of Deep Learning-Based Low-Light Image Enhancement
Linshuai Shen,2246732324,1,,Low illumination image enhancement based on attention mechan
Weimin Wei,2591043,1,,Low illumination image enhancement based on attention mechan
Tao Chen,2285247023,1,,Low illumination image enhancement based on attention mechan
Keying Ren,2158202544,1,,Low-light image enhancement via adaptive frequency decomposi
Xia Miao,2158202576,1,,Low-light image enhancement via adaptive frequency decomposi
Zhihui Chen,2157177905,1,,Low-light image enhancement via adaptive frequency decomposi
Hossein Shakibania,2232780861,1,,CDAN: Convolutional Dense Attention-guided Network for Low-l
Sina Raoufi,2232781030,1,,CDAN: Convolutional Dense Attention-guided Network for Low-l
H. Khotanlou,2264128,1,,CDAN: Convolutional Dense Attention-guided Network for Low-l
Wenbo Zhou,2337800531,1,,Multi-Feature Fusion-Guided Low-Visibility Image Enhancement
Guo-Feng Luo,2269991404,1,,Multi-Feature Fusion-Guided Low-Visibility Image Enhancement
S. Bendre,2309514984,1,,Attention U-Net for Low Light Image Enhancement
Shovin Kaul,2280605820,1,,Attention U-Net for Low Light Image Enhancement
Shubhodiya Ghosh,2280903998,1,,Attention U-Net for Low Light Image Enhancement
Sneha Pujari,2154646309,1,,Attention U-Net for Low Light Image Enhancement
Deepa Mahajan,2357351767,1,,Attention U-Net for Low Light Image Enhancement
Varsha Bendre,2295007041,1,,Attention U-Net for Low Light Image Enhancement
Weiran Gou,2229834485,1,,SYENet: A Simple Yet Effective Network for Multiple Low-Leve
Ziyao Yi,9733944,1,,SYENet: A Simple Yet Effective Network for Multiple Low-Leve
Yan Xiang,2223778244,1,,SYENet: A Simple Yet Effective Network for Multiple Low-Leve
Shaoqing Li,2156638692,1,,SYENet: A Simple Yet Effective Network for Multiple Low-Leve
Zibin Liu,2190291532,1,,SYENet: A Simple Yet Effective Network for Multiple Low-Leve
Dehui Kong,1515883521,1,,SYENet: A Simple Yet Effective Network for Multiple Low-Leve
Ke Xu,2117101322,1,,SYENet: A Simple Yet Effective Network for Multiple Low-Leve
Zheng Wu,2210244397,1,,A Collaborative Learning-based Urban Low-light Small-target 
Liwei Wang,2210261748,1,,A Collaborative Learning-based Urban Low-light Small-target 
Wenhao Li,2108770289,1,,FastLLVE: Real-Time Low-Light Video Enhancement with Intensi
Guangyang Wu,153204485,1,,FastLLVE: Real-Time Low-Light Video Enhancement with Intensi
Wenyi Wang,47825380,1,,FastLLVE: Real-Time Low-Light Video Enhancement with Intensi
Peiran Ren,3246404,1,,FastLLVE: Real-Time Low-Light Video Enhancement with Intensi
Xiaochen Yuan,2179621872,1,,SCDet: decoupling discriminative representation for dark obj
Guo Zhong,2198727784,1,,SCDet: decoupling discriminative representation for dark obj
Xiaocong Huang,2214796301,1,,SCDet: decoupling discriminative representation for dark obj
Chi-Man Pun,145956876,1,,SCDet: decoupling discriminative representation for dark obj
Xianqiang Lyu,2004173843,1,,Enhancing Low-Light Light Field Images With a Deep Compensat
Junhui Hou,40630305,1,,Enhancing Low-Light Light Field Images With a Deep Compensat
Chenyang Wang,2109502294,1,,Unsupervised Low-Light Video Enhancement With Spatial-Tempor
Weigang Zhang,2108142645,1,,Unsupervised Low-Light Video Enhancement With Spatial-Tempor
H. Yao,1720100,1,,Unsupervised Low-Light Video Enhancement With Spatial-Tempor
Bharat Bhushan Upadhyay,2064069612,1,,FPGA Implementation of Dehazing Model Based Low-Light Image 
K. Sarawadekar,144633454,1,,FPGA Implementation of Dehazing Model Based Low-Light Image 
Haipeng Wang,1897728715,1,,Non-contact human respiratory rate measurement under dark en
Shuai Zhang,2108432177,1,,Non-contact human respiratory rate measurement under dark en
Sijia Wen,2206692,1,,Visibility Enhancement for Low-light Hazy Scenarios
Wenyong Gong,3307072,1,,Multi-Resolution Edge-aware Lighting Enhancement Network
Wenzhu Chen,2109078473,1,,Multi-Resolution Edge-aware Lighting Enhancement Network
Zhongwei Yu,2302530808,1,,Multi-Resolution Edge-aware Lighting Enhancement Network
Xiaohua Xie,46397019,1,,Multi-Resolution Edge-aware Lighting Enhancement Network
Junhao Tian,2175750276,1,,A Zero-Shot Low Light Image Enhancement Method Integrating G
Jianwei Zhang,36062319,1,,A Zero-Shot Low Light Image Enhancement Method Integrating G
W. Ge,2276074860,1,,A Low-Illumination Enhancement Method Based on Structural La
Le Zhang,2309294410,1,,A Low-Illumination Enhancement Method Based on Structural La
Weida Zhan,2066339511,1,,A Low-Illumination Enhancement Method Based on Structural La
Jiale Wang,2109656315,1,,A Low-Illumination Enhancement Method Based on Structural La
Depeng Zhu,32402125,1,,A Low-Illumination Enhancement Method Based on Structural La
Yang Hong,2194028417,1,,A Low-Illumination Enhancement Method Based on Structural La
Yuan Xu,2145139708,1,,MoEnlight: Energy-efficient and self-adaptive Low-light Vide
Manish Kumar,2166624481,1,,Unevenly illuminated image distortion correction using brigh
Manvi Jha,2131301990,1,,Unevenly illuminated image distortion correction using brigh
Tong Liu,2243379302,1,,A Modern Physical GAN for Unsupervised Low-Light Image Enhan
Wenda Xu,2298880547,1,,A Modern Physical GAN for Unsupervised Low-Light Image Enhan
Yufeng Liu,2108845271,1,,A Modern Physical GAN for Unsupervised Low-Light Image Enhan
Siyuan Liu,2243428378,1,,A Modern Physical GAN for Unsupervised Low-Light Image Enhan
Xiaolu Chen,2292664333,1,,A Modern Physical GAN for Unsupervised Low-Light Image Enhan
Xi Yin,2147421661,1,,PE-YOLO: Pyramid Enhancement Network for Dark Object Detecti
Zhen Yu,143884267,1,,PE-YOLO: Pyramid Enhancement Network for Dark Object Detecti
Zetao Fei,2151381542,1,,PE-YOLO: Pyramid Enhancement Network for Dark Object Detecti
Wen Lv,2184812353,1,,PE-YOLO: Pyramid Enhancement Network for Dark Object Detecti
Xinchen Gao,2156258152,1,,PE-YOLO: Pyramid Enhancement Network for Dark Object Detecti
Huake Wang,153469646,1,,Division Gets Better: Learning Brightness-Aware and Detail-S
Xiaoyang Yan,2223950230,1,,Division Gets Better: Learning Brightness-Aware and Detail-S
Xingsong Hou,1837363,1,,Division Gets Better: Learning Brightness-Aware and Detail-S
Junhui Li,2144510593,1,,Division Gets Better: Learning Brightness-Aware and Detail-S
Yujie Dun,3126881,1,,Division Gets Better: Learning Brightness-Aware and Detail-S
Junchang Wang,2031695,1,,Research on Improved YOLOv5 for Low-Light Environment Object
Peng Yang,2292940288,1,,Research on Improved YOLOv5 for Low-Light Environment Object
Yuansheng Liu,2143862667,1,,Research on Improved YOLOv5 for Low-Light Environment Object
Duo Shang,2223787717,1,,Research on Improved YOLOv5 for Low-Light Environment Object
Xin Hui,2223781491,1,,Research on Improved YOLOv5 for Low-Light Environment Object
Jinho Song,2223880555,1,,Research on Improved YOLOv5 for Low-Light Environment Object
Xuehui Chen,2199252142,1,,Research on Improved YOLOv5 for Low-Light Environment Object
Yi Yu,2182655452,1,,ExposureDiffusion: Learning to Expose for Low-light Image En
Lanqing Guo,13559584,1,,ExposureDiffusion: Learning to Expose for Low-light Image En
B. Wen,1766554,1,,ExposureDiffusion: Learning to Expose for Low-light Image En
Jiarui Wang,2295270986,1,,Improved Retinex-Theory-Based Low-Light Image Enhancement Al
Han-jiao Wang,2334436201,1,,Improved Retinex-Theory-Based Low-Light Image Enhancement Al
Yu Sun,2168600643,1,,Improved Retinex-Theory-Based Low-Light Image Enhancement Al
Junhao Chen,2256837609,1,,Targeted Module Design In Low-light Image Enhancement
Meng Zhang,2371141264,1,,Targeted Module Design In Low-light Image Enhancement
Bosi Fu,2075409552,1,,A Three-Stage Low-Illumination Image Enhancement Method Base
Hongguang Wang,2125018715,1,,A Three-Stage Low-Illumination Image Enhancement Method Base
Yong Jiang,145859336,1,,A Three-Stage Low-Illumination Image Enhancement Method Base
Yifeng Song,2740647,1,,A Three-Stage Low-Illumination Image Enhancement Method Base
Naveen Kumar Ashok,2268073959,1,,A Sequential Model of Neural Networks for Low Light Image En
S. T. R,2268076749,1,,A Sequential Model of Neural Networks for Low Light Image En
In The,2085948203,1,,Low-Light Enhancement in the Frequency Domain
Frequency Domain,2220830170,1,,Low-Light Enhancement in the Frequency Domain
Sami Ul Rehman,2220645647,1,,DRA-Net: densely residual attention based low-light image en
Ammar Hawbani,3132704,1,,DRA-Net: densely residual attention based low-light image en
Xingfu Wang,2144802055,1,,DRA-Net: densely residual attention based low-light image en
Muhammad Hamza,1615108183,1,,DRA-Net: densely residual attention based low-light image en
Liang Zhao,144000223,1,,DRA-Net: densely residual attention based low-light image en
Saeed H. Alsamhi,2220640967,1,,DRA-Net: densely residual attention based low-light image en
Majjed Al-Qatf,1411261544,1,,DRA-Net: densely residual attention based low-light image en
Chu Zhou,1491265213,1,,Polarization-Aware Low-Light Image Enhancement
Minggui Teng,1557343782,1,,Polarization-Aware Low-Light Image Enhancement
Youwei Lyu,1381102412,1,,Polarization-Aware Low-Light Image Enhancement
Si Li,2118155941,1,,Polarization-Aware Low-Light Image Enhancement
Lanling Zeng,2100791,1,,Edge-aware image smoothing via weighted sparse gradient reco
Yucheng Chen,1519043401,1,,Edge-aware image smoothing via weighted sparse gradient reco
Zhigeng Pan,2069544453,1,,Edge-aware image smoothing via weighted sparse gradient reco
Wenfeng Huang,2158105217,1,,Learning Hierarchical Semantic Information for Efficient Low
Xiangyun Liao,2930922,1,,Learning Hierarchical Semantic Information for Efficient Low
Yinling Qian,2278482,1,,Learning Hierarchical Semantic Information for Efficient Low
W. Jia,1714410,1,,Learning Hierarchical Semantic Information for Efficient Low
Qihan Zhao,2268376879,1,,Enlighten-Anything: When Segment Anything Model Meets Low-Li
Chang-Hao Wu,2146290048,1,,LUT-GCE: Lookup Table Global Curve Estimation for Fast Low-l
Jiangxin Dong,3367248,1,,LUT-GCE: Lookup Table Global Curve Estimation for Fast Low-l
Jinhui Tang,152949418,1,,LUT-GCE: Lookup Table Global Curve Estimation for Fast Low-l
Fusheng Yu,2219022512,1,,"Large, Complex, and Realistic Safety Clothing and Helmet Det"
Xiaoping Wang,2144674712,1,,"Large, Complex, and Realistic Safety Clothing and Helmet Det"
Jiang Li,2118505917,1,,"Large, Complex, and Realistic Safety Clothing and Helmet Det"
Shaojin Wu,2204169104,1,,"Large, Complex, and Realistic Safety Clothing and Helmet Det"
Jun-jie Zhang,2155570238,1,,"Large, Complex, and Realistic Safety Clothing and Helmet Det"
Zhigang Zeng,2150468817,1,,"Large, Complex, and Realistic Safety Clothing and Helmet Det"
Yongcheng Han,48386441,1,,Low-light image enhancement based on simulated multi-exposur
Wenwen Zhang,2108037429,1,,Low-light image enhancement based on simulated multi-exposur
Weiji He,21659648,1,,Low-light image enhancement based on simulated multi-exposur
Kai-Kuang Ma,10212005,1,,Learning a Simple Low-Light Image Enhancer from Paired Low-L
K. Zhang,144110274,1,,NTIRE 2023 Quality Assessment of Video Enhancement Challenge
Ziheng Jia,122560540,1,,NTIRE 2023 Quality Assessment of Video Enhancement Challenge
Yilin Li,2223971161,1,,NTIRE 2023 Quality Assessment of Video Enhancement Challenge
Wei Wu,2118256981,1,,NTIRE 2023 Quality Assessment of Video Enhancement Challenge
Shuming Hu,2222705791,1,,NTIRE 2023 Quality Assessment of Video Enhancement Challenge
Sibin Deng,31182714,1,,NTIRE 2023 Quality Assessment of Video Enhancement Challenge
PengXiang Xiao,2069589540,1,,NTIRE 2023 Quality Assessment of Video Enhancement Challenge
Kai Li,2158259770,1,,NTIRE 2023 Quality Assessment of Video Enhancement Challenge
Kaiqin Zhao,2213492775,1,,NTIRE 2023 Quality Assessment of Video Enhancement Challenge
Kun Yuan,2147397710,1,,NTIRE 2023 Quality Assessment of Video Enhancement Challenge
Ming-hui Sun,2023912529,1,,NTIRE 2023 Quality Assessment of Video Enhancement Challenge
Heng Cong,2179020991,1,,NTIRE 2023 Quality Assessment of Video Enhancement Challenge
Lingzhi Fu,1955819,1,,NTIRE 2023 Quality Assessment of Video Enhancement Challenge
Yusheng Zhang,2108051131,1,,NTIRE 2023 Quality Assessment of Video Enhancement Challenge
Rongyu Zhang,46752954,1,,NTIRE 2023 Quality Assessment of Video Enhancement Challenge
Hang Shi,2292056539,1,,NTIRE 2023 Quality Assessment of Video Enhancement Challenge
Qihang Xu,2173071993,1,,NTIRE 2023 Quality Assessment of Video Enhancement Challenge
Longan Xiao,2243925292,1,,NTIRE 2023 Quality Assessment of Video Enhancement Challenge
Zhiliang Ma,46953803,1,,NTIRE 2023 Quality Assessment of Video Enhancement Challenge
Mirko Agarla,1913622627,1,,NTIRE 2023 Quality Assessment of Video Enhancement Challenge
Luigi Celona,3390122,1,,NTIRE 2023 Quality Assessment of Video Enhancement Challenge
C. Rota,50759199,1,,NTIRE 2023 Quality Assessment of Video Enhancement Challenge
R. Schettini,143940718,1,,NTIRE 2023 Quality Assessment of Video Enhancement Challenge
Zhiwei Huang,2156500629,1,,NTIRE 2023 Quality Assessment of Video Enhancement Challenge
Yanan Li,2143100474,1,,NTIRE 2023 Quality Assessment of Video Enhancement Challenge
Xiaotao Wang,2108031895,1,,NTIRE 2023 Quality Assessment of Video Enhancement Challenge
Lei Lei,2066703241,1,,NTIRE 2023 Quality Assessment of Video Enhancement Challenge
Hongye Liu,153803765,1,,NTIRE 2023 Quality Assessment of Video Enhancement Challenge
Wei Hong,12549768,1,,NTIRE 2023 Quality Assessment of Video Enhancement Challenge
Ironhead Chuang,2223970878,1,,NTIRE 2023 Quality Assessment of Video Enhancement Challenge
Allen Lin,2054898424,1,,NTIRE 2023 Quality Assessment of Video Enhancement Challenge
Drake Guan,2223970404,1,,NTIRE 2023 Quality Assessment of Video Enhancement Challenge
I-Ying Chen,46952591,1,,NTIRE 2023 Quality Assessment of Video Enhancement Challenge
Kae Lou,2223951699,1,,NTIRE 2023 Quality Assessment of Video Enhancement Challenge
Willy Huang,2223972551,1,,NTIRE 2023 Quality Assessment of Video Enhancement Challenge
Ya-Hui Tasi,2093374314,1,,NTIRE 2023 Quality Assessment of Video Enhancement Challenge
Yvonne S. Kao,2104311354,1,,NTIRE 2023 Quality Assessment of Video Enhancement Challenge
Haotian Fan,2072838160,1,,NTIRE 2023 Quality Assessment of Video Enhancement Challenge
F. Kong,12497187,1,,NTIRE 2023 Quality Assessment of Video Enhancement Challenge
Shiqi Zhou,2110990030,1,,NTIRE 2023 Quality Assessment of Video Enhancement Challenge
Hao Liu,2143856718,1,,NTIRE 2023 Quality Assessment of Video Enhancement Challenge
Yuecheng Lai,2179636683,1,,NTIRE 2023 Quality Assessment of Video Enhancement Challenge
Shan-guang Chen,2144337190,1,,NTIRE 2023 Quality Assessment of Video Enhancement Challenge
Wenqi Wang,2134824679,1,,NTIRE 2023 Quality Assessment of Video Enhancement Challenge
Chaofeng Chen,2145764593,1,,NTIRE 2023 Quality Assessment of Video Enhancement Challenge
Chu-Feng Zhu,2206847308,1,,NTIRE 2023 Quality Assessment of Video Enhancement Challenge
Zekun Guo,11634793,1,,NTIRE 2023 Quality Assessment of Video Enhancement Challenge
Shiling Zhao,2211894502,1,,NTIRE 2023 Quality Assessment of Video Enhancement Challenge
Haibing Yin,39738500,1,,NTIRE 2023 Quality Assessment of Video Enhancement Challenge
Hongkui Wang,2200085409,1,,NTIRE 2023 Quality Assessment of Video Enhancement Challenge
H. Meftah,2183483709,1,,NTIRE 2023 Quality Assessment of Video Enhancement Challenge
Sid Ahmed Fezza,2657624,1,,NTIRE 2023 Quality Assessment of Video Enhancement Challenge
W. Hamidouche,1931304,1,,NTIRE 2023 Quality Assessment of Video Enhancement Challenge
Olivier Déforges,2168252641,1,,NTIRE 2023 Quality Assessment of Video Enhancement Challenge
Te Shi,1717095713,1,,NTIRE 2023 Quality Assessment of Video Enhancement Challenge
Azadeh Mansouri,2972300,1,,NTIRE 2023 Quality Assessment of Video Enhancement Challenge
Hossein Motamednia,1752954873,1,,NTIRE 2023 Quality Assessment of Video Enhancement Challenge
Amirhossein Bakhtiari,31176012,1,,NTIRE 2023 Quality Assessment of Video Enhancement Challenge
Ahmad Mahmoudi Aznaveh,2757076,1,,NTIRE 2023 Quality Assessment of Video Enhancement Challenge
Xin Jin,2228232936,1,,DNF: Decouple and Feedback Network for Seeing in the Dark
Z. Li,1700892,1,,DNF: Decouple and Feedback Network for Seeing in the Dark
Z. Chai,2233160728,1,,DNF: Decouple and Feedback Network for Seeing in the Dark
Xiangyu Meng,2150590394,1,,You Do Not Need Additional Priors or Regularizers in Retinex
X. Wang,47119537,1,,You Do Not Need Additional Priors or Regularizers in Retinex
Junyu Lin,2110809173,1,,A Dark Transformation-Equivariant Algorithm for Dark Object 
Jingchao Wang,2110124127,1,,A Dark Transformation-Equivariant Algorithm for Dark Object 
Zhengnan Deng,2225133541,1,,A Dark Transformation-Equivariant Algorithm for Dark Object 
Yuantong Zhang,2145783565,1,,Learning a Single Convolutional Layer Model for Low Light Im
Baoxin Teng,2218135206,1,,Learning a Single Convolutional Layer Model for Low Light Im
Daiqin Yang,33413258,1,,Learning a Single Convolutional Layer Model for Low Light Im
Zhenzhong Chen,48354614,1,,Learning a Single Convolutional Layer Model for Low Light Im
Haichuan Ma,35282551,1,,Learning a Single Convolutional Layer Model for Low Light Im
Wenpeng Ding,1737451,1,,Learning a Single Convolutional Layer Model for Low Light Im
Jingyuan Liu,46700596,1,,MonoTDP: Twin Depth Perception for Monocular 3D Object Detec
Yixin Lei,2217461066,1,,MonoTDP: Twin Depth Perception for Monocular 3D Object Detec
Mustafa Ozcan,46735404,1,,FLIGHT Mode On: A Feather-Light Network for Low-Light Image 
Hamza Ergezer,1980641,1,,FLIGHT Mode On: A Feather-Light Network for Low-Light Image 
Mustafa Ayazoglu,2614944,1,,FLIGHT Mode On: A Feather-Light Network for Low-Light Image 
Xiao-Fang Liu,2110752940,1,,Advancing Unsupervised Low-light Image Enhancement: Noise Es
Tao Tan,2184837813,1,,Light-VQA: A Multi-Dimensional Quality Assessment Model for 
Renjun Wang,2051262277,1,,FBGAN: multi-scale feature aggregation combined with boostin
Jiawu Dai,145618711,1,,FBGAN: multi-scale feature aggregation combined with boostin
Weiyuan Zeng,2150082567,1,,FBGAN: multi-scale feature aggregation combined with boostin
Zhe Wang,2108196160,1,,ULL-SLAM: underwater low-light enhancement for the front-end
Yanjie Wang,2143472997,1,,Cycle-enhance: low-light image enhancement based on CycleGan
Wenbing Cai,2209404865,1,,Cycle-enhance: low-light image enhancement based on CycleGan
Jikun Wang,2167476542,1,,An adaptive image enhancement approach for safety monitoring
Weixiang Liang,6643699,1,,An adaptive image enhancement approach for safety monitoring
Jiangang Yang,2109760899,1,,An adaptive image enhancement approach for safety monitoring
Shizheng Wang,2238072288,1,,An adaptive image enhancement approach for safety monitoring
Zhixin Yang,2109740645,1,,An adaptive image enhancement approach for safety monitoring
Yan Wei,2112599289,1,,RRANet: low-light image enhancement based on Retinex theory 
Yuxin Jiang,2243911677,1,,Research on contrast enhancement algorithm of crop image bas
Ying Cuan,49161275,1,,Research on contrast enhancement algorithm of crop image bas
Pu Zhao,2204579423,1,,Artificial Intelligence-Based Digital Media Design Effect En
Mengfei Wu,2406048376,1,,Unsupervised Image Enhancement Method Based on Attention Map
Taiji Lan,121507422,1,,Unsupervised Image Enhancement Method Based on Attention Map
X. Xue,9129343,1,,Unsupervised Image Enhancement Method Based on Attention Map
Cheng Yuan,2214535114,1,,Multi-Branch and Progressive Network for Low-Light Image Enh
Xinbo Gao,2164214077,1,,Multi-Branch and Progressive Network for Low-Light Image Enh
Minqi Li,2154747009,1,,Multi-Branch and Progressive Network for Low-Light Image Enh
Xuehui Yin,2713266,1,,Adaptive RetinexNet and fusion strategy for low-intensity im
Qiaoyu Chen,2887565,1,,Adaptive RetinexNet and fusion strategy for low-intensity im
Gerile Tu,2058828437,1,,Adaptive RetinexNet and fusion strategy for low-intensity im
Xiaoyong Guo,2146370322,1,,Opt2Ada: an universal method for single-image low-light enha
Jiahan Peng,2175757666,1,,Opt2Ada: an universal method for single-image low-light enha
G. Guo,103132268,1,,Opt2Ada: an universal method for single-image low-light enha
Ben Fei,2197075824,1,,Generative Diffusion Prior for Unified Image Restoration and
Zhaoyang Lyu,119937438,1,,Generative Diffusion Prior for Unified Image Restoration and
Liang Pan,50379842,1,,Generative Diffusion Prior for Unified Image Restoration and
Junzhe Zhang,2352693588,1,,Generative Diffusion Prior for Unified Image Restoration and
Weidong Yang,2158065044,1,,Generative Diffusion Prior for Unified Image Restoration and
Tian-jian Luo,2068287693,1,,Generative Diffusion Prior for Unified Image Restoration and
Bo Dai,144445937,1,,Generative Diffusion Prior for Unified Image Restoration and
Dongjin Huang,3034852,1,,Deep polyp image enhancement using region of interest with p
Jinhuan Liu,48210695,1,,Deep polyp image enhancement using region of interest with p
Yongsheng Shi,49593197,1,,Deep polyp image enhancement using region of interest with p
Canlin Li,1929706,1,,Deep polyp image enhancement using region of interest with p
Wenbing Tang,2116723937,1,,Deep polyp image enhancement using region of interest with p
Runxing Zhao,2193365759,1,,Multi-scene image enhancement based on multi-channel illumin
Zhiwen Wang,47197188,1,,Multi-scene image enhancement based on multi-channel illumin
Wu Guo,2112285356,1,,Multi-scene image enhancement based on multi-channel illumin
Canlong Zhang,7924036,1,,Multi-scene image enhancement based on multi-channel illumin
Sohyun Lee,2161506615,1,,Human Pose Estimation in Extremely Low-Light Conditions
Jaesung Rim,2005324875,1,,Human Pose Estimation in Extremely Low-Light Conditions
Boseung Jeong,2124963484,1,,Human Pose Estimation in Extremely Low-Light Conditions
Geon-Yeong Kim,2157689053,1,,Human Pose Estimation in Extremely Low-Light Conditions
Byungju Woo,2212287594,1,,Human Pose Estimation in Extremely Low-Light Conditions
Haechan Lee,2142350,1,,Human Pose Estimation in Extremely Low-Light Conditions
Sung-Jin Cho,2180744,1,,Human Pose Estimation in Extremely Low-Light Conditions
Suha Kwak,2483916,1,,Human Pose Estimation in Extremely Low-Light Conditions
Jieyu Pang,2211970962,1,,Semi-supervised Zero-Shot Learning in Retinex decomposition-
Ronggang Wang,2155887982,1,,Semi-supervised Zero-Shot Learning in Retinex decomposition-
Cong Cao,2064669295,1,,Unsupervised HDR Image and Video Tone Mapping via Contrastiv
Huanjing Yue,1779338,1,,Unsupervised HDR Image and Video Tone Mapping via Contrastiv
Jingyu Yang,2135970340,1,,Unsupervised HDR Image and Video Tone Mapping via Contrastiv
Yuanhao Cai,,1,,Retinexformer: One-stage Retinex-based Transformer for Low-l
Hao Bian,2000465451,1,,Retinexformer: One-stage Retinex-based Transformer for Low-l
Jing Lin,2118747385,1,,Retinexformer: One-stage Retinex-based Transformer for Low-l
Haoqian Wang,2143410777,1,,Retinexformer: One-stage Retinex-based Transformer for Low-l
Yong Chen,2115838049,1,,Real-world low-light image enhancement via domain-gap aware 
Meiyong Huang,2156270196,1,,Real-world low-light image enhancement via domain-gap aware 
Huanlin Liu,15387819,1,,Real-world low-light image enhancement via domain-gap aware 
Kaixin Shao,2187587678,1,,Real-world low-light image enhancement via domain-gap aware 
Jinliang Zhang,2187871821,1,,Real-world low-light image enhancement via domain-gap aware 
Jiaying Du,2159186102,1,,Maritime Low-light Image Enhancement by Joint En-decoder Arc
Xiaoqi Hu,47027665,1,,Maritime Low-light Image Enhancement by Joint En-decoder Arc
Lei He,2218864244,1,,Maritime Low-light Image Enhancement by Joint En-decoder Arc
Hong Ji,2072975696,1,,Maritime Low-light Image Enhancement by Joint En-decoder Arc
Yue Wu,72500970,1,,Maritime Low-light Image Enhancement by Joint En-decoder Arc
R. Khan,32402902,1,,Multi-level GAN based enhanced CT scans for liver cancer dia
Yigang Luo,6230167,1,,Multi-level GAN based enhanced CT scans for liver cancer dia
Fang-Xiang Wu,2116490191,1,,Multi-level GAN based enhanced CT scans for liver cancer dia
Zhen Shen,2111638621,1,,Pseudo-Retinex decomposition-based unsupervised underwater i
Haiyong Xu,9127505,1,,Pseudo-Retinex decomposition-based unsupervised underwater i
G. Jiang,145775490,1,,Pseudo-Retinex decomposition-based unsupervised underwater i
Mei Yu,145231572,1,,Pseudo-Retinex decomposition-based unsupervised underwater i
Baozhen Du,2064619418,1,,Pseudo-Retinex decomposition-based unsupervised underwater i
Ting Luo,2068287539,1,,Pseudo-Retinex decomposition-based unsupervised underwater i
Zhongjie Zhu,3335867,1,,Pseudo-Retinex decomposition-based unsupervised underwater i
Weitao Lin,48150186,1,,No-reference quality assessment for low-light image enhancem
Yuxuan Wu,2136736164,1,,No-reference quality assessment for low-light image enhancem
Lishi Xu,2212881367,1,,No-reference quality assessment for low-light image enhancem
Weiling Chen,150336548,1,,No-reference quality assessment for low-light image enhancem
Hongan Wei,2115312829,1,,No-reference quality assessment for low-light image enhancem
Hongyu Zhu,2149669716,1,,Low-Illumination Image Enhancement Based on Deep Learning Te
Tingwei Wang,2155391146,1,,Low-Illumination Image Enhancement Based on Deep Learning Te
Yichao Cao,2160469,1,,Low-Illumination Image Enhancement Based on Deep Learning Te
U. Hari,144459904,1,,Self-supervised learning based low light image enhancement u
A. Bevi,2288196488,1,,Self-supervised learning based low light image enhancement u
Zhangjing Zheng,2115548986,1,,Underwater low-light enhancement network based on bright cha
Xixia Huang,2108800686,1,,Underwater low-light enhancement network based on bright cha
Le Wang,2116229679,1,,Underwater low-light enhancement network based on bright cha
Bin Luo,2174116032,1,,Single-Exposure Optical Measurement of Highly Reflective Sur
Fu-Bing Li,2149811258,1,,Single-Exposure Optical Measurement of Highly Reflective Sur
Xingman Niu,2174088210,1,,Single-Exposure Optical Measurement of Highly Reflective Sur
Qican Zhang,3181359,1,,Single-Exposure Optical Measurement of Highly Reflective Sur
Yajun Wang,2170509327,1,,Single-Exposure Optical Measurement of Highly Reflective Sur
Xiangcheng Chen,2117897,1,,Single-Exposure Optical Measurement of Highly Reflective Sur
Longyang Zhao,2158087382,1,,A low-light image enhancement method based on AUDD-GAN
Xinran Li,1502860194,1,,A low-light image enhancement method based on AUDD-GAN
Ruimin Meng,2157962111,1,,A low-light image enhancement method based on AUDD-GAN
Honggui Han,2210608212,1,,A lightweight object detection network in low-light conditio
Ke Chen,32811782,1,,Back-projection Residual Low-light Image Enhancement Network
Chengyi Cao,2151197087,1,,Back-projection Residual Low-light Image Enhancement Network
Juan Cao,2109829383,1,,A two-stage framework for optical coherence tomography angio
Zihao Xu,2117883323,1,,A two-stage framework for optical coherence tomography angio
Mengjia Xu,34632443,1,,A two-stage framework for optical coherence tomography angio
Yuchen Guo,2366320459,1,,DarkVision: A Benchmark for Low-light Image/Video Perception
Runzhao Yang,2162083988,1,,DarkVision: A Benchmark for Low-light Image/Video Perception
Zhihong Zhang,2144436679,1,,DarkVision: A Benchmark for Low-light Image/Video Perception
Jiayi Xie,1491234743,1,,DarkVision: A Benchmark for Low-light Image/Video Perception
Esha Pahwa,2141800564,1,,LVRNet: Lightweight Image Restoration for Aerial Images unde
Achleshwar Luthra,2120424496,1,,LVRNet: Lightweight Image Restoration for Aerial Images unde
Pratik Narang,3120689,1,,LVRNet: Lightweight Image Restoration for Aerial Images unde
Shihao Shen,2072819892,1,,"Optical Flow for Autonomous Driving: Applications, Challenge"
Louis Kerofsky,143834054,1,,"Optical Flow for Autonomous Driving: Applications, Challenge"
S. Yogamani,2601522,1,,"Optical Flow for Autonomous Driving: Applications, Challenge"
Saijie Fan,2191770028,1,,LACN: A lightweight attention-guided ConvNeXt network for lo
Wei Liang,2113675770,1,,LACN: A lightweight attention-guided ConvNeXt network for lo
Derui Ding,1795716,1,,LACN: A lightweight attention-guided ConvNeXt network for lo
Hui Yu,2188997984,1,,LACN: A lightweight attention-guided ConvNeXt network for lo
Maomei Liu,2112251403,1,,Learning to recover lost details from the dark
Lei Tang,2110241927,1,,Learning to recover lost details from the dark
Sheng Zhong,2053864035,1,,Learning to recover lost details from the dark
Hangzai Luo,1704919,1,,Learning to recover lost details from the dark
Jinye Peng,145457904,1,,Learning to recover lost details from the dark
Tianyanshi Liu,2198626685,1,,LDNet: low-light image enhancement with joint lighting and d
Jiaxin Fan,2151840486,1,,LDNet: low-light image enhancement with joint lighting and d
Z. Azizi,2093084617,1,,SALVE: Self-supervised Adaptive Low-light Video Enhancement
Ct Kuo,103085831,1,,SALVE: Self-supervised Adaptive Low-light Video Enhancement
Tian Geng,2197905590,1,,Pre-denoising 3D Multi-scale Fusion Attention Network for Lo
Xiangde Zhang,3153945,1,,Pre-denoising 3D Multi-scale Fusion Attention Network for Lo
Yi Ma,2146276895,1,,Low-Light Image and Video Enhancement: A Comprehensive Surve
Jinqian Pan,2176149839,1,,Low-Light Image and Video Enhancement: A Comprehensive Surve
Chang-Tien Lu,1752590,1,,Low-Light Image and Video Enhancement: A Comprehensive Surve
Lijiang Shao,2366748298,1,,LLU-Swin: Low-Light Image Enhancement with U-shaped Swin Tra
Wenjin Wang,2117833431,1,,LLU-Swin: Low-Light Image Enhancement with U-shaped Swin Tra
Shiguo Huang,9303289,1,,LLU-Swin: Low-Light Image Enhancement with U-shaped Swin Tra
Xiaolin Li,2108674259,1,,LLU-Swin: Low-Light Image Enhancement with U-shaped Swin Tra
Akshat Agarwal,50714373,1,,Low-Light Image Enhancement Using Multi-Branch Deep Fusion E
Mohit Kumar Agarwal,2212895011,1,,Low-Light Image Enhancement Using Multi-Branch Deep Fusion E
Aditya Shankar,2212898809,1,,Low-Light Image Enhancement Using Multi-Branch Deep Fusion E
Anil Singh Parihar,2268072935,1,,Low-Light Image Enhancement Using Multi-Branch Deep Fusion E
Hengxuan Li,2214305109,1,,Low-light Image Enhancement via Unsupervised Progressive Fus
Xu Zhao,2118490525,1,,Toward the Resilient SLAM in Adverse Illumination Environmen
Zhaohong Liao,2201678636,1,,Toward the Resilient SLAM in Adverse Illumination Environmen
X. Wu,48661704,1,,Toward the Resilient SLAM in Adverse Illumination Environmen
Chenyang Li,2188996842,1,,Toward the Resilient SLAM in Adverse Illumination Environmen
Jingwei Chen,2280952394,1,,Toward the Resilient SLAM in Adverse Illumination Environmen
Z. Gao,3198851,1,,Toward the Resilient SLAM in Adverse Illumination Environmen
Yao Tan,2158336351,1,,Attention-guided multi-scale illumination estimation for low
Yanpeng Cao,3245182,1,,A deep thermal-guided approach for effective low-light visib
Xi Tong,2068202152,1,,A deep thermal-guided approach for effective low-light visib
Fan Wang,49451350,1,,A deep thermal-guided approach for effective low-light visib
Jiangxin Yang,2491927,1,,A deep thermal-guided approach for effective low-light visib
Yanlong Cao,2035529,1,,A deep thermal-guided approach for effective low-light visib
Sabin Tiberius Strat,2850020,1,,A deep thermal-guided approach for effective low-light visib
C. Tisse,3433637,1,,A deep thermal-guided approach for effective low-light visib
Xi Yuan,2159318207,1,,BrightFormer: A transformer to brighten the image
Fanding Wu,2167734431,1,,EFINet: Restoration for Low-Light Images via Enhancement-Fus
Xijing Li,2369639921,1,,Rep-Enhancer: Re-parameterizing Neural Network for Real-time
Yourui Huang,46598871,1,,Low Illumination Soybean Plant Reconstruction and Trait Perc
Yuwen Liu,2136355493,1,,Low Illumination Soybean Plant Reconstruction and Trait Perc
Tao Han,2117899081,1,,Low Illumination Soybean Plant Reconstruction and Trait Perc
Shanyong Xu,2148667420,1,,Low Illumination Soybean Plant Reconstruction and Trait Perc
Jiahao Fu,41097944,1,,Low Illumination Soybean Plant Reconstruction and Trait Perc
Xuanyu Zhang,2118400564,1,,LVE-S2D: Low-Light Video Enhancement From Static to Dynamic
N. Ling,144515403,1,,LVE-S2D: Low-Light Video Enhancement From Static to Dynamic
Mengsu Zhang,2153207393,1,,AdaEnlight
Haocheng Shen,2192858528,1,,AdaEnlight
Linbo Wang,2108522201,1,,Near-infrared fusion for deep lightness enhancement
Deyun Yang,2111180991,1,,Near-infrared fusion for deep lightness enhancement
Xianyong Fang,3126828,1,,Near-infrared fusion for deep lightness enhancement
Shaohua Wan,49725227,1,,Near-infrared fusion for deep lightness enhancement
Zhiqiang Feng,2113908830,1,,An Repairing Algorithm for Infrared Video Brightness Mutatio
Xiaogang Wang,31843833,1,,An Repairing Algorithm for Infrared Video Brightness Mutatio
Yang Wei,2186351239,1,,An Repairing Algorithm for Infrared Video Brightness Mutatio
Mingrui Liu,2374924413,1,,An Repairing Algorithm for Infrared Video Brightness Mutatio
Zewei Lian,2172252560,1,,An Repairing Algorithm for Infrared Video Brightness Mutatio
Yu Yuan,2161609114,1,,Learning to Kindle the Starlight
Lindong Wang,2108565992,1,,Learning to Kindle the Starlight
Zhongliang Jing,2111777743,1,,Learning to Kindle the Starlight
H. Leung,2144755904,1,,Learning to Kindle the Starlight
Han Pan,30331802,1,,Learning to Kindle the Starlight
Mingming Tan,2190124500,1,,Low-light image enhancement via multistage feature fusion ne
Jiayi Fan,2151840354,1,,Low-light image enhancement via multistage feature fusion ne
Xiangying Song,2191280481,1,,A Survey of Low-light Image Enhancement
Xiaodong Zhang,1686594,1,,Attention-based Deep Pyramidal Network for Low-light Image E
Yifei Wang,2115569318,1,,Attention-based Deep Pyramidal Network for Low-light Image E
Guiwen Zhang,8673557,1,,Low-light image enhancement model based on self-calibration 
Taida Wu,2160104490,1,,Low-light image enhancement model based on self-calibration 
Jinwang Pan,2187371905,1,,ChebyLighter: Optimal Curve Estimation for Low-light Image E
Deming Zhai,2431195,1,,ChebyLighter: Optimal Curve Estimation for Low-light Image E
Yuanchao Bai,2876022,1,,ChebyLighter: Optimal Curve Estimation for Low-light Image E
Debin Zhao,1725937,1,,ChebyLighter: Optimal Curve Estimation for Low-light Image E
Dongyu She,22631231,1,,An Image-to-video Model for Real-Time Video Enhancement
Kun Xu,144968846,1,,An Image-to-video Model for Real-Time Video Enhancement
Jia He,2444492079,1,,Best of Both Worlds: See and Understand Clearly in the Dark
Yi Wang,87042015,1,,Best of Both Worlds: See and Understand Clearly in the Dark
Mingde Yao,1420016726,1,,Structure- and Texture-Aware Learning for Low-Light Image En
Shivam Chhirolya,2187298719,1,,Low Light Video Enhancement by Learning on Static Videos wit
Yanhong Huang,2183513064,1,,Fast Deep Multi-patch Progressive Network for Low-light Imag
F. Zhu,7526783,1,,Fast Deep Multi-patch Progressive Network for Low-light Imag
Hue Nguyen,2392595137,1,,PSENet: Progressive Self-Enhancement Network for Unsupervise
D. Tran,2186824333,1,,PSENet: Progressive Self-Enhancement Network for Unsupervise
Khoi Duc Minh Nguyen,144295869,1,,PSENet: Progressive Self-Enhancement Network for Unsupervise
Rang Nguyen,2316559179,1,,PSENet: Progressive Self-Enhancement Network for Unsupervise
Jinbao Yang,2864169,1,,The Low-light Image Enhancement Method Based on Improved LSI
Zhimin Yuan,2112340345,1,,The Low-light Image Enhancement Method Based on Improved LSI
Shilei Li,2145340413,1,,The Low-light Image Enhancement Method Based on Improved LSI
Jiasheng Wang,2110144752,1,,The Low-light Image Enhancement Method Based on Improved LSI
Xiaochen Bo,2060165174,1,,Effective low-light image enhancement with multiscale and co
Chao Yang,1637066875,1,,Effective low-light image enhancement with multiscale and co
Xu Wu,2186958197,1,,Effective low-light image enhancement with multiscale and co
Yuquan Zhou,49454937,1,,Water leakage detection and its application of turbine floor
Zuliang Huang,2370727485,1,,Water leakage detection and its application of turbine floor
Jifan Ouyang,2148467674,1,,Water leakage detection and its application of turbine floor
Menglong Hou,2205234367,1,,Water leakage detection and its application of turbine floor
Xichang Cai,2107159051,1,,Water leakage detection and its application of turbine floor
Zizheng Sun,2181083714,1,,Global-Local Generation Adversarial Learning Based Low-Light
Huihui Song,2163097,1,,Global-Local Generation Adversarial Learning Based Low-Light
Jiaqing Fan,51254451,1,,Global-Local Generation Adversarial Learning Based Low-Light
Qingshan Liu,2145921875,1,,Global-Local Generation Adversarial Learning Based Low-Light
ZhanTi Ll,2190859298,1,,Night Fatigue Driving Detection Algorithm based on Lightweig
Ni Jia,144681848,1,,Night Fatigue Driving Detection Algorithm based on Lightweig
Yunliang Zhuang,2152482431,1,,DPFNet: A Dual-branch Dilated Network with Phase-aware Fouri
Zhuoran Zheng,1490932987,1,,DPFNet: A Dual-branch Dilated Network with Phase-aware Fouri
Chengzhi Lyu,47660429,1,,DPFNet: A Dual-branch Dilated Network with Phase-aware Fouri
Guiyu Guo,2185280629,1,,An Empirical Study on Retinex Methods for Low-Light Image En
Xiaochun Cheng,2149477853,1,,An Empirical Study on Retinex Methods for Low-Light Image En
L. Li,37498905,1,,DEANet: Decomposition Enhancement and Adjustment Network for
Yuan Xue,2114920342,1,,DEANet: Decomposition Enhancement and Adjustment Network for
Nan Meng,2267595889,1,,LRT: An Efficient Low-Light Restoration Transformer for Dark
Xiaojun Yang,2112085727,1,,Reference-free low-light image enhancement by associating hi
J. Gong,2314104141,1,,Reference-free low-light image enhancement by associating hi
Liang Wu,2218810019,1,,Reference-free low-light image enhancement by associating hi
Zhijing Yang,1840050,1,,Reference-free low-light image enhancement by associating hi
Yukai Shi,3435583,1,,Reference-free low-light image enhancement by associating hi
F. Nie,144962210,1,,Reference-free low-light image enhancement by associating hi
Weiwen Mu,2183969553,1,,A More Effective Zero-DCE Variant: Zero-DCE Tiny
Huixiang Liu,48447323,1,,A More Effective Zero-DCE Variant: Zero-DCE Tiny
Wen-Bin Chen,2109910513,1,,A More Effective Zero-DCE Variant: Zero-DCE Tiny
Yiqun Wang,2253807193,1,,A More Effective Zero-DCE Variant: Zero-DCE Tiny
Xintao Chen,2348594179,1,,Low-Light Image Enhancement Using Photometric Alignment with
Jong-Geun Oh,2839262,1,,Low-Light Image Enhancement Using Hybrid Deep-Learning and M
B. Kuang,2374013354,1,,Two-stage low-light image enhancement network with an attent
Zhibin Zhang,2109459759,1,,Two-stage low-light image enhancement network with an attent
Wei Xuan,2067466160,1,,A low-light image enhancement method based on atmospheric sc
Jin Tan,2115409536,1,,Low-light image enhancement with geometrical sparse represen
Taiping Zhang,2168621361,1,,Low-light image enhancement with geometrical sparse represen
Linchang Zhao,46586650,1,,Low-light image enhancement with geometrical sparse represen
Darong Huang,39252973,1,,Low-light image enhancement with geometrical sparse represen
Zhenyuan Zhang,2109338702,1,,Low-light image enhancement with geometrical sparse represen
B. Jalali,48368645,1,,VEViD: Vision Enhancement via Virtual diffraction and cohere
Lin Liu,2146017850,1,,Low-Light Video Enhancement with Synthetic Event Guidance
Junfeng An,2105619735,1,,Low-Light Video Enhancement with Synthetic Event Guidance
Jianzhuang Liu,2144167531,1,,Low-Light Video Enhancement with Synthetic Event Guidance
Shanxin Yuan,3325819,1,,Low-Light Video Enhancement with Synthetic Event Guidance
Xiangyu Chen,2143735670,1,,Low-Light Video Enhancement with Synthetic Event Guidance
Wen-gang Zhou,38272296,1,,Low-Light Video Enhancement with Synthetic Event Guidance
Houqiang Li,2108508109,1,,Low-Light Video Enhancement with Synthetic Event Guidance
Yanfeng Wang,2108846176,1,,Low-Light Video Enhancement with Synthetic Event Guidance
Qi Tian,2056268330,1,,Low-Light Video Enhancement with Synthetic Event Guidance
Yi Qian,2114899381,1,,Multi-scale error feedback network for low-light image enhan
Yuting He,2347905253,1,,Multi-scale error feedback network for low-light image enhan
Shaoqin Zhang,2116577895,1,,Multi-scale error feedback network for low-light image enhan
Shenming Jiang,103202096,1,,Multi-scale error feedback network for low-light image enhan
Ruini Zhao,4320115,1,,End-to-End Retinex-Based Illumination Attention Low-Light En
Jian Zhao,71425092,1,,End-to-End Retinex-Based Illumination Attention Low-Light En
Xuan Wei,2183459526,1,,Low-Light Image Enhancement Algorithm Based on Multi-scale C
Yaofeng Xie,2154871178,1,,Lighting the darkness in the sea: A deep learning model for 
Xiao Yu,2139766305,1,,Lighting the darkness in the sea: A deep learning model for 
Yizhuo Quan,2181974897,1,,3D Convolutional Neural Network for Low-Light Image Sequence
D. Fu,2087819248,1,,3D Convolutional Neural Network for Low-Light Image Sequence
Yuan-Shing Chang,120586583,1,,3D Convolutional Neural Network for Low-Light Image Sequence
Chengbo Wang,50096924,1,,3D Convolutional Neural Network for Low-Light Image Sequence
Penghao He,2153239652,1,,Pyramid Structure-Based Context Aggregation Detail Restorati
Ying Yu,144894799,1,,Pyramid Structure-Based Context Aggregation Detail Restorati
Xiaochen Wang,1753693970,1,,Single low-light image brightening using learning-based inte
Ruimin Hu,2067789404,1,,Single low-light image brightening using learning-based inte
Xuesong Li,2130338179,1,,Low-Light Image Enhancement Based on Constraint Low-Rank App
Jianrun Shang,2169354371,1,,Low-Light Image Enhancement Based on Constraint Low-Rank App
Wenhao Song,2181978196,1,,Low-Light Image Enhancement Based on Constraint Low-Rank App
Jinyong Chen,38263545,1,,Low-Light Image Enhancement Based on Constraint Low-Rank App
Guisheng Zhang,1959445256,1,,Low-Light Image Enhancement Based on Constraint Low-Rank App
Jinfeng Pan,49106674,1,,Low-Light Image Enhancement Based on Constraint Low-Rank App
Yuzhu Xie,2118596417,1,,IBE-Net: Low-Light Image Enhancement Based on Image Brightne
Kang Yang,2118048420,1,,IBE-Net: Low-Light Image Enhancement Based on Image Brightne
Hongwei Liu,2115371119,1,,IBE-Net: Low-Light Image Enhancement Based on Image Brightne
Yeying Jin,2141507823,1,,Unsupervised Night Image Enhancement: When Layer Decompositi
R. Tan,1726720,1,,Unsupervised Night Image Enhancement: When Layer Decompositi
Linfeng Tang,2153720741,1,,DRLIE: Flexible Low-Light Image Enhancement via Disentangled
Jiayi Ma,8555475,1,,DRLIE: Flexible Low-Light Image Enhancement via Disentangled
Xiaochun Lei,2072811844,1,,KinD-LCE: curve estimation and Retinex Fusion on low-light i
Junlin Xie,2109935984,1,,KinD-LCE: curve estimation and Retinex Fusion on low-light i
W. Mai,114913938,1,,KinD-LCE: curve estimation and Retinex Fusion on low-light i
Zhaoting Gong,2165478115,1,,KinD-LCE: curve estimation and Retinex Fusion on low-light i
Chang Lu,2149468656,1,,KinD-LCE: curve estimation and Retinex Fusion on low-light i
Linjun Lu,18840047,1,,KinD-LCE: curve estimation and Retinex Fusion on low-light i
Ziqi Shan,2176866256,1,,KinD-LCE: curve estimation and Retinex Fusion on low-light i
Lingling Fu,2175354696,1,,Multi-scale low-light image enhancement by fusing dense resi
Yuanbo Tan,2004222234,1,,Multi-scale low-light image enhancement by fusing dense resi
Xintao Xu,47158580,1,,Attention-based multi-channel feature fusion enhancement net
Yijie Zheng,2164842755,1,,Joint Contrast Enhancement and Noise Suppression of Low-ligh
Jianlong Su,2176165956,1,,Joint Contrast Enhancement and Noise Suppression of Low-ligh
Yingyi Shi,30878206,1,,Low-light Image Enhancement Algorithm Based on Exposure Pred
Lei Liu,2152043755,1,,Optimal LED Spectral Multiplexing for NIR2RGB Translation
Yuze Chen,2109199867,1,,Optimal LED Spectral Multiplexing for NIR2RGB Translation
Junchi Yan,3063894,1,,Optimal LED Spectral Multiplexing for NIR2RGB Translation
E. Semenishchev,51504102,1,,Algorithm for creating a single image of the cutting machine
A. Zelensky,51477368,1,,Algorithm for creating a single image of the cutting machine
Dmitry Orlov,2060117873,1,,Algorithm for creating a single image of the cutting machine
Marina Zdanova,121378960,1,,Algorithm for creating a single image of the cutting machine
V. Voronin,51162043,1,,Algorithm for creating a single image of the cutting machine
Inayat Khan,2151457788,1,,Diverse image enhancer for complex underexposed image
M. I. Uddin,1717097509,1,,Diverse image enhancer for complex underexposed image
Zhihua Hu,2111296949,1,,Diverse image enhancer for complex underexposed image
Yuanhong Zhong,47240328,1,,Super-Pixel Guided Low-Light Images Enhancement with Feature
Dong Xiong,2064884724,1,,Super-Pixel Guided Low-Light Images Enhancement with Feature
Zhiyong Huang,2156500367,1,,Super-Pixel Guided Low-Light Images Enhancement with Feature
Xucheng Wang,2312415418,1,,SIHRNet: a fully convolutional network for single image high
Chenning Tao,103477948,1,,SIHRNet: a fully convolutional network for single image high
X. Tao,145834668,1,,SIHRNet: a fully convolutional network for single image high
Zhenrong Zheng,34792302,1,,SIHRNet: a fully convolutional network for single image high
Aaryan Agrawal,2153760430,1,,Improving the Accuracy of Object Detection in Low Light Cond
Namrata Jadhav,2066002310,1,,Improving the Accuracy of Object Detection in Low Light Cond
Ayush Gaur,2164778908,1,,Improving the Accuracy of Object Detection in Low Light Cond
Shiwani Jeswani,2174391434,1,,Improving the Accuracy of Object Detection in Low Light Cond
Abhay Kshirsagar,50789368,1,,Improving the Accuracy of Object Detection in Low Light Cond
Masud An Nur Islam Fahim,20934220,1,,Semi-supervised atmospheric component learning in low-light 
Nazmus Saqib,2008191597,1,,Semi-supervised atmospheric component learning in low-light 
H. Jung,1915287313,1,,Semi-supervised atmospheric component learning in low-light 
Liye Song,19198244,1,,NRNet: Retinex Decomposition with Realistic Noise
Jindan Yang,2166449993,1,,NRNet: Retinex Decomposition with Realistic Noise
S. S. Sengar,5294077,1,,Lightweight HDR Camera ISP for Robust Perception in Dynamic 
Duoqian Miao,145166399,1,,Combining attention mechanism and Retinex model to enhance l
Wenjie Xie,2113722134,1,,Low-light image enhancement based on deep learning: a survey
Hongqi Liu,2155225739,1,,Low-light image enhancement based on deep learning: a survey
Binquan Wang,46270252,1,,Exemplar-guided low-light image enhancement
M. Reimann,51151622,1,,Low-light Image and Video Enhancement via Selective Manipula
Amir Semmo,2961653,1,,Low-light Image and Video Enhancement via Selective Manipula
S. Pasewaldt,2343715,1,,Low-light Image and Video Enhancement via Selective Manipula
J. Dollner,150142805,1,,Low-light Image and Video Enhancement via Selective Manipula
Matthias Trapp,3008227,1,,Low-light Image and Video Enhancement via Selective Manipula
Fangfang Li,2146330227,1,,Deep Illumination-Enhanced Face Super-Resolution Network for
Jian Zhang,2155127340,1,,Deep Illumination-Enhanced Face Super-Resolution Network for
Haifu Guo,2110878108,1,,Deep Illumination-Enhanced Face Super-Resolution Network for
Xiaoyan Kui,2157632957,1,,Deep Illumination-Enhanced Face Super-Resolution Network for
Weihua Liu,2144380729,1,,A Self-regularized Low-light Image Enhancement Based on the 
Yansong Xue,2380459782,1,,A Self-regularized Low-light Image Enhancement Based on the 
Yao Tang,2185612200,1,,A Self-regularized Low-light Image Enhancement Based on the 
Aijing Sun,2185500162,1,,A Self-regularized Low-light Image Enhancement Based on the 
Zonglin Li,2296404,1,,Reparameterizing Residual Unit for Real-time Maritime Low-li
Wen-Zheng Xu,2152922116,1,,Attention-guided Multiple Receptive Field Residual Block for
Haibo Wan,2304315118,1,,Attention-guided Multiple Receptive Field Residual Block for
Xue Li,2116384005,1,,Attention-guided Multiple Receptive Field Residual Block for
Han Jiao,2070114689,1,,Deep-learning Based Denoising and Enhancement in Video Image
Peng Yuan,2069400058,1,,Deep-learning Based Denoising and Enhancement in Video Image
Jiao Liu,2244576570,1,,Deep-learning Based Denoising and Enhancement in Video Image
Xujie Ren,2087673915,1,,Deep-learning Based Denoising and Enhancement in Video Image
Jufu Zhang,26504826,1,,Deep-learning Based Denoising and Enhancement in Video Image
Nana Yu,2010378588,1,,FLA-Net: multi-stage modular network for low-light image enh
Xinyi Liu,100683845,1,,Low-Light Image Enhancement by Retinex-Based Algorithm Unrol
Qi Xie,2055457999,1,,Low-Light Image Enhancement by Retinex-Based Algorithm Unrol
Hong Qang,2154421497,1,,Low-Light Image Enhancement by Retinex-Based Algorithm Unrol
Shangchen Zhou,7523259,1,,LEDNet: Joint Low-light Enhancement and Deblurring in the Da
V. Kannan,71251079,1,,Quality Assessment of Low-Light Restored Images: A Subjectiv
Nithin C Babu,2204851002,1,,Quality Assessment of Low-Light Restored Images: A Subjectiv
Yu-Hsuan Huang,34847043,1,,Deep face recognition for dim images
Homer H. Chen,144734955,1,,Deep face recognition for dim images
K. Panetta,1693757,1,,Deep Perceptual Image Enhancement Network for Exposure Resto
Shreyas Kamath K. M.,2220170311,1,,Deep Perceptual Image Enhancement Network for Exposure Resto
S. P. Rao,145983446,1,,Deep Perceptual Image Enhancement Network for Exposure Resto
G. Wu,144395124,1,,Linear Array Network for Low-light Image Enhancement
Zhuang Yin,2212680255,1,,Linear Array Network for Low-light Image Enhancement
Gangcheng Jiao,2058180863,1,,Multi-scale Deep Curve Estimation for Low-light Image Enhanc
Ye Yang,2116730046,1,,Multi-scale Deep Curve Estimation for Low-light Image Enhanc
Hongchang Cheng,30749027,1,,Multi-scale Deep Curve Estimation for Low-light Image Enhanc
Bo Yan,2075431604,1,,Multi-scale Deep Curve Estimation for Low-light Image Enhanc
Kai Wang,37833805,1,,Low-light image enhancement network with decomposition and a
Wuming Jiang,2116857011,1,,Low-light image enhancement network with decomposition and a
Sangjae Ahn,2159005227,1,,Simultaneous Brightness and Contrast Enhancement Using Deriv
Joongchol Shin,66442217,1,,Simultaneous Brightness and Contrast Enhancement Using Deriv
Heunseung Lim,66440069,1,,Simultaneous Brightness and Contrast Enhancement Using Deriv
Hayoon Kim,2109594074,1,,Simultaneous Brightness and Contrast Enhancement Using Deriv
J. Paik,144155678,1,,Simultaneous Brightness and Contrast Enhancement Using Deriv
Yueyu Hu,9956463,1,,Towards Low Light Enhancement With RAW Images
Ling-yu Duan,7667912,1,,Towards Low Light Enhancement With RAW Images
Jize Zhang,2107967251,1,,Invertible network for unpaired low-light image enhancement
Haolin Wang,2264450769,1,,Invertible network for unpaired low-light image enhancement
Xinyuan Lin,51093474,1,,Research on the application of low-light enhancement methods
Haining Liu,2379257967,1,,Research on the application of low-light enhancement methods
F. Zhao,2152340469,1,,Research on the application of low-light enhancement methods
Yan Sun,2152598061,1,,Research on the application of low-light enhancement methods
Masheal Alghamdi,113377683,1,,Snapshot HDR Video Construction Using Coded Mask
Qiang Fu,2113771721,1,,Snapshot HDR Video Construction Using Coded Mask
Ali K. Thabet,35869086,1,,Snapshot HDR Video Construction Using Coded Mask
Chenggang Dai,153566066,1,,Single low-light image enhancer using Taylor expansion and f
Z. Guan,46731399,1,,Single low-light image enhancer using Taylor expansion and f
Ming-xing Lin,7827836,1,,Single low-light image enhancer using Taylor expansion and f
Xiaolei Luo,2202631031,1,,Dedark+Detection: A Hybrid Scheme for Object Detection under
S. Xiang,35533565,1,,Dedark+Detection: A Hybrid Scheme for Object Detection under
Kejun Wu,2109009499,1,,Dedark+Detection: A Hybrid Scheme for Object Detection under
Yanpeng Sun,3235703,1,,Progressive Two-Stage Network for Low-Light Image Enhancemen
Zhanyou Chang,2146468674,1,,Progressive Two-Stage Network for Low-Light Image Enhancemen
Yong Zhao,2151270267,1,,Progressive Two-Stage Network for Low-Light Image Enhancemen
Sirui Li,2143204577,1,,Progressive Two-Stage Network for Low-Light Image Enhancemen
Jiantao Zhou,2388685450,1,,Perceptual Quality Assessment of Low-light Image Enhancement
Yujing Sun,2130286531,1,,Low-light image enhancement via deep Retinex decomposition a
F. Jiang,144999037,1,,Low-light image enhancement via deep Retinex decomposition a
Jiazhen Zu,2173371625,1,,Discriminative Feature Extraction and Enhancement Network fo
Yongxia Zhou,2145493439,1,,Discriminative Feature Extraction and Enhancement Network fo
Le Chen,2146072894,1,,Discriminative Feature Extraction and Enhancement Network fo
Chao Dai,2055020811,1,,Discriminative Feature Extraction and Enhancement Network fo
Qiang Ning,3333257,1,,Research on Pedestrian Target Recognition Algorithm in Low L
Hanlei Lu,2218136097,1,,Research on Pedestrian Target Recognition Algorithm in Low L
Xin Shi,2148375991,1,,Research on Pedestrian Target Recognition Algorithm in Low L
Zhengli Leng,2125340856,1,,Research on Pedestrian Target Recognition Algorithm in Low L
Pengjie Qin,51013608,1,,Research on Pedestrian Target Recognition Algorithm in Low L
Haofei Wang,2038517164,1,,Separating Content and Style for Unsupervised Image-to-Image
Yang Yue,2105585115,1,,Separating Content and Style for Unsupervised Image-to-Image
Igor Morawski,1740758571,1,,NOD: Taking a Closer Look at Detection under Extreme Low-Lig
Yu-An Chen,2144036304,1,,NOD: Taking a Closer Look at Detection under Extreme Low-Lig
Yu-sheng Lin,2107930640,1,,NOD: Taking a Closer Look at Detection under Extreme Low-Lig
Winston H. Hsu,1716836,1,,NOD: Taking a Closer Look at Detection under Extreme Low-Lig
Fei Zhou,2114903214,1,,SurroundNet: Towards Effective Low-Light Image Enhancement
Xin Sun,144326521,1,,SurroundNet: Towards Effective Low-Light Image Enhancement
Junyu Dong,1964397,1,,SurroundNet: Towards Effective Low-Light Image Enhancement
Haoran Zhao,50981688,1,,SurroundNet: Towards Effective Low-Light Image Enhancement
Xiao Xiang Zhu,2125159330,1,,SurroundNet: Towards Effective Low-Light Image Enhancement
Guo-Jun Qi,2272096,1,,Multitask AET with Orthogonal Tangent Regularity for Dark Ob
Zenghui Zhang,1882137,1,,Multitask AET with Orthogonal Tangent Regularity for Dark Ob
T. Harada,1790553,1,,Multitask AET with Orthogonal Tangent Regularity for Dark Ob
Zhen Han,144725609,1,,Decomposition Makes Better Rain Removal: An Improved Attenti
T. Lu,144530671,1,,Decomposition Makes Better Rain Removal: An Improved Attenti
Baojin Huang,1581795258,1,,Decomposition Makes Better Rain Removal: An Improved Attenti
Qili Chen,1923607,1,,An improved image enhancement framework based on multiple at
Junfang Fan,21100178,1,,An improved image enhancement framework based on multiple at
Wenbai Chen,2624059,1,,An improved image enhancement framework based on multiple at
Jiangbo Lu,1715148,1,,Seeing Dynamic Scene in the Dark: A High-Quality Video Datas
Pengliang Tang,9505602,1,,Integration-and-Diffusion Network for Low-Light Image Enhanc
Xiaoqiang Guo,150343737,1,,Integration-and-Diffusion Network for Low-Light Image Enhanc
Liangheng Shen,151472426,1,,Integration-and-Diffusion Network for Low-Light Image Enhanc
Weihang Zhang,2108075709,1,,Computational Imaging and Artificial Intelligence: The Next 
Jin Gong,2108317342,1,,Computational Imaging and Artificial Intelligence: The Next 
Xin Yuan,2115844400,1,,Computational Imaging and Artificial Intelligence: The Next 
D. Brady,1741299,1,,Computational Imaging and Artificial Intelligence: The Next 
Renjie Wan,8306685,1,,Low-Light Image Enhancement with Normalizing Flow
Haoliang Li,2310649374,1,,Low-Light Image Enhancement with Normalizing Flow
M. Albahar,11469407,1,,Contrast and Synthetic Multiexposure Fusion for Image Enhanc
Li Zhao,2157761799,1,,AEMS: an attention enhancement network of modules stacking f
Yixue Wei,2156252783,1,,AEMS: an attention enhancement network of modules stacking f
C. Anitha,2140036201,1,,Comprehensive View of Low Light Image/Video Enhancement Cent
R. M. S. Kumar,2218120686,1,,Comprehensive View of Low Light Image/Video Enhancement Cent
Zeyuan Chen,5478513,1,,CERL: A Unified Optimization Framework for Light Enhancement
Yifan Jiang,,1,,CERL: A Unified Optimization Framework for Light Enhancement
Dong Liu,2152508413,1,,CERL: A Unified Optimization Framework for Light Enhancement
Qiong Song,40476980,1,,RGNET: A Two-stage Low-light Image Enhancement Network Witho
Rizwan Qureshi,40702132,1,,Block Based Enhancement using Deep Learning for Conversion o
Fengji Ma,2068197386,1,,Underexposed Image Enhancement via Unsupervised Feature Atte
Haitao Li,2108590281,1,,Underexposed Image Enhancement via Unsupervised Feature Atte
Zhongxuan Luo,145865683,1,,Collaborative Reflectance-And-Illumination Learning For High
Jiang Hai,2062987065,1,,R2RNet: Low-light Image Enhancement via Real-low to Real-nor
Zhu Xuan,2055832379,1,,R2RNet: Low-light Image Enhancement via Real-low to Real-nor
Ren Yang,46781563,1,,R2RNet: Low-light Image Enhancement via Real-low to Real-nor
Yutong Hao,95694208,1,,R2RNet: Low-light Image Enhancement via Real-low to Real-nor
Fengzhu Zou,2115474401,1,,R2RNet: Low-light Image Enhancement via Real-low to Real-nor
Fang-Ju Lin,2113698470,1,,R2RNet: Low-light Image Enhancement via Real-low to Real-nor
Songchen Han,2664450,1,,R2RNet: Low-light Image Enhancement via Real-low to Real-nor
Hangying Zhang,51240627,1,,Human visual system deep learning enhancement algorithm base
Liangcai Cao,2800947,1,,Human visual system deep learning enhancement algorithm base
Feng Yang,2115412215,1,,Human visual system deep learning enhancement algorithm base
H. Hou,2064684650,1,,NLHD: A Pixel-Level Non-Local Retinex Model for Low-Light Im
Yingkun Hou,1828559,1,,NLHD: A Pixel-Level Non-Local Retinex Model for Low-Light Im
Yuxuan Shi,1753219181,1,,NLHD: A Pixel-Level Non-Local Retinex Model for Low-Light Im
Benzheng Wei,39212924,1,,NLHD: A Pixel-Level Non-Local Retinex Model for Low-Light Im
Jun Xu,2150636112,1,,NLHD: A Pixel-Level Non-Local Retinex Model for Low-Light Im
Luming Liang,46225943,1,,Guidance Network with Staged Learning for Image enhancement
Ilya Zharkov,15623770,1,,Guidance Network with Staged Learning for Image enhancement
Faezeh Amjadi,31749007,1,,Guidance Network with Staged Learning for Image enhancement
Hamid Reza Vaezi Joze,3227254,1,,Guidance Network with Staged Learning for Image enhancement
V. Pradeep,3811436,1,,Guidance Network with Staged Learning for Image enhancement
J. Xiong,3058286,1,,Seeing in Extra Darkness Using a Deep-Red Flash
S. Nayar,1750470,1,,Seeing in Extra Darkness Using a Deep-Red Flash
Peibei Cao,30621191,1,,Debiased Subjective Assessment of Real-World Image Enhanceme
Kede Ma,2233269,1,,Debiased Subjective Assessment of Real-World Image Enhanceme
Shiba Kuanar,51256107,1,,Gated fusion network for SAO filter and inter frame predicti
D. Mahapatra,143784265,1,,Gated fusion network for SAO filter and inter frame predicti
V. Athitsos,1720747,1,,Gated fusion network for SAO filter and inter frame predicti
Fellow Ieee K.R Rao,2265914637,1,,Gated fusion network for SAO filter and inter frame predicti
Wenhao Sun,145180813,1,,A Comprehensive Overview of Image Enhancement Techniques
Meng Lou,2263420682,1,,A Comprehensive Overview of Image Enhancement Techniques
Wenwei Zhao,2118226427,1,,A Comprehensive Overview of Image Enhancement Techniques
Xiangyu Deng,49077385,1,,A Comprehensive Overview of Image Enhancement Techniques
Rizwan Khan,2151235680,1,,Deep image enhancement for ill light imaging.
Jialie Shen,38203359,1,,Deep image enhancement for ill light imaging.
Bing Li,2156071808,1,,Deep image enhancement for ill light imaging.
Yingjie Jiao,2149629629,1,,Attention-Based Multi-Branch Network for Low-Light Image Enh
Xiangtao Zheng,2263014,1,,Attention-Based Multi-Branch Network for Low-Light Image Enh
Xiaoqiang Lu,7828998,1,,Attention-Based Multi-Branch Network for Low-Light Image Enh
Zheng Wang,40072305,1,,Degrade is Upgrade: Learning Degradation for Low-light Image
Xiao Wang,2118451533,1,,Degrade is Upgrade: Learning Degradation for Low-light Image
Yansheng Qiu,2087352809,1,,Degrade is Upgrade: Learning Degradation for Low-light Image
Chia-Wen Lin,46246806,1,,Degrade is Upgrade: Learning Degradation for Low-light Image
Shidong Xie,2087648313,1,,AMBCR: Low-light image enhancement via attention guided mult
Y. Wanga,1397146654,1,,Band Representation-Based Semi-Supervised Low-Light Image En
Sheng Zhang,2155924079,1,,Low Light Image Enhancement in USV Imaging System Via U-Net 
Tianxiao Cai,2089564397,1,,Low Light Image Enhancement in USV Imaging System Via U-Net 
Yihang Chen,2116614162,1,,Low Light Image Enhancement in USV Imaging System Via U-Net 
Wenbo Yang,2129467299,1,,Deep Learning-Enabled Low-light Image Enhancement In Maritim
Zhouheng Ge,2130348717,1,,Deep Learning-Enabled Low-light Image Enhancement In Maritim
Yadong Xu,72514806,1,,A novel multi-scale fusion framework for detail-preserving l
Cheng Yang,2154169858,1,,A novel multi-scale fusion framework for detail-preserving l
Beibei Sun,1878700707,1,,A novel multi-scale fusion framework for detail-preserving l
Xiaoan Yan,120456578,1,,A novel multi-scale fusion framework for detail-preserving l
Minglong Chen,2107982035,1,,A novel multi-scale fusion framework for detail-preserving l
Ming Xu,2152759762,1,,Extreme low-light image enhancement using deep neural networ
Hongping Li,2256306950,1,,Extreme low-light image enhancement using deep neural networ
Jian Chen,2155523973,1,,Extreme low-light image enhancement using deep neural networ
Lingyu Yan,3281646,1,,Enhanced network optimized generative adversarial network fo
Jia-Run Fu,134161039,1,,Enhanced network optimized generative adversarial network fo
Chunzhi Wang,1824201,1,,Enhanced network optimized generative adversarial network fo
Z. Ye,2082775,1,,Enhanced network optimized generative adversarial network fo
Hongwe Chen,1390823158,1,,Enhanced network optimized generative adversarial network fo
H. Ling,144125487,1,,Enhanced network optimized generative adversarial network fo
Dejia Xu,1575684088,1,,Benchmarking Low-Light Image Enhancement and Beyond
Chu-Tak Li,153228223,1,,Video Lightening with Dedicated CNN Architecture
Xiaomei Feng,2149115937,1,,Low-light image enhancement based on multi-illumination esti
Minglu Zhang,2215383412,1,,Low-Illumination Image Enhancement in the Space Environment 
Yan Zhang,2152819929,1,,Low-Illumination Image Enhancement in the Space Environment 
Zhihong Jiang,144703692,1,,Low-Illumination Image Enhancement in the Space Environment 
Xiaoling Lv,50085385,1,,Low-Illumination Image Enhancement in the Space Environment 
Ce Guo,2109933827,1,,Low-Illumination Image Enhancement in the Space Environment 
Linshu Hu,1576126786,1,,RSCNN: A CNN-Based Method to Enhance Low-Light Remote-Sensin
Mengjiao Qin,10800912,1,,RSCNN: A CNN-Based Method to Enhance Low-Light Remote-Sensin
Zhenhong Du,3223068,1,,RSCNN: A CNN-Based Method to Enhance Low-Light Remote-Sensin
Ren-yi Liu,50268261,1,,RSCNN: A CNN-Based Method to Enhance Low-Light Remote-Sensin
Nelson Chong Ngee Bow,1644833955,1,,DEN: Disentanglement and Enhancement Networks for Low Illumi
Vu-Hoang Tran,66170693,1,,DEN: Disentanglement and Enhancement Networks for Low Illumi
Punchok Kerdsiri,2044360149,1,,DEN: Disentanglement and Enhancement Networks for Low Illumi
Ching-Chun Huang,2110522996,1,,DEN: Disentanglement and Enhancement Networks for Low Illumi
A. Torresani,114629786,1,,Comprehensive evaluation of image enhancement for unsupervis
Fabio Remondino,2515916,1,,Comprehensive evaluation of image enhancement for unsupervis
Peizheng Li,9524051,1,,Deep Learning Based Low-light Enhancement and Noise Suppress
Caofei Luo,2109613421,1,,Deep Learning Based Low-light Enhancement and Noise Suppress
Fumin Wu,2257430477,1,,Deep Learning Based Low-light Enhancement and Noise Suppress
Jianan Zheng,2118456149,1,,Deep Learning Based Low-light Enhancement and Noise Suppress
Sainan Ma,16697757,1,,Deep Learning Based Low-light Enhancement and Noise Suppress
Youya Xia,51427799,1,,Privacy-Preserving Pose Estimation for Human-Robot Interacti
Yifan Tang,2115421242,1,,Privacy-Preserving Pose Estimation for Human-Robot Interacti
Yuhan Hu,49994805,1,,Privacy-Preserving Pose Estimation for Human-Robot Interacti
Guy Hoffman,145666784,1,,Privacy-Preserving Pose Estimation for Human-Robot Interacti
Qian Gao,2087604988,1,,A Zero-DCE-Based Low-Light Image Enhancement Algorithm for U
Pengyu Liu,2127218,1,,A Zero-DCE-Based Low-Light Image Enhancement Algorithm for U
Shanji Chen,2144336292,1,,A Zero-DCE-Based Low-Light Image Enhancement Algorithm for U
K. Jia,2027757,1,,A Zero-DCE-Based Low-Light Image Enhancement Algorithm for U
M. Asif,2102543426,1,,An automatic framework for endoscopic image restoration and 
Lei Chen,40342912,1,,An automatic framework for endoscopic image restoration and 
Hong Song,144569490,1,,An automatic framework for endoscopic image restoration and 
Alejandro F Frangi,1681129,1,,An automatic framework for endoscopic image restoration and 
Wenjing Wang,49337008,1,,Integrating Semantic Segmentation and Retinex Model for Low-
Bo-Si Feng,9568987,1,,An accurate low-light object detection method based on pyram
Xuejin Gao,2139136409,1,,An accurate low-light object detection method based on pyram
Yonghuai Liu,152891407,1,,Cycle Structure and Illumination Constrained GAN for Medical
Jun Cheng,50995454,1,,Cycle Structure and Illumination Constrained GAN for Medical
Yalin Zheng,1696306,1,,Cycle Structure and Illumination Constrained GAN for Medical
Morteza Ghahremani,1522002795,1,,Cycle Structure and Illumination Constrained GAN for Medical
Honghan Chen,2108476156,1,,Cycle Structure and Illumination Constrained GAN for Medical
Jiang Liu,38620434,1,,Cycle Structure and Illumination Constrained GAN for Medical
Ionut Mironica,1759152,1,,A Generative Adversarial Approach with Residual Learning for
Xuyang Han,48506198,1,,Low-light enhancement based on an improved simplified Retine
Youming Zhang,2142599008,1,,Low-light enhancement based on an improved simplified Retine
Lei Xu,2112281536,1,,Low-light enhancement based on an improved simplified Retine
Antyanta Bangunharcana,1922394497,1,,Retaining Image Feature Matching Performance Under Low Light
Dokyeong Kwon,2052326441,1,,DALE : Dark Region-Aware Low-light Image Enhancement
Guisik Kim,9758954,1,,DALE : Dark Region-Aware Low-light Image Enhancement
Junseok Kwon,31158891,1,,DALE : Dark Region-Aware Low-light Image Enhancement
Danai Triantafyllidou,7172565,1,,Low Light Video Enhancement Using Synthetic Data Produced wi
S. Moran,47852085,1,,Low Light Video Enhancement Using Synthetic Data Produced wi
Steven G. McDonagh,40513205,1,,Low Light Video Enhancement Using Synthetic Data Produced wi
Sarah Parisot,3349497,1,,Low Light Video Enhancement Using Synthetic Data Produced wi
G. Slabaugh,7622560,1,,Low Light Video Enhancement Using Synthetic Data Produced wi
Xin Ding,1720691712,1,,Learning To See Faces In The Dark
R. Hu,144328091,1,,Learning To See Faces In The Dark
Anqi Zhu,2054793691,1,,Zero-Shot Restoration of Underexposed Images via Robust Reti
Ying Shen,143822680,1,,Zero-Shot Restoration of Underexposed Images via Robust Reti
Shengjie Zhao,47601434,1,,Zero-Shot Restoration of Underexposed Images via Robust Reti
Yicong Zhou,3049217,1,,Zero-Shot Restoration of Underexposed Images via Robust Reti
Bo Liu,,1,,Fast Enhancement for Non-Uniform Illumination Images using L
L. Van Gool,134339866,1,,Map-Guided Curriculum Domain Adaptation and Uncertainty-Awar
Zairui Gao,2913158,1,,An Experiment-Based Review of Low-Light Image Enhancement Me
Sunita Sahu,25617146,1,,Enhancement and Tampering Detection for Surveillance System
Nirav Motwani,1753741419,1,,Enhancement and Tampering Detection for Surveillance System
Aakanksha Talreja,1753741417,1,,Enhancement and Tampering Detection for Surveillance System
Naman Varyomalani,1753739110,1,,Enhancement and Tampering Detection for Surveillance System
Kunal Kundnani,1753739100,1,,Enhancement and Tampering Detection for Surveillance System
M. Iqbal,1860890327,1,,Color and white balancing in low-light image enhancement
S. Ali,2197444,1,,Color and white balancing in low-light image enhancement
M. Riaz,33485006,1,,Color and white balancing in low-light image enhancement
A. Ghafoor,93065262,1,,Color and white balancing in low-light image enhancement
Attiq Ahmad,9438679,1,,Color and white balancing in low-light image enhancement
Yifeng Zhu,1390861158,1,,Low Light Image Enhancement Network With Attention Mechanism
Rui Huang,2140385915,1,,Low Light Image Enhancement Network With Attention Mechanism
Yicheng Li,2155180560,1,,An Integrated Enhancement Solution for 24-hour Colorful Imag
Minfeng Zhu,145314938,1,,EEMEFN: Low-Light Image Enhancement via Edge-Enhanced Multi-
Pingbo Pan,1991108,1,,EEMEFN: Low-Light Image Enhancement via Edge-Enhanced Multi-
Yi Yang,2143686040,1,,EEMEFN: Low-Light Image Enhancement via Edge-Enhanced Multi-
Wengang Cheng,3073008,1,,An Adaptive Dark Region Detail Enhancement Method for Low-li
Caiyun Guo,2109795159,1,,An Adaptive Dark Region Detail Enhancement Method for Low-li
Haitao Hu,47864619,1,,An Adaptive Dark Region Detail Enhancement Method for Low-li
Yousef Atoum,2447931,1,,Color-wise Attention Network for Low-light Image Enhancement
Liu Ren,145645852,1,,Color-wise Attention Network for Low-light Image Enhancement
Ying Tai,144970872,1,,Color-wise Attention Network for Low-light Image Enhancement
Yixin Xiang,2147246448,1,,An Effective Network with ConvLSTM for Low-Light Image Enhan
Zhengjun Zha,143962510,1,,Illumination-Invariant Person Re-Identification
Wei Zhang,,1,,Illumination-Invariant Person Re-Identification
M. Do,1834451,1,,Seeing Motion in the Dark
V. Koltun,145231047,1,,Seeing Motion in the Dark
Guangtao Fu,152329766,1,,Low-Light Image Enhancement with Attention and Multi-level F
Zhuqing Jiang,3334296,1,,Low-Light Image Enhancement with Attention and Multi-level F
L. Gool,1681236,1,,Guided Curriculum Model Adaptation and Uncertainty-Aware Eva
Rawan I. Zaghloul,39515587,1,,EnGMHE: Enhanced Geometric Mean Histogram Equalization for L
H. Hiary,2833822,1,,EnGMHE: Enhanced Geometric Mean Histogram Equalization for L
Zishu Yao,2279605523,1,,Spatio-temporal collaborative optimization for event-guided 
Xiang-Xiang Su,2217865111,1,,Spatio-temporal collaborative optimization for event-guided 
Shengning Zhou,2338975548,1,,Spatio-temporal collaborative optimization for event-guided 
Guangyu Zhu,2114036784,1,,Spatio-temporal collaborative optimization for event-guided 
Jing Chen,2266734868,1,,Spatio-temporal collaborative optimization for event-guided 
Taewon Park,2071934705,1,,HVR-SSLE: Hierarchical Visual Reasoning for Self-Supervised 
王蔓菁 Wang Manjing,2430904868,1,,基于Zero-GDCE的低照度图像增强算法
徐锋 Xu Feng,2128105503,1,,基于Zero-GDCE的低照度图像增强算法
刘满禄 Liu Manlu,2430906737,1,,基于Zero-GDCE的低照度图像增强算法
Peng Peng,2072676837,1,,RS-SLAM: A visual SLAM system suitable for low-light environ
Xiaohua Wang,2109072867,1,,RS-SLAM: A visual SLAM system suitable for low-light environ
Sukai Xiong,2437589381,1,,RS-SLAM: A visual SLAM system suitable for low-light environ
Yuanshuai Yao,2437919306,1,,RS-SLAM: A visual SLAM system suitable for low-light environ
Xiaoyu Fan,2117802276,1,,RS-SLAM: A visual SLAM system suitable for low-light environ
Jiacheng Qi,2381078975,1,,RS-SLAM: A visual SLAM system suitable for low-light environ
Dingnan Zhang,1628910029,1,,Robust Low-Light Pedestrian Detection via Optimized Zero-DCE
Enqi Yue,2429596107,1,,Robust Low-Light Pedestrian Detection via Optimized Zero-DCE
Dongsheng Wu,2398753821,1,,Robust Low-Light Pedestrian Detection via Optimized Zero-DCE
Xinzhe Wang,2324669721,1,,Unsupervised Low-Light Image Enhancement Based on Explicit D
Wenkai Zhang,2306076894,1,,Unsupervised Low-Light Image Enhancement Based on Explicit D
Xiaoyu Guo,2310332664,1,,Unsupervised Low-Light Image Enhancement Based on Explicit D
Shuiwang Li,2335423467,1,,Unsupervised Low-Light Image Enhancement Based on Explicit D
郭泰龙 Guo Tailong,2349035994,1,,眼科手术显微镜低照度图像实时增强算法
蔡怀宇 Cai Huaiyu,2127880050,1,,眼科手术显微镜低照度图像实时增强算法
汪. Wang Yi,2128264902,1,,眼科手术显微镜低照度图像实时增强算法
陈晓冬 Chen Xiaodong,2127906353,1,,眼科手术显微镜低照度图像实时增强算法
朱天鑫 Zhu Tianxin,2350701904,1,,层分解抑制彩色光晕的低光图像增强
陈春梅 Chen Chunmei,2269581630,1,,层分解抑制彩色光晕的低光图像增强
刘桂华 Liu Guihua,2133655828,1,,层分解抑制彩色光晕的低光图像增强
袁玲玲 Yuan Lingling,2341063811,1,,层分解抑制彩色光晕的低光图像增强
张宇寒 Zhang Yuhan,2261859258,1,,层分解抑制彩色光晕的低光图像增强
Jiahao Lin,2346892660,1,,RLNet: Reshaping Learning Network for Accurate Low-Light Lig
Yuanlong Deng,2302333100,1,,RLNet: Reshaping Learning Network for Accurate Low-Light Lig
Wenhao Cai,2317975996,1,,LLD-YOLO: A Low-Light Object Detection Algorithm Based on Dy
Yajun Chen,2206429769,1,,LLD-YOLO: A Low-Light Object Detection Algorithm Based on Dy
Xiaoyang Qiu,2303328405,1,,LLD-YOLO: A Low-Light Object Detection Algorithm Based on Dy
Meiqi Niu,2317234452,1,,LLD-YOLO: A Low-Light Object Detection Algorithm Based on Dy
Jianying Li,2317850232,1,,LLD-YOLO: A Low-Light Object Detection Algorithm Based on Dy
Yunyi Gao,2330756563,1,,Grayscale-Assisted RGB Image Conversion from Near-Infrared I
Qiankun Liu,2237954356,1,,Grayscale-Assisted RGB Image Conversion from Near-Infrared I
Bin Zhang,2294748546,1,,SRLFormer: Single Retinex-based and low-light image guidance
Jinfang Sheng,1710094,1,,SRLFormer: Single Retinex-based and low-light image guidance
Tirui Wu,2285003251,1,,An Efficient Illumination Estimation Algorithm for Low-Light
M. Glavin,145906580,1,,An Efficient Illumination Estimation Algorithm for Low-Light
Edward Jones,1406238784,1,,An Efficient Illumination Estimation Algorithm for Low-Light
Jianjun He,2153095348,1,,High-Definition Light and Shadow Reconstruction of Blast Fur
Xiao Ji,2371296151,1,,High-Definition Light and Shadow Reconstruction of Blast Fur
Zhipeng Chen,2111334817,1,,High-Definition Light and Shadow Reconstruction of Blast Fur
Ling Shen,2121271792,1,,High-Definition Light and Shadow Reconstruction of Blast Fur
Weihua Gui,2289227147,1,,High-Definition Light and Shadow Reconstruction of Blast Fur
Lin Gao,2296291358,1,,RTF-SAW-YOLOv11: A Bolt Defect Detection Model for Power Tra
Yuxiang Gong,2376102064,1,,RTF-SAW-YOLOv11: A Bolt Defect Detection Model for Power Tra
Huaguo Liu,2375446485,1,,RTF-SAW-YOLOv11: A Bolt Defect Detection Model for Power Tra
Yongdan Zhu,2345685040,1,,RTF-SAW-YOLOv11: A Bolt Defect Detection Model for Power Tra
Jingyu Ji,2310303430,1,,FCMA-Det: Low-Light Image Object Detection Based on Feature 
Yuefei Zhao,2335441251,1,,FCMA-Det: Low-Light Image Object Detection Based on Feature 
YuHua Zhang,2334661037,1,,FCMA-Det: Low-Light Image Object Detection Based on Feature 
Xiaotong Zuo,2346158854,1,,FCMA-Det: Low-Light Image Object Detection Based on Feature 
Changlong Wang,2361331404,1,,FCMA-Det: Low-Light Image Object Detection Based on Feature 
Fengming Shi,2312441953,1,,FCMA-Det: Low-Light Image Object Detection Based on Feature 
Ruoyu Guo,2262091394,1,,Exploring Multi-Feature Relationship in Retinex Decompositio
M. Pagnucco,1783801,1,,Exploring Multi-Feature Relationship in Retinex Decompositio
Yang Song,2328578455,1,,Exploring Multi-Feature Relationship in Retinex Decompositio
Tianqiang Li,2118911249,1,,LersGAN: A GAN-Based Model for Low-Light Remote Sensing Imag
Tian Guo,2313902604,1,,LersGAN: A GAN-Based Model for Low-Light Remote Sensing Imag
Deliang Xiang,2345016090,1,,LersGAN: A GAN-Based Model for Low-Light Remote Sensing Imag
Qiuyuan Ling,2345248129,1,,LLE for SfM: Learning to Enhance the UAV Images for Nighttim
Xiaoyi Zhang,2325705053,1,,LLE for SfM: Learning to Enhance the UAV Images for Nighttim
Zifeng Liang,2448675408,1,,LLE for SfM: Learning to Enhance the UAV Images for Nighttim
Guang-liang Xie,30949123,1,,LLE for SfM: Learning to Enhance the UAV Images for Nighttim
Zhou Liu,2375380658,1,,LLE for SfM: Learning to Enhance the UAV Images for Nighttim
Wenshuai Yu,2173520942,1,,LLE for SfM: Learning to Enhance the UAV Images for Nighttim
Xinqiang Chen,2396957101,1,,Hierarchical image enhancement based on intersectional corti
Yang Sun,2302741361,1,,Hierarchical image enhancement based on intersectional corti
Zichuang Wang,2159772398,1,,Hierarchical image enhancement based on intersectional corti
Han Zhang,2364724004,1,,Hierarchical image enhancement based on intersectional corti
O. Postolache,2396881452,1,,Hierarchical image enhancement based on intersectional corti
Zixin Zhang,2363532169,1,,Event-Guided Consistent Video Enhancement with Modality-Adap
Lutao Jiang,2373575157,1,,Event-Guided Consistent Video Enhancement with Modality-Adap
Zeyu Wang,2280954258,1,,Event-Guided Consistent Video Enhancement with Modality-Adap
Yingcong Chen,2296217926,1,,Event-Guided Consistent Video Enhancement with Modality-Adap
Yohan Park,2145069660,1,,DarkEQA: Benchmarking Vision-Language Models for Embodied Qu
Xuejin Wang,2108018987,1,,Benchmark Dataset and Pair-Wise Ranking Method for Quality E
Leilei Huang,2297995497,1,,Benchmark Dataset and Pair-Wise Ranking Method for Quality E
Shaowei Weng,2238663706,1,,Benchmark Dataset and Pair-Wise Ranking Method for Quality E
P. Shi,2055356924,1,,LL-UNet++:UNet++ Based Nested Skip Connections Network for L
Xiwang Xu,2292455147,1,,LL-UNet++:UNet++ Based Nested Skip Connections Network for L
Xinnan Fan,2260779834,1,,LL-UNet++:UNet++ Based Nested Skip Connections Network for L
Xudong Yang,2265828798,1,,LL-UNet++:UNet++ Based Nested Skip Connections Network for L
Yuanxue Xin,23145231,1,,LL-UNet++:UNet++ Based Nested Skip Connections Network for L
Chongzhen Tian,2149508465,1,,Progressive Bidirectional Feature Extraction and Enhancement
Long Xu,2164656999,1,,Progressive Bidirectional Feature Extraction and Enhancement
Yo-Sung Ho,143949085,1,,Progressive Bidirectional Feature Extraction and Enhancement
Hanli Wang,2774427,1,,Glow in the Dark: Low-Light Image Enhancement With External 
Rongfeng Zhou,2260619255,1,,A Low-Light Image Enhancement Algorithm Incorporating Cross-
Ping Li,2267107644,1,,A Low-Light Image Enhancement Algorithm Incorporating Cross-
Qing Lin,2168343890,1,,A Low-Light Image Enhancement Algorithm Incorporating Cross-
郭泓达 Guo Hongda,2301963474,1,,基于多尺度深度曲线估计的微光图像增强算法
董秀成 Dong Xiucheng,2133744109,1,,基于多尺度深度曲线估计的微光图像增强算法
郑永康 Zheng Yongkang,2301963644,1,,基于多尺度深度曲线估计的微光图像增强算法
雎雅玲 Ju Yaling,2301956088,1,,基于多尺度深度曲线估计的微光图像增强算法
张党成 Zhang Dangcheng,2301955966,1,,基于多尺度深度曲线估计的微光图像增强算法
Hujun Bao,2286797568,1,,Low-Light Video Enhancement via Spatial-Temporal Consistent 
Fengqi Zhang,2290062612,1,,Zero-Shot Parameter Learning Network for Low-Light Image Enh
Weifeng Hao,2257954158,1,,Zero-Shot Parameter Learning Network for Low-Light Image Enh
Yihao Chen,2271803346,1,,Zero-Shot Parameter Learning Network for Low-Light Image Enh
Fei Li,2262197600,1,,Zero-Shot Parameter Learning Network for Low-Light Image Enh
Jun Zhu,2314684639,1,,Cable Tunnel Waterlogging Detection for Low-Light and Interf
Fenglian Liu,2306428730,1,,Cable Tunnel Waterlogging Detection for Low-Light and Interf
Zhihang Xue,2314391945,1,,Cable Tunnel Waterlogging Detection for Low-Light and Interf
Wenwei Luo,2268650985,1,,Cable Tunnel Waterlogging Detection for Low-Light and Interf
Haoran Peng,2314564261,1,,Cable Tunnel Waterlogging Detection for Low-Light and Interf
Jun He,2118174970,1,,Cable Tunnel Waterlogging Detection for Low-Light and Interf
Zhengzheng Fu,2313574285,1,,Cable Tunnel Waterlogging Detection for Low-Light and Interf
Donghui Luo,2313522994,1,,Cable Tunnel Waterlogging Detection for Low-Light and Interf
Saigopal Vasudevan,2152393693,1,,Machine Vision and Robotics for Primary Food Manipulation an
Mohamed Lamine Mekhalfi,2327240591,1,,Machine Vision and Robotics for Primary Food Manipulation an
C. Blanes,3373930,1,,Machine Vision and Robotics for Primary Food Manipulation an
F. Poiesi,2247819406,1,,Machine Vision and Robotics for Primary Food Manipulation an
Paul Ian Chippendale,2327240632,1,,Machine Vision and Robotics for Primary Food Manipulation an
Pablo Malvido Fresnillo,2258131982,1,,Machine Vision and Robotics for Primary Food Manipulation an
W. Mohammed,2161838,1,,Machine Vision and Robotics for Primary Food Manipulation an
J. M. Martinez Lastra,2678886,1,,Machine Vision and Robotics for Primary Food Manipulation an
Rui Xu,2258303211,1,,Bilateral Interaction for Local-Global Collaborative Percept
Yuezhou Li,2049029951,1,,Bilateral Interaction for Local-Global Collaborative Percept
Yuzhen Niu,2056577475,1,,Bilateral Interaction for Local-Global Collaborative Percept
Huangbiao Xu,2306438622,1,,Bilateral Interaction for Local-Global Collaborative Percept
Yuzhong Chen,2297422420,1,,Bilateral Interaction for Local-Global Collaborative Percept
Li Ziwei,2319330034,1,,Review of low-illuminance image enhancement algorithm based 
Jinlong Liu,2395985209,1,,Review of low-illuminance image enhancement algorithm based 
Huizhen Yang,2268176945,1,,Review of low-illuminance image enhancement algorithm based 
Zhiguang Zhang,2268540237,1,,Review of low-illuminance image enhancement algorithm based 
Zhaorun Zhou,1720842659,1,,Linear Contrast Enhancement Network for Low-Illumination Ima
Xiaofeng Liu,2257345982,1,,NFI2: Learning Noise-Free Illuminance-Interpolator for Unsup
Ziyu Yue,2238954073,1,,NFI2: Learning Noise-Free Illuminance-Interpolator for Unsup
Te Li,2108970410,1,,Low-Illumination Image Enhancement for Foreign Object Detect
Zelin Pei,122304658,1,,Low-Illumination Image Enhancement for Foreign Object Detect
Xingjian Liu,1959234894,1,,Low-Illumination Image Enhancement for Foreign Object Detect
Ruhan Nie,2220461645,1,,Low-Illumination Image Enhancement for Foreign Object Detect
Xu Li,2116328427,1,,Low-Illumination Image Enhancement for Foreign Object Detect
Yongqing Wang,2143454216,1,,Low-Illumination Image Enhancement for Foreign Object Detect
Manyu Wang,2229740188,1,,LCA-Net: A Context-Aware Lightweight Network for Low-Illumin
Mingjie Xu,2153557696,1,,Joint Low-light Enhancement and Super Resolution with Image 
Xiang Wang,2308500953,1,,Multi-Stream Progressive Restoration for Low-Light Light Fie
Youfang Lin,2624174,1,,Multi-Stream Progressive Restoration for Low-Light Light Fie
Jinde Cao,2161849202,1,,LightingNet: An Integrated Learning Method for Low-Light Ima
Yanbu Guo,36447598,1,,LightingNet: An Integrated Learning Method for Low-Light Ima
Dongliang Yan,2163515397,1,,Signal Processing: Image Communication
Weikai He,1825761822,1,,Signal Processing: Image Communication
Zhenxue Chen,145833455,1,,Signal Processing: Image Communication
Lun Li,2177362541,1,,Signal Processing: Image Communication
Zeyu Xiao,1993383158,1,,Low-Light Stereo Image Enhancement
O. J. Santana,2754680,1,,Evaluating the Impact of Low-Light Image Enhancement Methods
J. Lorenzo-Navarro,1389895482,1,,Evaluating the Impact of Low-Light Image Enhancement Methods
David Freire-Obregón,1403815013,1,,Evaluating the Impact of Low-Light Image Enhancement Methods
D. Hernández-Sosa,1403176127,1,,Evaluating the Impact of Low-Light Image Enhancement Methods
Modesto Castrillón-Santana,1694554,1,,Evaluating the Impact of Low-Light Image Enhancement Methods
刘伟强 Liu Weiqiang,2134542484,1,,基于多尺度融合卷积神经网络的微光图像增强算法
赵鹏 Zhao Peng,2128096318,1,,基于多尺度融合卷积神经网络的微光图像增强算法
宋向迎 Song Xiangying,2236610591,1,,基于多尺度融合卷积神经网络的微光图像增强算法
Xiaohong Gu,2195789820,1,,Pattern segmentation method based on super-pixel multi-featu
Shuyuan Shang,2144742191,1,,Pattern segmentation method based on super-pixel multi-featu
Feng Wu,144864333,1,,Unsupervised Underexposed Image Enhancement via Self-Illumin
Kang Wu,2115598201,1,,Dual-Stream Adaptive Convergent Low-Light Image Enhancement 
Jixin Liu,49722633,1,,Dual-Stream Adaptive Convergent Low-Light Image Enhancement 
Zichun Wang,2117419117,1,,Low-Light Raw Video Denoising With a High-Quality Realistic 
T. Zhang,103245682,1,,Low-Light Raw Video Denoising With a High-Quality Realistic 
Atik Garg,2106682399,1,,LiCENt: Low-light image enhancement using the light channel 
X. Pan,2151989711,1,,LiCENt: Low-light image enhancement using the light channel 
Lan-Rong Dung,1761962,1,,LiCENt: Low-light image enhancement using the light channel 
Yongqi Guo,1409644701,1,,Low-Light Image Enhancement via Gradient Prior-Aided Network
Wenyu Xu,91552522,1,,Low-Light Image Enhancement via Gradient Prior-Aided Network
J. Bhattacharya,9155672,1,,D2BGAN: A Dark to Bright Image Conversion Model for Quality 
Shatrughan Modi,3078782,1,,D2BGAN: A Dark to Bright Image Conversion Model for Quality 
L. Gregorat,2167214651,1,,D2BGAN: A Dark to Bright Image Conversion Model for Quality 
G. Ramponi,144763839,1,,D2BGAN: A Dark to Bright Image Conversion Model for Quality 
Yajing Liu,2144470300,1,,Deep Fourier-Based Exposure Correction Network with Spatial-
Keyu Yan,,1,,Deep Fourier-Based Exposure Correction Network with Spatial-
Xuan Liu,2115530048,1,,Low Light Image Enhancement Based on Multi-Scale Network Fus
Chenfeng Zhang,2404502,1,,Low Light Image Enhancement Based on Multi-Scale Network Fus
Yingzhi Wang,2347579542,1,,Low Light Image Enhancement Based on Multi-Scale Network Fus
Kai Ding,2053138582,1,,Low Light Image Enhancement Based on Multi-Scale Network Fus
Tailin Han,36167972,1,,Low Light Image Enhancement Based on Multi-Scale Network Fus
Hong Liu,2118903529,1,,Low Light Image Enhancement Based on Multi-Scale Network Fus
Yu Tian,2152949673,1,,Low Light Image Enhancement Based on Multi-Scale Network Fus
Bo Xu,2109511967,1,,Low Light Image Enhancement Based on Multi-Scale Network Fus
Mingchi Ju,2051162325,1,,Low Light Image Enhancement Based on Multi-Scale Network Fus
Zhiying Li,2109823100,1,,PDE: A Real-Time Object Detection and Enhancing Model under 
Shuyuan Lin,2150593706,1,,PDE: A Real-Time Object Detection and Enhancing Model under 
Zhongmin Liang,2427085416,1,,PDE: A Real-Time Object Detection and Enhancing Model under 
Yongjia Lei,2181902672,1,,PDE: A Real-Time Object Detection and Enhancing Model under 
Zefan Wang,2108727191,1,,PDE: A Real-Time Object Detection and Enhancing Model under 
K. Chang,2107804555,1,,DENet: Detection-driven Enhancement Network for Object Detec
Praveen Ravirathinam,1685654342,1,,C-LIENet: A Multi-Context Low-Light Image Enhancement Networ
Divyam Goel,2075784310,1,,C-LIENet: A Multi-Context Low-Light Image Enhancement Networ
J. J. Ranjani,2898084,1,,C-LIENet: A Multi-Context Low-Light Image Enhancement Networ
Tian Ma,2087495103,1,,RetinexGAN:Unsupervised Low-Light Enhancement With Two-Layer
Ming Guo,2112542970,1,,RetinexGAN:Unsupervised Low-Light Enhancement With Two-Layer
Zhenhua Yu,145267477,1,,RetinexGAN:Unsupervised Low-Light Enhancement With Two-Layer
Yanping Chen,2145269534,1,,RetinexGAN:Unsupervised Low-Light Enhancement With Two-Layer
Xincheng Ren,2087287383,1,,RetinexGAN:Unsupervised Low-Light Enhancement With Two-Layer
Runtao Xi,2080056738,1,,RetinexGAN:Unsupervised Low-Light Enhancement With Two-Layer
Yuancheng Li,2142159895,1,,RetinexGAN:Unsupervised Low-Light Enhancement With Two-Layer
Xinlei Zhou,47154971,1,,RetinexGAN:Unsupervised Low-Light Enhancement With Two-Layer
Andreas Aakerberg,9751640,1,,RELLISUR: A Real Low-Light Image Super-Resolution Dataset
Kamal Nasrollahi,2143163793,1,,RELLISUR: A Real Low-Light Image Super-Resolution Dataset
T. Moeslund,1700569,1,,RELLISUR: A Real Low-Light Image Super-Resolution Dataset
Ziwen Li,2118275352,1,,From Under- to Overexposure: Single Image Contrast Enhanceme
Yan Liu,2157169403,1,,Single Low-Light Ghost-Free Image Enhancement via Deep Retin
Bingxue Lv,1623497111,1,,Single Low-Light Ghost-Free Image Enhancement via Deep Retin
Jingwen Wang,,1,,Single Low-Light Ghost-Free Image Enhancement via Deep Retin
Tiantian Qiu,48216378,1,,Single Low-Light Ghost-Free Image Enhancement via Deep Retin
Yunzhong Chen,49070089,1,,Single Low-Light Ghost-Free Image Enhancement via Deep Retin
Jizhao Liu,2108324267,1,,A pulse-number-adjustable MSPCNN and its image enhancement a
Huaikun Zhang,2143475266,1,,A pulse-number-adjustable MSPCNN and its image enhancement a
Mingxuan Zhang,2112122654,1,,A pulse-number-adjustable MSPCNN and its image enhancement a
Yanming Kang,2278790496,1,,Low-Light Video Enhancement Using Deep Learning
Utsav Dihingia,2142840209,1,,Animal Identification Using Deep Learning on Raspberry Pi
P. Amar,3225278,1,,Animal Identification Using Deep Learning on Raspberry Pi
M. Shyam,2226525483,1,,Animal Identification Using Deep Learning on Raspberry Pi
V. Thomas,2319095864,1,,Animal Identification Using Deep Learning on Raspberry Pi
S. Chidambaram,50217555,1,,Animal Identification Using Deep Learning on Raspberry Pi
R. ShortPaper,2260051680,1,,WaveNet: Wave-Aware Image Enhancement
Z. Chaine,2260060024,1,,WaveNet: Wave-Aware Image Enhancement
H. DengM.,2260055727,1,,WaveNet: Wave-Aware Image Enhancement
Kim,2260070995,1,,WaveNet: Wave-Aware Image Enhancement
†. JiachenDang,2291170249,1,,WaveNet: Wave-Aware Image Enhancement
Zehao Li,2307386990,1,,WaveNet: Wave-Aware Image Enhancement
Lishun Wang,2108552973,1,,WaveNet: Wave-Aware Image Enhancement
Jingjiao You,2350344084,1,,LO-Gaussian: Gaussian Splatting for Low-light and Overexposu
Yuanyang Zhang,2217169220,1,,LO-Gaussian: Gaussian Splatting for Low-light and Overexposu
Tianchen Zhou,2330536741,1,,LO-Gaussian: Gaussian Splatting for Low-light and Overexposu
Yecheng Zhao,2350254327,1,,LO-Gaussian: Gaussian Splatting for Low-light and Overexposu
Li Yao,2338680049,1,,LO-Gaussian: Gaussian Splatting for Low-light and Overexposu
L. Jiao,2072514062,1,,Low-Light Image Enhancement Based on Retinex Theory and Atte
Fang-Lue Zhang,2290264792,1,,Low-Light Image Enhancement Based on Retinex Theory and Atte
， 徐常余,2364356798,1,,FDLIE-YOLO: Frequency domain enhanced end-to-end low-light i
LOL-Real 和 ExDark,2364361118,1,,FDLIE-YOLO: Frequency domain enhanced end-to-end low-light i
