author_name,appears_in,affiliation,author_id
Sena Yagmur Sen,e0ec3e2eaf2c091fcc95f54749f2a1419c63263e;31e229005bfe8405349137eea3eccf658ff1bc30,,
Gazihan Alankus,e0ec3e2eaf2c091fcc95f54749f2a1419c63263e;31e229005bfe8405349137eea3eccf658ff1bc30,,
Mehmet Turkan,e0ec3e2eaf2c091fcc95f54749f2a1419c63263e;31e229005bfe8405349137eea3eccf658ff1bc30,,
Heng Zhang,ad8afccbec3dc798ec11eb2192307b3f77a47c8b;05ba639c0fa98f6b03e61942cae405c79897f9a3;06343cb261eb78849320f5b4f680555deed401e5;7043818c120a0a8313418fbd7eacf753f85efa90,,
Yijie Xue,ad8afccbec3dc798ec11eb2192307b3f77a47c8b,,
Yanli Liu,ad8afccbec3dc798ec11eb2192307b3f77a47c8b,,
Yiwen Ye,ad8afccbec3dc798ec11eb2192307b3f77a47c8b,,
Hao Jiang,ad8afccbec3dc798ec11eb2192307b3f77a47c8b,,
Feng Shu,ad8afccbec3dc798ec11eb2192307b3f77a47c8b,,
Zhimin Chen,ad8afccbec3dc798ec11eb2192307b3f77a47c8b,,
Jongpil Jeong,2558070b1c2e5b9cf3a867d3a9d70eaa7f814062,,
Yasmin Yasin,d7665fb470327d388cbebbbbfb4143908445c2cd,,
Muhammad Usman,d7665fb470327d388cbebbbbfb4143908445c2cd,,
Ibrahim Radwan,d7665fb470327d388cbebbbbfb4143908445c2cd,,
Saeed Anwar,d7665fb470327d388cbebbbbfb4143908445c2cd,,
Yueqing Kang,94b12640c1ef5a6f3586a4529d1bb99a729eac58,,
Ruitao Lu,94b12640c1ef5a6f3586a4529d1bb99a729eac58,,
Xiaogang Yang,94b12640c1ef5a6f3586a4529d1bb99a729eac58,,
Zhenhao Cheng,94b12640c1ef5a6f3586a4529d1bb99a729eac58,,
Zhanhong Zhuo,94b12640c1ef5a6f3586a4529d1bb99a729eac58,,
Jiwei Fan,94b12640c1ef5a6f3586a4529d1bb99a729eac58,,
U. S.,12f83d029aa039d41c997f3e0ab52618fe17298b,,
J. S.,12f83d029aa039d41c997f3e0ab52618fe17298b,,
Yanyi Wu,0024e561025f20a598f477407646ec2bda40bdab,,
Xu Zhang,0024e561025f20a598f477407646ec2bda40bdab,,
Junkai Chen,0024e561025f20a598f477407646ec2bda40bdab,,
Laibin Chang,0024e561025f20a598f477407646ec2bda40bdab,,
Jiaqi Ma,0024e561025f20a598f477407646ec2bda40bdab,,
Shi Chen,0024e561025f20a598f477407646ec2bda40bdab,,
Linwei Zhu,0024e561025f20a598f477407646ec2bda40bdab,,
Jianglei Di,0024e561025f20a598f477407646ec2bda40bdab,,
Huan Zhang,0024e561025f20a598f477407646ec2bda40bdab,,
Deyang Liu,2ac225ed6edb52c70ac924908af73695c47b7ef9;bea462be12e4ba675441d9e9dc09bc523e5239ac,,
Jimin Wang,2ac225ed6edb52c70ac924908af73695c47b7ef9;bea462be12e4ba675441d9e9dc09bc523e5239ac,,
Yifan Mao,2ac225ed6edb52c70ac924908af73695c47b7ef9,,
Mounir Kaaniche,2ac225ed6edb52c70ac924908af73695c47b7ef9,,
Xiaofei Zhou,2ac225ed6edb52c70ac924908af73695c47b7ef9,,
Gangyi Jiang,2ac225ed6edb52c70ac924908af73695c47b7ef9,,
Caifeng Shan,2ac225ed6edb52c70ac924908af73695c47b7ef9,,
Jin Chen,500ae7ee37662ef23a6ac4a9ba77340186a8b0cd;41e72810e7255f1df67db39bac39d3b4afb75aa9;38d72d1c03f81e0a78802bde3d675e7909f39132;ace1a6b59b6e7d0579b778757a56f95d9d0a34c6,,
Lei Wang,500ae7ee37662ef23a6ac4a9ba77340186a8b0cd;f71f45dd3ab3133495de23a06fdd58240694b227,,
Yimei Zhang,500ae7ee37662ef23a6ac4a9ba77340186a8b0cd,,
Jintao Yu,500ae7ee37662ef23a6ac4a9ba77340186a8b0cd,,
Ge Wang,fc0d6115c1d3e1806339eaef3b79cdac03d0e559;1c54cb7c86f42be16cc8f907ff0a82f5ed9d9860,,
Yong Ma,fc0d6115c1d3e1806339eaef3b79cdac03d0e559;1c54cb7c86f42be16cc8f907ff0a82f5ed9d9860;4233c268034f8b409cb5f77794b6ab2b3486a226,,
Jun Huang,fc0d6115c1d3e1806339eaef3b79cdac03d0e559;1c54cb7c86f42be16cc8f907ff0a82f5ed9d9860,,
You Du,fc0d6115c1d3e1806339eaef3b79cdac03d0e559,,
Fan Fan,fc0d6115c1d3e1806339eaef3b79cdac03d0e559;1c54cb7c86f42be16cc8f907ff0a82f5ed9d9860,,
Zhiqing Zhao,fc0d6115c1d3e1806339eaef3b79cdac03d0e559,,
Yi Lu,fc0d6115c1d3e1806339eaef3b79cdac03d0e559;1c54cb7c86f42be16cc8f907ff0a82f5ed9d9860,,
Q. Hoang,c3832c68ac3cceb4105af2e6cf4fdb5a11cd112a,,
Trung-Hieu Le,c3832c68ac3cceb4105af2e6cf4fdb5a11cd112a;45a1ca16efdfbcc43e8d409cf02e025f30586a01,,
Dong Guo,e44e202dc19c9c57e8050f0fe41806ec9a97f12c;47298d6f6faf953a41d57d7ab8bd7a5c08369946,,
Yi Han,e44e202dc19c9c57e8050f0fe41806ec9a97f12c;47298d6f6faf953a41d57d7ab8bd7a5c08369946;f28dfc49e79bb92e30caa380ad7af223e565eef8,,
Yifan Shuai,1ce0351f318bb42c3d217c10fa96dd4b75e3fa60;04ada684161f99e2a1c237887f68561dee92ac73,,
Ke Wang,1ce0351f318bb42c3d217c10fa96dd4b75e3fa60,,
Weiming Feng,1ce0351f318bb42c3d217c10fa96dd4b75e3fa60,,
Shuai Pang,1ce0351f318bb42c3d217c10fa96dd4b75e3fa60,,
Dehua Zhou,1ce0351f318bb42c3d217c10fa96dd4b75e3fa60,,
Yikui Zhai,1ce0351f318bb42c3d217c10fa96dd4b75e3fa60,,
Ning Ma,78fcd41d22e896dd08cfd9a574d801fc9ee6a8ed,,
Xiang Lu,78fcd41d22e896dd08cfd9a574d801fc9ee6a8ed,,
Fan Zhang,78fcd41d22e896dd08cfd9a574d801fc9ee6a8ed;01daa23b1cdce9b9043a9db9a943bb29b049efb7;7c0f1366b4cb803ef4ebad7ef665bfbee6e54ea2;71761f84fc683fbff8b0ab9c0496c67960c7b9d8,,
Haofeng Huang,95c2c99787c133a5c0156fef6fc64fe35481ccf9;3337cadc962fefd09344ed90a44cf30951841fa7;ef11f84c6cce12bbce40d7a49643f8cf4c0511f8,,
Wenhan Yang,95c2c99787c133a5c0156fef6fc64fe35481ccf9;bf7e12cad1af19cf9ff0b899b7857ac68e4346bd;3ced108a14812f54d17b2bd773e59fde6cb1bac5;3ac173213b682e01f554d0e48431608494acaf68;00aa073b0eec68863a81fbd114886c28efa42f1b;04630916d18775e6495fe9b4581008e4a18f6c07;3337cadc962fefd09344ed90a44cf30951841fa7;4abede791129ff4eb42b91c9b1091c27f432114d;078958642cc4e5fd915ca2dce3b9d5c14dd6df27;ef11f84c6cce12bbce40d7a49643f8cf4c0511f8;d86d02b7e1bfebfa0155d7960c81bce17953d2c5;3e2329282ea1ecc099c79480f125b569257a0906,,
Mengnan Wang,95c2c99787c133a5c0156fef6fc64fe35481ccf9,,
Lingyu Duan,95c2c99787c133a5c0156fef6fc64fe35481ccf9,,
Jiaying Liu,95c2c99787c133a5c0156fef6fc64fe35481ccf9;3337cadc962fefd09344ed90a44cf30951841fa7;078958642cc4e5fd915ca2dce3b9d5c14dd6df27;ef11f84c6cce12bbce40d7a49643f8cf4c0511f8;d86d02b7e1bfebfa0155d7960c81bce17953d2c5,,
Jiaqi Liu,47298d6f6faf953a41d57d7ab8bd7a5c08369946,,
Zhenghua Zhou,b9919071c867f25fbaf394c0b833c53c20a6e69f,,
Yuanyuan Zhang,b9919071c867f25fbaf394c0b833c53c20a6e69f,,
Chenyang Guo,b9919071c867f25fbaf394c0b833c53c20a6e69f,,
Jianwei Zhao,b9919071c867f25fbaf394c0b833c53c20a6e69f,,
Yafeng Zhao,a363d08af884fb0b425156099555cd27eca23741,,
Xiang Li,a363d08af884fb0b425156099555cd27eca23741,,
Shuaipeng Hao,a363d08af884fb0b425156099555cd27eca23741,,
Ming-Feng Yu,a363d08af884fb0b425156099555cd27eca23741,,
Yanli Gao,a363d08af884fb0b425156099555cd27eca23741,,
Shiwei Fan,a363d08af884fb0b425156099555cd27eca23741,,
Hao Li,6da9fa0fe9b3b41fe7ba627d47a784a32056a84d,,
Yanheng Wen,1b2711b84d6abaf3bbcf182a2c27a357a166b727,,
Yuehai Chen,1b2711b84d6abaf3bbcf182a2c27a357a166b727,,
Yi Shi,1b2711b84d6abaf3bbcf182a2c27a357a166b727,,
Jing Yang,1b2711b84d6abaf3bbcf182a2c27a357a166b727,,
Peiyuan He,f032ef0a283f237c57449bb2bb220ddfabaaee09,,
Hainuo Wang,f032ef0a283f237c57449bb2bb220ddfabaaee09,,
Hengxing Liu,f032ef0a283f237c57449bb2bb220ddfabaaee09,,
Mingjia Li,f032ef0a283f237c57449bb2bb220ddfabaaee09,,
Xiaojie Guo,f032ef0a283f237c57449bb2bb220ddfabaaee09;8bb4324c831a80f113b4316f3fa0b146c54c741c,,
Ruirui Lin,1a5f2a0dd475755922778d6c95dfba69d56bc785;98d189c98645fd5691f8d03aeab66786d84b71df;7c264b974532aff39709bcf468ef442b59bf8fd2,,
Guoxi Huang,1a5f2a0dd475755922778d6c95dfba69d56bc785;98d189c98645fd5691f8d03aeab66786d84b71df,,
D. Bull,1a5f2a0dd475755922778d6c95dfba69d56bc785,,
N. Anantrasirichai,1a5f2a0dd475755922778d6c95dfba69d56bc785;98d189c98645fd5691f8d03aeab66786d84b71df;7c264b974532aff39709bcf468ef442b59bf8fd2,,
Senyan Xu,3826c2988bb6f03b0ca2da518545134e2e24a1ed,,
Zhijing Sun,3826c2988bb6f03b0ca2da518545134e2e24a1ed,,
Kean Liu,3826c2988bb6f03b0ca2da518545134e2e24a1ed,,
Xin Lu,3826c2988bb6f03b0ca2da518545134e2e24a1ed,,
Ruixuan Jiang,3826c2988bb6f03b0ca2da518545134e2e24a1ed,,
Mingyang Huang,3826c2988bb6f03b0ca2da518545134e2e24a1ed,,
Xueyang Fu,3826c2988bb6f03b0ca2da518545134e2e24a1ed;3d402f1ef2185695a33ca0a6cc21985f4dea4b3e;db295b4bd1ef52f2664ea225d4eee4cf87542aad;dd6c5e1e8e1bbb47a8abc93813f5588ad3275400,,
Zheng-Jun Zha,3826c2988bb6f03b0ca2da518545134e2e24a1ed,,
V. Pais,19d2f3701c200928f52b6fc6f94d919f76f41a12,,
Malena Mendilaharzu,19d2f3701c200928f52b6fc6f94d919f76f41a12,,
Daniele Faccio,19d2f3701c200928f52b6fc6f94d919f76f41a12,,
Luis Oala,19d2f3701c200928f52b6fc6f94d919f76f41a12,,
Christoph Clausen,19d2f3701c200928f52b6fc6f94d919f76f41a12,,
Bruno Sanguinetti,19d2f3701c200928f52b6fc6f94d919f76f41a12,,
Xiang Ji,7838b9795e995310ef06a552e4f2215ba03eda5c;1d8d5b7c9b95d718d8d78e001273d9c798c2f2e1,,
Guixu Lin,7838b9795e995310ef06a552e4f2215ba03eda5c,,
Zhengwei Yin,7838b9795e995310ef06a552e4f2215ba03eda5c,,
Jiancheng Zhao,7838b9795e995310ef06a552e4f2215ba03eda5c,,
Yinqiang Zheng,7838b9795e995310ef06a552e4f2215ba03eda5c;1d8d5b7c9b95d718d8d78e001273d9c798c2f2e1;9734317bec70f0c887792ebf0d4651a6e9ac9065;1215a49a50fcb7ca2f2518b246e4b65dd93c5b7f;01a44aede8e6fba7f7d7a520b79b9fc6ec8d89c7;75ba306e914aad8f82b27b66ebaacec146e19518;a5d043c17ff9b9ae4bd11762bfef27790fada58d,,
Utkarsh,0a4601df6d5a9d39946c05aece1c70d1c107db08,,
Shashank Singh,0a4601df6d5a9d39946c05aece1c70d1c107db08,,
Vikash Kumar Gupta,0a4601df6d5a9d39946c05aece1c70d1c107db08,,
Himanshu Gautam,0a4601df6d5a9d39946c05aece1c70d1c107db08,,
Vivek Kumar Jaiswal,0a4601df6d5a9d39946c05aece1c70d1c107db08,,
Yifeng Lin,fb8e78777949e17a6492c5de6517240145fccff3,,
Yang-kwon Jeong,fb8e78777949e17a6492c5de6517240145fccff3,,
Chenglin Wen,fb8e78777949e17a6492c5de6517240145fccff3;ef189445cd5b1aa7b531f81a6366b854a8192d98;c3d9e9aeddfc887c01fcf504d70db15255b23a35,,
Xiaochen Huang,ea7f4fb3521989004186ddbc81c2bb68c2687cc0,,
Honggang Chen,ea7f4fb3521989004186ddbc81c2bb68c2687cc0,,
Weichen Zhang,ea7f4fb3521989004186ddbc81c2bb68c2687cc0,,
Xiao Dai,ea7f4fb3521989004186ddbc81c2bb68c2687cc0,,
Yongying Li,ea7f4fb3521989004186ddbc81c2bb68c2687cc0,,
Linbo Qing,ea7f4fb3521989004186ddbc81c2bb68c2687cc0,,
Xiaohai He,ea7f4fb3521989004186ddbc81c2bb68c2687cc0,,
Xuxu Yang,94b99de142cbeededc861f10bcd594da9de1f6ea;3d20723f19a406b3af9966e7467e1b3646ee0a0b,,
Yitao Liang,94b99de142cbeededc861f10bcd594da9de1f6ea;3d20723f19a406b3af9966e7467e1b3646ee0a0b,,
Degang Xu,94b99de142cbeededc861f10bcd594da9de1f6ea;3d20723f19a406b3af9966e7467e1b3646ee0a0b,,
Bin Li,94b99de142cbeededc861f10bcd594da9de1f6ea;0caf47b532b37f2683bd38f87d4fef4a5a756439;3d20723f19a406b3af9966e7467e1b3646ee0a0b;1e08bac0be006183efd104693af5011e080672da,,
Juan Xia,94b99de142cbeededc861f10bcd594da9de1f6ea;3d20723f19a406b3af9966e7467e1b3646ee0a0b,,
Lan Li,94b99de142cbeededc861f10bcd594da9de1f6ea;3d20723f19a406b3af9966e7467e1b3646ee0a0b,,
Minghai Jiao,05f3adfc38fca23385b27c210f37b03edd5a45cf,,
Haoyang He,05f3adfc38fca23385b27c210f37b03edd5a45cf,,
Yixian Liu,05f3adfc38fca23385b27c210f37b03edd5a45cf,,
Wenyan Jiang,05f3adfc38fca23385b27c210f37b03edd5a45cf,,
Jiangang Hu,05f3adfc38fca23385b27c210f37b03edd5a45cf,,
Yuhuai Peng,05f3adfc38fca23385b27c210f37b03edd5a45cf,,
Qingpeng Li,8872519c1eb863cc5bc67fa66e5ca4306910bc1e,,
Haonan Li,8872519c1eb863cc5bc67fa66e5ca4306910bc1e,,
Xinyu Ouyang,8872519c1eb863cc5bc67fa66e5ca4306910bc1e,,
Zijian Li,8872519c1eb863cc5bc67fa66e5ca4306910bc1e,,
Qiong Luo,277888ed55e84bdd7148d3cf99d4f92c5f478dce,,
Bin Pang,277888ed55e84bdd7148d3cf99d4f92c5f478dce,,
Yuhao Yin,919041dd9587343cb799833c2dc235f595ddba31;1f790b4cb07824dbba80fdf96e07de16c0688021,,
Zongji Wang,919041dd9587343cb799833c2dc235f595ddba31,,
Yuanben Zhang,919041dd9587343cb799833c2dc235f595ddba31,,
Biqing Li,919041dd9587343cb799833c2dc235f595ddba31,,
Jiesong Bai,919041dd9587343cb799833c2dc235f595ddba31;728afc9ebcd9a188eb7fe2e5d0fc72ce5e40b8a6;1f790b4cb07824dbba80fdf96e07de16c0688021,,
Junyi Liu,919041dd9587343cb799833c2dc235f595ddba31,,
G. Ciubotariu,a4619621fe01a821aa6cfecb4778c31683b660b0,,
A. SharifSM,a4619621fe01a821aa6cfecb4778c31683b660b0,,
Abdur Rehman,a4619621fe01a821aa6cfecb4778c31683b660b0,,
F. Dharejo,a4619621fe01a821aa6cfecb4778c31683b660b0,,
R. Naqvi,a4619621fe01a821aa6cfecb4778c31683b660b0,,
Marcos V. Conde,a4619621fe01a821aa6cfecb4778c31683b660b0,,
R. Timofte,a4619621fe01a821aa6cfecb4778c31683b660b0;4e1eec57223adef054e396bf6d91f1f1babd50d8;58fd1c049f6c0333f3448d45dd2f5302611e7710;963e564405b948ebb77a24e0f1e5e8bda10acfc8;42754ad2b7b2193b4d8e3d067808cea8913869c4,,
Zhi Jin,a4619621fe01a821aa6cfecb4778c31683b660b0;69314b7b8499cb269d040aa33915c1b1e0f9d36f;219fc61eacfd11aef565328ca40949a07fda25d1,,
Hongjun Wu,a4619621fe01a821aa6cfecb4778c31683b660b0,,
Wenjian Zhang,a4619621fe01a821aa6cfecb4778c31683b660b0,,
Changqing Ye,a4619621fe01a821aa6cfecb4778c31683b660b0,,
Xunpeng Yi,a4619621fe01a821aa6cfecb4778c31683b660b0,,
Qinglong Yan,a4619621fe01a821aa6cfecb4778c31683b660b0,,
Yibing Zhang,a4619621fe01a821aa6cfecb4778c31683b660b0,,
Nikhil Neelkanth Akalwadi,a4619621fe01a821aa6cfecb4778c31683b660b0;36694b981f73eb4c96b4a0166afb8fdcdbfd4c98,,
Varda I Pattanshetty,a4619621fe01a821aa6cfecb4778c31683b660b0,,
Varsha I Pattanshetty,a4619621fe01a821aa6cfecb4778c31683b660b0,,
Padmashree Desai,a4619621fe01a821aa6cfecb4778c31683b660b0,,
Uma Mudenagudi,a4619621fe01a821aa6cfecb4778c31683b660b0;36694b981f73eb4c96b4a0166afb8fdcdbfd4c98,,
R. Tabib,a4619621fe01a821aa6cfecb4778c31683b660b0;36694b981f73eb4c96b4a0166afb8fdcdbfd4c98,,
Hao Yang,a4619621fe01a821aa6cfecb4778c31683b660b0,,
Ruikun Zhang,a4619621fe01a821aa6cfecb4778c31683b660b0,,
Liyuan Pan,a4619621fe01a821aa6cfecb4778c31683b660b0,,
Furkan Kınlı,a4619621fe01a821aa6cfecb4778c31683b660b0,,
Donghun Ryou,a4619621fe01a821aa6cfecb4778c31683b660b0,,
Inju Ha,a4619621fe01a821aa6cfecb4778c31683b660b0,,
Junoh Kang,a4619621fe01a821aa6cfecb4778c31683b660b0,,
Bohyung Han,a4619621fe01a821aa6cfecb4778c31683b660b0,,
Wei Zhou,a4619621fe01a821aa6cfecb4778c31683b660b0;1e24ba86592a75b4f045b90171de2fad3b60487b,,
Yuval Haitman,a4619621fe01a821aa6cfecb4778c31683b660b0,,
Ariel Lapid,a4619621fe01a821aa6cfecb4778c31683b660b0,,
Reuven Peretz,a4619621fe01a821aa6cfecb4778c31683b660b0,,
I. Diamant,a4619621fe01a821aa6cfecb4778c31683b660b0,,
Lei Cao,a4619621fe01a821aa6cfecb4778c31683b660b0,,
Shuo Zhang,a4619621fe01a821aa6cfecb4778c31683b660b0;c269c28fe8dbf44c4784aff190a816ca1ba734dc;997afb3e71f0431c133270793a8a8e9cb93ab70e,,
Praful Hambarde,a4619621fe01a821aa6cfecb4778c31683b660b0,,
Prateek Shaily,a4619621fe01a821aa6cfecb4778c31683b660b0,,
J. Kumar,a4619621fe01a821aa6cfecb4778c31683b660b0,,
Hardik Sharma,a4619621fe01a821aa6cfecb4778c31683b660b0,,
Aashish Negi,a4619621fe01a821aa6cfecb4778c31683b660b0,,
Sachin Chaudhary,a4619621fe01a821aa6cfecb4778c31683b660b0,,
Akshay Dudhane,a4619621fe01a821aa6cfecb4778c31683b660b0,,
Amit Shukla,a4619621fe01a821aa6cfecb4778c31683b660b0,,
Mohao Wu,a4619621fe01a821aa6cfecb4778c31683b660b0,,
Lin Wang,a4619621fe01a821aa6cfecb4778c31683b660b0;17489be469deca5718217f25d9550aa1c9c56d7e,,
Jiachen Tu,a4619621fe01a821aa6cfecb4778c31683b660b0;4e1eec57223adef054e396bf6d91f1f1babd50d8,,
Guoyi Xu,a4619621fe01a821aa6cfecb4778c31683b660b0;4e1eec57223adef054e396bf6d91f1f1babd50d8,,
Yaoxin Jiang,a4619621fe01a821aa6cfecb4778c31683b660b0;4e1eec57223adef054e396bf6d91f1f1babd50d8,,
Jiajia Liu,a4619621fe01a821aa6cfecb4778c31683b660b0;4e1eec57223adef054e396bf6d91f1f1babd50d8,,
Yaokun Shi,a4619621fe01a821aa6cfecb4778c31683b660b0;4e1eec57223adef054e396bf6d91f1f1babd50d8,,
Raul Balmez,a4619621fe01a821aa6cfecb4778c31683b660b0,,
Alexandru Brateanu,a4619621fe01a821aa6cfecb4778c31683b660b0;afa86e42ae30272489debb9d4fdb388c8bcf30c2,,
Ciprian Orhei,a4619621fe01a821aa6cfecb4778c31683b660b0,,
Cosmin Ancuți,a4619621fe01a821aa6cfecb4778c31683b660b0;afa86e42ae30272489debb9d4fdb388c8bcf30c2,,
C. Ancuti,a4619621fe01a821aa6cfecb4778c31683b660b0;afa86e42ae30272489debb9d4fdb388c8bcf30c2,,
Bilel Benjdira,a4619621fe01a821aa6cfecb4778c31683b660b0,,
Anas M. Ali,a4619621fe01a821aa6cfecb4778c31683b660b0,,
Wadii Boulila,a4619621fe01a821aa6cfecb4778c31683b660b0,,
Kaifan Qiao,a4619621fe01a821aa6cfecb4778c31683b660b0,,
Bofei Chen,a4619621fe01a821aa6cfecb4778c31683b660b0,,
Jing Xu,a4619621fe01a821aa6cfecb4778c31683b660b0;4e1eec57223adef054e396bf6d91f1f1babd50d8,,
Duo-yang Zhang,a4619621fe01a821aa6cfecb4778c31683b660b0,,
Xin Deng,a4619621fe01a821aa6cfecb4778c31683b660b0;58fd1c049f6c0333f3448d45dd2f5302611e7710,,
Mai Xu,a4619621fe01a821aa6cfecb4778c31683b660b0;58fd1c049f6c0333f3448d45dd2f5302611e7710,,
Shengxi Li,a4619621fe01a821aa6cfecb4778c31683b660b0;0876840f8b2da1a08e89e343585c8f125959aa6d,,
Lai Jiang,a4619621fe01a821aa6cfecb4778c31683b660b0,,
A. Harini,a4619621fe01a821aa6cfecb4778c31683b660b0,,
N. Ananya,a4619621fe01a821aa6cfecb4778c31683b660b0,,
K. Lakshanya,a4619621fe01a821aa6cfecb4778c31683b660b0,,
Ying Xu,a4619621fe01a821aa6cfecb4778c31683b660b0,,
Xinyi Zhu,a4619621fe01a821aa6cfecb4778c31683b660b0,,
Shijun Shi,a4619621fe01a821aa6cfecb4778c31683b660b0;4e1eec57223adef054e396bf6d91f1f1babd50d8,,
Jiang-She Zhang,a4619621fe01a821aa6cfecb4778c31683b660b0,,
Yong Liu,a4619621fe01a821aa6cfecb4778c31683b660b0;4e1eec57223adef054e396bf6d91f1f1babd50d8,,
Kai Hu,a4619621fe01a821aa6cfecb4778c31683b660b0;4e1eec57223adef054e396bf6d91f1f1babd50d8,,
Xianfang Zeng,a4619621fe01a821aa6cfecb4778c31683b660b0;4e1eec57223adef054e396bf6d91f1f1babd50d8,,
Jinao Song,a4619621fe01a821aa6cfecb4778c31683b660b0,,
Guang Tang,a4619621fe01a821aa6cfecb4778c31683b660b0,,
Cheng Li,a4619621fe01a821aa6cfecb4778c31683b660b0,,
Yuqiang Yang,a4619621fe01a821aa6cfecb4778c31683b660b0,,
Ziyi Wang,a4619621fe01a821aa6cfecb4778c31683b660b0,,
Yan Chen,a4619621fe01a821aa6cfecb4778c31683b660b0,,
Long Bao,a4619621fe01a821aa6cfecb4778c31683b660b0,,
Heng Sun,a4619621fe01a821aa6cfecb4778c31683b660b0,,
Mohab Kishawy,a4619621fe01a821aa6cfecb4778c31683b660b0,,
Jun Chen,a4619621fe01a821aa6cfecb4778c31683b660b0;7534645cceb13394fe2298d573401e40c913b70d,,
Wan-Chi Siu,a4619621fe01a821aa6cfecb4778c31683b660b0,,
Yihao Cheng,a4619621fe01a821aa6cfecb4778c31683b660b0,,
H. Lee,a4619621fe01a821aa6cfecb4778c31683b660b0,,
C. Hui,a4619621fe01a821aa6cfecb4778c31683b660b0,,
Yikai Wu,440abefc2c0ddff7c7c0c5bea3bcc5b5162cee6c,,
Yonggui Liu,440abefc2c0ddff7c7c0c5bea3bcc5b5162cee6c,,
Fengqin Zhang,0f1f6925965405918e25d7ea84958837f84ebf13,,
Yanxin Guan,4e1eec57223adef054e396bf6d91f1f1babd50d8,,
Shao-Kui Zhang,4e1eec57223adef054e396bf6d91f1f1babd50d8,,
Hang Guo,4e1eec57223adef054e396bf6d91f1f1babd50d8,,
Yawen Wang,4e1eec57223adef054e396bf6d91f1f1babd50d8,,
Xinyi Fan,4e1eec57223adef054e396bf6d91f1f1babd50d8,,
Tianqu Zhuang,4e1eec57223adef054e396bf6d91f1f1babd50d8,,
Jie Liang,4e1eec57223adef054e396bf6d91f1f1babd50d8,,
Huimin Zeng,4e1eec57223adef054e396bf6d91f1f1babd50d8,,
Guanyi Qin,4e1eec57223adef054e396bf6d91f1f1babd50d8,,
Lishen Qu,4e1eec57223adef054e396bf6d91f1f1babd50d8,,
Tao Dai,4e1eec57223adef054e396bf6d91f1f1babd50d8,,
Shutao Xia,4e1eec57223adef054e396bf6d91f1f1babd50d8,,
Lei Zhang,4e1eec57223adef054e396bf6d91f1f1babd50d8;81f6bab29783adbac76162ce567e8e351a325705;343298a89b6938230e2dcfa958ce48293d5db45d;381c650d2c5cba76c28626e6e31cb2e55d4cf452,,
Bin Chen,4e1eec57223adef054e396bf6d91f1f1babd50d8,,
Yuanbo Zhou,4e1eec57223adef054e396bf6d91f1f1babd50d8,,
Hongwei Wang,4e1eec57223adef054e396bf6d91f1f1babd50d8;6667597ad1c3310fbbb0afd501fa94103b153e08,,
Qinquan Gao,4e1eec57223adef054e396bf6d91f1f1babd50d8,,
Tong Tong,4e1eec57223adef054e396bf6d91f1f1babd50d8,,
Yan Qian,4e1eec57223adef054e396bf6d91f1f1babd50d8,,
Li You,4e1eec57223adef054e396bf6d91f1f1babd50d8,,
Ji Cong,4e1eec57223adef054e396bf6d91f1f1babd50d8,,
Lei Xiong,4e1eec57223adef054e396bf6d91f1f1babd50d8,,
Shuyuan Zhu,4e1eec57223adef054e396bf6d91f1f1babd50d8;44c829585625d5105b949092218e889f4f7f18c0,,
Zhiyan Zhong,4e1eec57223adef054e396bf6d91f1f1babd50d8,,
Kan Lv,4e1eec57223adef054e396bf6d91f1f1babd50d8,,
Yang Yang,4e1eec57223adef054e396bf6d91f1f1babd50d8;39303b31c6786009a33cfca4032479d0122e2695;d07670a1374dc5e02ee2041686dda03e9f7a99f9;0f308833cd365c09d36e51f290bf3316c2d587df,,
Kailing Tang,4e1eec57223adef054e396bf6d91f1f1babd50d8,,
Minjian Zhang,4e1eec57223adef054e396bf6d91f1f1babd50d8,,
Zhipei Lei,4e1eec57223adef054e396bf6d91f1f1babd50d8,,
Zhe Xu,4e1eec57223adef054e396bf6d91f1f1babd50d8,,
Liwen Zhang,4e1eec57223adef054e396bf6d91f1f1babd50d8,,
Dingyong Gou,4e1eec57223adef054e396bf6d91f1f1babd50d8,,
Yanlin Wu,4e1eec57223adef054e396bf6d91f1f1babd50d8,,
Cong Li,4e1eec57223adef054e396bf6d91f1f1babd50d8,,
Xiao Cui,4e1eec57223adef054e396bf6d91f1f1babd50d8,,
Liqing Wang,4e1eec57223adef054e396bf6d91f1f1babd50d8,,
Shihang Li,4e1eec57223adef054e396bf6d91f1f1babd50d8,,
Bo Zhang,4e1eec57223adef054e396bf6d91f1f1babd50d8;ed44fc476f5bed5b6c7e5b95ce8711283a47f1cb;5549dc3ceff07561d9fb59610c0f78c71617901a;f766ecfe23a0a515d721a3e464be08af9a0bc2d2;ecd2356afe95d60324861dd4eb7b09f71587e031;1f3ec24de0dc32db3e3d9ef67c75c3dc8b5ca7a2;c1015c63444d6c3c897eed3fa4ea6e14e80e063b,,
Biao Wang,4e1eec57223adef054e396bf6d91f1f1babd50d8,,
Hai Xu,4e1eec57223adef054e396bf6d91f1f1babd50d8,,
Xiang Long,4e1eec57223adef054e396bf6d91f1f1babd50d8,,
Xu Liao,4e1eec57223adef054e396bf6d91f1f1babd50d8,,
Yan Zhai,4e1eec57223adef054e396bf6d91f1f1babd50d8,,
Haozhe Li,4e1eec57223adef054e396bf6d91f1f1babd50d8,,
Jiangning Zhang,4e1eec57223adef054e396bf6d91f1f1babd50d8,,
Yuyang Liu,4e1eec57223adef054e396bf6d91f1f1babd50d8,,
Min Wei,4e1eec57223adef054e396bf6d91f1f1babd50d8,,
Tingting Mu,afa86e42ae30272489debb9d4fdb388c8bcf30c2,,
Riyadi Jimmy Iskandar,99a42d8dfdea47593b1ac3d955abe1626fbb95ab,,
Chastine Fatichah,99a42d8dfdea47593b1ac3d955abe1626fbb95ab,,
Anny Yuniarti,99a42d8dfdea47593b1ac3d955abe1626fbb95ab,,
Ying Liu,7b508ff2499b13014e593d8e1efdc0c488e4acc4,,
Junchao Zhang,7b508ff2499b13014e593d8e1efdc0c488e4acc4,,
Caiyun Wu,7b508ff2499b13014e593d8e1efdc0c488e4acc4,,
Chenyan Zhou,7711a6b179eb36f66aaf4cdf338fd5454019277e,,
Zhongxiang Liu,7711a6b179eb36f66aaf4cdf338fd5454019277e,,
Shi-Chu Zhang,7711a6b179eb36f66aaf4cdf338fd5454019277e,,
O. Eker,67f6aa723071b1eb68692ceb6a74b08d5dd76145;62d8dd07ca185034107388c60e3d17b1c9b1334e,,
Erkut Erdem,67f6aa723071b1eb68692ceb6a74b08d5dd76145;a34645ce8ecf56e3279fc17c7bd8cea44ad222c6;62d8dd07ca185034107388c60e3d17b1c9b1334e;43c09a9d8a631942371c998eaf606294275bccc8;32d8dd63e74c1f6740a5a6bd37ba8b994e635ea1,,
Aykut Erdem,67f6aa723071b1eb68692ceb6a74b08d5dd76145;a34645ce8ecf56e3279fc17c7bd8cea44ad222c6;62d8dd07ca185034107388c60e3d17b1c9b1334e;43c09a9d8a631942371c998eaf606294275bccc8;32d8dd63e74c1f6740a5a6bd37ba8b994e635ea1,,
Xin Feng,3dd0297a4e9133a38231a7744d56612b8cd8dfc3,,
Jie Wang,3dd0297a4e9133a38231a7744d56612b8cd8dfc3,,
Yunlong Wang,3dd0297a4e9133a38231a7744d56612b8cd8dfc3,,
Junxiang Zeng,3dd0297a4e9133a38231a7744d56612b8cd8dfc3,,
Di Ming,3dd0297a4e9133a38231a7744d56612b8cd8dfc3,,
Muhammad Zain ul Abideen,9d7332dcc5222a31cfa001fc442082ac0abed1d7,,
Nan An,9d7332dcc5222a31cfa001fc442082ac0abed1d7,,
Long Ma,9d7332dcc5222a31cfa001fc442082ac0abed1d7;9653ce2bdb8d6aa8b08e9ad703a4447286fad203;7b736bc630abcb497d347b77e190c6849f034dfb;ea2aba7ac6a556cb541564af11ae794e5301e518;96e1e100cd3967124d435f84a59f56bee087d992;37b108653979f570ce2cf148776d99624f8e7277;c1890fda11e05f3eaea539e069b3c6cf678e5004;cfb4160bab74b7d17d9cf5ae79387f00917dc8e4,,
Risheng Liu,9d7332dcc5222a31cfa001fc442082ac0abed1d7;9653ce2bdb8d6aa8b08e9ad703a4447286fad203;ea2aba7ac6a556cb541564af11ae794e5301e518;96e1e100cd3967124d435f84a59f56bee087d992;9f184d5bc2ebe2df0483c1cd3d55f88577f7b5f8;37b108653979f570ce2cf148776d99624f8e7277;c1890fda11e05f3eaea539e069b3c6cf678e5004;cfb4160bab74b7d17d9cf5ae79387f00917dc8e4;e810e493b96bc9c2fb4f40bba568ac2e5235197e,,
Lingyu Wang,1a7ad1717df80cb8bf1b5e072aedc748f3e79f6d,,
Minli Tang,1a7ad1717df80cb8bf1b5e072aedc748f3e79f6d,,
Hua Li,1a7ad1717df80cb8bf1b5e072aedc748f3e79f6d,,
Feiyan Yang,1a7ad1717df80cb8bf1b5e072aedc748f3e79f6d,,
Ming Yuan,1a7ad1717df80cb8bf1b5e072aedc748f3e79f6d,,
Yimei Li,de2cf5d002f911b1ef96e220dabea1c958f0d76e,,
Liuhong Luo,de2cf5d002f911b1ef96e220dabea1c958f0d76e,,
Hongjun Li,de2cf5d002f911b1ef96e220dabea1c958f0d76e,,
V. K. Singh,cd05df06b7616e4c07415155af1a186d611dd2a6,,
Niharika Anand,cd05df06b7616e4c07415155af1a186d611dd2a6,,
Krishna Sharma S,cd05df06b7616e4c07415155af1a186d611dd2a6,,
.. A. Anjali,cd05df06b7616e4c07415155af1a186d611dd2a6,,
Mahendra K. Shukla,cd05df06b7616e4c07415155af1a186d611dd2a6,,
Rajkumar Singh Rathore,cd05df06b7616e4c07415155af1a186d611dd2a6,,
Weiwei Jiang,cd05df06b7616e4c07415155af1a186d611dd2a6,,
Tan You,7ac171d1c4d141c740c1a084b8fbfc58030026ef,,
Tan Jian Ding,7ac171d1c4d141c740c1a084b8fbfc58030026ef,,
Lee Yan Kang,7ac171d1c4d141c740c1a084b8fbfc58030026ef,,
Kang Chao,7ac171d1c4d141c740c1a084b8fbfc58030026ef,,
Mohammad Arif Sobhan Bhuiyan,7ac171d1c4d141c740c1a084b8fbfc58030026ef,,
Haodong Guo,5786b87bf2492a759f3b130c5dd3d53a73a8eb05,,
Kaibo Lu,5786b87bf2492a759f3b130c5dd3d53a73a8eb05,,
Shanning Zhan,5786b87bf2492a759f3b130c5dd3d53a73a8eb05,,
Jiangtao Li,5786b87bf2492a759f3b130c5dd3d53a73a8eb05,,
Zhifei Wu,5786b87bf2492a759f3b130c5dd3d53a73a8eb05,,
Yunuo Xie,207be8dcde32a570c3453510d7caa5c6cf324a20,,
Zhijia Zhang,207be8dcde32a570c3453510d7caa5c6cf324a20,,
Xin Huang,207be8dcde32a570c3453510d7caa5c6cf324a20,,
Xingqi Na,207be8dcde32a570c3453510d7caa5c6cf324a20,,
Wonjun Jo,4ff78b9e7112b9e40e53976bbda1cea6ffdc5e15;59a4c7b1ebad7749018ff6a4b685e5fac161d3f2,,
Hyunwoo Ha,4ff78b9e7112b9e40e53976bbda1cea6ffdc5e15;59a4c7b1ebad7749018ff6a4b685e5fac161d3f2,,
Kim Ji-Yeon,4ff78b9e7112b9e40e53976bbda1cea6ffdc5e15,,
Hawook Jeong,4ff78b9e7112b9e40e53976bbda1cea6ffdc5e15,,
Tae-Hyun Oh,4ff78b9e7112b9e40e53976bbda1cea6ffdc5e15;59a4c7b1ebad7749018ff6a4b685e5fac161d3f2,,
S.Pradeesh Kumar,4e0052c30b90e8188ed06e312a33d5e13bb42504,,
Mithilesh Kumar Singh Yadav,4e0052c30b90e8188ed06e312a33d5e13bb42504,,
Nagendra Pratap Singh,4e0052c30b90e8188ed06e312a33d5e13bb42504,,
Xiaogang Xu,5e30f5894843447fa762a695a361c36160aa1ecd;4540ff851c63492210d96944f1c2750f064fcc0c;e64440b53317fa8b5b800f238d500d586ae5e17f;914e29068503742eb2407ec9fd651371dbe72dc0;f6107ba59dba91db16237465bf23a261c7889392,,
Kun Zhou,5e30f5894843447fa762a695a361c36160aa1ecd;4540ff851c63492210d96944f1c2750f064fcc0c;f6107ba59dba91db16237465bf23a261c7889392,,
Tao Hu,5e30f5894843447fa762a695a361c36160aa1ecd;4540ff851c63492210d96944f1c2750f064fcc0c;f6107ba59dba91db16237465bf23a261c7889392,,
Jiafei Wu,5e30f5894843447fa762a695a361c36160aa1ecd;4540ff851c63492210d96944f1c2750f064fcc0c,,
Ruixing Wang,5e30f5894843447fa762a695a361c36160aa1ecd;4540ff851c63492210d96944f1c2750f064fcc0c;e64440b53317fa8b5b800f238d500d586ae5e17f;914e29068503742eb2407ec9fd651371dbe72dc0;f6107ba59dba91db16237465bf23a261c7889392,,
Hao Peng,5e30f5894843447fa762a695a361c36160aa1ecd;4540ff851c63492210d96944f1c2750f064fcc0c,,
Bei Yu,5e30f5894843447fa762a695a361c36160aa1ecd;4540ff851c63492210d96944f1c2750f064fcc0c;914e29068503742eb2407ec9fd651371dbe72dc0,,
Divya Prasad K. H,5c41c6c7890e59698249cc71ee596e5b1a1d80b8,,
A. S. Nair,5c41c6c7890e59698249cc71ee596e5b1a1d80b8,,
S. G.,5c41c6c7890e59698249cc71ee596e5b1a1d80b8,,
Kangle Wu,1c54cb7c86f42be16cc8f907ff0a82f5ed9d9860,,
Xinyang Zhang,81f6bab29783adbac76162ce567e8e351a325705,,
Xiaoyu Wu,ce7d5ff349dfa2c029fde95913eb989a95c6f25c;e03a0ca129332cb4d36139b30706e8432f0ea008,,
Yuxiang Shao,ce7d5ff349dfa2c029fde95913eb989a95c6f25c;e03a0ca129332cb4d36139b30706e8432f0ea008,,
Xinyu Jin,ce7d5ff349dfa2c029fde95913eb989a95c6f25c;e03a0ca129332cb4d36139b30706e8432f0ea008,,
Hai Nan,8f02484061efad6d886a593246b4de4378d7f494,,
Wan Chen,8f02484061efad6d886a593246b4de4378d7f494,,
Hongji Chen,8f02484061efad6d886a593246b4de4378d7f494;d7471003063f7dbd8478241f5dc5ece9f567ccfe,,
Junfang Tu,0cafd88165887a449bb48b54d61368e92ac1e740,,
Wei Li,0cafd88165887a449bb48b54d61368e92ac1e740;61501862e1b8251c92900767992394fdfecdb1ed,,
Yongcan Zhao,0cafd88165887a449bb48b54d61368e92ac1e740;61501862e1b8251c92900767992394fdfecdb1ed,,
Kunyan Zhang,0cafd88165887a449bb48b54d61368e92ac1e740,,
Kaige Cui,38ad51f86512cb240b1b54e1708a46911ec5f42b,,
Weiwei Wang,38ad51f86512cb240b1b54e1708a46911ec5f42b,,
Yujie Wang,38ad51f86512cb240b1b54e1708a46911ec5f42b,,
Yi Wu,38ad51f86512cb240b1b54e1708a46911ec5f42b,,
Simeng Tu,bee75a66e333f7f890d448e2a1266f6f97389558,,
Qishen Li,bee75a66e333f7f890d448e2a1266f6f97389558;24219205e77818547b2525f4efd7f0e80163164c;8cefa2f0a23501345134aafd9c75e16a523f9e04,,
Xiong Ying,bee75a66e333f7f890d448e2a1266f6f97389558,,
Qiufeng Li,bee75a66e333f7f890d448e2a1266f6f97389558;24219205e77818547b2525f4efd7f0e80163164c;8cefa2f0a23501345134aafd9c75e16a523f9e04,,
Hua Huang,bee75a66e333f7f890d448e2a1266f6f97389558;24219205e77818547b2525f4efd7f0e80163164c;381c650d2c5cba76c28626e6e31cb2e55d4cf452,,
Xi Zhang,39303b31c6786009a33cfca4032479d0122e2695,,
Yiwen Xiong,39303b31c6786009a33cfca4032479d0122e2695,,
Xinsheng Wang,39303b31c6786009a33cfca4032479d0122e2695,,
Xi Leng,39303b31c6786009a33cfca4032479d0122e2695,,
Haiyang Yu,0caf47b532b37f2683bd38f87d4fef4a5a756439,,
Wei Lu,0caf47b532b37f2683bd38f87d4fef4a5a756439;0c06aea02a15be8a5d7b24de74a5f322141b0b4a,,
Yinglian Zhu,0caf47b532b37f2683bd38f87d4fef4a5a756439,,
Ke Niu,0caf47b532b37f2683bd38f87d4fef4a5a756439,,
Xiangyang Xue,0caf47b532b37f2683bd38f87d4fef4a5a756439,,
Nuthi Raju,f2d383a7868f5ec1f51a32510c8819763cd0c6c6,,
Sathish Mothe,f2d383a7868f5ec1f51a32510c8819763cd0c6c6;0ddeaf3de20334bb5b5442df1b4bedb31b3ee4e0;858c7d5174059ed0e6bab0fe04b851ecc9bd6698,,
Kankanala Srinivas,f2d383a7868f5ec1f51a32510c8819763cd0c6c6,,
Balaram Murthy Chintakindi,f2d383a7868f5ec1f51a32510c8819763cd0c6c6,,
Xuan Li,ba8122d67ac7f2433359c8cbf7ac761641305238;396c1d24292d750c1c7b8a9267c70be1d2006853,,
Zhaoming Feng,ba8122d67ac7f2433359c8cbf7ac761641305238,,
Weiwei Chen,ba8122d67ac7f2433359c8cbf7ac761641305238,,
Guomin Zhang,ba8122d67ac7f2433359c8cbf7ac761641305238,,
Yifan Ding,ba8122d67ac7f2433359c8cbf7ac761641305238,,
Li Cheng,ba8122d67ac7f2433359c8cbf7ac761641305238,,
Xiaohui Wang,486dce624caa2b299a9c959219fa93fc71ea0345,,
Zhenyu Yin,486dce624caa2b299a9c959219fa93fc71ea0345,,
Feiqing Zhang,486dce624caa2b299a9c959219fa93fc71ea0345,,
Wenxia Bao,9ce5584b20ae0f420d627f03ac4a4acc7535e092,,
Wentao Guo,9ce5584b20ae0f420d627f03ac4a4acc7535e092,,
Zonghao Tian,9ce5584b20ae0f420d627f03ac4a4acc7535e092,,
Nian Wang,9ce5584b20ae0f420d627f03ac4a4acc7535e092,,
Jiajia Lu,022d5c3ac5a090a31a7927b542ee004ed5fa5941,,
Wenping Zheng,022d5c3ac5a090a31a7927b542ee004ed5fa5941,,
Yuhua Qian,022d5c3ac5a090a31a7927b542ee004ed5fa5941;ac394ec14017a81e3ddfcfbd518d9bcf7d376f45,,
Xinyan Liang,022d5c3ac5a090a31a7927b542ee004ed5fa5941,,
Keqi Wang,022d5c3ac5a090a31a7927b542ee004ed5fa5941;ac394ec14017a81e3ddfcfbd518d9bcf7d376f45,,
Zhian Yuan,022d5c3ac5a090a31a7927b542ee004ed5fa5941,,
Jianxun Zhang,d7471003063f7dbd8478241f5dc5ece9f567ccfe,,
Tianze Yu,d7471003063f7dbd8478241f5dc5ece9f567ccfe,,
Yingzhu Zeng,d7471003063f7dbd8478241f5dc5ece9f567ccfe,,
Huan Zeng,d7471003063f7dbd8478241f5dc5ece9f567ccfe,,
Binxin Tang,b3b59bc2ab0bf5f92e14dbbbb4d71f2deefbe30e,,
Xianchun Zhou,b3b59bc2ab0bf5f92e14dbbbb4d71f2deefbe30e,,
Jiewen Tian,b3b59bc2ab0bf5f92e14dbbbb4d71f2deefbe30e,,
Mengnan Lv,b3b59bc2ab0bf5f92e14dbbbb4d71f2deefbe30e,,
Ying Zhang,b3b59bc2ab0bf5f92e14dbbbb4d71f2deefbe30e,,
Zheyu Shi,c62ffca0be9eda6b3e3726553615c4d4efbab3ec,,
Yong Peng,c62ffca0be9eda6b3e3726553615c4d4efbab3ec,,
Yong Zhong,c62ffca0be9eda6b3e3726553615c4d4efbab3ec;d33b99720363883e745adeba9b078d4d630c9514;bd581f1a470f0536221adf3d2fa5ea3bcdaf4440,,
Xiaolin Qin,c62ffca0be9eda6b3e3726553615c4d4efbab3ec;d33b99720363883e745adeba9b078d4d630c9514,,
Zhao An,f5aa3dc69722c409ad3c3f0e3048d9215e2d475e,,
Jingwen Xie,24219205e77818547b2525f4efd7f0e80163164c,,
Ying Xiong,24219205e77818547b2525f4efd7f0e80163164c,,
Fangzhou He,29e7075854ea354a1f345402342d906a1961d16b,,
Jie Li,29e7075854ea354a1f345402342d906a1961d16b;83761e5a30c114046c0fa09fc63d98aed7ae4119,,
Xiaohui Li,29e7075854ea354a1f345402342d906a1961d16b,,
Peixian Zhang,29e7075854ea354a1f345402342d906a1961d16b,,
Yi Xiang,29e7075854ea354a1f345402342d906a1961d16b,,
Zhihua Qu,29e7075854ea354a1f345402342d906a1961d16b,,
Guanghui Yue,03700ff0f8278b2b1d442ddf1a009dc7bc757eed,,
Lixin Zhang,03700ff0f8278b2b1d442ddf1a009dc7bc757eed,,
Wanqing Liu,03700ff0f8278b2b1d442ddf1a009dc7bc757eed,,
Jingfeng Du,03700ff0f8278b2b1d442ddf1a009dc7bc757eed,,
Tianwei Zhou,03700ff0f8278b2b1d442ddf1a009dc7bc757eed,,
Hanhe Lin,03700ff0f8278b2b1d442ddf1a009dc7bc757eed,,
Qiuping Jiang,03700ff0f8278b2b1d442ddf1a009dc7bc757eed;22d65d9f9a43c9ef709bd800c6039e28ab45b1a5,,
Wenqi Ren,03700ff0f8278b2b1d442ddf1a009dc7bc757eed;9b5f149b92be81504734d01d833d2a5e1c15543e;934775a29e913a0a0a455d110142120871625039;11c52757c7dd3d50fc62fccc7971c6d3894e28d0;6507196db1bf5c947c2971c7d55d6130839e45e8;cc3b299ea3cca09f0dc20f8157a1bcecc18e464a;64741709b904bcf90da8c9676b94820edb6bbd3b,,
Jiachang Li,7de2fbb68fb7c22a180c43e6d9052184019fe313,,
Yixuan Xing,7de2fbb68fb7c22a180c43e6d9052184019fe313,,
Zhichao Xin,7de2fbb68fb7c22a180c43e6d9052184019fe313;0c7f9187fa2ede5c9111262a0b30e5da608f2cc9,,
Yong Wu,7de2fbb68fb7c22a180c43e6d9052184019fe313,,
Jianping Xing,7de2fbb68fb7c22a180c43e6d9052184019fe313,,
Ke Liu,fefcd069fced019d94688886f7bd77a266bd194f,,
Xiao-Hui Wang,fefcd069fced019d94688886f7bd77a266bd194f,,
De Li,fefcd069fced019d94688886f7bd77a266bd194f,,
Jin-Chun Piao,fefcd069fced019d94688886f7bd77a266bd194f,,
Xiaojuan Wu,6eadcc88c21fc5141eb63f014e162ca938c09987,,
Jiwu Zhang,6eadcc88c21fc5141eb63f014e162ca938c09987,,
Fujian Guo,6eadcc88c21fc5141eb63f014e162ca938c09987,,
R. Devesh,6eadcc88c21fc5141eb63f014e162ca938c09987,,
Kumar Misra,6eadcc88c21fc5141eb63f014e162ca938c09987,,
Xuemin Wang,6eadcc88c21fc5141eb63f014e162ca938c09987,,
Xiucheng Li,6eadcc88c21fc5141eb63f014e162ca938c09987,,
Miaomiao Tian,994329253cc932f05882fdc360bf200830400430,,
Shenshen Luan,994329253cc932f05882fdc360bf200830400430,,
Wei Hu,ec571e94c2a8df622d55435c7cb1d0d0389bad0c,,
Manli Wang,ec571e94c2a8df622d55435c7cb1d0d0389bad0c,,
Changsen Zhang,ec571e94c2a8df622d55435c7cb1d0d0389bad0c,,
Yiwen Dou,1d66c63a9ae87a6c95b3a053fe1be692fe445e58,,
Yiting Gao,1d66c63a9ae87a6c95b3a053fe1be692fe445e58,,
Mei Gao,1d66c63a9ae87a6c95b3a053fe1be692fe445e58,,
Senyan Zhao,1d66c63a9ae87a6c95b3a053fe1be692fe445e58,,
Chenhao Zeng,1d66c63a9ae87a6c95b3a053fe1be692fe445e58,,
Feng Huang,4e55ace2eddd2fa8b3b59ba7031f8f9ee466d358,,
Jiong Huang,4e55ace2eddd2fa8b3b59ba7031f8f9ee466d358,,
Jing Wu,4e55ace2eddd2fa8b3b59ba7031f8f9ee466d358,,
Jianhua Lin,4e55ace2eddd2fa8b3b59ba7031f8f9ee466d358,,
Jing Guo,4e55ace2eddd2fa8b3b59ba7031f8f9ee466d358,,
Yunxiang Li,4e55ace2eddd2fa8b3b59ba7031f8f9ee466d358,,
Zhewei Liu,4e55ace2eddd2fa8b3b59ba7031f8f9ee466d358,,
Ruoyu Yang,bd5fa1f313109383b484b710383bb19c223ac7b3,,
Huaixin Chen,bd5fa1f313109383b484b710383bb19c223ac7b3,,
Sijie Luo,bd5fa1f313109383b484b710383bb19c223ac7b3,,
Zhixi Wang,bd5fa1f313109383b484b710383bb19c223ac7b3,,
Quoc-Viet Hoang,45a1ca16efdfbcc43e8d409cf02e025f30586a01,,
M. Demirhan,a34645ce8ecf56e3279fc17c7bd8cea44ad222c6,,
S. E. Yuksel,a34645ce8ecf56e3279fc17c7bd8cea44ad222c6,,
A.-M. Raita-Hakola,a34645ce8ecf56e3279fc17c7bd8cea44ad222c6,,
I. Pölönen,a34645ce8ecf56e3279fc17c7bd8cea44ad222c6,,
Yashwitha Reddy Chapala,9618adcd534fff7a024a78fac074e7edc52f79d3,,
Praveen Kumar Kalangi,9618adcd534fff7a024a78fac074e7edc52f79d3,,
Sriram Bodla,9618adcd534fff7a024a78fac074e7edc52f79d3,,
Aishwarya Tota,9618adcd534fff7a024a78fac074e7edc52f79d3,,
Nitisha Sharma,9618adcd534fff7a024a78fac074e7edc52f79d3,,
B. Goud,9618adcd534fff7a024a78fac074e7edc52f79d3,,
G. L. A. Babu,9618adcd534fff7a024a78fac074e7edc52f79d3,,
Gudepu Sai Krishna,9618adcd534fff7a024a78fac074e7edc52f79d3,,
Aditya Bharadwaj,6abc2e1f6d66c2f8c7b2b36e6c445e1a8bf2a592,,
Inderjeet,6abc2e1f6d66c2f8c7b2b36e6c445e1a8bf2a592,,
J. S. Sahambi,6abc2e1f6d66c2f8c7b2b36e6c445e1a8bf2a592,,
Derong Kong,0876840f8b2da1a08e89e343585c8f125959aa6d,,
Zhixiong Yang,0876840f8b2da1a08e89e343585c8f125959aa6d,,
Shuaifeng Zhi,0876840f8b2da1a08e89e343585c8f125959aa6d,,
Li Liu,0876840f8b2da1a08e89e343585c8f125959aa6d;84bf4169dc99cefe454a469efb0cd6c78ba7b86d,,
Zhen Liu,0876840f8b2da1a08e89e343585c8f125959aa6d,,
Jingyuan Xia,0876840f8b2da1a08e89e343585c8f125959aa6d,,
Zhangzhao Cha,68ebb3ababe0a896baf3b317e007e8c468d0af26,,
Yi Tang,68ebb3ababe0a896baf3b317e007e8c468d0af26,,
Yingjian Li,2fe96346d3a5068a29d561cf0bf5c66ac68d40bd,,
Kaibing Zhang,2fe96346d3a5068a29d561cf0bf5c66ac68d40bd;a2dd0ce5e61161e008d36b1b56c4a12842a8c70e;83761e5a30c114046c0fa09fc63d98aed7ae4119,,
Xuan Zhou,2fe96346d3a5068a29d561cf0bf5c66ac68d40bd,,
Zhouqiang Zhang,2fe96346d3a5068a29d561cf0bf5c66ac68d40bd,,
Sheng Hu,2fe96346d3a5068a29d561cf0bf5c66ac68d40bd,,
Wei Wang,4dd342a27a2fa65b0b45bc08552caaa4c21dd49a;d0078ff59184a3ca422bbbc16fb76b4a60bb382b,,
Yi Zhu,4dd342a27a2fa65b0b45bc08552caaa4c21dd49a,,
Mingming Zhang,4dd342a27a2fa65b0b45bc08552caaa4c21dd49a,,
Chao Xie,4dd342a27a2fa65b0b45bc08552caaa4c21dd49a;1e24ba86592a75b4f045b90171de2fad3b60487b;c4d652597e9996d238524d3ecee7762750667ea2,,
Jigar Dalwadi,cea36c0be74a4d74c3f221b4d27b0f9ac2992328,,
Niteen Vaghela,cea36c0be74a4d74c3f221b4d27b0f9ac2992328,,
Poonam Sahibani,cea36c0be74a4d74c3f221b4d27b0f9ac2992328,,
Vishal M. Patel,cea36c0be74a4d74c3f221b4d27b0f9ac2992328,,
Xinhua Wang,976c850636176addd29ee604868ddf657d8c7227,,
Caibo Feng,976c850636176addd29ee604868ddf657d8c7227,,
Xiang Fu,976c850636176addd29ee604868ddf657d8c7227,,
Chunxiao Liu,976c850636176addd29ee604868ddf657d8c7227;d2513ab14208ae58f345a3b586c4baed95203eb2;8f3561dd77356cb2e929456e90525990f21898c4,,
Wenchao Li,5e7791b4c2eb34dd54e2535e906c62465599febe;1e55ce34fbf8874936955472b790d17bc405cd9a;0281adec15d01773593b4993019b33c055e6d403;df9fa85d1674879e648e62126743cd8dc1e19841,,
Shuyuan Wen,5e7791b4c2eb34dd54e2535e906c62465599febe;1e55ce34fbf8874936955472b790d17bc405cd9a;0281adec15d01773593b4993019b33c055e6d403;df9fa85d1674879e648e62126743cd8dc1e19841,,
Jinhao Zhu,5e7791b4c2eb34dd54e2535e906c62465599febe;1e55ce34fbf8874936955472b790d17bc405cd9a;df9fa85d1674879e648e62126743cd8dc1e19841,,
Qiaofeng Ou,5e7791b4c2eb34dd54e2535e906c62465599febe;1e55ce34fbf8874936955472b790d17bc405cd9a;df9fa85d1674879e648e62126743cd8dc1e19841,,
Bangshu Xiong,5e7791b4c2eb34dd54e2535e906c62465599febe;1e55ce34fbf8874936955472b790d17bc405cd9a;df9fa85d1674879e648e62126743cd8dc1e19841,,
Fangtong Sun,f72a3234a3bd0f866d05201ad790945c779dbf11,,
Congyu Li,f72a3234a3bd0f866d05201ad790945c779dbf11,,
Ke Yang,f72a3234a3bd0f866d05201ad790945c779dbf11,,
Yuchen Pan,f72a3234a3bd0f866d05201ad790945c779dbf11,,
Hanwen Yu,f72a3234a3bd0f866d05201ad790945c779dbf11,,
Xichuan Zhang,f72a3234a3bd0f866d05201ad790945c779dbf11,,
Yiying Li,f72a3234a3bd0f866d05201ad790945c779dbf11,,
Dirui Xie,c80ca89f1a56a4e9025f7f771e48b332cf9a9f01;c144cf437977584f9988c9cd12d85ed7e539aa01;1bd0a409568b7214f8c20dc8046baff150a7be89;89632ceab7cb79c1e9b683c4036669c00ac997cb;08dfdabca3e90170cc62924486b8dbe2ec9ef866;7aaf9d1ef4891f70aa25aaa073857ac699c4f48f,,
Xiaofang Hu,c80ca89f1a56a4e9025f7f771e48b332cf9a9f01;c144cf437977584f9988c9cd12d85ed7e539aa01;fc455241cd0fa99f73d018b39640ba687d10c4ec;1bd0a409568b7214f8c20dc8046baff150a7be89;89632ceab7cb79c1e9b683c4036669c00ac997cb;08dfdabca3e90170cc62924486b8dbe2ec9ef866;7aaf9d1ef4891f70aa25aaa073857ac699c4f48f,,
Zihan Wei,c80ca89f1a56a4e9025f7f771e48b332cf9a9f01,,
Zhengqi Yang,c80ca89f1a56a4e9025f7f771e48b332cf9a9f01,,
Yanlian Jiang,c80ca89f1a56a4e9025f7f771e48b332cf9a9f01,,
Yue Zhou,c80ca89f1a56a4e9025f7f771e48b332cf9a9f01;c144cf437977584f9988c9cd12d85ed7e539aa01;fc455241cd0fa99f73d018b39640ba687d10c4ec;1bd0a409568b7214f8c20dc8046baff150a7be89;89632ceab7cb79c1e9b683c4036669c00ac997cb;08dfdabca3e90170cc62924486b8dbe2ec9ef866;7aaf9d1ef4891f70aa25aaa073857ac699c4f48f,,
Weilin Wu,bb40f61e6205e7fcc54a2070e278a85cf0ce9363,,
Shifan Yang,bb40f61e6205e7fcc54a2070e278a85cf0ce9363,,
Qizhao Lin,bb40f61e6205e7fcc54a2070e278a85cf0ce9363,,
Xinghong Chen,bb40f61e6205e7fcc54a2070e278a85cf0ce9363,,
Kunping Yang,bb40f61e6205e7fcc54a2070e278a85cf0ce9363,,
Jing Wang,bb40f61e6205e7fcc54a2070e278a85cf0ce9363,,
Guannan Chen,bb40f61e6205e7fcc54a2070e278a85cf0ce9363,,
Mei-Yang Wang,f1548da8816919e2626d71a1a22754a3d481274f,,
Xuejing Kang,f1548da8816919e2626d71a1a22754a3d481274f,,
Yaxi Lu,f1548da8816919e2626d71a1a22754a3d481274f,,
Jie Xu,f1548da8816919e2626d71a1a22754a3d481274f,,
Xingxiang Zhou,319c2d6df5644d8175937574dd0e3a4a23762161,,
Xiangdong Su,319c2d6df5644d8175937574dd0e3a4a23762161,,
Haoran Zhang,319c2d6df5644d8175937574dd0e3a4a23762161,,
Wei Chen,319c2d6df5644d8175937574dd0e3a4a23762161;71da951422acac60603638598a5fc0cfa7717bce;6376714e819f0e57033aa4db5b4eab86d9885661;ca39b7afedd3cfedc558ab09a8b92e7a242d31f5;cc8826c93dffe1e0118cbe7e04dc8fb243afe001,,
Guanglai Gao,319c2d6df5644d8175937574dd0e3a4a23762161,,
Qiyao Luo,11ec0fb679d971e79bc813c138bb362d39b47196,,
Yongqing Qian,11ec0fb679d971e79bc813c138bb362d39b47196,,
Yuan Shi,bea462be12e4ba675441d9e9dc09bc523e5239ac,,
Yiren Chen,bea462be12e4ba675441d9e9dc09bc523e5239ac,,
Xianyang Wang,bea462be12e4ba675441d9e9dc09bc523e5239ac,,
Jiaxuan Wang,05ba639c0fa98f6b03e61942cae405c79897f9a3;06343cb261eb78849320f5b4f680555deed401e5;7043818c120a0a8313418fbd7eacf753f85efa90,,
Huiyuan Fu,05ba639c0fa98f6b03e61942cae405c79897f9a3;06343cb261eb78849320f5b4f680555deed401e5;af69b2bc0192a2b4959e32c57c8ed1eab0173652;7043818c120a0a8313418fbd7eacf753f85efa90;bc786ceae3f1f9ae072d10c76169dac2fc0ce647,,
Wenkai Zheng,05ba639c0fa98f6b03e61942cae405c79897f9a3;7043818c120a0a8313418fbd7eacf753f85efa90;bc786ceae3f1f9ae072d10c76169dac2fc0ce647,,
Xicong Wang,05ba639c0fa98f6b03e61942cae405c79897f9a3;06343cb261eb78849320f5b4f680555deed401e5;7043818c120a0a8313418fbd7eacf753f85efa90,,
Xin Wang,05ba639c0fa98f6b03e61942cae405c79897f9a3;06343cb261eb78849320f5b4f680555deed401e5,,
Huadong Ma,05ba639c0fa98f6b03e61942cae405c79897f9a3;06343cb261eb78849320f5b4f680555deed401e5;af69b2bc0192a2b4959e32c57c8ed1eab0173652;7043818c120a0a8313418fbd7eacf753f85efa90;bc786ceae3f1f9ae072d10c76169dac2fc0ce647,,
Nuoya Li,a7be2f792b09500979702711bdb231d457e3e4dd,,
Weiguo Pan,a7be2f792b09500979702711bdb231d457e3e4dd,,
Bingxin Xu,a7be2f792b09500979702711bdb231d457e3e4dd,,
Hongzhe Liu,a7be2f792b09500979702711bdb231d457e3e4dd,,
Songyin Dai,a7be2f792b09500979702711bdb231d457e3e4dd,,
Cheng Xu,a7be2f792b09500979702711bdb231d457e3e4dd,,
X. Cai,7218ea6ba075a9735298d537fbe42980b9233d7a,,
Weinan Chen,7218ea6ba075a9735298d537fbe42980b9233d7a,,
Tierui Zhang,7218ea6ba075a9735298d537fbe42980b9233d7a,,
Jiayuan Cao,7218ea6ba075a9735298d537fbe42980b9233d7a,,
Houbo Zhang,89a44c4e9b94a93f1fe8ca37257cb187057339fc,,
Yitang Zuo,89a44c4e9b94a93f1fe8ca37257cb187057339fc,,
Runxin Yang,61501862e1b8251c92900767992394fdfecdb1ed,,
Yinghao Liu,61501862e1b8251c92900767992394fdfecdb1ed;0fb47ad2ce75eb344c70f32defbfbea379f38324,,
Wenhui Wu,cc9cb2e89fd56f62d8b61b0478a4dca1fabc5d6b;bf7e12cad1af19cf9ff0b899b7857ac68e4346bd,,
J. Pang,cc9cb2e89fd56f62d8b61b0478a4dca1fabc5d6b,,
Shuaibo Gao,cc9cb2e89fd56f62d8b61b0478a4dca1fabc5d6b,,
Pingping Zhang,cc9cb2e89fd56f62d8b61b0478a4dca1fabc5d6b;bf7e12cad1af19cf9ff0b899b7857ac68e4346bd,,
Zhe Chen,cc9cb2e89fd56f62d8b61b0478a4dca1fabc5d6b,,
Guoping Qiu,cc9cb2e89fd56f62d8b61b0478a4dca1fabc5d6b,,
Yiqiang Zhou,817b52af80189a230eb90a15e3947fff8fdde4de,,
Xindan Gao,817b52af80189a230eb90a15e3947fff8fdde4de,,
Jifeng Guo,817b52af80189a230eb90a15e3947fff8fdde4de,,
Guang Li,817b52af80189a230eb90a15e3947fff8fdde4de,,
Lu Wang,817b52af80189a230eb90a15e3947fff8fdde4de,,
Jing Liu,817b52af80189a230eb90a15e3947fff8fdde4de,,
Wenhao Yu,47a310a67141f583d7252f438c306deef0a7650b,,
Jiangwei Weng,47a310a67141f583d7252f438c306deef0a7650b;cc65c6566708e267ea1d25fa34e891f71f2f8bfc;f35573beb971d8f3549acf452250e3153c882ab1,,
Jun Li,47a310a67141f583d7252f438c306deef0a7650b;3d9f4ccbbd4d71555bcc14eb01aea6b701c08af0;cc65c6566708e267ea1d25fa34e891f71f2f8bfc;f35573beb971d8f3549acf452250e3153c882ab1,,
Shifa Chen,ec3777195a59213109b6614866ce753ee5deb986,,
Xingzheng Wang,ec3777195a59213109b6614866ce753ee5deb986;fed62a4f250fbda97d875636fec49d4178ccb9f5;0c1b87fa620a599458bf23ccfe7851cbf3fd39d9,,
Guoqiang Gong,ec3777195a59213109b6614866ce753ee5deb986,,
Daizong Tian,a0b5d840c7d9e7236d7e298887b8694d6bb0c2da,,
A. Choudhury,a0b5d840c7d9e7236d7e298887b8694d6bb0c2da,,
Walt Husak,a0b5d840c7d9e7236d7e298887b8694d6bb0c2da,,
Daniel Torres,e31f466cc29b189d73b31fd75703f577912d0ac9;3023feb777b2ce806aca113273af4ae3e20d88aa,,
Catalina Sbert,e31f466cc29b189d73b31fd75703f577912d0ac9;3023feb777b2ce806aca113273af4ae3e20d88aa,,
Joan Duran,e31f466cc29b189d73b31fd75703f577912d0ac9;3023feb777b2ce806aca113273af4ae3e20d88aa,,
Tonmoy Ghosh,f6a7b7fc4c728f7d4bf77dd1f9e4741b4e75d83b,,
Md Billal Hossain,f6a7b7fc4c728f7d4bf77dd1f9e4741b4e75d83b,,
Steven J. Holiday,f6a7b7fc4c728f7d4bf77dd1f9e4741b4e75d83b,,
Matthew R. Cribbet,f6a7b7fc4c728f7d4bf77dd1f9e4741b4e75d83b,,
Susan White,f6a7b7fc4c728f7d4bf77dd1f9e4741b4e75d83b,,
Yu Gan,f6a7b7fc4c728f7d4bf77dd1f9e4741b4e75d83b,,
Edward Sazonov,f6a7b7fc4c728f7d4bf77dd1f9e4741b4e75d83b,,
Hufsa Khan,a0f82fa244978864bfaa1df22be9e33d1840e212;9276df8ba23713cfa4665dca0f0c476ade58152b;1fa8e24a043a937860dbbe8cb6b6c2212b0a1bad;c70003575790daa4db6d60b5844a25896105e5d2,,
Muhammad Tahir Rasheed,a0f82fa244978864bfaa1df22be9e33d1840e212;9276df8ba23713cfa4665dca0f0c476ade58152b,,
Shengli Zhang,a0f82fa244978864bfaa1df22be9e33d1840e212,,
Shangquan Sun,9b5f149b92be81504734d01d833d2a5e1c15543e;934775a29e913a0a0a455d110142120871625039,,
Jingyang Peng,9b5f149b92be81504734d01d833d2a5e1c15543e;934775a29e913a0a0a455d110142120871625039,,
Fenglong Song,9b5f149b92be81504734d01d833d2a5e1c15543e;934775a29e913a0a0a455d110142120871625039,,
Xiaochun Cao,9b5f149b92be81504734d01d833d2a5e1c15543e;84bf4169dc99cefe454a469efb0cd6c78ba7b86d;934775a29e913a0a0a455d110142120871625039,,
Guang Han,558dae93b44d3e5a6f17dfad45d0f4077423a0c2;0ad975bd74e9beee0fca0c85fba1b292ad14b5bc;2a728d6370f5f229900e963c0d0880caaea4d760,,
Binming Zeng,558dae93b44d3e5a6f17dfad45d0f4077423a0c2,,
Zifan Rui,558dae93b44d3e5a6f17dfad45d0f4077423a0c2,,
Yaolong Hu,558dae93b44d3e5a6f17dfad45d0f4077423a0c2,,
Xiaofan Yu,558dae93b44d3e5a6f17dfad45d0f4077423a0c2,,
Po-Wen Hsieh,cedf25a44f27c15910f41cc203dcff42e198205d,,
Suh-Yuh Yang,cedf25a44f27c15910f41cc203dcff42e198205d,,
Lingyu Zhu,0c06aea02a15be8a5d7b24de74a5f322141b0b4a;37fd320261a506883970ad9abcf280cf210862a8;6ffe412d303705239835a6b49ba5c191e61fe24b;3ced108a14812f54d17b2bd773e59fde6cb1bac5;3ac173213b682e01f554d0e48431608494acaf68,,
Sihao Chen,0c06aea02a15be8a5d7b24de74a5f322141b0b4a,,
Mehmood Nawaz,aa254d0f56473da507e04eda99abe6074add3387;5e248e17a769c9eb491409e93d4f76f05972bb0b,,
M. Hamza,aa254d0f56473da507e04eda99abe6074add3387,,
Muhammad Daud,aa254d0f56473da507e04eda99abe6074add3387,,
Khadija Bibi,aa254d0f56473da507e04eda99abe6074add3387,,
Muhammad A. A. Abdelgawad,aa254d0f56473da507e04eda99abe6074add3387,,
Muhammad Shafique,aa254d0f56473da507e04eda99abe6074add3387,,
Kai Jiang,ed44fc476f5bed5b6c7e5b95ce8711283a47f1cb,,
Baoju Zhang,ed44fc476f5bed5b6c7e5b95ce8711283a47f1cb,,
Cuiping Zhang,ed44fc476f5bed5b6c7e5b95ce8711283a47f1cb,,
Bohua Chu,ed44fc476f5bed5b6c7e5b95ce8711283a47f1cb,,
Yameng Zhang,ed44fc476f5bed5b6c7e5b95ce8711283a47f1cb,,
Mengqi Xue,ed44fc476f5bed5b6c7e5b95ce8711283a47f1cb,,
Supriya Singh,eb24d02a7a00ae6bcd0f55b05f6f399991e5c2fb,,
Deepa Raj,eb24d02a7a00ae6bcd0f55b05f6f399991e5c2fb,,
Ziang Wang,a8fd06e37ce5081cefa0cf8d0c268c9e5b3a55ec,,
Xiaoqin Wang,a8fd06e37ce5081cefa0cf8d0c268c9e5b3a55ec,,
Dingyi Wang,a8fd06e37ce5081cefa0cf8d0c268c9e5b3a55ec,,
Qiang Li,a8fd06e37ce5081cefa0cf8d0c268c9e5b3a55ec,,
Shushan Qiao,a8fd06e37ce5081cefa0cf8d0c268c9e5b3a55ec,,
Zhipeng Huang,4b8101c5284205dbc7be2afa5b8b18acebe111b3,,
Weiming Liu,4b8101c5284205dbc7be2afa5b8b18acebe111b3,,
Yue Sun,f7e92ba8101a4572f1f975b23eab723d23425c14;524e13cbf780070b339332381eb17b7967701f88,,
Yutao Jin,f7e92ba8101a4572f1f975b23eab723d23425c14;524e13cbf780070b339332381eb17b7967701f88;fd636be3bf691d63a7394f5fbb1f81cf018a2f43;a4bda0fe52774fca9a6d9f57bb1cf3a090ad3087,,
Xiaoyan Chen,f7e92ba8101a4572f1f975b23eab723d23425c14;524e13cbf780070b339332381eb17b7967701f88;fd636be3bf691d63a7394f5fbb1f81cf018a2f43;9c54a2b0819f2c8db0ee2ccec8fc245559249d96;2006fc919a3443e0f8cb003f64c921bf4e51eb1d;a4bda0fe52774fca9a6d9f57bb1cf3a090ad3087,,
Yanbin Xu,f7e92ba8101a4572f1f975b23eab723d23425c14,,
Xiaoning Yan,f7e92ba8101a4572f1f975b23eab723d23425c14;524e13cbf780070b339332381eb17b7967701f88,,
Zefu Liu,f7e92ba8101a4572f1f975b23eab723d23425c14,,
Yonghua Zhang,c269c28fe8dbf44c4784aff190a816ca1ba734dc;0fb47ad2ce75eb344c70f32defbfbea379f38324;3011f420df87f85d2b477cd66d88b02d87772837,,
Yujie Ding,c269c28fe8dbf44c4784aff190a816ca1ba734dc;3011f420df87f85d2b477cd66d88b02d87772837,,
Hongxuan Xie,c269c28fe8dbf44c4784aff190a816ca1ba734dc,,
Hui Xu,c269c28fe8dbf44c4784aff190a816ca1ba734dc,,
Lvchen Cao,c269c28fe8dbf44c4784aff190a816ca1ba734dc;0fb47ad2ce75eb344c70f32defbfbea379f38324;3011f420df87f85d2b477cd66d88b02d87772837,,
Ziqing Huang,c269c28fe8dbf44c4784aff190a816ca1ba734dc;0fb47ad2ce75eb344c70f32defbfbea379f38324;3011f420df87f85d2b477cd66d88b02d87772837,,
Chenbo Shi,601020f3783235d43f1e2963f1a3bf72839be6bb,,
Xiangyu Zhang,601020f3783235d43f1e2963f1a3bf72839be6bb,,
Delin Wang,601020f3783235d43f1e2963f1a3bf72839be6bb,,
Changsheng Zhu,601020f3783235d43f1e2963f1a3bf72839be6bb,,
Aiping Liu,601020f3783235d43f1e2963f1a3bf72839be6bb,,
Chun Zhang,601020f3783235d43f1e2963f1a3bf72839be6bb,,
Xiaobing Feng,601020f3783235d43f1e2963f1a3bf72839be6bb,,
Jianxing Wu,27f8c7910497f7cd6430ad6b32e72a351ebe5855,,
T. Ran,27f8c7910497f7cd6430ad6b32e72a351ebe5855,,
Wendong Xiao,27f8c7910497f7cd6430ad6b32e72a351ebe5855,,
Liang Yuan,27f8c7910497f7cd6430ad6b32e72a351ebe5855,,
Qing Tao,27f8c7910497f7cd6430ad6b32e72a351ebe5855,,
Qi Cheng,c144cf437977584f9988c9cd12d85ed7e539aa01,,
Anxin Zhao,0cec670edc2b33461e7b3a14c4d100f3ab5c9550,,
Qiuhong Zheng,0cec670edc2b33461e7b3a14c4d100f3ab5c9550,,
Liang Li,0cec670edc2b33461e7b3a14c4d100f3ab5c9550,,
Zeyang Yu,28a5a72dfd4651191c64f0d1534cd4176566919a,,
Yi Fang,28a5a72dfd4651191c64f0d1534cd4176566919a,,
Qiang Ling,28a5a72dfd4651191c64f0d1534cd4176566919a,,
Hui Zhou,3d9f4ccbbd4d71555bcc14eb01aea6b701c08af0,,
Yaming Mao,3d9f4ccbbd4d71555bcc14eb01aea6b701c08af0,,
Lu Liu,3d9f4ccbbd4d71555bcc14eb01aea6b701c08af0,,
Yiyang Lu,3d9f4ccbbd4d71555bcc14eb01aea6b701c08af0,,
Jun Ma,fdf086c90c16c029d32bff488a19903a01082ac8,,
Zejie Sun,fdf086c90c16c029d32bff488a19903a01082ac8,,
Yuling Wu,fdf086c90c16c029d32bff488a19903a01082ac8,,
Dongyang Jin,fdf086c90c16c029d32bff488a19903a01082ac8,,
Yucheng Yang,d07670a1374dc5e02ee2041686dda03e9f7a99f9,,
Shihao Zhu,d07670a1374dc5e02ee2041686dda03e9f7a99f9,,
Zekai Shang,d07670a1374dc5e02ee2041686dda03e9f7a99f9,,
Xing Pan,d07670a1374dc5e02ee2041686dda03e9f7a99f9,,
Ebin J Alapatt,45e4fe27939543b7722c91d6af61017ff3bd63f0,,
Pankaj Kumar G,45e4fe27939543b7722c91d6af61017ff3bd63f0,,
N. Eswar,45e4fe27939543b7722c91d6af61017ff3bd63f0,,
Aman K Shihab,45e4fe27939543b7722c91d6af61017ff3bd63f0,,
S. Bhatt,45e4fe27939543b7722c91d6af61017ff3bd63f0,,
Sreevishnu Damodaran,45e4fe27939543b7722c91d6af61017ff3bd63f0,,
A. A. Aswathy,45e4fe27939543b7722c91d6af61017ff3bd63f0,,
Kun Wang,811487d5781dac66f1571d051be542d8dd4c5408,,
Xiangchu Feng,811487d5781dac66f1571d051be542d8dd4c5408,,
Ze Li,dc7bab33d29f27880d4bcb7cd9e38ce026e30ccc,,
Feng Zhang,dc7bab33d29f27880d4bcb7cd9e38ce026e30ccc;b1cc558ad16cea03925ad44d3bbecad2b372f91e,,
Xiatian Zhu,dc7bab33d29f27880d4bcb7cd9e38ce026e30ccc,,
Meng-Xia Zhang,dc7bab33d29f27880d4bcb7cd9e38ce026e30ccc,,
Yanghong Zhou,dc7bab33d29f27880d4bcb7cd9e38ce026e30ccc,,
P. Mok,dc7bab33d29f27880d4bcb7cd9e38ce026e30ccc,,
Xingpeng Zhang,846be46582c005e21fbaa50196d14ea6aca86ba0,,
Sijing Wu,846be46582c005e21fbaa50196d14ea6aca86ba0,,
Qiuli Wang,846be46582c005e21fbaa50196d14ea6aca86ba0,,
Kaixin Wang,846be46582c005e21fbaa50196d14ea6aca86ba0,,
Siyong Fu,08b7d6692d128572ab98f98103e19e1616a3a635,,
Qinghua Zhao,08b7d6692d128572ab98f98103e19e1616a3a635,,
Hesheng Liu,08b7d6692d128572ab98f98103e19e1616a3a635,,
Qiuxiang Tao,08b7d6692d128572ab98f98103e19e1616a3a635,,
Danjuan Liu,08b7d6692d128572ab98f98103e19e1616a3a635,,
Junkai Fan,cc65c6566708e267ea1d25fa34e891f71f2f8bfc,,
Jianjun Qian,cc65c6566708e267ea1d25fa34e891f71f2f8bfc,,
H. Zou,cc65c6566708e267ea1d25fa34e891f71f2f8bfc,,
Ying-ji Tai,cc65c6566708e267ea1d25fa34e891f71f2f8bfc;f35573beb971d8f3549acf452250e3153c882ab1,,
Jian Yang,cc65c6566708e267ea1d25fa34e891f71f2f8bfc;f35573beb971d8f3549acf452250e3153c882ab1;76e3a73e4829bf30042c879091cd2228720eb8ab,,
Hao Luo,37fd320261a506883970ad9abcf280cf210862a8;d1d1cb5fc148fd7f89319bda766df17b8d12b284;6ffe412d303705239835a6b49ba5c191e61fe24b,,
Yudong Mao,37fd320261a506883970ad9abcf280cf210862a8,,
Yixuan Li,37fd320261a506883970ad9abcf280cf210862a8,,
Zhiwei Zhong,37fd320261a506883970ad9abcf280cf210862a8,,
Shanshe Wang,37fd320261a506883970ad9abcf280cf210862a8,,
Shiqi Wang,37fd320261a506883970ad9abcf280cf210862a8;6ffe412d303705239835a6b49ba5c191e61fe24b;3ced108a14812f54d17b2bd773e59fde6cb1bac5;3ac173213b682e01f554d0e48431608494acaf68;078958642cc4e5fd915ca2dce3b9d5c14dd6df27;3e2329282ea1ecc099c79480f125b569257a0906;c5d34758d3e2b9d3a1f222cba5b661ab072035e2,,
Saksham Jain,84ff0cc36b158f7c9de7c6b88b393000ea53c6bc,,
Sparsh Jain,84ff0cc36b158f7c9de7c6b88b393000ea53c6bc,,
A. Prajapati,84ff0cc36b158f7c9de7c6b88b393000ea53c6bc,,
Garvita Singh,84ff0cc36b158f7c9de7c6b88b393000ea53c6bc,,
Dinesh Kumar Vishwakarma,84ff0cc36b158f7c9de7c6b88b393000ea53c6bc,,
Liuyu Zhu,2e7d834f3a49f979167bd5737a66a18b967edff3,,
Zhiguan Wang,2e7d834f3a49f979167bd5737a66a18b967edff3,,
Yongsheng Hou,2e7d834f3a49f979167bd5737a66a18b967edff3,,
Zhiqiang Liu,2e7d834f3a49f979167bd5737a66a18b967edff3,,
Shen Li,2e7d834f3a49f979167bd5737a66a18b967edff3,,
Xiaoxue Li,2e7d834f3a49f979167bd5737a66a18b967edff3,,
Xiaofei Zhang,5e43fee8fce5d9b28a30556ad333e561da5efb49;cfc3f2c32b6597830cac744a92b9fe3dfcf494d0,,
Xiaoguang Di,5e43fee8fce5d9b28a30556ad333e561da5efb49;cfc3f2c32b6597830cac744a92b9fe3dfcf494d0,,
Runwen Zhu,5e43fee8fce5d9b28a30556ad333e561da5efb49,,
Yuqian Zhang,2c37b088e3a64cb5462ab13fb04a7bc78dea8198,,
Jie Jiang,2c37b088e3a64cb5462ab13fb04a7bc78dea8198,,
Zhan Wang,2c37b088e3a64cb5462ab13fb04a7bc78dea8198,,
Qi Zhang,2c37b088e3a64cb5462ab13fb04a7bc78dea8198,,
Yudi Jiang,2c37b088e3a64cb5462ab13fb04a7bc78dea8198,,
Jun Liu,2c37b088e3a64cb5462ab13fb04a7bc78dea8198,,
Zeyao Hou,2c37b088e3a64cb5462ab13fb04a7bc78dea8198;524e13cbf780070b339332381eb17b7967701f88,,
Bo Peng,f4a31575a055204d0f9ab565d8b74c6b2d80d101;e28a2008c524b93407357b401d596842851d927b;555b2d78d93fc9119f9e20c676b0764b1f20a178,,
Jia Zhang,f4a31575a055204d0f9ab565d8b74c6b2d80d101;e28a2008c524b93407357b401d596842851d927b,,
Zhe Zhang,f4a31575a055204d0f9ab565d8b74c6b2d80d101;e28a2008c524b93407357b401d596842851d927b;555b2d78d93fc9119f9e20c676b0764b1f20a178,,
Liying Xu,f4a31575a055204d0f9ab565d8b74c6b2d80d101,,
Qingming Huang,f4a31575a055204d0f9ab565d8b74c6b2d80d101;e28a2008c524b93407357b401d596842851d927b;e464ec8421fcdfb43d6f67a6c3fa0d89b2031164;555b2d78d93fc9119f9e20c676b0764b1f20a178,,
Tao Wang,f4a31575a055204d0f9ab565d8b74c6b2d80d101;15f2630e054aae73438abebf5d98c379c06f16a5;a611ed7e40c9c5cd35bc61d1ca2a55dc37caf55e,,
Jianjun Lei,f4a31575a055204d0f9ab565d8b74c6b2d80d101;e28a2008c524b93407357b401d596842851d927b;555b2d78d93fc9119f9e20c676b0764b1f20a178,,
Xiong Liu,10eb36a4ebf8a310d6493c428e83389089af7822,,
Juan Zhang,10eb36a4ebf8a310d6493c428e83389089af7822,,
Qiushi Cui,10eb36a4ebf8a310d6493c428e83389089af7822,,
Yingyue Zhou,10eb36a4ebf8a310d6493c428e83389089af7822,,
Qian Wang,10eb36a4ebf8a310d6493c428e83389089af7822,,
Zining Zhao,10eb36a4ebf8a310d6493c428e83389089af7822,,
Yong Li,10eb36a4ebf8a310d6493c428e83389089af7822,,
Maozhen Liu,cfc3f2c32b6597830cac744a92b9fe3dfcf494d0,,
Qian Zhao,c4df330d510cd5352e5108e80b3e760620f8ec55;a0ad5915ba61ae307cc85d32a4bf3d792a2e5e2f;8411b32a2df053414d381c8c6c4ba5591e7a7006,,
Gang Li,c4df330d510cd5352e5108e80b3e760620f8ec55;d31dec2c881a5239743f331a721548e98a2d4998,,
Bin He,c4df330d510cd5352e5108e80b3e760620f8ec55,,
Run-Sheng Shen,c4df330d510cd5352e5108e80b3e760620f8ec55,,
Qiao Zhang,0fdb839b8df99a8b26a4de03a32db91175460277,,
Mingwen Shao,0fdb839b8df99a8b26a4de03a32db91175460277;b680c96323a8bb37003c61d6310343a39af6f0cf;f779a1a0d293aca6d753cc4c6d67c1ddbc147899;1e4b9fb2efa19a026c644665abfab70c4215508c,,
Xinyuan Chen,0fdb839b8df99a8b26a4de03a32db91175460277,,
Junsong Wang,9276df8ba23713cfa4665dca0f0c476ade58152b,,
Yan Kang,9276df8ba23713cfa4665dca0f0c476ade58152b,,
Rui He,c8471ba9b5fd9d1532f52c878806d7177420e5c9;44572ecd0b7dc88da5c96ca857ab809dacaed77e,,
Xuanhe Li,c8471ba9b5fd9d1532f52c878806d7177420e5c9;44572ecd0b7dc88da5c96ca857ab809dacaed77e,,
Jian Wu,c8471ba9b5fd9d1532f52c878806d7177420e5c9;44572ecd0b7dc88da5c96ca857ab809dacaed77e,,
Yuanshuo Cheng,b680c96323a8bb37003c61d6310343a39af6f0cf;f779a1a0d293aca6d753cc4c6d67c1ddbc147899;1e4b9fb2efa19a026c644665abfab70c4215508c,,
Yecong Wan,b680c96323a8bb37003c61d6310343a39af6f0cf;1e4b9fb2efa19a026c644665abfab70c4215508c,,
Yuanjian Qiao,b680c96323a8bb37003c61d6310343a39af6f0cf,,
Wangmeng Zuo,b680c96323a8bb37003c61d6310343a39af6f0cf;c9ed01a2a4d93c8aef914e730e4996ba5fdfeea3,,
Deyu Meng,b680c96323a8bb37003c61d6310343a39af6f0cf;1e4b9fb2efa19a026c644665abfab70c4215508c;8411b32a2df053414d381c8c6c4ba5591e7a7006,,
Shubo Zhou,904e1cb8651090fc9e4395522cf02ffc080e838e,,
Jingjing Jiang,904e1cb8651090fc9e4395522cf02ffc080e838e,,
Zhijun Fang,904e1cb8651090fc9e4395522cf02ffc080e838e,,
Xiaoming Ding,904e1cb8651090fc9e4395522cf02ffc080e838e,,
Rongfang Huang,904e1cb8651090fc9e4395522cf02ffc080e838e,,
Xue-qin Jiang,904e1cb8651090fc9e4395522cf02ffc080e838e,,
Haosen Dong,41e72810e7255f1df67db39bac39d3b4afb75aa9,,
Shihao Cheng,41e72810e7255f1df67db39bac39d3b4afb75aa9;425416f67664e7fa602ca2de3c6ea9440faf1e23,,
Tianyou Fang,41e72810e7255f1df67db39bac39d3b4afb75aa9,,
Zhigang Tu,41e72810e7255f1df67db39bac39d3b4afb75aa9;425416f67664e7fa602ca2de3c6ea9440faf1e23;5716a42ef706dcb6ad12c34fca4ec688a053baba;8c866fdcaa8e3a722070fabc1966c4eb024fae9b,,
Srinivas Kankanala,0ddeaf3de20334bb5b5442df1b4bedb31b3ee4e0;858c7d5174059ed0e6bab0fe04b851ecc9bd6698,,
P. Wijesiri,22ceda1805805b23c194c75f745f9aa4c19a99cf,,
Guhanathan Poravi,22ceda1805805b23c194c75f745f9aa4c19a99cf,,
Bo Jiang,e03f140683277d7511baba7cf40ac3f5d953abc5,,
Xuefei Wang,e03f140683277d7511baba7cf40ac3f5d953abc5,,
Naidi Yang,e03f140683277d7511baba7cf40ac3f5d953abc5,,
Yuhan Liu,e03f140683277d7511baba7cf40ac3f5d953abc5,,
Xi Chen,e03f140683277d7511baba7cf40ac3f5d953abc5,,
Qiwen Wu,e03f140683277d7511baba7cf40ac3f5d953abc5,,
Nikolay Safonov,58fd1c049f6c0333f3448d45dd2f5302611e7710,,
A. Bryncev,58fd1c049f6c0333f3448d45dd2f5302611e7710,,
Andrey Moskalenko,58fd1c049f6c0333f3448d45dd2f5302611e7710,,
D. Kulikov,58fd1c049f6c0333f3448d45dd2f5302611e7710,,
Dmitry Vatolin,58fd1c049f6c0333f3448d45dd2f5302611e7710,,
Haibo Lei,58fd1c049f6c0333f3448d45dd2f5302611e7710,,
Qifan Gao,58fd1c049f6c0333f3448d45dd2f5302611e7710,,
Qin Luo,58fd1c049f6c0333f3448d45dd2f5302611e7710,,
Yaqing Li,58fd1c049f6c0333f3448d45dd2f5302611e7710,,
Jie Song,58fd1c049f6c0333f3448d45dd2f5302611e7710,,
Shaozhe Hao,58fd1c049f6c0333f3448d45dd2f5302611e7710,,
Mei Zheng,58fd1c049f6c0333f3448d45dd2f5302611e7710,,
Jingyi Xu,58fd1c049f6c0333f3448d45dd2f5302611e7710,,
Chen Wu,58fd1c049f6c0333f3448d45dd2f5302611e7710,,
Jiahui Liu,58fd1c049f6c0333f3448d45dd2f5302611e7710,,
Ying Chen,58fd1c049f6c0333f3448d45dd2f5302611e7710;963e564405b948ebb77a24e0f1e5e8bda10acfc8,,
Peipei Liang,58fd1c049f6c0333f3448d45dd2f5302611e7710,,
Jie Ma,58fd1c049f6c0333f3448d45dd2f5302611e7710,,
Junjie Jin,58fd1c049f6c0333f3448d45dd2f5302611e7710,,
Yingxue Pang,58fd1c049f6c0333f3448d45dd2f5302611e7710,,
Fang Luo,58fd1c049f6c0333f3448d45dd2f5302611e7710,,
Kai Chen,58fd1c049f6c0333f3448d45dd2f5302611e7710;c8c80e1ca3a216443956a1592c8ec4c41fbb65b6,,
Shijie Zhao,58fd1c049f6c0333f3448d45dd2f5302611e7710,,
Mingyang Wu,58fd1c049f6c0333f3448d45dd2f5302611e7710,,
Renjie Li,58fd1c049f6c0333f3448d45dd2f5302611e7710,,
Yushen Zuo,58fd1c049f6c0333f3448d45dd2f5302611e7710,,
Shengyun Zhong,58fd1c049f6c0333f3448d45dd2f5302611e7710,,
Zhengzhong Tu,58fd1c049f6c0333f3448d45dd2f5302611e7710,,
Zelong Wang,d2513ab14208ae58f345a3b586c4baed95203eb2,,
Phil Birch,d2513ab14208ae58f345a3b586c4baed95203eb2,,
Xun Wang,d2513ab14208ae58f345a3b586c4baed95203eb2;8f3561dd77356cb2e929456e90525990f21898c4,,
Jie Zhang,c10a43013925f1bf60de375b721cd695cdc730a1;f5ac9f12c7a58c0c48f497ccd6789cbf2d9a59fc,,
Jiaqiang Peng,c10a43013925f1bf60de375b721cd695cdc730a1,,
X. Kong,c10a43013925f1bf60de375b721cd695cdc730a1,,
Shuo Wang,c10a43013925f1bf60de375b721cd695cdc730a1,,
Jiexuan Hu,c10a43013925f1bf60de375b721cd695cdc730a1,,
Yang Li,0d92aac9bd1336e613368353c457df0a90fd0068,,
Xianguo Li,0d92aac9bd1336e613368353c457df0a90fd0068,,
Michael Lin,0d92aac9bd1336e613368353c457df0a90fd0068,,
Yanchun Guo,1e55ce34fbf8874936955472b790d17bc405cd9a,,
Jiabao Chen,1e55ce34fbf8874936955472b790d17bc405cd9a;df9fa85d1674879e648e62126743cd8dc1e19841,,
S. A,e067035c97e4b79228cdf3b70f4b60bb98a7749e,,
A. K.,e067035c97e4b79228cdf3b70f4b60bb98a7749e,,
Ieee Cheuk-Yiu Chan Student Member,324d102224c21ca51ff73eba20640fee57ed9d1e,,
Ieee Wan-Chi Siu Life Fellow,324d102224c21ca51ff73eba20640fee57ed9d1e,,
Ieee Yuk-Hee Chan Member,324d102224c21ca51ff73eba20640fee57ed9d1e,,
Ieee H. Anthony Chan Life Fellow,324d102224c21ca51ff73eba20640fee57ed9d1e,,
Cheuk-Yiu Chan,324d102224c21ca51ff73eba20640fee57ed9d1e;6fe9aa2ce159c2fb8ff754b93abf9f2230b424dd,,
Yuk-Hee Chan,324d102224c21ca51ff73eba20640fee57ed9d1e;6fe9aa2ce159c2fb8ff754b93abf9f2230b424dd,,
Zejiu Wu,7f303d346529e7cf01424d50a72d9eb24e72119f,,
Yuxing Zou,7f303d346529e7cf01424d50a72d9eb24e72119f,,
Boyang Liu,7f303d346529e7cf01424d50a72d9eb24e72119f;b63ccd32c80e397d699181c8fea2db797e5e133c,,
Zhijie Li,7f303d346529e7cf01424d50a72d9eb24e72119f,,
Dong-Hong Ji,7f303d346529e7cf01424d50a72d9eb24e72119f,,
Hongbin Zhang,7f303d346529e7cf01424d50a72d9eb24e72119f,,
Zhihua Wang,84bf4169dc99cefe454a469efb0cd6c78ba7b86d,,
Yu Long,84bf4169dc99cefe454a469efb0cd6c78ba7b86d,,
Qinghua Lin,84bf4169dc99cefe454a469efb0cd6c78ba7b86d,,
Kai Zhang,84bf4169dc99cefe454a469efb0cd6c78ba7b86d;f4a19e007b7ee8553413ca018d94b2195b1c9a4c;9c54a2b0819f2c8db0ee2ccec8fc245559249d96,,
Yazhun Zhang,84bf4169dc99cefe454a469efb0cd6c78ba7b86d,,
Yuming Fang,84bf4169dc99cefe454a469efb0cd6c78ba7b86d;078958642cc4e5fd915ca2dce3b9d5c14dd6df27,,
Alireza Khajehvandi,008cd18d91bc34d4a3264451daf170defc3e0f61,,
Mehdi Ezoji,008cd18d91bc34d4a3264451daf170defc3e0f61,,
Julia Navarro,3023feb777b2ce806aca113273af4ae3e20d88aa,,
Min He,35896d1cd85e78e9f76f94657423cd51cd54e697,,
Rugang Wang,35896d1cd85e78e9f76f94657423cd51cd54e697;84dc31e2d95c79443c5450a91966b6520330c9d7,,
Mingyang Zhang,35896d1cd85e78e9f76f94657423cd51cd54e697;84dc31e2d95c79443c5450a91966b6520330c9d7,,
Feiyang Lv,35896d1cd85e78e9f76f94657423cd51cd54e697,,
Yuanyuan Wang,35896d1cd85e78e9f76f94657423cd51cd54e697;84dc31e2d95c79443c5450a91966b6520330c9d7,,
Feng Zhou,35896d1cd85e78e9f76f94657423cd51cd54e697;84dc31e2d95c79443c5450a91966b6520330c9d7,,
Xuesheng Bian,35896d1cd85e78e9f76f94657423cd51cd54e697;84dc31e2d95c79443c5450a91966b6520330c9d7,,
Ruiyuan Chen,76457ac4d45f6fef74a74a8704cc6407b65edd38,,
Zhixin Li,76457ac4d45f6fef74a74a8704cc6407b65edd38,,
Han Zeng,76457ac4d45f6fef74a74a8704cc6407b65edd38,,
Yifan Liu,76457ac4d45f6fef74a74a8704cc6407b65edd38,,
Tao He,76457ac4d45f6fef74a74a8704cc6407b65edd38,,
Tiecheng Song,76457ac4d45f6fef74a74a8704cc6407b65edd38,,
Yuxuan Wang,4277f6a529daa2c3732ac70f993a1a2c17dfb255,,
Zhen Xing,4277f6a529daa2c3732ac70f993a1a2c17dfb255,,
Zuxuan Wu,4277f6a529daa2c3732ac70f993a1a2c17dfb255,,
C. Vaidya,2a748044582a4b54a794d1b1a7e742001c1a9354,,
Amudhavel Jayavel,2a748044582a4b54a794d1b1a7e742001c1a9354,,
P. .. Mishra,2a748044582a4b54a794d1b1a7e742001c1a9354,,
Zunjin Zhao,028861bab0ac6e2da5c89b4ae06cf9e74f1b78f3,,
Daming Shi,028861bab0ac6e2da5c89b4ae06cf9e74f1b78f3,,
Peng He,fc455241cd0fa99f73d018b39640ba687d10c4ec,,
Lin Zhang,fc455241cd0fa99f73d018b39640ba687d10c4ec;4233c268034f8b409cb5f77794b6ab2b3486a226,,
Yu Yang,fc455241cd0fa99f73d018b39640ba687d10c4ec;273a4bd1822fea523aeeb50846a506940149e2de,,
Shukai Duan,fc455241cd0fa99f73d018b39640ba687d10c4ec;1bd0a409568b7214f8c20dc8046baff150a7be89;89632ceab7cb79c1e9b683c4036669c00ac997cb;08dfdabca3e90170cc62924486b8dbe2ec9ef866;7aaf9d1ef4891f70aa25aaa073857ac699c4f48f,,
Jinlu Zhang,425416f67664e7fa602ca2de3c6ea9440faf1e23,,
Yue Liu,425416f67664e7fa602ca2de3c6ea9440faf1e23,,
Aoran Xiao,425416f67664e7fa602ca2de3c6ea9440faf1e23,,
Jiabao Liang,524e13cbf780070b339332381eb17b7967701f88,,
Shuangwu Zheng,524e13cbf780070b339332381eb17b7967701f88,,
Yang Chen,524e13cbf780070b339332381eb17b7967701f88,,
Zhu Liu,9653ce2bdb8d6aa8b08e9ad703a4447286fad203,,
Zijun Wang,9653ce2bdb8d6aa8b08e9ad703a4447286fad203,,
Jinyuan Liu,9653ce2bdb8d6aa8b08e9ad703a4447286fad203;6724e07e3a5837c5cc9add00d842c09de7857dc0;837b385de43ad6701753d058dbe122a9a7bd416e;ea2aba7ac6a556cb541564af11ae794e5301e518,,
Fanqi Meng,9653ce2bdb8d6aa8b08e9ad703a4447286fad203,,
Weichen Dai,66709d91cf593a95eb8cf1d8047985af49cd138e,,
Hexing Wu,66709d91cf593a95eb8cf1d8047985af49cd138e,,
Xiaoyang Weng,66709d91cf593a95eb8cf1d8047985af49cd138e,,
Wanzeng Kong,66709d91cf593a95eb8cf1d8047985af49cd138e,,
Shuai Wang,71da951422acac60603638598a5fc0cfa7717bce,,
Shihao Zhang,71da951422acac60603638598a5fc0cfa7717bce,,
Jiaqi Wu,71da951422acac60603638598a5fc0cfa7717bce;44c829585625d5105b949092218e889f4f7f18c0,,
Zijian Tian,71da951422acac60603638598a5fc0cfa7717bce,,
Tongzhu Jin,71da951422acac60603638598a5fc0cfa7717bce,,
Miaomiao Xue,71da951422acac60603638598a5fc0cfa7717bce,,
Zehua Wang,71da951422acac60603638598a5fc0cfa7717bce,,
F. Yu,71da951422acac60603638598a5fc0cfa7717bce;bb7ec65955f5390537cc320c9e95c6df815c0908,,
Victor C. M. Leung,71da951422acac60603638598a5fc0cfa7717bce,,
Namrah Siddiqua,4ddaee876782adfa9b812dd699dd575d084475bd,,
Suneung Kim,4ddaee876782adfa9b812dd699dd575d084475bd,,
Mohan Yin,b48eef198800731e823075d763df6c913a9244a2,,
Jianbai Yang,b48eef198800731e823075d763df6c913a9244a2,,
Xinyu Zhang,a699c0be5519c67d0e74ddecb795bcf8c18304f8;ee154e5a6906ecae7138b664f1d96cfbcdc9e449;9cdb56c7c1024204c3fc2087b6e9870bda0a6176,,
Yang Xu,a699c0be5519c67d0e74ddecb795bcf8c18304f8,,
Zhihui Wei,a699c0be5519c67d0e74ddecb795bcf8c18304f8,,
Zebin Wu,a699c0be5519c67d0e74ddecb795bcf8c18304f8,,
Pallavi Singh,ad2c732ed31a652dfc5ccbf077d2169dc1dabd33;37bbf33fceb92290a333d32df87a8d1604a0fc19;2c1fd3595737c548072762324e62518f5685b7ec,,
A. Bhandari,ad2c732ed31a652dfc5ccbf077d2169dc1dabd33;37bbf33fceb92290a333d32df87a8d1604a0fc19;2c1fd3595737c548072762324e62518f5685b7ec;d7ccab17a627d32d090c0af4823d6f2e1ce35038,,
Li Li,bf1b6b485dbd34efc80a3eb4d52851fe1c66f659;46fd372ed9c3df70d806bb1f9504cb7ce799ad8e,,
Jishen Peng,bf1b6b485dbd34efc80a3eb4d52851fe1c66f659;46fd372ed9c3df70d806bb1f9504cb7ce799ad8e,,
Yingcai Wan,bf1b6b485dbd34efc80a3eb4d52851fe1c66f659,,
Xingfei Zhang,dac7705a861701fd8f676692e2867cbbce7673ca,,
Gang Liu,dac7705a861701fd8f676692e2867cbbce7673ca;8ea7114fb79c7fe51e4d692e08ddfb13718c3848,,
Mengliang Xing,dac7705a861701fd8f676692e2867cbbce7673ca,,
Gaoqiang Wang,dac7705a861701fd8f676692e2867cbbce7673ca;8ea7114fb79c7fe51e4d692e08ddfb13718c3848,,
D. P. Bavirisetti,dac7705a861701fd8f676692e2867cbbce7673ca;8ea7114fb79c7fe51e4d692e08ddfb13718c3848,,
Xinwei Xue,7b736bc630abcb497d347b77e190c6849f034dfb;37b108653979f570ce2cf148776d99624f8e7277,,
Haoze Zheng,7b736bc630abcb497d347b77e190c6849f034dfb,,
Yuechao Gao,7b736bc630abcb497d347b77e190c6849f034dfb,,
Tengyu Ma,7b736bc630abcb497d347b77e190c6849f034dfb,,
Qi Jia,7b736bc630abcb497d347b77e190c6849f034dfb,,
Jianhui Wang,65e615c7da4148cb6042ff8c7d80d65f50cb119b,,
Yangfan He,65e615c7da4148cb6042ff8c7d80d65f50cb119b,,
Kun Li,65e615c7da4148cb6042ff8c7d80d65f50cb119b,,
Sida Li,65e615c7da4148cb6042ff8c7d80d65f50cb119b,,
Lan Zhao,65e615c7da4148cb6042ff8c7d80d65f50cb119b,,
Jun Yin,65e615c7da4148cb6042ff8c7d80d65f50cb119b,,
Miao Zhang,65e615c7da4148cb6042ff8c7d80d65f50cb119b,,
Tianyu Shi,65e615c7da4148cb6042ff8c7d80d65f50cb119b,,
Xueqian Wang,65e615c7da4148cb6042ff8c7d80d65f50cb119b,,
Yuanbo Li,09314d8e44e3dfb2d4ddedbb36b0f97a75330133,,
Ping Zhou,09314d8e44e3dfb2d4ddedbb36b0f97a75330133,,
Gongbo Zhou,09314d8e44e3dfb2d4ddedbb36b0f97a75330133,,
Haozhe Wang,09314d8e44e3dfb2d4ddedbb36b0f97a75330133,,
Yunqi Lu,09314d8e44e3dfb2d4ddedbb36b0f97a75330133,,
Yuxing Peng,09314d8e44e3dfb2d4ddedbb36b0f97a75330133,,
Junyu Xia,728afc9ebcd9a188eb7fe2e5d0fc72ce5e40b8a6,,
Yihang Dong,728afc9ebcd9a188eb7fe2e5d0fc72ce5e40b8a6,,
Zhaopeng Zhang,22c8e269ac0bc2349226204ee772156e0e9ff82f,,
Zhijie Xu,22c8e269ac0bc2349226204ee772156e0e9ff82f,,
Jianqin Zhang,22c8e269ac0bc2349226204ee772156e0e9ff82f,,
Xiaofeng Zhang,6376714e819f0e57033aa4db5b4eab86d9885661;1f790b4cb07824dbba80fdf96e07de16c0688021;ca39b7afedd3cfedc558ab09a8b92e7a242d31f5;1206c494a6f562a16a82b7eff8b595294361860d,,
Zishan Xu,6376714e819f0e57033aa4db5b4eab86d9885661;ca39b7afedd3cfedc558ab09a8b92e7a242d31f5,,
Hao Tang,6376714e819f0e57033aa4db5b4eab86d9885661;ca39b7afedd3cfedc558ab09a8b92e7a242d31f5;1206c494a6f562a16a82b7eff8b595294361860d;c4d652597e9996d238524d3ecee7762750667ea2,,
Chaochen Gu,6376714e819f0e57033aa4db5b4eab86d9885661;ca39b7afedd3cfedc558ab09a8b92e7a242d31f5;1206c494a6f562a16a82b7eff8b595294361860d,,
Abdulmotaleb El Saddik,6376714e819f0e57033aa4db5b4eab86d9885661,,
Yongbo Liu,0fb47ad2ce75eb344c70f32defbfbea379f38324,,
Shaurya Rathore,3bd1e4f276ee5e0fc46f271f63bc725e7324dd7e,,
Aravind Shenoy,3bd1e4f276ee5e0fc46f271f63bc725e7324dd7e,,
Krish Didwania,3bd1e4f276ee5e0fc46f271f63bc725e7324dd7e,,
Aditya Kasliwal,3bd1e4f276ee5e0fc46f271f63bc725e7324dd7e,,
Ujjwal Verma,3bd1e4f276ee5e0fc46f271f63bc725e7324dd7e,,
A. Buades,3ecd5f926d30a56c7adad3fbd7e949738c756fea,,
J. Lisani,3ecd5f926d30a56c7adad3fbd7e949738c756fea,,
Xiaopeng Hu,66df6f1ecbd79cc439e836da07b13d2e3b734daf,,
Kang Liu,66df6f1ecbd79cc439e836da07b13d2e3b734daf,,
Xiangchen Yin,66df6f1ecbd79cc439e836da07b13d2e3b734daf;9cdb56c7c1024204c3fc2087b6e9870bda0a6176,,
Xin Gao,66df6f1ecbd79cc439e836da07b13d2e3b734daf;74bb8f44d963dda6cba41fd7e5f89fd9654529aa;9cdb56c7c1024204c3fc2087b6e9870bda0a6176,,
Pingsheng Jiang,66df6f1ecbd79cc439e836da07b13d2e3b734daf,,
Xu Qian,66df6f1ecbd79cc439e836da07b13d2e3b734daf,,
Jie Cao,7f5bf037fbc8427ed30db78b20bb301255637c31,,
Qijie Zou,7f5bf037fbc8427ed30db78b20bb301255637c31,,
Xin Ning,7f5bf037fbc8427ed30db78b20bb301255637c31,,
Zhen Wang,7f5bf037fbc8427ed30db78b20bb301255637c31;6526b69c1a527a46da195b6e79fc00dcbb5d8334;e1b03b050240e6a6c710eb11193f97b8c07a461c,,
Gang Wang,7f5bf037fbc8427ed30db78b20bb301255637c31;cc86713f40a34b62aeea625230e2995295eece86,,
Xiaofeng Wang,7dd480c7954f163c030c6c56778a6372ed4730ec;db79931458fc4ea5361cc7e64f3063b1a1b3210e,,
Rentao Yang,7dd480c7954f163c030c6c56778a6372ed4730ec,,
Zhize Wu,7dd480c7954f163c030c6c56778a6372ed4730ec,,
Lingma Sun,7dd480c7954f163c030c6c56778a6372ed4730ec,,
Jiashan Liu,7dd480c7954f163c030c6c56778a6372ed4730ec,,
Le Zou,7dd480c7954f163c030c6c56778a6372ed4730ec,,
Xiaoyang Shen,f4f201b160b568caa95417bdb5904883efe6910c;721c7db7f5cdaa9894da49d0ef3ad824b2cdeef9;406eb95f07c669b7854b362e9ca467d772c469d3,,
Haibin Li,f4f201b160b568caa95417bdb5904883efe6910c;721c7db7f5cdaa9894da49d0ef3ad824b2cdeef9;406eb95f07c669b7854b362e9ca467d772c469d3,,
Yaqian Li,f4f201b160b568caa95417bdb5904883efe6910c;721c7db7f5cdaa9894da49d0ef3ad824b2cdeef9;406eb95f07c669b7854b362e9ca467d772c469d3,,
Wenming Zhang,f4f201b160b568caa95417bdb5904883efe6910c;721c7db7f5cdaa9894da49d0ef3ad824b2cdeef9;406eb95f07c669b7854b362e9ca467d772c469d3,,
He Xiao,1bd0a409568b7214f8c20dc8046baff150a7be89;89632ceab7cb79c1e9b683c4036669c00ac997cb;08dfdabca3e90170cc62924486b8dbe2ec9ef866;7aaf9d1ef4891f70aa25aaa073857ac699c4f48f,,
Jian Weng,bf7e12cad1af19cf9ff0b899b7857ac68e4346bd,,
Xu Wang,bf7e12cad1af19cf9ff0b899b7857ac68e4346bd,,
Jianmin Jiang,bf7e12cad1af19cf9ff0b899b7857ac68e4346bd,,
Yimeng Xia,d1d1cb5fc148fd7f89319bda766df17b8d12b284,,
Yuanmei Wang,d1d1cb5fc148fd7f89319bda766df17b8d12b284,,
Sheng Liu,d1d1cb5fc148fd7f89319bda766df17b8d12b284,,
Tao Li,d1d1cb5fc148fd7f89319bda766df17b8d12b284,,
Haoyang Tang,6b43f420428303c923033f3a956a66ce8d9f6a48,,
Xinyu Liu,6b43f420428303c923033f3a956a66ce8d9f6a48,,
Yanhong Li,6b43f420428303c923033f3a956a66ce8d9f6a48,,
Xinyue Yao,6b43f420428303c923033f3a956a66ce8d9f6a48,,
Linfeng Fei,1e24ba86592a75b4f045b90171de2fad3b60487b;c4d652597e9996d238524d3ecee7762750667ea2,,
Huanjie Tao,1e24ba86592a75b4f045b90171de2fad3b60487b,,
Yaocong Hu,1e24ba86592a75b4f045b90171de2fad3b60487b,,
Jiun Tian Hoe,1e24ba86592a75b4f045b90171de2fad3b60487b,,
Weipeng Hu,1e24ba86592a75b4f045b90171de2fad3b60487b,,
Yap-Peng Tan,1e24ba86592a75b4f045b90171de2fad3b60487b,,
Yuantao Wang,fbc859aa27414e505f88342b79838a9f0bd94c52;803825f36c2d0d23f75b53388ac9f1d6c11825d0,,
Yuanyao Lu,fbc859aa27414e505f88342b79838a9f0bd94c52;803825f36c2d0d23f75b53388ac9f1d6c11825d0,,
Yongsheng Qiu,fbc859aa27414e505f88342b79838a9f0bd94c52;803825f36c2d0d23f75b53388ac9f1d6c11825d0,,
Yu Luo,60b1af8c1570bf7e9b6562de5e6d023377f0c74d,,
Guoliang Lv,60b1af8c1570bf7e9b6562de5e6d023377f0c74d,,
Jie Ling,60b1af8c1570bf7e9b6562de5e6d023377f0c74d,,
Xiaomin Hu,60b1af8c1570bf7e9b6562de5e6d023377f0c74d,,
Joshua Cho,8443289418f219d112df63b2f32fcbd3d46ff695,,
Sara Aghajanzadeh,8443289418f219d112df63b2f32fcbd3d46ff695;a73a84c642bcc126e3a91942716695a98826a86e;38957f326545d3c24cb04c84c27c69e6aa0ff2a3,,
Zhen Zhu,8443289418f219d112df63b2f32fcbd3d46ff695,,
D. Forsyth,8443289418f219d112df63b2f32fcbd3d46ff695,,
Laraib Zainab,7e99518616703d8e193df6d80aca6ad78f57289b,,
H. Afzal,7e99518616703d8e193df6d80aca6ad78f57289b,,
Khawir Mahmood,7e99518616703d8e193df6d80aca6ad78f57289b,,
Omar Arif,7e99518616703d8e193df6d80aca6ad78f57289b,,
Zhaokang Ji,5c7b2a9b70ff59e4d99877823e8d508175648d10,,
Tao Liu,5c7b2a9b70ff59e4d99877823e8d508175648d10,,
Ping Zhang,5c7b2a9b70ff59e4d99877823e8d508175648d10,,
Jingxi Liao,2031c884326b1d4c0d5801513af949c814828d3c,,
Shijie Hao,2031c884326b1d4c0d5801513af949c814828d3c;0ac5a12a3edafd2dd732ef52d88567094b86c47a;291f85f8f93d4378c92a239ad3716d3b1b2eee7f,,
Tian Gao,a39946648bede4a4788e185352b73da77138eaf3,,
Peilin Tao,a39946648bede4a4788e185352b73da77138eaf3,,
J. P. Tomas,bc2de31b9489005844b0b0c6aabe34b169ed2853,,
C. A. D. Dela Cruz,bc2de31b9489005844b0b0c6aabe34b169ed2853,,
E. G. M. Domingo,bc2de31b9489005844b0b0c6aabe34b169ed2853,,
Mia B. Enciso,bc2de31b9489005844b0b0c6aabe34b169ed2853,,
B. Doma,bc2de31b9489005844b0b0c6aabe34b169ed2853,,
Qi Sun,7c264b974532aff39709bcf468ef442b59bf8fd2,,
Rui Chang,8ea7114fb79c7fe51e4d692e08ddfb13718c3848,,
Yao Qian,8ea7114fb79c7fe51e4d692e08ddfb13718c3848,,
Haojie Tang,8ea7114fb79c7fe51e4d692e08ddfb13718c3848,,
Chia-Hsien Lin,4173308755023f15eb02c449dd0ddefac7bb7220,,
G. Peng,4173308755023f15eb02c449dd0ddefac7bb7220,,
C. Lin,4173308755023f15eb02c449dd0ddefac7bb7220,,
Suhas Srinath,1fe7060189b8f55c11d512531d33682e4d2392ac,,
A. Chandrasekar,1fe7060189b8f55c11d512531d33682e4d2392ac,,
Hemang Jamadagni,1fe7060189b8f55c11d512531d33682e4d2392ac,,
R. Soundararajan,1fe7060189b8f55c11d512531d33682e4d2392ac;789bb24875fdd971c659edb32ead3b9499574c54;55cb27032405c5105542ff094e95ba41b9ad6c26;81dafff94bd1bd5c714a2cc46705dec6255f09ad;6c7b45948cc6a3673f6b81ed8499187fd99d30e4,,
AP Prathosh,1fe7060189b8f55c11d512531d33682e4d2392ac,,
Junhao Zhang,f237d90bf7fc1453b84bc066c9a4344b153fc6bb,,
Liang Chang,f237d90bf7fc1453b84bc066c9a4344b153fc6bb,,
Zhe Wu,73d236cb58be36fae351d935bc7d81cee52e378b,,
Zehua Sheng,73d236cb58be36fae351d935bc7d81cee52e378b,,
Xue Zhang,73d236cb58be36fae351d935bc7d81cee52e378b,,
Sixi Cao,73d236cb58be36fae351d935bc7d81cee52e378b,,
Runmin Zhang,73d236cb58be36fae351d935bc7d81cee52e378b,,
Beinan Yu,73d236cb58be36fae351d935bc7d81cee52e378b,,
Chenghao Zhang,73d236cb58be36fae351d935bc7d81cee52e378b,,
Bailin Yang,73d236cb58be36fae351d935bc7d81cee52e378b,,
Hui Shen,73d236cb58be36fae351d935bc7d81cee52e378b,,
Zhuo Li,1e69a89c9e25c49246bc7b791b3e160eda494540,,
Xiao'er Li,1e69a89c9e25c49246bc7b791b3e160eda494540,,
Jiangli Shi,1e69a89c9e25c49246bc7b791b3e160eda494540;1fad5d24594230050df5375849b1fb6b82ac5fc2,,
Feng Shao,1e69a89c9e25c49246bc7b791b3e160eda494540;22d65d9f9a43c9ef709bd800c6039e28ab45b1a5;1fad5d24594230050df5375849b1fb6b82ac5fc2,,
Yunfei Bai,a87b1d59124e1724d12c96abbfc7bf712b012701,,
Chang Liu,a87b1d59124e1724d12c96abbfc7bf712b012701,,
Rui Yang,a87b1d59124e1724d12c96abbfc7bf712b012701;ce3b6388ce3f797c03d1aec7d5738cfaa410376f,,
Xiaomao Li,a87b1d59124e1724d12c96abbfc7bf712b012701,,
Kui Jiang,f0da348a4c4bdcd46a9f609025e84d3d0bcd6227;fde1f92e6119cdd285eb70e08a489e098f457289;4b04338ace0331af97392029aca6cb6203da9411;50b0c71a317d450330a36dac8ed962da10022399,,
Ruoxi Wang,f0da348a4c4bdcd46a9f609025e84d3d0bcd6227,,
Yi Xiao,f0da348a4c4bdcd46a9f609025e84d3d0bcd6227,,
Junjun Jiang,f0da348a4c4bdcd46a9f609025e84d3d0bcd6227;4cdf30bb87f654317c327487209da9f2a6b8c7cc;4b04338ace0331af97392029aca6cb6203da9411,,
Xin Xu,f0da348a4c4bdcd46a9f609025e84d3d0bcd6227;99df19b0f791b6a713e3e391813187e48f55f66d;a306601eebec19a298ecf091e93c122b8285ce6d,,
Tao Lu,f0da348a4c4bdcd46a9f609025e84d3d0bcd6227,,
Jingchun Zhan,51c24527068e122e9b9980f383ea27f2aa464d13,,
Eg Su Goh,51c24527068e122e9b9980f383ea27f2aa464d13,,
M. S. Sunar,51c24527068e122e9b9980f383ea27f2aa464d13,,
Qinjie Zhou,3ec3230ceef6776daf2bab9087ebe28354ee93e6,,
Wei Shao,3ec3230ceef6776daf2bab9087ebe28354ee93e6,,
Student Member Ieee Cheuk-Yiu Chan,6fe9aa2ce159c2fb8ff754b93abf9f2230b424dd,,
Life Fellow Ieee Wan-Chi Siu,6fe9aa2ce159c2fb8ff754b93abf9f2230b424dd,,
Member Ieee Yuk-Hee Chan,6fe9aa2ce159c2fb8ff754b93abf9f2230b424dd,,
L. F. I. H. Anthony Chan,6fe9aa2ce159c2fb8ff754b93abf9f2230b424dd,,
Mingbo Hong,c5d430d24c9fcdc14536d381f06f452c10135c3f,,
Shen Cheng,c5d430d24c9fcdc14536d381f06f452c10135c3f,,
Haibin Huang,c5d430d24c9fcdc14536d381f06f452c10135c3f,,
Haoqiang Fan,c5d430d24c9fcdc14536d381f06f452c10135c3f,,
Shuaicheng Liu,c5d430d24c9fcdc14536d381f06f452c10135c3f;7534645cceb13394fe2298d573401e40c913b70d,,
Burak Ercan,62d8dd07ca185034107388c60e3d17b1c9b1334e,,
Sheng Xu,adac4ffe16937fee00a3b296e30561c9c3f1d61b,,
Yanjing Li,adac4ffe16937fee00a3b296e30561c9c3f1d61b,,
Chuanjian Liu,adac4ffe16937fee00a3b296e30561c9c3f1d61b,,
Baochang Zhang,adac4ffe16937fee00a3b296e30561c9c3f1d61b,,
Hegui Zhu,a0ad5915ba61ae307cc85d32a4bf3d792a2e5e2f;a7819e639ebe52b10bc5fc972ba9f4eb347a70ac;80b7aed63bf99bb52b309c054f8271acae056052,,
Luyang Wang,a0ad5915ba61ae307cc85d32a4bf3d792a2e5e2f;a7819e639ebe52b10bc5fc972ba9f4eb347a70ac,,
Zhan Gao,a0ad5915ba61ae307cc85d32a4bf3d792a2e5e2f,,
Yuelin Liu,a0ad5915ba61ae307cc85d32a4bf3d792a2e5e2f;80b7aed63bf99bb52b309c054f8271acae056052,,
Xianjun Han,8316aa8637b125a274534f305d1159b314e35e4b,,
Taoli Bao,8316aa8637b125a274534f305d1159b314e35e4b,,
Hongyu Yang,8316aa8637b125a274534f305d1159b314e35e4b,,
Yunlong Lin,cd520701e8816f67ccbb0dddfef494906c768e32;dbd742492c4ac3358e55281b29a5dfdd77c28619,,
Zhenqi Fu,cd520701e8816f67ccbb0dddfef494906c768e32;dbd742492c4ac3358e55281b29a5dfdd77c28619;d61724f51b33e52e434a66f69b3b20f5a92b61ed,,
Kairun Wen,cd520701e8816f67ccbb0dddfef494906c768e32,,
Tian Ye,cd520701e8816f67ccbb0dddfef494906c768e32;dbd742492c4ac3358e55281b29a5dfdd77c28619,,
Sixiang Chen,cd520701e8816f67ccbb0dddfef494906c768e32;dbd742492c4ac3358e55281b29a5dfdd77c28619,,
Ge Meng,cd520701e8816f67ccbb0dddfef494906c768e32,,
Yingying Wang,cd520701e8816f67ccbb0dddfef494906c768e32;dbd742492c4ac3358e55281b29a5dfdd77c28619,,
Yue Huang,cd520701e8816f67ccbb0dddfef494906c768e32;d61724f51b33e52e434a66f69b3b20f5a92b61ed,,
Xiaotong Tu,cd520701e8816f67ccbb0dddfef494906c768e32;d61724f51b33e52e434a66f69b3b20f5a92b61ed,,
Xinghao Ding,cd520701e8816f67ccbb0dddfef494906c768e32;dbd742492c4ac3358e55281b29a5dfdd77c28619;d61724f51b33e52e434a66f69b3b20f5a92b61ed,,
Wei Zhao,cc3e28b9adad86cf5352aa346ec1cd767f6adde0,,
Xuejing Chen,cc3e28b9adad86cf5352aa346ec1cd767f6adde0,,
Li Yang,cc3e28b9adad86cf5352aa346ec1cd767f6adde0,,
Man Zhou,cc3e28b9adad86cf5352aa346ec1cd767f6adde0;b6f811568a3d46afa22d4aba47f46a13e04731cb;258d49edb97b80237b66c540df91b70abe2f985b;4b688c486f2b223212682fd2b3f72cc0caa94b1b;f330e64b263af1c0631418619fd130e9a2314525,,
Zongyao Liu,d8430c6a33f9d3824250bb7540d1d86d7fab2a28,,
Weiwei Kong,d8430c6a33f9d3824250bb7540d1d86d7fab2a28,,
Yonglong Jiang,a2e81e5fec7faa9611519dc1589dc6ea04a453b1;718da40b0c22fcce6d4f7dc7df1e021a8563cb78,,
Jiahe Zhu,a2e81e5fec7faa9611519dc1589dc6ea04a453b1,,
Liangliang Li,a2e81e5fec7faa9611519dc1589dc6ea04a453b1,,
Hongbing Ma,a2e81e5fec7faa9611519dc1589dc6ea04a453b1;718da40b0c22fcce6d4f7dc7df1e021a8563cb78,,
Jinhong He,14abe8b55078629a9df950400170cec7e89adc9a;4cadf40ef9a0feb0ff04d952fc0feca6fcaabd20,,
Minglong Xue,14abe8b55078629a9df950400170cec7e89adc9a;4cadf40ef9a0feb0ff04d952fc0feca6fcaabd20,,
Wenhai Wang,14abe8b55078629a9df950400170cec7e89adc9a;4cadf40ef9a0feb0ff04d952fc0feca6fcaabd20,,
Mingliang Zhou,14abe8b55078629a9df950400170cec7e89adc9a;4cadf40ef9a0feb0ff04d952fc0feca6fcaabd20,,
Jingsi Zhang,68ca72861531e1993b7c318d71a04f571d48c5a3,,
Xiaosheng Yu,68ca72861531e1993b7c318d71a04f571d48c5a3,,
Zhixin Dong,68ca72861531e1993b7c318d71a04f571d48c5a3,,
Chengdong Wu,68ca72861531e1993b7c318d71a04f571d48c5a3,,
Baoliang Chen,6ffe412d303705239835a6b49ba5c191e61fe24b;3ced108a14812f54d17b2bd773e59fde6cb1bac5;3ac173213b682e01f554d0e48431608494acaf68;c5d34758d3e2b9d3a1f222cba5b661ab072035e2,,
Peilin Chen,6ffe412d303705239835a6b49ba5c191e61fe24b,,
Kanghao Chen,17489be469deca5718217f25d9550aa1c9c56d7e;8499ad0e3d4a00ec9d8e58756fa90db5f148a028,,
Guoqiang Liang,17489be469deca5718217f25d9550aa1c9c56d7e;8499ad0e3d4a00ec9d8e58756fa90db5f148a028,,
Yunfan Lu,17489be469deca5718217f25d9550aa1c9c56d7e,,
Hangyu Li,17489be469deca5718217f25d9550aa1c9c56d7e,,
Chengqi Dong,bd1f29a11de077284838d284cf21c5305aa71b6b,,
Zhiyuan Cao,bd1f29a11de077284838d284cf21c5305aa71b6b,,
Tuoshi Qi,bd1f29a11de077284838d284cf21c5305aa71b6b,,
Kexin Wu,bd1f29a11de077284838d284cf21c5305aa71b6b,,
Yixing Gao,bd1f29a11de077284838d284cf21c5305aa71b6b,,
Fan Tang,bd1f29a11de077284838d284cf21c5305aa71b6b,,
Ye Yu,0ccb8d9ead57a908f247cd0b2d9b57429ec60770,,
Fengxin Chen,0ccb8d9ead57a908f247cd0b2d9b57429ec60770,,
Jun Yu,0ccb8d9ead57a908f247cd0b2d9b57429ec60770,,
Zhen Kan,0ccb8d9ead57a908f247cd0b2d9b57429ec60770,,
Taewoo Kim,5f635d114a1b61b1fdcb15c882aea0ac0b6c72fe,,
Jaeseok Jeong,5f635d114a1b61b1fdcb15c882aea0ac0b6c72fe,,
Hoonhee Cho,5f635d114a1b61b1fdcb15c882aea0ac0b6c72fe,,
Yuhwan Jeong,5f635d114a1b61b1fdcb15c882aea0ac0b6c72fe,,
Kuk-Jin Yoon,5f635d114a1b61b1fdcb15c882aea0ac0b6c72fe;99ea0553cdc5b1b74a421f50a72006569463d8a0,,
Chenjie Zhang,757ccd22e43bc6fdccfddf94266f3dcb5d856113,,
Jialu Li,757ccd22e43bc6fdccfddf94266f3dcb5d856113,,
Hanping Hu,757ccd22e43bc6fdccfddf94266f3dcb5d856113,,
Xuemei Bai,757ccd22e43bc6fdccfddf94266f3dcb5d856113,,
Hanwei Zhu,3ced108a14812f54d17b2bd773e59fde6cb1bac5;3ac173213b682e01f554d0e48431608494acaf68,,
Zhangkai Ni,3ced108a14812f54d17b2bd773e59fde6cb1bac5;3e2329282ea1ecc099c79480f125b569257a0906,,
Qi Mao,3ced108a14812f54d17b2bd773e59fde6cb1bac5,,
Reman Kumar,37bbf33fceb92290a333d32df87a8d1604a0fc19,,
Linlin Hu,0ac5a12a3edafd2dd732ef52d88567094b86c47a,,
Ao Sun,0ac5a12a3edafd2dd732ef52d88567094b86c47a,,
Richang Hong,0ac5a12a3edafd2dd732ef52d88567094b86c47a,,
Meng Wang,0ac5a12a3edafd2dd732ef52d88567094b86c47a,,
Eashan Adhikarla,f4a19e007b7ee8553413ca018d94b2195b1c9a4c,,
Gong Chen,f4a19e007b7ee8553413ca018d94b2195b1c9a4c,,
John Nicholson,f4a19e007b7ee8553413ca018d94b2195b1c9a4c,,
Brian D. Davison,f4a19e007b7ee8553413ca018d94b2195b1c9a4c,,
Yiming Zhou,ac3f2f70ae5853d82dd08a4950c9d169a576e5b9,,
Callen MacPhee,ac3f2f70ae5853d82dd08a4950c9d169a576e5b9;157dba30d6496a003c537338850938bd67015548,,
Wesley Gunawan,ac3f2f70ae5853d82dd08a4950c9d169a576e5b9,,
A. Farahani,ac3f2f70ae5853d82dd08a4950c9d169a576e5b9,,
Bahram Jalali,ac3f2f70ae5853d82dd08a4950c9d169a576e5b9,,
Sheng Ye,138e34501e97f13ba1bd137efa50bf9952819852,,
Zhen-Hui Dong,138e34501e97f13ba1bd137efa50bf9952819852,,
Yubin Hu,138e34501e97f13ba1bd137efa50bf9952819852,,
Yu-Hui Wen,138e34501e97f13ba1bd137efa50bf9952819852,,
Yong-Jin Liu,138e34501e97f13ba1bd137efa50bf9952819852,,
Zhihao Zheng,f71ffa51c5c62420ccedc323353188fff40ca3d0,,
Mooi Choo Choo Chuah,f71ffa51c5c62420ccedc323353188fff40ca3d0,,
Jiale Chen,ee154e5a6906ecae7138b664f1d96cfbcdc9e449,,
Qiusheng Lian,ee154e5a6906ecae7138b664f1d96cfbcdc9e449,,
Dan Zhang,ee154e5a6906ecae7138b664f1d96cfbcdc9e449,,
Yuchi Yang,ee154e5a6906ecae7138b664f1d96cfbcdc9e449,,
Sen Li,be5af6dbd1a138edf26f180ad7a1e1b20c4d2925,,
Xiaohua Cao,be5af6dbd1a138edf26f180ad7a1e1b20c4d2925,,
Zhigang Zhou,be5af6dbd1a138edf26f180ad7a1e1b20c4d2925,,
Li-qiong Chen,e28a2008c524b93407357b401d596842851d927b,,
Rui Xue,543c8d486ccc6bb8e084f12eb1539fe417b6ac30,,
Jialu Duan,543c8d486ccc6bb8e084f12eb1539fe417b6ac30,,
Zhengwei Du,543c8d486ccc6bb8e084f12eb1539fe417b6ac30,,
Yuwei Yin,5716a42ef706dcb6ad12c34fca4ec688a053baba,,
Miao Liu,5716a42ef706dcb6ad12c34fca4ec688a053baba,,
Renjie Yang,5716a42ef706dcb6ad12c34fca4ec688a053baba,,
Yuanzhong Liu,5716a42ef706dcb6ad12c34fca4ec688a053baba,,
D. Rowlands,63359f93a81ac201778924f4f5185bd01f986688,,
Graham D. Finlayson,63359f93a81ac201778924f4f5185bd01f986688,,
Shengjun Xu,0f05bb3f445aad94d36d62117c123813bd329b51,,
Chi Nan,0f05bb3f445aad94d36d62117c123813bd329b51,,
Huan Yang,0f05bb3f445aad94d36d62117c123813bd329b51,,
Jingzhi Ouyang,4c8bc85c4110461efc4eb09af9ad2b44f7f69f08,,
Keya Huang,4c8bc85c4110461efc4eb09af9ad2b44f7f69f08,,
Wenhao Chai,dbd742492c4ac3358e55281b29a5dfdd77c28619,,
Zhaohu Xing,dbd742492c4ac3358e55281b29a5dfdd77c28619,,
Lei Zhu,dbd742492c4ac3358e55281b29a5dfdd77c28619,,
Linxin Zhang,ed1a1e556e3c685e2c8a07da244c80667dbdf610,,
Xianglong Chen,ed1a1e556e3c685e2c8a07da244c80667dbdf610,,
Jinsheng Liu,ed1a1e556e3c685e2c8a07da244c80667dbdf610,,
Tao Yan,ed1a1e556e3c685e2c8a07da244c80667dbdf610,,
Keyi Li,2dde243299bb4cbc05470254ee30e83cf70d781b,,
Zongshou Wei,2dde243299bb4cbc05470254ee30e83cf70d781b,,
Han Zhou,7534645cceb13394fe2298d573401e40c913b70d,,
Wei Dong,7534645cceb13394fe2298d573401e40c913b70d,,
Xiaohong Liu,7534645cceb13394fe2298d573401e40c913b70d;89c966eda932d8182bd2033bd6a2fb232d4e6e7a;4f90e5d708e3a9c1c02b3fd7af184e9889d813ac;963e564405b948ebb77a24e0f1e5e8bda10acfc8;70ddb64e489c8a602ff75bb586e82610d023f793;097a500b7c22a9b13b16272982627f03c8a295ed,,
Xiongkuo Min,7534645cceb13394fe2298d573401e40c913b70d;963e564405b948ebb77a24e0f1e5e8bda10acfc8;097a500b7c22a9b13b16272982627f03c8a295ed;26ebc50e2aada008b5683c6f30e9d4b20b8c5c59,,
Guangtao Zhai,7534645cceb13394fe2298d573401e40c913b70d;89c966eda932d8182bd2033bd6a2fb232d4e6e7a;963e564405b948ebb77a24e0f1e5e8bda10acfc8;70ddb64e489c8a602ff75bb586e82610d023f793;097a500b7c22a9b13b16272982627f03c8a295ed;26ebc50e2aada008b5683c6f30e9d4b20b8c5c59,,
Vivek Deshmukh,c4c6fa4b3c7999cd9d8c55bedbb6328d401fafba,,
A. Dukre,c4c6fa4b3c7999cd9d8c55bedbb6328d401fafba,,
Ashutosh Kulkarni,c4c6fa4b3c7999cd9d8c55bedbb6328d401fafba,,
Prashant W. Patil,c4c6fa4b3c7999cd9d8c55bedbb6328d401fafba,,
Santosh Kumar Vipparthi,c4c6fa4b3c7999cd9d8c55bedbb6328d401fafba,,
Subrahmanyam Murala,c4c6fa4b3c7999cd9d8c55bedbb6328d401fafba,,
A. Gonde,c4c6fa4b3c7999cd9d8c55bedbb6328d401fafba,,
Haiyan Jin,04ada684161f99e2a1c237887f68561dee92ac73,,
Fengyuan Zuo,04ada684161f99e2a1c237887f68561dee92ac73,,
Haonan Su,04ada684161f99e2a1c237887f68561dee92ac73,,
Zhaolin Xiao,04ada684161f99e2a1c237887f68561dee92ac73,,
Bin Wang,04ada684161f99e2a1c237887f68561dee92ac73;a660944549b2bfe9d356bf1a308aa4ac5f0cfd4c,,
Yuanlin Zhang,04ada684161f99e2a1c237887f68561dee92ac73,,
Yu Guo,7da6f70ecc09a2ac615d475d82e2a1d747428403;11c52757c7dd3d50fc62fccc7971c6d3894e28d0;a8a230fa18d904176af58ad40aad971543adb0f0;87fd9755ab0b158da51a26974b1619c6e7ab2fe1;427f5e326ed18749425be956d8d159b24003a10a;49d6f4b40b5440f5a603481f91a1ca7390e96bc1;5746980ffaa72c237a9f54fc4f4c5cc67200ce1f;f3f73da45cf960fa3fc1174ac410e5b99bbe112f;cc3b299ea3cca09f0dc20f8157a1bcecc18e464a,,
Yuan Gao,7da6f70ecc09a2ac615d475d82e2a1d747428403;a8a230fa18d904176af58ad40aad971543adb0f0;06209a3580874a97ac930adbfe9eb2b62bcf4766;5de46fbe8d58f164242627a92fe6d71b988e45ca,,
Yuxu Lu,7da6f70ecc09a2ac615d475d82e2a1d747428403;11c52757c7dd3d50fc62fccc7971c6d3894e28d0;87fd9755ab0b158da51a26974b1619c6e7ab2fe1;427f5e326ed18749425be956d8d159b24003a10a;49d6f4b40b5440f5a603481f91a1ca7390e96bc1;5746980ffaa72c237a9f54fc4f4c5cc67200ce1f;f3f73da45cf960fa3fc1174ac410e5b99bbe112f;cc3b299ea3cca09f0dc20f8157a1bcecc18e464a;5de46fbe8d58f164242627a92fe6d71b988e45ca,,
Huilin Zhu,7da6f70ecc09a2ac615d475d82e2a1d747428403,,
Ryan Wen Liu,7da6f70ecc09a2ac615d475d82e2a1d747428403;11c52757c7dd3d50fc62fccc7971c6d3894e28d0;87fd9755ab0b158da51a26974b1619c6e7ab2fe1;49d6f4b40b5440f5a603481f91a1ca7390e96bc1;95d6b205c7f40ffa1d27278214dea3078768e072;cc3b299ea3cca09f0dc20f8157a1bcecc18e464a,,
Shengfeng He,7da6f70ecc09a2ac615d475d82e2a1d747428403,,
Sepideh Khormaeipour,1ee2e797d4bafc6013d87e71a53b58df70bae4ef,,
F. Shakeri,1ee2e797d4bafc6013d87e71a53b58df70bae4ef,,
Ronghui Zhang,c2e9ce7ebc4789a25fc7f1bf666434ea6425c498,,
Jingtao Peng,c2e9ce7ebc4789a25fc7f1bf666434ea6425c498,,
Wanting Gou,c2e9ce7ebc4789a25fc7f1bf666434ea6425c498,,
Yuhang Ma,c2e9ce7ebc4789a25fc7f1bf666434ea6425c498,,
Junzhou Chen,c2e9ce7ebc4789a25fc7f1bf666434ea6425c498,,
Hongyu Hu,c2e9ce7ebc4789a25fc7f1bf666434ea6425c498,,
Weihua Li,c2e9ce7ebc4789a25fc7f1bf666434ea6425c498,,
Guodong Yin,c2e9ce7ebc4789a25fc7f1bf666434ea6425c498,,
Zhiwu Li,c2e9ce7ebc4789a25fc7f1bf666434ea6425c498,,
Cong Zhang,16f5bd6b9a50ae08bc9e42c199881c67f72a98b4,,
Jie Shen,16f5bd6b9a50ae08bc9e42c199881c67f72a98b4,,
Lakshmi Kumari,138d74ccd98541688096bbafd52cb25b2d000c19;765cb21b150a6ce44cd68a3d63a0cb27a754a531,,
Neetu Mittal,138d74ccd98541688096bbafd52cb25b2d000c19;765cb21b150a6ce44cd68a3d63a0cb27a754a531,,
Megha Modi,138d74ccd98541688096bbafd52cb25b2d000c19;765cb21b150a6ce44cd68a3d63a0cb27a754a531,,
Hao Wu,1cc783dd2602b095c02045c45a3a2676434f0328,,
Yanxi Liu,1cc783dd2602b095c02045c45a3a2676434f0328,,
Zhongyang Jin,1cc783dd2602b095c02045c45a3a2676434f0328,,
Yuanjie Zhou,1cc783dd2602b095c02045c45a3a2676434f0328,,
Zijian Yu,1cc0adaa701a077edd3a5b009dcb2ad9797c823a,,
Yangyang Guo,1cc0adaa701a077edd3a5b009dcb2ad9797c823a,,
Liyuan Zhang,1cc0adaa701a077edd3a5b009dcb2ad9797c823a,,
Yi Ding,1cc0adaa701a077edd3a5b009dcb2ad9797c823a,,
Gan Zhang,1cc0adaa701a077edd3a5b009dcb2ad9797c823a,,
Dongyan Zhang,1cc0adaa701a077edd3a5b009dcb2ad9797c823a,,
Xianglong Meng,ac96c7f3cf2d4b18f0b2779dddce3e8361aa203f,,
Jiayan Huang,ac96c7f3cf2d4b18f0b2779dddce3e8361aa203f,,
Zuoyong Li,ac96c7f3cf2d4b18f0b2779dddce3e8361aa203f,,
Chuansheng Wang,ac96c7f3cf2d4b18f0b2779dddce3e8361aa203f,,
Shenghua Teng,ac96c7f3cf2d4b18f0b2779dddce3e8361aa203f,,
Antoni Grau-Saldes,ac96c7f3cf2d4b18f0b2779dddce3e8361aa203f,,
Wenhao Zhang,89632ceab7cb79c1e9b683c4036669c00ac997cb,,
Zongxi Han,c7e424e9f36a9b9e2831beec5198419a274c392b,,
Rong Xie,c7e424e9f36a9b9e2831beec5198419a274c392b,,
Yijie Cai,535149249a303960328e020f20e1fb851b99133f,,
Xuehai Liu,535149249a303960328e020f20e1fb851b99133f,,
Huoxing Li,535149249a303960328e020f20e1fb851b99133f,,
Fei Lu,535149249a303960328e020f20e1fb851b99133f,,
Xinghua Gu,535149249a303960328e020f20e1fb851b99133f,,
Kang Qin,535149249a303960328e020f20e1fb851b99133f,,
Farzaneh Koohestani,73bc98c437c327316b49c8fe9ee5cd8456c6590c,,
Zahra Nabizadeh-ShahrBabak,73bc98c437c327316b49c8fe9ee5cd8456c6590c,,
Nader Karimi,73bc98c437c327316b49c8fe9ee5cd8456c6590c,,
S. Samavi,73bc98c437c327316b49c8fe9ee5cd8456c6590c,,
Hua Wang,c65b73d18022bd95733888c58bfc8713ab9b3518,,
Jianzhong Cao,c65b73d18022bd95733888c58bfc8713ab9b3518;a923cdda361ca3d147494355112d2350e3628382,,
Lei Yang,c65b73d18022bd95733888c58bfc8713ab9b3518,,
Jijiang Huang,c65b73d18022bd95733888c58bfc8713ab9b3518,,
Zhiqiang Yan,f35573beb971d8f3549acf452250e3153c882ab1,,
J. Qian,f35573beb971d8f3549acf452250e3153c882ab1,,
Ji Wu,43e5420583ae03d0421f133a47fe59eada235892,,
Bing Ding,43e5420583ae03d0421f133a47fe59eada235892,,
Beining Zhang,43e5420583ae03d0421f133a47fe59eada235892,,
Jie Ding,43e5420583ae03d0421f133a47fe59eada235892,,
Yuhang Peng,d3c69517243e18db7e017cb9f26dcaa3d7e1031e,,
Xiandong Meng,3ac173213b682e01f554d0e48431608494acaf68,,
Shiyu Huang,4b8401e8f6d43099a1cefda90da315d5d06344e9,,
Zijun Gao,4b8401e8f6d43099a1cefda90da315d5d06344e9,,
Jue Wang,4b8401e8f6d43099a1cefda90da315d5d06344e9;52373fbe5accece0f72b8e28f52a0dda7513e70d;9eef368b54747ce95fd48fe48a3e20bbeb4a5379,,
Bo Li,4b8401e8f6d43099a1cefda90da315d5d06344e9;fcd0287b91d3d878d97453ade8276dbd3fb1653b;52373fbe5accece0f72b8e28f52a0dda7513e70d;9eef368b54747ce95fd48fe48a3e20bbeb4a5379,,
Ruiyao Wang,af65cddbb918657abddcd25177d73f9e5f593ca2,,
Rajamohan Parthasarathy,af65cddbb918657abddcd25177d73f9e5f593ca2,,
Muhammet Nuri Dudak,30d5e63de8ee196b99f95ce187a288cb2b56280a,,
Büşra Söylemez,30d5e63de8ee196b99f95ce187a288cb2b56280a;8284839ad130ff6f803f37e8292fe4c3abad6b9c,,
S. Çiftçi,30d5e63de8ee196b99f95ce187a288cb2b56280a;8284839ad130ff6f803f37e8292fe4c3abad6b9c,,
Tianhao Peng,01daa23b1cdce9b9043a9db9a943bb29b049efb7,,
Chen Feng,01daa23b1cdce9b9043a9db9a943bb29b049efb7,,
Duolikun Danier,01daa23b1cdce9b9043a9db9a943bb29b049efb7,,
David R. Bull,01daa23b1cdce9b9043a9db9a943bb29b049efb7,,
Wenxuan Liu,fde1f92e6119cdd285eb70e08a489e098f457289,,
Xuemei Jia,fde1f92e6119cdd285eb70e08a489e098f457289,,
Yihao Ju,fde1f92e6119cdd285eb70e08a489e098f457289,,
Yakun Ju,fde1f92e6119cdd285eb70e08a489e098f457289,,
Shifeng Wu,fde1f92e6119cdd285eb70e08a489e098f457289,,
Luo Zhong,fde1f92e6119cdd285eb70e08a489e098f457289,,
Xian Zhong,fde1f92e6119cdd285eb70e08a489e098f457289,,
Qikang Deng,c645d41fd14d747d9446dddac7d3268bb58fdd45;02e7e508eed1f8f7c29e01a9186d8a21a68c1c45,,
DongWon Choo,c645d41fd14d747d9446dddac7d3268bb58fdd45;02e7e508eed1f8f7c29e01a9186d8a21a68c1c45,,
H. Ji,c645d41fd14d747d9446dddac7d3268bb58fdd45,,
Dohoon Lee,c645d41fd14d747d9446dddac7d3268bb58fdd45;02e7e508eed1f8f7c29e01a9186d8a21a68c1c45,,
Xinxin Wang,dde611bfff032d9f5556b48845f464a56b11277c,,
Ru Yi,dde611bfff032d9f5556b48845f464a56b11277c,,
Mingyang Sun,dde611bfff032d9f5556b48845f464a56b11277c,,
Zhaozheng Zhang,dde611bfff032d9f5556b48845f464a56b11277c,,
Xunchu Zhou,89c966eda932d8182bd2033bd6a2fb232d4e6e7a;70ddb64e489c8a602ff75bb586e82610d023f793,,
Yunlong Dong,89c966eda932d8182bd2033bd6a2fb232d4e6e7a;963e564405b948ebb77a24e0f1e5e8bda10acfc8;70ddb64e489c8a602ff75bb586e82610d023f793;097a500b7c22a9b13b16272982627f03c8a295ed,,
Tengchuan Kou,89c966eda932d8182bd2033bd6a2fb232d4e6e7a;963e564405b948ebb77a24e0f1e5e8bda10acfc8;097a500b7c22a9b13b16272982627f03c8a295ed,,
Yixuan Gao,89c966eda932d8182bd2033bd6a2fb232d4e6e7a;963e564405b948ebb77a24e0f1e5e8bda10acfc8;70ddb64e489c8a602ff75bb586e82610d023f793;097a500b7c22a9b13b16272982627f03c8a295ed,,
Zicheng Zhang,89c966eda932d8182bd2033bd6a2fb232d4e6e7a,,
Chunyi Li,89c966eda932d8182bd2033bd6a2fb232d4e6e7a,,
Haoning Wu,89c966eda932d8182bd2033bd6a2fb232d4e6e7a;963e564405b948ebb77a24e0f1e5e8bda10acfc8,,
Qiyuan He,1f790b4cb07824dbba80fdf96e07de16c0688021,,
Yuanxiang Li,1f790b4cb07824dbba80fdf96e07de16c0688021,,
Quan Lu,d18c804bbd9925cac059ff3943b6e98865d9b5f9,,
Chengwei Li,d18c804bbd9925cac059ff3943b6e98865d9b5f9,,
Linfei Yin,d18c804bbd9925cac059ff3943b6e98865d9b5f9,,
Marco Cotogni,28ede5678c292a55649fc8064eb03780b9bde80f;adc4675e0b10bf8eb983aadf3cb0965a83c91af8;6db4668fc68ecfdd2c55329fa4bed0d83ec7f491,,
Claudio Cusano,28ede5678c292a55649fc8064eb03780b9bde80f,,
Jiahao Wu,69314b7b8499cb269d040aa33915c1b1e0f9d36f,,
Dandan Zhan,69314b7b8499cb269d040aa33915c1b1e0f9d36f,,
Zhenyu Li,06e73d7ac69babae6dd1cdec219c662849f24192,,
Yuhang Li,b6ed3cc2b0e4cad5e2b0ca7feeada355abef0c0e;80f112fb6858203a2e09ce65d83d8e6f968819a6,,
Chao Wang,b6ed3cc2b0e4cad5e2b0ca7feeada355abef0c0e;f779a1a0d293aca6d753cc4c6d67c1ddbc147899,,
Bing Liang,b6ed3cc2b0e4cad5e2b0ca7feeada355abef0c0e,,
Feifan Cai,b6ed3cc2b0e4cad5e2b0ca7feeada355abef0c0e,,
Youdong Ding,b6ed3cc2b0e4cad5e2b0ca7feeada355abef0c0e;80f112fb6858203a2e09ce65d83d8e6f968819a6,,
Xiujie Cao,643c09cf02d08cfd5b59194d905f6cc364456747,,
Jingjun Yu,643c09cf02d08cfd5b59194d905f6cc364456747,,
Rui Zhao,59b109fa35c29a0de2ec37ad07963e7964a49bf5,,
Meilin Xie,59b109fa35c29a0de2ec37ad07963e7964a49bf5,,
Xubin Feng,59b109fa35c29a0de2ec37ad07963e7964a49bf5,,
Xiuqin Su,59b109fa35c29a0de2ec37ad07963e7964a49bf5,,
Huiming Zhang,59b109fa35c29a0de2ec37ad07963e7964a49bf5,,
Wei Yang,59b109fa35c29a0de2ec37ad07963e7964a49bf5,,
Alok Kumar Tiwari,a55b7dd50bf59d4211e98ce4f1df2a732d4cd6d4,,
M. Pattanaik,a55b7dd50bf59d4211e98ce4f1df2a732d4cd6d4,,
G. Sharma,a55b7dd50bf59d4211e98ce4f1df2a732d4cd6d4,,
Dong Liang,161182018bca245feaf662fbbbf4fab925fb9107,,
Zhengyan Xu,161182018bca245feaf662fbbbf4fab925fb9107,,
Ling Li,161182018bca245feaf662fbbbf4fab925fb9107,,
Mingqiang Wei,161182018bca245feaf662fbbbf4fab925fb9107,,
Songcan Chen,161182018bca245feaf662fbbbf4fab925fb9107,,
Haiyang Jiang,1d8d5b7c9b95d718d8d78e001273d9c798c2f2e1;803825f36c2d0d23f75b53388ac9f1d6c11825d0;a5d043c17ff9b9ae4bd11762bfef27790fada58d,,
Heming Xu,c9ed01a2a4d93c8aef914e730e4996ba5fdfeea3,,
Xintong Liu,c9ed01a2a4d93c8aef914e730e4996ba5fdfeea3,,
Hanwen Zhang,c9ed01a2a4d93c8aef914e730e4996ba5fdfeea3,,
Xiaohe Wu,c9ed01a2a4d93c8aef914e730e4996ba5fdfeea3;02465bd3a371cd40a8d13eda92f9e97f8adeb25b,,
Na Li,a2c2a5d7fcb90227c2dc4ba610ecbb293d66479c,,
Yao Liu,a2c2a5d7fcb90227c2dc4ba610ecbb293d66479c,,
Huaiyao Wang,2a217feb40c0ed047dc4b29d9134e9230e085288,,
Lu Chen,2a217feb40c0ed047dc4b29d9134e9230e085288,,
Zixin Guan,2a217feb40c0ed047dc4b29d9134e9230e085288,,
Hao Zhang,fc7f86c88f2b3f9b23a3c5966c470eb8613f5bf6;8bb4324c831a80f113b4316f3fa0b146c54c741c;7265909b89a644cc5e8358199d2f3b9ab88bf01f;273a4bd1822fea523aeeb50846a506940149e2de,,
Hongmei Jin,fc7f86c88f2b3f9b23a3c5966c470eb8613f5bf6;5d3f0c764497e40f170dfda75b7c22c2da5213b7,,
Zhanli Li,fc7f86c88f2b3f9b23a3c5966c470eb8613f5bf6,,
Aizhong Mi,35a97db1ed260df4071f93252690853675946c04;47f4e14f5353c47028bf3faf1453173162e46049,,
Wenhui Luo,35a97db1ed260df4071f93252690853675946c04;47f4e14f5353c47028bf3faf1453173162e46049,,
Zhanqiang Huo,35a97db1ed260df4071f93252690853675946c04;47f4e14f5353c47028bf3faf1453173162e46049;37a9809cb3d0eb91d2379796f4cf719bcf5b4223,,
K. Shang,f779a1a0d293aca6d753cc4c6d67c1ddbc147899,,
Shuigen Wang,f779a1a0d293aca6d753cc4c6d67c1ddbc147899,,
Yang Zou,6724e07e3a5837c5cc9add00d842c09de7857dc0,,
Xingyuan Li,6724e07e3a5837c5cc9add00d842c09de7857dc0;96e1e100cd3967124d435f84a59f56bee087d992,,
Zhiying Jiang,6724e07e3a5837c5cc9add00d842c09de7857dc0;837b385de43ad6701753d058dbe122a9a7bd416e;ea2aba7ac6a556cb541564af11ae794e5301e518,,
Quan Zheng,dd04c41b5069f89b64f8d46cdd09944ff5b6229f,,
Hao Sun,dd04c41b5069f89b64f8d46cdd09944ff5b6229f,,
Huiyao Xu,dd04c41b5069f89b64f8d46cdd09944ff5b6229f,,
Fanjiang Xu,dd04c41b5069f89b64f8d46cdd09944ff5b6229f,,
Yuwei Zhang,b9c6588dc5165e4dbe9d8796d764d31c1556ed9c,,
Yan Wu,b9c6588dc5165e4dbe9d8796d764d31c1556ed9c,,
Yanming Liu,b9c6588dc5165e4dbe9d8796d764d31c1556ed9c,,
Xinyue Peng,b9c6588dc5165e4dbe9d8796d764d31c1556ed9c,,
Guoyu Zhang,30689949aaaf655a0dcb5d4eb66957c425d93724,,
Ye Tian,30689949aaaf655a0dcb5d4eb66957c425d93724,,
Wenhan Yin,30689949aaaf655a0dcb5d4eb66957c425d93724,,
Change Zheng,30689949aaaf655a0dcb5d4eb66957c425d93724,,
Yingxu Qiao,47f4e14f5353c47028bf3faf1453173162e46049;37a9809cb3d0eb91d2379796f4cf719bcf5b4223,,
Xinghao Wang,343298a89b6938230e2dcfa958ce48293d5db45d,,
Qiang Wang,343298a89b6938230e2dcfa958ce48293d5db45d,,
Yiyang Qu,343298a89b6938230e2dcfa958ce48293d5db45d,,
Fan Yi,343298a89b6938230e2dcfa958ce48293d5db45d,,
Jiayang Yu,343298a89b6938230e2dcfa958ce48293d5db45d,,
Qiuhan Liu,343298a89b6938230e2dcfa958ce48293d5db45d,,
Ruicong Xia,343298a89b6938230e2dcfa958ce48293d5db45d,,
Ziling Xu,343298a89b6938230e2dcfa958ce48293d5db45d,,
Sirong Tong,343298a89b6938230e2dcfa958ce48293d5db45d,,
Jing Ye,a3326d90ef8e0bb00a5532bc65d4ef0270cf19ce;7c1a766f88e9cd95d0a0b6f8ad43c26c88adc8ae;dd6280b57dfadb29e93dd22bbc6ea75384708e35;de4c5dde7a5daf062a37ec1a45d13f1a9a3e1d30,,
Changzhen Qiu,a3326d90ef8e0bb00a5532bc65d4ef0270cf19ce;7c1a766f88e9cd95d0a0b6f8ad43c26c88adc8ae;dd6280b57dfadb29e93dd22bbc6ea75384708e35;de4c5dde7a5daf062a37ec1a45d13f1a9a3e1d30,,
Zhiyong Zhang,a3326d90ef8e0bb00a5532bc65d4ef0270cf19ce;7c1a766f88e9cd95d0a0b6f8ad43c26c88adc8ae;dd6280b57dfadb29e93dd22bbc6ea75384708e35;de4c5dde7a5daf062a37ec1a45d13f1a9a3e1d30,,
Linjie Yang,7c1a766f88e9cd95d0a0b6f8ad43c26c88adc8ae,,
Shuang Yuan,b610179e3c2fb63deb20e08b55f85d3d23e0729c,,
Jinjiang Li,b610179e3c2fb63deb20e08b55f85d3d23e0729c;a1e8a799b8784bb688ff7a823baeaf3a55bea0d9;bb4d60647e9be65b18ebddb8a67298fa12a34d1e;e0e0245a316263915ccd9e53eaa9c0d5be181ac1;7e0e9863a91e6de1a0b9497a18f25ed9c8dd18c6;71761f84fc683fbff8b0ab9c0496c67960c7b9d8;012f4ee91de75071ca943fc46bd61e149f310a89,,
Lu Ren,b610179e3c2fb63deb20e08b55f85d3d23e0729c;a1e8a799b8784bb688ff7a823baeaf3a55bea0d9,,
Zheng Chen,b610179e3c2fb63deb20e08b55f85d3d23e0729c;a1e8a799b8784bb688ff7a823baeaf3a55bea0d9,,
Zhenbing Liu,e6551abe523b4b5c7dcabdde18226395ab592c1a;1b0de22e55b92add718b6b05f99075aa4d2223a5;9c3b52669616cbd41e2932ab384d741130d8276c,,
Yingxin Huang,e6551abe523b4b5c7dcabdde18226395ab592c1a,,
Ruojie Zhang,e6551abe523b4b5c7dcabdde18226395ab592c1a,,
Haoxiang Lu,e6551abe523b4b5c7dcabdde18226395ab592c1a;1b0de22e55b92add718b6b05f99075aa4d2223a5;9c3b52669616cbd41e2932ab384d741130d8276c,,
Wenhao Wang,e6551abe523b4b5c7dcabdde18226395ab592c1a,,
Zhaoyuan Zhang,e6551abe523b4b5c7dcabdde18226395ab592c1a,,
Tengyue Li,aec3c8ebc11830fd62fc97e61798ebae1b0c53d4,,
Shyang-En Weng,b3088d114ebe135ee8d7953eb42f64c4ced914b7,,
S. Miaou,b3088d114ebe135ee8d7953eb42f64c4ced914b7,,
Ricky Christanto,b3088d114ebe135ee8d7953eb42f64c4ced914b7,,
Jin Liu,af69b2bc0192a2b4959e32c57c8ed1eab0173652,,
Bo Wang,af69b2bc0192a2b4959e32c57c8ed1eab0173652,,
Chuanming Wang,af69b2bc0192a2b4959e32c57c8ed1eab0173652;bc786ceae3f1f9ae072d10c76169dac2fc0ce647,,
Ling Wu,281bea068ca7e3446345fd3102bd27569a67c0b5,,
Jun Zhang,281bea068ca7e3446345fd3102bd27569a67c0b5;e5e6eeb44a753e14c580be22ec033c6519b87208;54105be392628ba9f158ee5174ae2d9d544b2804,,
Yiting Wang,0bb1462309d0f9a7f4d5117f592dbc7cbb249d7b;9f490ac5529a7e3a0ee5d5df77add2817f3d6df2,,
Haonan Zhao,0bb1462309d0f9a7f4d5117f592dbc7cbb249d7b;9f490ac5529a7e3a0ee5d5df77add2817f3d6df2,,
Daniel Gummadi,0bb1462309d0f9a7f4d5117f592dbc7cbb249d7b,,
M. Dianati,0bb1462309d0f9a7f4d5117f592dbc7cbb249d7b,,
K. Debattista,0bb1462309d0f9a7f4d5117f592dbc7cbb249d7b;9f490ac5529a7e3a0ee5d5df77add2817f3d6df2,,
Valentina Donzella,0bb1462309d0f9a7f4d5117f592dbc7cbb249d7b;9f490ac5529a7e3a0ee5d5df77add2817f3d6df2,,
Yu Zhang,88a31457e51bb7b23ec860582427297c454721fb;410edab7ceab90a315df3e7f405e1039c3bddd39,,
Shan Jiang,88a31457e51bb7b23ec860582427297c454721fb;410edab7ceab90a315df3e7f405e1039c3bddd39,,
Xiangyun Tang,88a31457e51bb7b23ec860582427297c454721fb;410edab7ceab90a315df3e7f405e1039c3bddd39,,
Piotr Stefański,c47548a2ef73662d1aaba81aca5bbccbc70f25a3,,
Sajid Ullah,c47548a2ef73662d1aaba81aca5bbccbc70f25a3,,
Przemysław Matysik,c47548a2ef73662d1aaba81aca5bbccbc70f25a3,,
Krystyna Rybka,c47548a2ef73662d1aaba81aca5bbccbc70f25a3,,
J. Bright Jose,42816bb24d7ebd999e5b489c6e2a9287b6d641fa,,
R. P. Anto Kumar,42816bb24d7ebd999e5b489c6e2a9287b6d641fa,,
Yinghao Song,53c07a9eed5f07d34e7446357edaad0444b41aa3,,
Hao Ma,53c07a9eed5f07d34e7446357edaad0444b41aa3,,
Bo Yang,53c07a9eed5f07d34e7446357edaad0444b41aa3,,
Yanchun Liang,53c07a9eed5f07d34e7446357edaad0444b41aa3,,
H. Ge,53c07a9eed5f07d34e7446357edaad0444b41aa3,,
Heow Pueh Lee,53c07a9eed5f07d34e7446357edaad0444b41aa3,,
Chunguo Wu,53c07a9eed5f07d34e7446357edaad0444b41aa3,,
Xiaoxi Ge,15f2630e054aae73438abebf5d98c379c06f16a5,,
Kanjian Zhang,15f2630e054aae73438abebf5d98c379c06f16a5,,
Xiangsheng Li,08c3edb77b8869527a335d63d62e8ec86bbc33de,,
Manlu Liu,08c3edb77b8869527a335d63d62e8ec86bbc33de;69f5442492cbd8108db1bc3cd7384483cf01155f,,
Q. Ling,08c3edb77b8869527a335d63d62e8ec86bbc33de,,
Chun-Yi Lin,8d061e8089b9058a6be7b9e08e81f9533f396307,,
Muhamad Amirul Haq,8d061e8089b9058a6be7b9e08e81f9533f396307,,
Jiun-Han Chen,8d061e8089b9058a6be7b9e08e81f9533f396307,,
S. Ruan,8d061e8089b9058a6be7b9e08e81f9533f396307,,
E. Naroska,8d061e8089b9058a6be7b9e08e81f9533f396307,,
Fenghua Zhu,11c52757c7dd3d50fc62fccc7971c6d3894e28d0;a8a230fa18d904176af58ad40aad971543adb0f0,,
Yisheng Lv,11c52757c7dd3d50fc62fccc7971c6d3894e28d0,,
G. Zhou,08dfdabca3e90170cc62924486b8dbe2ec9ef866,,
Yuxiang Hui,8e95f569c88824cf81037837aa5578aec8a061a3,,
Yang Liu,8e95f569c88824cf81037837aa5578aec8a061a3,,
Yaofang Liu,8e95f569c88824cf81037837aa5578aec8a061a3,,
Fan Jia,8e95f569c88824cf81037837aa5578aec8a061a3,,
Jinshan Pan,8e95f569c88824cf81037837aa5578aec8a061a3,,
Raymond H. Chan,8e95f569c88824cf81037837aa5578aec8a061a3,,
Tieyong Zeng,8e95f569c88824cf81037837aa5578aec8a061a3,,
Yaser Abu Awwad,57bd188a43d7da2b209590402bd5aa99fb787241,,
Omer F. Rana,57bd188a43d7da2b209590402bd5aa99fb787241,,
Charith Perera,57bd188a43d7da2b209590402bd5aa99fb787241,,
Seitaro Ono,8dc606911def4954a78817a27a13013579f2af83,,
Yuka Ogino,8dc606911def4954a78817a27a13013579f2af83,,
Takahiro Toizumi,8dc606911def4954a78817a27a13013579f2af83,,
Atsushi Ito,8dc606911def4954a78817a27a13013579f2af83,,
Masato Tsukada,8dc606911def4954a78817a27a13013579f2af83,,
R. Balakrishnan,3fac8c15bdf162f61ed5afe5b0f8439971bde0cf,,
Ruchira Rawat,3fac8c15bdf162f61ed5afe5b0f8439971bde0cf,,
Sathish Kannan,3fac8c15bdf162f61ed5afe5b0f8439971bde0cf,,
W. Pate,3fac8c15bdf162f61ed5afe5b0f8439971bde0cf,,
Harshal Pati,3fac8c15bdf162f61ed5afe5b0f8439971bde0cf,,
S. Rajkumar,3fac8c15bdf162f61ed5afe5b0f8439971bde0cf,,
D. Makwana,eb8dd8e17871392c469826eae8713c3e11a5985f,,
Gayatri S Deshmukh,eb8dd8e17871392c469826eae8713c3e11a5985f,,
Onkar Susladkar,eb8dd8e17871392c469826eae8713c3e11a5985f,,
Sparsh Mittal,eb8dd8e17871392c469826eae8713c3e11a5985f,,
S. R.,eb8dd8e17871392c469826eae8713c3e11a5985f,,
Jiachen Dang,d33b99720363883e745adeba9b078d4d630c9514,,
Xiaohuan Zhang,6526b69c1a527a46da195b6e79fc00dcbb5d8334,,
S. Sony Priya,3e0aec5cfbab04c311abbb3e65c465aaf0afc36b,,
R. Minu,3e0aec5cfbab04c311abbb3e65c465aaf0afc36b,,
Kaidi Wang,3251bb694e36894db161ba552739ac494adbb83a,,
Yuanlin Zheng,3251bb694e36894db161ba552739ac494adbb83a,,
Kaiyang Liao,3251bb694e36894db161ba552739ac494adbb83a,,
Haiwen Liu,3251bb694e36894db161ba552739ac494adbb83a,,
Bangyong Sun,3251bb694e36894db161ba552739ac494adbb83a,,
Xiao Fang,74bb8f44d963dda6cba41fd7e5f89fd9654529aa,,
Baofeng Li,74bb8f44d963dda6cba41fd7e5f89fd9654529aa,,
Feng Zhai,74bb8f44d963dda6cba41fd7e5f89fd9654529aa,,
Yu Qin,74bb8f44d963dda6cba41fd7e5f89fd9654529aa,,
Zhihang Meng,74bb8f44d963dda6cba41fd7e5f89fd9654529aa,,
Jiansheng Lu,74bb8f44d963dda6cba41fd7e5f89fd9654529aa,,
Chun Xiao,74bb8f44d963dda6cba41fd7e5f89fd9654529aa,,
Xueyang Zhong,bd253d46a5f76653623fea4eab514c491131a1ee,,
Haihui Wang,bd253d46a5f76653623fea4eab514c491131a1ee,,
Yanpu Chen,bd253d46a5f76653623fea4eab514c491131a1ee,,
Shanying Zhu,ca39b7afedd3cfedc558ab09a8b92e7a242d31f5;1206c494a6f562a16a82b7eff8b595294361860d,,
Xinping Guan,ca39b7afedd3cfedc558ab09a8b92e7a242d31f5,,
Jiaxin Wu,a923cdda361ca3d147494355112d2350e3628382,,
Haifeng Zhang,a923cdda361ca3d147494355112d2350e3628382,,
Biao Li,a923cdda361ca3d147494355112d2350e3628382,,
Jiaxin Duan,a923cdda361ca3d147494355112d2350e3628382,,
Qianxi Li,a923cdda361ca3d147494355112d2350e3628382,,
Zeyu He,a923cdda361ca3d147494355112d2350e3628382,,
Hao Wang,a923cdda361ca3d147494355112d2350e3628382;963e564405b948ebb77a24e0f1e5e8bda10acfc8,,
Ziteng Cui,c799930bc727d1e891a578dd7001a3d7e1380957;a16a3cd92d147b2caaf41b20aa28b8b36188ae70;a0bd9b23713ed53bc63adab678be2c165a1358f5;ac394ec14017a81e3ddfcfbd518d9bcf7d376f45;07a2c2abc485bc163985ae0a82d53cad5ba38a87;a5ea2904ccd93be210053da719c3d26a7f0b0e96,,
Lin Gu,c799930bc727d1e891a578dd7001a3d7e1380957;a16a3cd92d147b2caaf41b20aa28b8b36188ae70;a0bd9b23713ed53bc63adab678be2c165a1358f5;07a2c2abc485bc163985ae0a82d53cad5ba38a87;711fe34e0315f056923b2330f3b96b4c4a7a630b;a5ea2904ccd93be210053da719c3d26a7f0b0e96,,
Xiao Sun,c799930bc727d1e891a578dd7001a3d7e1380957;9cdb56c7c1024204c3fc2087b6e9870bda0a6176;a16a3cd92d147b2caaf41b20aa28b8b36188ae70,,
Xianzheng Ma,c799930bc727d1e891a578dd7001a3d7e1380957,,
Yu Qiao,c799930bc727d1e891a578dd7001a3d7e1380957,,
Tatsuya Harada,c799930bc727d1e891a578dd7001a3d7e1380957;a16a3cd92d147b2caaf41b20aa28b8b36188ae70;a0bd9b23713ed53bc63adab678be2c165a1358f5;a5ea2904ccd93be210053da719c3d26a7f0b0e96,,
Xian Zhang,4f49411957fe84682c2da677c2d832dd6904b4b6,,
Yanfeng Li,4f49411957fe84682c2da677c2d832dd6904b4b6,,
Hanyue Zhang,4f49411957fe84682c2da677c2d832dd6904b4b6,,
Qi Zhou,cc86713f40a34b62aeea625230e2995295eece86,,
Kai Yang,cc86713f40a34b62aeea625230e2995295eece86,,
Zunwang Ke,cc86713f40a34b62aeea625230e2995295eece86,,
Yugui Zhang,cc86713f40a34b62aeea625230e2995295eece86,,
Yizhen Jia,cc86713f40a34b62aeea625230e2995295eece86,,
Fengcai Cao,cc86713f40a34b62aeea625230e2995295eece86,,
Junxiao Ma,cc86713f40a34b62aeea625230e2995295eece86,,
Changlin Liu,cc86713f40a34b62aeea625230e2995295eece86,,
Kaijie Zhang,cc86713f40a34b62aeea625230e2995295eece86,,
Min Wu,cc86713f40a34b62aeea625230e2995295eece86,,
Qiang Wen,c05d4f44ead1df35fff17b6e06f8eeeb668d7b5a,,
Zhefan Rao,c05d4f44ead1df35fff17b6e06f8eeeb668d7b5a,,
Yazhou Xing,c05d4f44ead1df35fff17b6e06f8eeeb668d7b5a,,
Qifeng Chen,c05d4f44ead1df35fff17b6e06f8eeeb668d7b5a;c46503888ad5838ec044f9ca0cf8616d94e43c91,,
Yuanbiao Gou,0c291c421fb11b5b27e2d3526efb2353d88c27a8,,
Haiyu Zhao,0c291c421fb11b5b27e2d3526efb2353d88c27a8,,
Boyun Li,0c291c421fb11b5b27e2d3526efb2353d88c27a8,,
Xinyan Xiao,0c291c421fb11b5b27e2d3526efb2353d88c27a8,,
Xi Peng,0c291c421fb11b5b27e2d3526efb2353d88c27a8,,
Zhipeng Du,77d2914fad72f335708ae8917558ad2d8a30cf9c,,
Miaojing Shi,77d2914fad72f335708ae8917558ad2d8a30cf9c,,
Jiankang Deng,77d2914fad72f335708ae8917558ad2d8a30cf9c,,
Jing Tao,f5ac9f12c7a58c0c48f497ccd6789cbf2d9a59fc,,
Junliang Wang,f5ac9f12c7a58c0c48f497ccd6789cbf2d9a59fc,,
Peng Zhang,f5ac9f12c7a58c0c48f497ccd6789cbf2d9a59fc,,
Kai-Leung Yung,f5ac9f12c7a58c0c48f497ccd6789cbf2d9a59fc,,
Andrew W. H. Ip,f5ac9f12c7a58c0c48f497ccd6789cbf2d9a59fc,,
Hu Yan,44572ecd0b7dc88da5c96ca857ab809dacaed77e,,
Xianfeng Chen,44572ecd0b7dc88da5c96ca857ab809dacaed77e,,
Ziaur Rahman,1680490c18fb88ebb45bc3e2321ccc842fb04c5f;312a2b9a9a2b11fb87f9d83958ab23adfd158f1d;874f1251353f98bd096cade10848c82907aaa1f9;8ce6045cde0169f35c256b003424ab364bcc3e3e,,
M. Aamir,1680490c18fb88ebb45bc3e2321ccc842fb04c5f;874f1251353f98bd096cade10848c82907aaa1f9;8ce6045cde0169f35c256b003424ab364bcc3e3e,,
Zafar Ali,1680490c18fb88ebb45bc3e2321ccc842fb04c5f;312a2b9a9a2b11fb87f9d83958ab23adfd158f1d,,
Abdul Khader Jilani Saudagar,1680490c18fb88ebb45bc3e2321ccc842fb04c5f,,
Abdullah Altameem,1680490c18fb88ebb45bc3e2321ccc842fb04c5f,,
K. Muhammad,1680490c18fb88ebb45bc3e2321ccc842fb04c5f,,
Shaoliang Yang,ff8232aa426d53d90bd083c691218e46257b5ea1;3e83a11fa56f265deda246195c89086119e4cfc6,,
Dongming Zhou,ff8232aa426d53d90bd083c691218e46257b5ea1;5c4338b06355c7d83f74c7d91ae2c12db6e318b0;d5514a59d3721f15d161c26a284f629d8f37f0d5;3e83a11fa56f265deda246195c89086119e4cfc6,,
Weilin Yi,e1b03b050240e6a6c710eb11193f97b8c07a461c,,
Changhui Hu,e1b03b050240e6a6c710eb11193f97b8c07a461c,,
Kun Zhang,1a9d04868074845eb3a38caa5c5807d4b372a2ed,,
Qinghua Li,1a9d04868074845eb3a38caa5c5807d4b372a2ed,,
Kaiyue Liu,1a9d04868074845eb3a38caa5c5807d4b372a2ed,,
Mengyao Zhang,1a9d04868074845eb3a38caa5c5807d4b372a2ed,,
Xuyang Wang,1a9d04868074845eb3a38caa5c5807d4b372a2ed,,
Chao Feng,1a9d04868074845eb3a38caa5c5807d4b372a2ed,,
Yongqiang Chen,ef189445cd5b1aa7b531f81a6366b854a8192d98;c3d9e9aeddfc887c01fcf504d70db15255b23a35,,
Weifeng Liu,ef189445cd5b1aa7b531f81a6366b854a8192d98;c3d9e9aeddfc887c01fcf504d70db15255b23a35,,
Wei He,ef189445cd5b1aa7b531f81a6366b854a8192d98;c3d9e9aeddfc887c01fcf504d70db15255b23a35,,
Haoran Wang,6667597ad1c3310fbbb0afd501fa94103b153e08,,
Zhenglong Li,6667597ad1c3310fbbb0afd501fa94103b153e08,,
Wenyan Cao,6667597ad1c3310fbbb0afd501fa94103b153e08,,
Fujing Zhang,6667597ad1c3310fbbb0afd501fa94103b153e08,,
Yuheng Wang,6667597ad1c3310fbbb0afd501fa94103b153e08,,
Wanjun Zhang,3011f420df87f85d2b477cd66d88b02d87772837,,
Miaohui Zhang,3011f420df87f85d2b477cd66d88b02d87772837,,
Jun Wang,3011f420df87f85d2b477cd66d88b02d87772837,,
Xiaoyun Long,df9fa85d1674879e648e62126743cd8dc1e19841,,
Yong Wang,38d72d1c03f81e0a78802bde3d675e7909f39132;fcd0287b91d3d878d97453ade8276dbd3fb1653b;ace1a6b59b6e7d0579b778757a56f95d9d0a34c6;5e0002dd64849265e97b424c06d19972dee81575,,
Yujuan Han,38d72d1c03f81e0a78802bde3d675e7909f39132;ace1a6b59b6e7d0579b778757a56f95d9d0a34c6,,
Arshiana Shamir,176a31e61a636165362322cc1d070b100f16e8d3,,
N. Park,176a31e61a636165362322cc1d070b100f16e8d3,,
Bumshik Lee,176a31e61a636165362322cc1d070b100f16e8d3,,
Junyu Fan,a1e8a799b8784bb688ff7a823baeaf3a55bea0d9,,
Hui Sze Liew,bb8fcd46ff93316dfc3d79b0fc7a5c015d492d73,,
Y. P. Loh,bb8fcd46ff93316dfc3d79b0fc7a5c015d492d73;e9fdd987df2fd005fa975c1f8c9f6d5119a914c3,,
Simying Ong,bb8fcd46ff93316dfc3d79b0fc7a5c015d492d73,,
Jiafeng Li,93a9ba0330764f84d862cce08da0499f74bd03fa,,
Shuai Hao,93a9ba0330764f84d862cce08da0499f74bd03fa,,
Tianshuo Li,93a9ba0330764f84d862cce08da0499f74bd03fa,,
Li Zhuo,93a9ba0330764f84d862cce08da0499f74bd03fa,,
Jing Zhang,93a9ba0330764f84d862cce08da0499f74bd03fa;46ff67f95be89461ca28654e201fe5f7366a3f65,,
Chaobing Zheng,d0078ff59184a3ca422bbbc16fb76b4a60bb382b,,
Xinjie Wei,940134448d1bc596b2e79a7a1e4ff0653ac2a3ea,,
Kan Chang,940134448d1bc596b2e79a7a1e4ff0653ac2a3ea,,
Guiqing Li,940134448d1bc596b2e79a7a1e4ff0653ac2a3ea;4bd0e86add248cf2cda39b64e26eb1e7ac8a0e01,,
Mengyuan Huang,940134448d1bc596b2e79a7a1e4ff0653ac2a3ea;4bd0e86add248cf2cda39b64e26eb1e7ac8a0e01,,
Qingpao Qin,940134448d1bc596b2e79a7a1e4ff0653ac2a3ea;4bd0e86add248cf2cda39b64e26eb1e7ac8a0e01,,
Chaitra Desai,36694b981f73eb4c96b4a0166afb8fdcdbfd4c98,,
Amogh Joshi,36694b981f73eb4c96b4a0166afb8fdcdbfd4c98,,
Sampada Malagi,36694b981f73eb4c96b4a0166afb8fdcdbfd4c98,,
Chinmayee Mandi,36694b981f73eb4c96b4a0166afb8fdcdbfd4c98,,
Ujwala Patil,36694b981f73eb4c96b4a0166afb8fdcdbfd4c98,,
Jinxiu Liang,f47ec81f6fac8aaca3afb1f109205754d66e1fcd,,
Yixin Yang,f47ec81f6fac8aaca3afb1f109205754d66e1fcd,,
Boyu Li,f47ec81f6fac8aaca3afb1f109205754d66e1fcd,,
Peiqi Duan,f47ec81f6fac8aaca3afb1f109205754d66e1fcd,,
Yong Xu,f47ec81f6fac8aaca3afb1f109205754d66e1fcd,,
Boxin Shi,f47ec81f6fac8aaca3afb1f109205754d66e1fcd;1956f7770663fc45d9035278e39eb14fefcdd76a,,
Zhichao Chen,fda40305a1ad8f88cf2e67795e7edcd7a0e91276,,
Jie Yang,fda40305a1ad8f88cf2e67795e7edcd7a0e91276;2c13ce79922126d33eeab1a40c1e15c8a9d89c2d,,
Chong Yang,fda40305a1ad8f88cf2e67795e7edcd7a0e91276,,
Jun Young Park,1b137a0e5699c2e27eefd17009ddd2b8df4c347c;016675a7392f901a4615b6aef73703b96d03b35f,,
Cheol Woo Park,1b137a0e5699c2e27eefd17009ddd2b8df4c347c,,
I. Eom,1b137a0e5699c2e27eefd17009ddd2b8df4c347c;016675a7392f901a4615b6aef73703b96d03b35f,,
C. Wen,db79931458fc4ea5361cc7e64f3063b1a1b3210e,,
Ting Nie,db79931458fc4ea5361cc7e64f3063b1a1b3210e,,
Mingxuan Li,db79931458fc4ea5361cc7e64f3063b1a1b3210e,,
Liang Huang,db79931458fc4ea5361cc7e64f3063b1a1b3210e,,
Y. Rao,061b8595446b7ac6ae21403a81531de07c94cf17,,
Yuling Yi,061b8595446b7ac6ae21403a81531de07c94cf17,,
O. T. Nartey,061b8595446b7ac6ae21403a81531de07c94cf17,,
Saeed Ullah Jan,061b8595446b7ac6ae21403a81531de07c94cf17,,
Yanzhi Fan,027b0fcd3c0559824ff4cfa47f9d280d9e5d8926,,
Haozhe Jia,027b0fcd3c0559824ff4cfa47f9d280d9e5d8926,,
Xin Wei,027b0fcd3c0559824ff4cfa47f9d280d9e5d8926,,
Qiguo Cao,027b0fcd3c0559824ff4cfa47f9d280d9e5d8926,,
Yingfeng Wang,027b0fcd3c0559824ff4cfa47f9d280d9e5d8926;29a0d3b40d2bf476c87e683c0cbf900118a72cbc,,
Sen Xiang,027b0fcd3c0559824ff4cfa47f9d280d9e5d8926,,
Xiaowei Wei,38bfbfa14c8e90c2080c565e5d6883ad3b2db104,,
Saisai Yu,38bfbfa14c8e90c2080c565e5d6883ad3b2db104,,
Shuqing He,38bfbfa14c8e90c2080c565e5d6883ad3b2db104,,
Jingxiang Qu,a8a230fa18d904176af58ad40aad971543adb0f0;87fd9755ab0b158da51a26974b1619c6e7ab2fe1;cc3b299ea3cca09f0dc20f8157a1bcecc18e464a,,
R. W. Liu,a8a230fa18d904176af58ad40aad971543adb0f0;427f5e326ed18749425be956d8d159b24003a10a;5746980ffaa72c237a9f54fc4f4c5cc67200ce1f;f3f73da45cf960fa3fc1174ac410e5b99bbe112f,,
Fei Wang,a8a230fa18d904176af58ad40aad971543adb0f0,,
Zhenda Yu,9cdb56c7c1024204c3fc2087b6e9870bda0a6176,,
Ran Ju,9cdb56c7c1024204c3fc2087b6e9870bda0a6176,,
G. Uganya,474edb68077a94617570173012fda2e61f2c4dee,,
C. H. S. Devi,474edb68077a94617570173012fda2e61f2c4dee,,
Abhay Chaturvedi,474edb68077a94617570173012fda2e61f2c4dee,,
B. Shankar,474edb68077a94617570173012fda2e61f2c4dee,,
J. V. N. Ramesh,474edb68077a94617570173012fda2e61f2c4dee,,
Ajmeera Kiran,474edb68077a94617570173012fda2e61f2c4dee,,
Naishan Zheng,b6f811568a3d46afa22d4aba47f46a13e04731cb;dd6c5e1e8e1bbb47a8abc93813f5588ad3275400,,
Yanmeng Dong,b6f811568a3d46afa22d4aba47f46a13e04731cb,,
Xiangyu Rui,b6f811568a3d46afa22d4aba47f46a13e04731cb,,
Jie Huang,b6f811568a3d46afa22d4aba47f46a13e04731cb;258d49edb97b80237b66c540df91b70abe2f985b;db295b4bd1ef52f2664ea225d4eee4cf87542aad;dd6c5e1e8e1bbb47a8abc93813f5588ad3275400;4b688c486f2b223212682fd2b3f72cc0caa94b1b;f330e64b263af1c0631418619fd130e9a2314525,,
Chongyi Li,b6f811568a3d46afa22d4aba47f46a13e04731cb;148f6aaf7b3c43945ea16373b2ac31840e0d890b;be3b1b0a2eeddba876580da707105820782672f1;22731d2a9fdb26684f04ad3864b21bf83dd5c03e;35fce9473e1ba34e97e91bcd85e30b6af6cf7ab6;4b688c486f2b223212682fd2b3f72cc0caa94b1b;01968e2a0e7cf056ccf06ff6e18f6fc5105886b9,,
Fengmei Zhao,b6f811568a3d46afa22d4aba47f46a13e04731cb;258d49edb97b80237b66c540df91b70abe2f985b;db295b4bd1ef52f2664ea225d4eee4cf87542aad;dd6c5e1e8e1bbb47a8abc93813f5588ad3275400;f330e64b263af1c0631418619fd130e9a2314525,,
Lixu Zhang,1e4b9fb2efa19a026c644665abfab70c4215508c,,
W. Zuo,1e4b9fb2efa19a026c644665abfab70c4215508c;02465bd3a371cd40a8d13eda92f9e97f8adeb25b,,
Xiaoke Shang,837b385de43ad6701753d058dbe122a9a7bd416e,,
Gehui Li,837b385de43ad6701753d058dbe122a9a7bd416e;ea2aba7ac6a556cb541564af11ae794e5301e518,,
Shaomin Zhang,837b385de43ad6701753d058dbe122a9a7bd416e,,
Nai Ding,837b385de43ad6701753d058dbe122a9a7bd416e,,
Xin-Yue Fan,ea2aba7ac6a556cb541564af11ae794e5301e518;96e1e100cd3967124d435f84a59f56bee087d992;9f184d5bc2ebe2df0483c1cd3d55f88577f7b5f8;e810e493b96bc9c2fb4f40bba568ac2e5235197e,,
Zhen Tian,ac73dc53da782a988f78125785bea3c8334923d1,,
Peixin Qu,ac73dc53da782a988f78125785bea3c8334923d1,,
Jielin Li,ac73dc53da782a988f78125785bea3c8334923d1,,
Yukun Sun,ac73dc53da782a988f78125785bea3c8334923d1,,
Guohou Li,ac73dc53da782a988f78125785bea3c8334923d1,,
Zheng Liang,ac73dc53da782a988f78125785bea3c8334923d1,,
W. Zhang,ac73dc53da782a988f78125785bea3c8334923d1,,
Linshuai Shen,2753e3b0e5ed29a5694976b75ac024ce4c5388c0,,
Weimin Wei,2753e3b0e5ed29a5694976b75ac024ce4c5388c0,,
Tao Chen,2753e3b0e5ed29a5694976b75ac024ce4c5388c0,,
Suresh Tommandru,3a2abefcec3dfd33d6f1ea17f6cf086d140b22ad;e71a83fe0ab89965f79ba48c0741c7ca2c52483c,,
Domnic Sandanam,3a2abefcec3dfd33d6f1ea17f6cf086d140b22ad;e71a83fe0ab89965f79ba48c0741c7ca2c52483c,,
Xiwen Liang,fd636be3bf691d63a7394f5fbb1f81cf018a2f43;2006fc919a3443e0f8cb003f64c921bf4e51eb1d;a4bda0fe52774fca9a6d9f57bb1cf3a090ad3087,,
Keying Ren,fd636be3bf691d63a7394f5fbb1f81cf018a2f43,,
Xia Miao,fd636be3bf691d63a7394f5fbb1f81cf018a2f43,,
Zhihui Chen,fd636be3bf691d63a7394f5fbb1f81cf018a2f43,,
Hossein Shakibania,5b72b515490e0a8b0e48efe52142821812604b50,,
Sina Raoufi,5b72b515490e0a8b0e48efe52142821812604b50,,
H. Khotanlou,5b72b515490e0a8b0e48efe52142821812604b50,,
Wenbo Zhou,1e08bac0be006183efd104693af5011e080672da,,
Guo-Feng Luo,1e08bac0be006183efd104693af5011e080672da,,
S. Bendre,8074a3b01a78034d23db339ca89373693211072f,,
Shovin Kaul,8074a3b01a78034d23db339ca89373693211072f,,
Shubhodiya Ghosh,8074a3b01a78034d23db339ca89373693211072f,,
Sneha Pujari,8074a3b01a78034d23db339ca89373693211072f,,
Deepa Mahajan,8074a3b01a78034d23db339ca89373693211072f,,
Varsha Bendre,8074a3b01a78034d23db339ca89373693211072f,,
Weiran Gou,72040a1cf65787d7236fa49a0550f01ae8c18f0c,,
Ziyao Yi,72040a1cf65787d7236fa49a0550f01ae8c18f0c,,
Yan Xiang,72040a1cf65787d7236fa49a0550f01ae8c18f0c,,
Shaoqing Li,72040a1cf65787d7236fa49a0550f01ae8c18f0c,,
Zibin Liu,72040a1cf65787d7236fa49a0550f01ae8c18f0c,,
Dehui Kong,72040a1cf65787d7236fa49a0550f01ae8c18f0c,,
Ke Xu,72040a1cf65787d7236fa49a0550f01ae8c18f0c,,
Zheng Wu,f5ced410680b9a5070e606ea9765581addfebd3d,,
Kehua Guo,f5ced410680b9a5070e606ea9765581addfebd3d;badaa1e63db1e7581ace5891199d4b8c25043279,,
Liwei Wang,f5ced410680b9a5070e606ea9765581addfebd3d,,
Min Hu,f5ced410680b9a5070e606ea9765581addfebd3d;badaa1e63db1e7581ace5891199d4b8c25043279,,
Sheng Ren,f5ced410680b9a5070e606ea9765581addfebd3d;badaa1e63db1e7581ace5891199d4b8c25043279,,
Wenhao Li,4f90e5d708e3a9c1c02b3fd7af184e9889d813ac,,
Guangyang Wu,4f90e5d708e3a9c1c02b3fd7af184e9889d813ac,,
Wenyi Wang,4f90e5d708e3a9c1c02b3fd7af184e9889d813ac,,
Peiran Ren,4f90e5d708e3a9c1c02b3fd7af184e9889d813ac,,
Tongxu Lin,ba1ad159f8bfa0f9a6b2fe94326c13658e6174d1;83baf7f47df80af97927ac09399a7d37ed6b7daa,,
Guoheng Huang,ba1ad159f8bfa0f9a6b2fe94326c13658e6174d1;83baf7f47df80af97927ac09399a7d37ed6b7daa,,
Xiaochen Yuan,ba1ad159f8bfa0f9a6b2fe94326c13658e6174d1,,
Guo Zhong,ba1ad159f8bfa0f9a6b2fe94326c13658e6174d1,,
Xiaocong Huang,ba1ad159f8bfa0f9a6b2fe94326c13658e6174d1,,
Chi-Man Pun,ba1ad159f8bfa0f9a6b2fe94326c13658e6174d1,,
Xianqiang Lyu,f1cb56a1e715e90e9e5bde84485d5b3f680ea812,,
Junhui Hou,f1cb56a1e715e90e9e5bde84485d5b3f680ea812,,
Xiaoqian Lv,e464ec8421fcdfb43d6f67a6c3fa0d89b2031164;e5e6eeb44a753e14c580be22ec033c6519b87208,,
Shengping Zhang,e464ec8421fcdfb43d6f67a6c3fa0d89b2031164;e5e6eeb44a753e14c580be22ec033c6519b87208,,
Chenyang Wang,e464ec8421fcdfb43d6f67a6c3fa0d89b2031164,,
Weigang Zhang,e464ec8421fcdfb43d6f67a6c3fa0d89b2031164,,
H. Yao,e464ec8421fcdfb43d6f67a6c3fa0d89b2031164,,
Bharat Bhushan Upadhyay,6080a62b313bae259b1aef6e600eae9e667e9533,,
K. Sarawadekar,6080a62b313bae259b1aef6e600eae9e667e9533,,
Haipeng Wang,9ef08479be1df9787f6542a860aedfb1e7316e04,,
Shuai Zhang,9ef08479be1df9787f6542a860aedfb1e7316e04,,
Chaoqun Zhuang,be2b7423d744749572797026fb3318ffc8021f05;1ad1af40d52fbdb5ae9d3972d87e8ddb98618734,,
Yunfei Liu,be2b7423d744749572797026fb3318ffc8021f05;3d49c3cc2c176b634c374bea5cdc36644e4afb30,,
Sijia Wen,be2b7423d744749572797026fb3318ffc8021f05,,
Feng Lu,be2b7423d744749572797026fb3318ffc8021f05;1215a49a50fcb7ca2f2518b246e4b65dd93c5b7f;3d49c3cc2c176b634c374bea5cdc36644e4afb30;01a44aede8e6fba7f7d7a520b79b9fc6ec8d89c7;9342a3f3328419a3574ac665d0cf9d264a7f52b5;75ba306e914aad8f82b27b66ebaacec146e19518;68dec8d0c97827ce1a943152e6620b8e300d568e;3151ee4de6bf67ccba9b29565053720113ffaa85;1ad1af40d52fbdb5ae9d3972d87e8ddb98618734,,
Wenyong Gong,59b0b38fa068a29c0a8cf1bf9f927196257b2ad2,,
Wenzhu Chen,59b0b38fa068a29c0a8cf1bf9f927196257b2ad2,,
Zhongwei Yu,59b0b38fa068a29c0a8cf1bf9f927196257b2ad2,,
Xiaohua Xie,59b0b38fa068a29c0a8cf1bf9f927196257b2ad2,,
Junhao Tian,84cf4cee91148c408593032be37f261214c369fb,,
Jianwei Zhang,84cf4cee91148c408593032be37f261214c369fb,,
W. Ge,ba5744f935523e3fa44fa6dc989f1331ca63aa9d,,
Le Zhang,ba5744f935523e3fa44fa6dc989f1331ca63aa9d,,
Weida Zhan,ba5744f935523e3fa44fa6dc989f1331ca63aa9d,,
Jiale Wang,ba5744f935523e3fa44fa6dc989f1331ca63aa9d,,
Depeng Zhu,ba5744f935523e3fa44fa6dc989f1331ca63aa9d,,
Yang Hong,ba5744f935523e3fa44fa6dc989f1331ca63aa9d,,
Sicong Liu,239a9ab24ee6de059b84a72b7e0fc21ef98181a7;be61c1cbe9fd4168c9c0ba969b47d0840c08b71c,,
Xiaocheng Li,239a9ab24ee6de059b84a72b7e0fc21ef98181a7;be61c1cbe9fd4168c9c0ba969b47d0840c08b71c,,
Zimu Zhou,239a9ab24ee6de059b84a72b7e0fc21ef98181a7;be61c1cbe9fd4168c9c0ba969b47d0840c08b71c,,
Bin Guo,239a9ab24ee6de059b84a72b7e0fc21ef98181a7;be61c1cbe9fd4168c9c0ba969b47d0840c08b71c,,
Yuan Xu,239a9ab24ee6de059b84a72b7e0fc21ef98181a7,,
Zhiwen Yu,239a9ab24ee6de059b84a72b7e0fc21ef98181a7;be61c1cbe9fd4168c9c0ba969b47d0840c08b71c,,
Manish Kumar,d7ccab17a627d32d090c0af4823d6f2e1ce35038,,
Manvi Jha,d7ccab17a627d32d090c0af4823d6f2e1ce35038,,
Tong Liu,d7f4f1935faa3d4f5d98103efd0a2a215d79a030,,
Wenda Xu,d7f4f1935faa3d4f5d98103efd0a2a215d79a030,,
Yufeng Liu,d7f4f1935faa3d4f5d98103efd0a2a215d79a030,,
Siyuan Liu,d7f4f1935faa3d4f5d98103efd0a2a215d79a030,,
Xiaolu Chen,d7f4f1935faa3d4f5d98103efd0a2a215d79a030,,
Xi Yin,eaeed27b6be6886649b3fd5f06085020b9fa031b,,
Zhen Yu,eaeed27b6be6886649b3fd5f06085020b9fa031b,,
Zetao Fei,eaeed27b6be6886649b3fd5f06085020b9fa031b,,
Wen Lv,eaeed27b6be6886649b3fd5f06085020b9fa031b,,
Xinchen Gao,eaeed27b6be6886649b3fd5f06085020b9fa031b,,
Huake Wang,a2dd0ce5e61161e008d36b1b56c4a12842a8c70e,,
Xiaoyang Yan,a2dd0ce5e61161e008d36b1b56c4a12842a8c70e,,
Xingsong Hou,a2dd0ce5e61161e008d36b1b56c4a12842a8c70e,,
Junhui Li,a2dd0ce5e61161e008d36b1b56c4a12842a8c70e,,
Yujie Dun,a2dd0ce5e61161e008d36b1b56c4a12842a8c70e,,
Junchang Wang,df224376c4514ea5f781a4aa104a297054347d23,,
Peng Yang,df224376c4514ea5f781a4aa104a297054347d23,,
Yuansheng Liu,df224376c4514ea5f781a4aa104a297054347d23,,
Duo Shang,df224376c4514ea5f781a4aa104a297054347d23,,
Xin Hui,df224376c4514ea5f781a4aa104a297054347d23,,
Jinho Song,df224376c4514ea5f781a4aa104a297054347d23,,
Xuehui Chen,df224376c4514ea5f781a4aa104a297054347d23,,
Yufei Wang,00aa073b0eec68863a81fbd114886c28efa42f1b;4abede791129ff4eb42b91c9b1091c27f432114d,,
Yi Yu,00aa073b0eec68863a81fbd114886c28efa42f1b,,
Lanqing Guo,00aa073b0eec68863a81fbd114886c28efa42f1b,,
Lap-Pui Chau,00aa073b0eec68863a81fbd114886c28efa42f1b;4abede791129ff4eb42b91c9b1091c27f432114d,,
A. Kot,00aa073b0eec68863a81fbd114886c28efa42f1b;4abede791129ff4eb42b91c9b1091c27f432114d,,
B. Wen,00aa073b0eec68863a81fbd114886c28efa42f1b,,
Jiarui Wang,2c13ce79922126d33eeab1a40c1e15c8a9d89c2d,,
Han-jiao Wang,2c13ce79922126d33eeab1a40c1e15c8a9d89c2d,,
Yu Sun,2c13ce79922126d33eeab1a40c1e15c8a9d89c2d,,
Junhao Chen,0feaf9992a05764f3f1a689ad46757a7ba20cf93,,
Meng Zhang,0feaf9992a05764f3f1a689ad46757a7ba20cf93,,
Bosi Fu,68fc10aa814d2927963f20609117e935c8da7e0c,,
Hongguang Wang,68fc10aa814d2927963f20609117e935c8da7e0c,,
Yong Jiang,68fc10aa814d2927963f20609117e935c8da7e0c,,
Yifeng Song,68fc10aa814d2927963f20609117e935c8da7e0c,,
Naveen Kumar Ashok,ea7a7b44ea7f801475d1d86f198facb2e114bef1,,
S. T. R,ea7a7b44ea7f801475d1d86f198facb2e114bef1,,
Sumit Shekhar,4e7e1a42c0d5a8b6766fa12d2341d3cff7ebb6d2;e99b75a8f607feade9cf820f2fa645a10a6f9063,,
In The,219fc61eacfd11aef565328ca40949a07fda25d1,,
Frequency Domain,219fc61eacfd11aef565328ca40949a07fda25d1,,
Hao Chen,219fc61eacfd11aef565328ca40949a07fda25d1;10c37da65cac06ec4be6ec86af8f42e884b9cd26,,
Sami Ul Rehman,e7b8fa2281f00ccba1f17589f3bf7b3cfa64f58b,,
Ammar Hawbani,e7b8fa2281f00ccba1f17589f3bf7b3cfa64f58b,,
Xingfu Wang,e7b8fa2281f00ccba1f17589f3bf7b3cfa64f58b,,
Muhammad Hamza,e7b8fa2281f00ccba1f17589f3bf7b3cfa64f58b,,
Liang Zhao,e7b8fa2281f00ccba1f17589f3bf7b3cfa64f58b,,
Saeed H. Alsamhi,e7b8fa2281f00ccba1f17589f3bf7b3cfa64f58b,,
Majjed Al-Qatf,e7b8fa2281f00ccba1f17589f3bf7b3cfa64f58b,,
Chu Zhou,1956f7770663fc45d9035278e39eb14fefcdd76a,,
Minggui Teng,1956f7770663fc45d9035278e39eb14fefcdd76a,,
Youwei Lyu,1956f7770663fc45d9035278e39eb14fefcdd76a,,
Si Li,1956f7770663fc45d9035278e39eb14fefcdd76a,,
Chao Xu,1956f7770663fc45d9035278e39eb14fefcdd76a;583bca4bf4378f49e2c54f5a72bd61539cb24615,,
Lanling Zeng,0f308833cd365c09d36e51f290bf3316c2d587df,,
Yucheng Chen,0f308833cd365c09d36e51f290bf3316c2d587df,,
Zhigeng Pan,0f308833cd365c09d36e51f290bf3316c2d587df,,
Wenfeng Huang,751ae8997220dcbe9d24b90dcc23088ff3fb3753,,
Xiangyun Liao,751ae8997220dcbe9d24b90dcc23088ff3fb3753,,
Yinling Qian,751ae8997220dcbe9d24b90dcc23088ff3fb3753,,
W. Jia,751ae8997220dcbe9d24b90dcc23088ff3fb3753,,
Qihan Zhao,1206c494a6f562a16a82b7eff8b595294361860d,,
Chang-Hao Wu,5393dbfbd8444ed60d948df3cd698b2f1cfe686c,,
Jiangxin Dong,5393dbfbd8444ed60d948df3cd698b2f1cfe686c,,
Jinhui Tang,5393dbfbd8444ed60d948df3cd698b2f1cfe686c,,
Fusheng Yu,f30bda8ca6e82a9de253ba797189bd134c55c4df,,
Xiaoping Wang,f30bda8ca6e82a9de253ba797189bd134c55c4df,,
Jiang Li,f30bda8ca6e82a9de253ba797189bd134c55c4df,,
Shaojin Wu,f30bda8ca6e82a9de253ba797189bd134c55c4df,,
Jun-jie Zhang,f30bda8ca6e82a9de253ba797189bd134c55c4df,,
Zhigang Zeng,f30bda8ca6e82a9de253ba797189bd134c55c4df,,
Yongcheng Han,15216cd6148e5f88258c160d7204688941cb9d5b,,
Wenwen Zhang,15216cd6148e5f88258c160d7204688941cb9d5b,,
Weiji He,15216cd6148e5f88258c160d7204688941cb9d5b,,
Yan Yang,d61724f51b33e52e434a66f69b3b20f5a92b61ed;4fb310163e2486690c60c6c4ab863c0da26ad2fc,,
Kai-Kuang Ma,d61724f51b33e52e434a66f69b3b20f5a92b61ed,,
Wei Sun,963e564405b948ebb77a24e0f1e5e8bda10acfc8;097a500b7c22a9b13b16272982627f03c8a295ed;26ebc50e2aada008b5683c6f30e9d4b20b8c5c59,,
Yulun Zhang,963e564405b948ebb77a24e0f1e5e8bda10acfc8;42754ad2b7b2193b4d8e3d067808cea8913869c4,,
K. Zhang,963e564405b948ebb77a24e0f1e5e8bda10acfc8,,
Y. Cao,963e564405b948ebb77a24e0f1e5e8bda10acfc8;097a500b7c22a9b13b16272982627f03c8a295ed,,
Ziheng Jia,963e564405b948ebb77a24e0f1e5e8bda10acfc8,,
Yilin Li,963e564405b948ebb77a24e0f1e5e8bda10acfc8,,
Wei Wu,963e564405b948ebb77a24e0f1e5e8bda10acfc8,,
Shuming Hu,963e564405b948ebb77a24e0f1e5e8bda10acfc8,,
Sibin Deng,963e564405b948ebb77a24e0f1e5e8bda10acfc8,,
PengXiang Xiao,963e564405b948ebb77a24e0f1e5e8bda10acfc8,,
Kai Li,963e564405b948ebb77a24e0f1e5e8bda10acfc8,,
Kaiqin Zhao,963e564405b948ebb77a24e0f1e5e8bda10acfc8,,
Kun Yuan,963e564405b948ebb77a24e0f1e5e8bda10acfc8,,
Ming-hui Sun,963e564405b948ebb77a24e0f1e5e8bda10acfc8,,
Heng Cong,963e564405b948ebb77a24e0f1e5e8bda10acfc8,,
Lingzhi Fu,963e564405b948ebb77a24e0f1e5e8bda10acfc8,,
Yusheng Zhang,963e564405b948ebb77a24e0f1e5e8bda10acfc8,,
Rongyu Zhang,963e564405b948ebb77a24e0f1e5e8bda10acfc8,,
Hang Shi,963e564405b948ebb77a24e0f1e5e8bda10acfc8,,
Qihang Xu,963e564405b948ebb77a24e0f1e5e8bda10acfc8,,
Longan Xiao,963e564405b948ebb77a24e0f1e5e8bda10acfc8,,
Zhiliang Ma,963e564405b948ebb77a24e0f1e5e8bda10acfc8,,
Mirko Agarla,963e564405b948ebb77a24e0f1e5e8bda10acfc8,,
Luigi Celona,963e564405b948ebb77a24e0f1e5e8bda10acfc8,,
C. Rota,963e564405b948ebb77a24e0f1e5e8bda10acfc8,,
R. Schettini,963e564405b948ebb77a24e0f1e5e8bda10acfc8,,
Zhiwei Huang,963e564405b948ebb77a24e0f1e5e8bda10acfc8,,
Yanan Li,963e564405b948ebb77a24e0f1e5e8bda10acfc8,,
Xiaotao Wang,963e564405b948ebb77a24e0f1e5e8bda10acfc8,,
Lei Lei,963e564405b948ebb77a24e0f1e5e8bda10acfc8,,
Hongye Liu,963e564405b948ebb77a24e0f1e5e8bda10acfc8,,
Wei Hong,963e564405b948ebb77a24e0f1e5e8bda10acfc8,,
Ironhead Chuang,963e564405b948ebb77a24e0f1e5e8bda10acfc8,,
Allen Lin,963e564405b948ebb77a24e0f1e5e8bda10acfc8,,
Drake Guan,963e564405b948ebb77a24e0f1e5e8bda10acfc8,,
I-Ying Chen,963e564405b948ebb77a24e0f1e5e8bda10acfc8,,
Kae Lou,963e564405b948ebb77a24e0f1e5e8bda10acfc8,,
Willy Huang,963e564405b948ebb77a24e0f1e5e8bda10acfc8,,
Ya-Hui Tasi,963e564405b948ebb77a24e0f1e5e8bda10acfc8,,
Yvonne S. Kao,963e564405b948ebb77a24e0f1e5e8bda10acfc8,,
Haotian Fan,963e564405b948ebb77a24e0f1e5e8bda10acfc8,,
F. Kong,963e564405b948ebb77a24e0f1e5e8bda10acfc8,,
Shiqi Zhou,963e564405b948ebb77a24e0f1e5e8bda10acfc8,,
Hao Liu,963e564405b948ebb77a24e0f1e5e8bda10acfc8,,
Yuecheng Lai,963e564405b948ebb77a24e0f1e5e8bda10acfc8,,
Shan-guang Chen,963e564405b948ebb77a24e0f1e5e8bda10acfc8,,
Wenqi Wang,963e564405b948ebb77a24e0f1e5e8bda10acfc8,,
Chaofeng Chen,963e564405b948ebb77a24e0f1e5e8bda10acfc8,,
Chu-Feng Zhu,963e564405b948ebb77a24e0f1e5e8bda10acfc8,,
Zekun Guo,963e564405b948ebb77a24e0f1e5e8bda10acfc8,,
Shiling Zhao,963e564405b948ebb77a24e0f1e5e8bda10acfc8,,
Haibing Yin,963e564405b948ebb77a24e0f1e5e8bda10acfc8,,
Hongkui Wang,963e564405b948ebb77a24e0f1e5e8bda10acfc8,,
H. Meftah,963e564405b948ebb77a24e0f1e5e8bda10acfc8,,
Sid Ahmed Fezza,963e564405b948ebb77a24e0f1e5e8bda10acfc8,,
W. Hamidouche,963e564405b948ebb77a24e0f1e5e8bda10acfc8,,
Olivier Déforges,963e564405b948ebb77a24e0f1e5e8bda10acfc8,,
Te Shi,963e564405b948ebb77a24e0f1e5e8bda10acfc8,,
Azadeh Mansouri,963e564405b948ebb77a24e0f1e5e8bda10acfc8,,
Hossein Motamednia,963e564405b948ebb77a24e0f1e5e8bda10acfc8,,
Amirhossein Bakhtiari,963e564405b948ebb77a24e0f1e5e8bda10acfc8,,
Ahmad Mahmoudi Aznaveh,963e564405b948ebb77a24e0f1e5e8bda10acfc8,,
Xin Jin,148f6aaf7b3c43945ea16373b2ac31840e0d890b,,
Linghao Han,148f6aaf7b3c43945ea16373b2ac31840e0d890b;22731d2a9fdb26684f04ad3864b21bf83dd5c03e;01968e2a0e7cf056ccf06ff6e18f6fc5105886b9,,
Z. Li,148f6aaf7b3c43945ea16373b2ac31840e0d890b,,
Chunle Guo,148f6aaf7b3c43945ea16373b2ac31840e0d890b;22731d2a9fdb26684f04ad3864b21bf83dd5c03e;35fce9473e1ba34e97e91bcd85e30b6af6cf7ab6;4b688c486f2b223212682fd2b3f72cc0caa94b1b;01968e2a0e7cf056ccf06ff6e18f6fc5105886b9,,
Z. Chai,148f6aaf7b3c43945ea16373b2ac31840e0d890b,,
Xiangyu Meng,bc786ceae3f1f9ae072d10c76169dac2fc0ce647,,
X. Wang,bc786ceae3f1f9ae072d10c76169dac2fc0ce647,,
Junyu Lin,83baf7f47df80af97927ac09399a7d37ed6b7daa,,
Jingchao Wang,83baf7f47df80af97927ac09399a7d37ed6b7daa,,
Zhengnan Deng,83baf7f47df80af97927ac09399a7d37ed6b7daa,,
Yuantong Zhang,d31dec2c881a5239743f331a721548e98a2d4998,,
Baoxin Teng,d31dec2c881a5239743f331a721548e98a2d4998,,
Daiqin Yang,d31dec2c881a5239743f331a721548e98a2d4998,,
Zhenzhong Chen,d31dec2c881a5239743f331a721548e98a2d4998,,
Haichuan Ma,d31dec2c881a5239743f331a721548e98a2d4998,,
Wenpeng Ding,d31dec2c881a5239743f331a721548e98a2d4998,,
Jingyuan Liu,96e1e100cd3967124d435f84a59f56bee087d992,,
Yixin Lei,96e1e100cd3967124d435f84a59f56bee087d992,,
Mustafa Ozcan,f107c3d6fad9c7ec0ab089f8f55f64eb6d45aa1c,,
Hamza Ergezer,f107c3d6fad9c7ec0ab089f8f55f64eb6d45aa1c,,
Mustafa Ayazoglu,f107c3d6fad9c7ec0ab089f8f55f64eb6d45aa1c,,
Xiao-Fang Liu,9f184d5bc2ebe2df0483c1cd3d55f88577f7b5f8,,
Jiaxin Gao,9f184d5bc2ebe2df0483c1cd3d55f88577f7b5f8;e810e493b96bc9c2fb4f40bba568ac2e5235197e,,
Tao Tan,70ddb64e489c8a602ff75bb586e82610d023f793,,
Bin Jiang,4b8e6e3ea62938aad65470b03db87b6f98456029;3f62c7cefd7eec3ecf51ce39f041a49ade381c07,,
Renjun Wang,4b8e6e3ea62938aad65470b03db87b6f98456029,,
Jiawu Dai,4b8e6e3ea62938aad65470b03db87b6f98456029,,
Qiao Li,4b8e6e3ea62938aad65470b03db87b6f98456029;3f62c7cefd7eec3ecf51ce39f041a49ade381c07,,
Weiyuan Zeng,4b8e6e3ea62938aad65470b03db87b6f98456029,,
Zhe Wang,0c7f9187fa2ede5c9111262a0b30e5da608f2cc9,,
Zhibin Yu,0c7f9187fa2ede5c9111262a0b30e5da608f2cc9;b7bd98728826f3b03ed0279d8b7419ab43154008,,
Bing Zheng,0c7f9187fa2ede5c9111262a0b30e5da608f2cc9;b7bd98728826f3b03ed0279d8b7419ab43154008,,
Yu Zhou,24771591bcd6d97acfd55d85d4197768dbadc47b;0ad975bd74e9beee0fca0c85fba1b292ad14b5bc,,
Yanjie Wang,24771591bcd6d97acfd55d85d4197768dbadc47b,,
Wenbing Cai,24771591bcd6d97acfd55d85d4197768dbadc47b,,
Jikun Wang,6fe79476857ed052c88499132d586967db142bf0,,
Weixiang Liang,6fe79476857ed052c88499132d586967db142bf0,,
Jiangang Yang,6fe79476857ed052c88499132d586967db142bf0,,
Shizheng Wang,6fe79476857ed052c88499132d586967db142bf0,,
Zhixin Yang,6fe79476857ed052c88499132d586967db142bf0,,
Hanyu Du,adae17b1e23b5f666b83650d5384a8c72b388666;eae27e409d1fddf1c60fee2df55982c466faad5e,,
Yan Wei,adae17b1e23b5f666b83650d5384a8c72b388666,,
Baoxiang Tang,adae17b1e23b5f666b83650d5384a8c72b388666;eae27e409d1fddf1c60fee2df55982c466faad5e,,
Yuxin Jiang,794d844d4d72fda2c09acc42a007bf34de98155f,,
Ying Cuan,794d844d4d72fda2c09acc42a007bf34de98155f,,
Pu Zhao,a748907d04abc4b8068ccee23a2e004820434141,,
Mengfei Wu,99df19b0f791b6a713e3e391813187e48f55f66d,,
Taiji Lan,99df19b0f791b6a713e3e391813187e48f55f66d,,
X. Xue,99df19b0f791b6a713e3e391813187e48f55f66d,,
Cheng Yuan,83761e5a30c114046c0fa09fc63d98aed7ae4119,,
Xinbo Gao,83761e5a30c114046c0fa09fc63d98aed7ae4119,,
Minqi Li,83761e5a30c114046c0fa09fc63d98aed7ae4119,,
Xuehui Yin,6199031bc9492a584f740f6c0d0c66cb39c273d7,,
Qiaoyu Chen,6199031bc9492a584f740f6c0d0c66cb39c273d7,,
Gerile Tu,6199031bc9492a584f740f6c0d0c66cb39c273d7,,
Xiaoyong Guo,9c54a2b0819f2c8db0ee2ccec8fc245559249d96,,
Jiahan Peng,9c54a2b0819f2c8db0ee2ccec8fc245559249d96,,
G. Guo,9c54a2b0819f2c8db0ee2ccec8fc245559249d96,,
Ben Fei,5549dc3ceff07561d9fb59610c0f78c71617901a,,
Zhaoyang Lyu,5549dc3ceff07561d9fb59610c0f78c71617901a,,
Liang Pan,5549dc3ceff07561d9fb59610c0f78c71617901a,,
Junzhe Zhang,5549dc3ceff07561d9fb59610c0f78c71617901a,,
Weidong Yang,5549dc3ceff07561d9fb59610c0f78c71617901a,,
Tian-jian Luo,5549dc3ceff07561d9fb59610c0f78c71617901a,,
Bo Dai,5549dc3ceff07561d9fb59610c0f78c71617901a,,
Dongjin Huang,75c1fa217844b92a49698b367b7376a6bbd9017a,,
Jinhuan Liu,75c1fa217844b92a49698b367b7376a6bbd9017a,,
Yongsheng Shi,75c1fa217844b92a49698b367b7376a6bbd9017a,,
Canlin Li,75c1fa217844b92a49698b367b7376a6bbd9017a,,
Wenbing Tang,75c1fa217844b92a49698b367b7376a6bbd9017a,,
Runxing Zhao,bcae27bff6d24f2350ea113437a70af2bff36448,,
Zhiwen Wang,bcae27bff6d24f2350ea113437a70af2bff36448,,
Wu Guo,bcae27bff6d24f2350ea113437a70af2bff36448,,
Canlong Zhang,bcae27bff6d24f2350ea113437a70af2bff36448,,
Sohyun Lee,e81fdcb882f23006b2ebcf7ff46481860dfecb89,,
Jaesung Rim,e81fdcb882f23006b2ebcf7ff46481860dfecb89,,
Boseung Jeong,e81fdcb882f23006b2ebcf7ff46481860dfecb89,,
Geon-Yeong Kim,e81fdcb882f23006b2ebcf7ff46481860dfecb89,,
Byungju Woo,e81fdcb882f23006b2ebcf7ff46481860dfecb89,,
Haechan Lee,e81fdcb882f23006b2ebcf7ff46481860dfecb89,,
Sung-Jin Cho,e81fdcb882f23006b2ebcf7ff46481860dfecb89,,
Suha Kwak,e81fdcb882f23006b2ebcf7ff46481860dfecb89,,
Fanyu Zeng,0ad975bd74e9beee0fca0c85fba1b292ad14b5bc;2a728d6370f5f229900e963c0d0880caaea4d760,,
Jieyu Pang,bb7ec65955f5390537cc320c9e95c6df815c0908,,
Ronggang Wang,bb7ec65955f5390537cc320c9e95c6df815c0908,,
Cong Cao,3d0ea7cabbc6e7e103db0b8fef30865fa196595d,,
Huanjing Yue,3d0ea7cabbc6e7e103db0b8fef30865fa196595d,,
Xin Liu,3d0ea7cabbc6e7e103db0b8fef30865fa196595d;756f2e7d2420effe49480e6f712864e7fde8c3ec,,
Jingyu Yang,3d0ea7cabbc6e7e103db0b8fef30865fa196595d,,
Yuanhao Cai,42754ad2b7b2193b4d8e3d067808cea8913869c4,,
Hao Bian,42754ad2b7b2193b4d8e3d067808cea8913869c4,,
Jing Lin,42754ad2b7b2193b4d8e3d067808cea8913869c4,,
Haoqian Wang,42754ad2b7b2193b4d8e3d067808cea8913869c4,,
Y. Qiao,a16a3cd92d147b2caaf41b20aa28b8b36188ae70;a0bd9b23713ed53bc63adab678be2c165a1358f5;a5ea2904ccd93be210053da719c3d26a7f0b0e96,,
Yong Chen,aa854eafdf69e9fb03d910f92643482e9eabb348,,
Meiyong Huang,aa854eafdf69e9fb03d910f92643482e9eabb348,,
Huanlin Liu,aa854eafdf69e9fb03d910f92643482e9eabb348,,
Kaixin Shao,aa854eafdf69e9fb03d910f92643482e9eabb348,,
Jinliang Zhang,aa854eafdf69e9fb03d910f92643482e9eabb348,,
Mengwei Bao,1d1da801165468852e73c68f31b477755b7db3ee;06209a3580874a97ac930adbfe9eb2b62bcf4766,,
Jiaying Du,1d1da801165468852e73c68f31b477755b7db3ee,,
Xiaoqi Hu,1d1da801165468852e73c68f31b477755b7db3ee,,
Lei He,1d1da801165468852e73c68f31b477755b7db3ee,,
Hong Ji,1d1da801165468852e73c68f31b477755b7db3ee,,
Yue Wu,1d1da801165468852e73c68f31b477755b7db3ee,,
R. Khan,dcc5c60d824ab9b439dae7379993b27cfd330eca,,
Yigang Luo,dcc5c60d824ab9b439dae7379993b27cfd330eca,,
Fang-Xiang Wu,dcc5c60d824ab9b439dae7379993b27cfd330eca,,
Zhen Shen,6ca2082d4182247ac7a6f682380db39ea22ed821,,
Haiyong Xu,6ca2082d4182247ac7a6f682380db39ea22ed821,,
G. Jiang,6ca2082d4182247ac7a6f682380db39ea22ed821,,
Mei Yu,6ca2082d4182247ac7a6f682380db39ea22ed821,,
Baozhen Du,6ca2082d4182247ac7a6f682380db39ea22ed821,,
Ting Luo,6ca2082d4182247ac7a6f682380db39ea22ed821,,
Zhongjie Zhu,6ca2082d4182247ac7a6f682380db39ea22ed821,,
Weitao Lin,82427b4e10b6a2ae105cd3a17fffa01a580c1053,,
Yuxuan Wu,82427b4e10b6a2ae105cd3a17fffa01a580c1053,,
Lishi Xu,82427b4e10b6a2ae105cd3a17fffa01a580c1053,,
Weiling Chen,82427b4e10b6a2ae105cd3a17fffa01a580c1053,,
Tiesong Zhao,82427b4e10b6a2ae105cd3a17fffa01a580c1053;29edde4a44f733ea1c5fa7b9940b4e1a99d3934e,,
Hongan Wei,82427b4e10b6a2ae105cd3a17fffa01a580c1053,,
Hongyu Zhu,c4d652597e9996d238524d3ecee7762750667ea2,,
Tingwei Wang,c4d652597e9996d238524d3ecee7762750667ea2,,
Yichao Cao,c4d652597e9996d238524d3ecee7762750667ea2,,
U. Hari,273aa9f144c73996e551c216d3c164d60c9087b5,,
A. Bevi,273aa9f144c73996e551c216d3c164d60c9087b5,,
Zhangjing Zheng,76016897db0ef4642aa78716329179b48cbfad26,,
Xixia Huang,76016897db0ef4642aa78716329179b48cbfad26,,
Le Wang,76016897db0ef4642aa78716329179b48cbfad26,,
Bin Luo,46ff67f95be89461ca28654e201fe5f7366a3f65,,
Fu-Bing Li,46ff67f95be89461ca28654e201fe5f7366a3f65,,
Xingman Niu,46ff67f95be89461ca28654e201fe5f7366a3f65,,
Qican Zhang,46ff67f95be89461ca28654e201fe5f7366a3f65,,
Yajun Wang,46ff67f95be89461ca28654e201fe5f7366a3f65,,
Xiangcheng Chen,46ff67f95be89461ca28654e201fe5f7366a3f65,,
Longyang Zhao,39c30274eace407639ab24b7eb4b95d7f4299fe7,,
Xinran Li,39c30274eace407639ab24b7eb4b95d7f4299fe7,,
Ruimin Meng,39c30274eace407639ab24b7eb4b95d7f4299fe7,,
Kun Ren,c25859009ec95aecb4c716b76ffa9729ac82633a;031a98f672593c33f62121b1ec4e5e49f5edf525,,
Qingyang Tao,c25859009ec95aecb4c716b76ffa9729ac82633a;031a98f672593c33f62121b1ec4e5e49f5edf525,,
Honggui Han,c25859009ec95aecb4c716b76ffa9729ac82633a,,
Ke Chen,074f212b957ebdb68130b1cb3dedf8382bc80a6a,,
Chengyi Cao,074f212b957ebdb68130b1cb3dedf8382bc80a6a,,
Juan Cao,1c8d1e374f19a46a95ebf3550ccd58002a57097f,,
Zihao Xu,1c8d1e374f19a46a95ebf3550ccd58002a57097f,,
Mengjia Xu,1c8d1e374f19a46a95ebf3550ccd58002a57097f,,
Yuhui Ma,1c8d1e374f19a46a95ebf3550ccd58002a57097f;e982634bc96c870390198b7bca7b7834f4518e1d,,
Yitian Zhao,1c8d1e374f19a46a95ebf3550ccd58002a57097f;e982634bc96c870390198b7bca7b7834f4518e1d,,
Yuchen Guo,f766ecfe23a0a515d721a3e464be08af9a0bc2d2,,
Runzhao Yang,f766ecfe23a0a515d721a3e464be08af9a0bc2d2,,
Zhihong Zhang,f766ecfe23a0a515d721a3e464be08af9a0bc2d2,,
Jiayi Xie,f766ecfe23a0a515d721a3e464be08af9a0bc2d2,,
J. Suo,f766ecfe23a0a515d721a3e464be08af9a0bc2d2;23964a91d992f67f7d3df9dbd5c32e7650cad357,,
Qionghai Dai,f766ecfe23a0a515d721a3e464be08af9a0bc2d2;23964a91d992f67f7d3df9dbd5c32e7650cad357,,
Esha Pahwa,d639129ba6f047f61e8c8c0883cd301279ff06f5,,
Achleshwar Luthra,d639129ba6f047f61e8c8c0883cd301279ff06f5,,
Pratik Narang,d639129ba6f047f61e8c8c0883cd301279ff06f5,,
Shihao Shen,92aeaaeea146b2e7e3851d84104f188a9451cc93,,
Louis Kerofsky,92aeaaeea146b2e7e3851d84104f188a9451cc93,,
S. Yogamani,92aeaaeea146b2e7e3851d84104f188a9451cc93,,
Saijie Fan,44ab8f0d84f827b15683d8b8b1a6fca314fdab64,,
Wei Liang,44ab8f0d84f827b15683d8b8b1a6fca314fdab64,,
Derui Ding,44ab8f0d84f827b15683d8b8b1a6fca314fdab64,,
Hui Yu,44ab8f0d84f827b15683d8b8b1a6fca314fdab64,,
Sameer Malik,789bb24875fdd971c659edb32ead3b9499574c54;55cb27032405c5105542ff094e95ba41b9ad6c26;81dafff94bd1bd5c714a2cc46705dec6255f09ad;6c7b45948cc6a3673f6b81ed8499187fd99d30e4,,
Maomei Liu,44cf871041edd76e240010662cc5c07e08ab7d69,,
Lei Tang,44cf871041edd76e240010662cc5c07e08ab7d69,,
Sheng Zhong,44cf871041edd76e240010662cc5c07e08ab7d69,,
Hangzai Luo,44cf871041edd76e240010662cc5c07e08ab7d69,,
Jinye Peng,44cf871041edd76e240010662cc5c07e08ab7d69,,
Tianyanshi Liu,80f112fb6858203a2e09ce65d83d8e6f968819a6,,
Jiaxin Fan,80f112fb6858203a2e09ce65d83d8e6f968819a6,,
Z. Azizi,a3157a662e7bef5bfaf23da8f8a7bd04c92bc9ce,,
Ct Kuo,a3157a662e7bef5bfaf23da8f8a7bd04c92bc9ce,,
Ziwei Zhang,a7819e639ebe52b10bc5fc972ba9f4eb347a70ac;80b7aed63bf99bb52b309c054f8271acae056052,,
Tian Geng,a7819e639ebe52b10bc5fc972ba9f4eb347a70ac,,
Xiangde Zhang,a7819e639ebe52b10bc5fc972ba9f4eb347a70ac,,
Shen Zheng,c8d722907113595adb1b89bf0d3305b6bb334929;07d060ad91ec4cc73a1f1b615bfea57df859d298,,
Yi Ma,c8d722907113595adb1b89bf0d3305b6bb334929,,
Jinqian Pan,c8d722907113595adb1b89bf0d3305b6bb334929,,
Chang-Tien Lu,c8d722907113595adb1b89bf0d3305b6bb334929,,
Gaurav Gupta,c8d722907113595adb1b89bf0d3305b6bb334929;07d060ad91ec4cc73a1f1b615bfea57df859d298,,
Lijiang Shao,fe5f1760fceee44846998e0714f50df8b5e9f154,,
Wenjin Wang,fe5f1760fceee44846998e0714f50df8b5e9f154,,
Shiguo Huang,fe5f1760fceee44846998e0714f50df8b5e9f154,,
Xiaolin Li,fe5f1760fceee44846998e0714f50df8b5e9f154,,
Akshat Agarwal,3d61d6fe03e9309fb2c0d735242c7bc50afd6caa,,
Mohit Kumar Agarwal,3d61d6fe03e9309fb2c0d735242c7bc50afd6caa,,
Aditya Shankar,3d61d6fe03e9309fb2c0d735242c7bc50afd6caa,,
Anil Singh Parihar,3d61d6fe03e9309fb2c0d735242c7bc50afd6caa,,
Hengxuan Li,37a9809cb3d0eb91d2379796f4cf719bcf5b4223,,
Xu Zhao,594946ec524e6ea9715322f0a0f81ce942876eda,,
Zhaohong Liao,594946ec524e6ea9715322f0a0f81ce942876eda,,
X. Wu,594946ec524e6ea9715322f0a0f81ce942876eda,,
Chenyang Li,594946ec524e6ea9715322f0a0f81ce942876eda,,
Jingwei Chen,594946ec524e6ea9715322f0a0f81ce942876eda,,
Z. Gao,594946ec524e6ea9715322f0a0f81ce942876eda,,
Yao Tan,eae27e409d1fddf1c60fee2df55982c466faad5e,,
Yanpeng Cao,903a4f43f0653b420d12cfe1c27b0d54befecf19,,
Xi Tong,903a4f43f0653b420d12cfe1c27b0d54befecf19,,
Fan Wang,903a4f43f0653b420d12cfe1c27b0d54befecf19,,
Jiangxin Yang,903a4f43f0653b420d12cfe1c27b0d54befecf19,,
Yanlong Cao,903a4f43f0653b420d12cfe1c27b0d54befecf19,,
Sabin Tiberius Strat,903a4f43f0653b420d12cfe1c27b0d54befecf19,,
C. Tisse,903a4f43f0653b420d12cfe1c27b0d54befecf19,,
Xi Yuan,fcd0287b91d3d878d97453ade8276dbd3fb1653b,,
Fanding Wu,8f3561dd77356cb2e929456e90525990f21898c4,,
Xijing Li,87fd9755ab0b158da51a26974b1619c6e7ab2fe1,,
Yourui Huang,e9a8ffb2575e4991e8dd1b7337d89022003a4c93,,
Yuwen Liu,e9a8ffb2575e4991e8dd1b7337d89022003a4c93,,
Tao Han,e9a8ffb2575e4991e8dd1b7337d89022003a4c93,,
Shanyong Xu,e9a8ffb2575e4991e8dd1b7337d89022003a4c93,,
Jiahao Fu,e9a8ffb2575e4991e8dd1b7337d89022003a4c93,,
Xuanyu Zhang,555b2d78d93fc9119f9e20c676b0764b1f20a178,,
N. Ling,555b2d78d93fc9119f9e20c676b0764b1f20a178,,
Mengsu Zhang,be61c1cbe9fd4168c9c0ba969b47d0840c08b71c,,
Haocheng Shen,be61c1cbe9fd4168c9c0ba969b47d0840c08b71c,,
Linbo Wang,a611ed7e40c9c5cd35bc61d1ca2a55dc37caf55e,,
Deyun Yang,a611ed7e40c9c5cd35bc61d1ca2a55dc37caf55e,,
Xianyong Fang,a611ed7e40c9c5cd35bc61d1ca2a55dc37caf55e,,
Shaohua Wan,a611ed7e40c9c5cd35bc61d1ca2a55dc37caf55e,,
Zhiqiang Feng,db262fef5aab6cc2178b045cd8b6913800179461,,
Xiaogang Wang,db262fef5aab6cc2178b045cd8b6913800179461,,
Yang Wei,db262fef5aab6cc2178b045cd8b6913800179461,,
Mingrui Liu,db262fef5aab6cc2178b045cd8b6913800179461,,
Zewei Lian,db262fef5aab6cc2178b045cd8b6913800179461,,
Yu Yuan,44c829585625d5105b949092218e889f4f7f18c0,,
Lindong Wang,44c829585625d5105b949092218e889f4f7f18c0,,
Zhongliang Jing,44c829585625d5105b949092218e889f4f7f18c0,,
H. Leung,44c829585625d5105b949092218e889f4f7f18c0,,
Han Pan,44c829585625d5105b949092218e889f4f7f18c0,,
Masakazu Yoshimura,d732660a118717e8d43e76044a18a8c92946dd2c;c21e8df43264315ad100daac5ae90c43e2e1f64b,,
Junji Otsuka,d732660a118717e8d43e76044a18a8c92946dd2c;c21e8df43264315ad100daac5ae90c43e2e1f64b,,
Atsushi Irie,d732660a118717e8d43e76044a18a8c92946dd2c;c21e8df43264315ad100daac5ae90c43e2e1f64b,,
T. Ohashi,d732660a118717e8d43e76044a18a8c92946dd2c;c21e8df43264315ad100daac5ae90c43e2e1f64b,,
Mingming Tan,9ce1a2a06ce537099a4e8639590cb921d3ee0f73,,
Jiayi Fan,9ce1a2a06ce537099a4e8639590cb921d3ee0f73,,
Guodong Fan,9ce1a2a06ce537099a4e8639590cb921d3ee0f73;7df78b66f9f07b5985f1eba23442db0d9b49a671;151f27d2468e4c1e864179e00110409aa8a17086,,
Min Gan,9ce1a2a06ce537099a4e8639590cb921d3ee0f73;7df78b66f9f07b5985f1eba23442db0d9b49a671,,
Weiqiang Liu,ecd2356afe95d60324861dd4eb7b09f71587e031;1f3ec24de0dc32db3e3d9ef67c75c3dc8b5ca7a2;c1015c63444d6c3c897eed3fa4ea6e14e80e063b,,
Penghui Zhao,ecd2356afe95d60324861dd4eb7b09f71587e031;1f3ec24de0dc32db3e3d9ef67c75c3dc8b5ca7a2;c1015c63444d6c3c897eed3fa4ea6e14e80e063b,,
Xiangying Song,ecd2356afe95d60324861dd4eb7b09f71587e031,,
Xiaodong Zhang,771539c080e184b28bb34ec01a4352f9783dfd86,,
Yifei Wang,771539c080e184b28bb34ec01a4352f9783dfd86,,
Junming Gong,1b0de22e55b92add718b6b05f99075aa4d2223a5;9c3b52669616cbd41e2932ab384d741130d8276c,,
Rushi Lan,1b0de22e55b92add718b6b05f99075aa4d2223a5;9c3b52669616cbd41e2932ab384d741130d8276c,,
Xipeng Pan,1b0de22e55b92add718b6b05f99075aa4d2223a5;9c3b52669616cbd41e2932ab384d741130d8276c,,
Guiwen Zhang,8cefa2f0a23501345134aafd9c75e16a523f9e04,,
Taida Wu,8cefa2f0a23501345134aafd9c75e16a523f9e04,,
Jinwang Pan,4cdf30bb87f654317c327487209da9f2a6b8c7cc,,
Deming Zhai,4cdf30bb87f654317c327487209da9f2a6b8c7cc,,
Yuanchao Bai,4cdf30bb87f654317c327487209da9f2a6b8c7cc,,
Debin Zhao,4cdf30bb87f654317c327487209da9f2a6b8c7cc,,
Xianming Liu,4cdf30bb87f654317c327487209da9f2a6b8c7cc;7265909b89a644cc5e8358199d2f3b9ab88bf01f,,
Dongyu She,b34eda58cf5904ea269f12407cc848f6fbfd5d51,,
Kun Xu,b34eda58cf5904ea269f12407cc848f6fbfd5d51,,
Jia He,37b108653979f570ce2cf148776d99624f8e7277,,
Yi Wang,37b108653979f570ce2cf148776d99624f8e7277,,
Xin Fan,37b108653979f570ce2cf148776d99624f8e7277;c1890fda11e05f3eaea539e069b3c6cf678e5004;cfb4160bab74b7d17d9cf5ae79387f00917dc8e4,,
Jinghao Zhang,258d49edb97b80237b66c540df91b70abe2f985b;f330e64b263af1c0631418619fd130e9a2314525,,
Mingde Yao,258d49edb97b80237b66c540df91b70abe2f985b,,
Shivam Chhirolya,55cb27032405c5105542ff094e95ba41b9ad6c26,,
Yanhong Huang,427f5e326ed18749425be956d8d159b24003a10a,,
F. Zhu,427f5e326ed18749425be956d8d159b24003a10a,,
Xianjun Hu,427f5e326ed18749425be956d8d159b24003a10a;5de46fbe8d58f164242627a92fe6d71b988e45ca,,
Hue Nguyen,0342bb8c7d11364e5383dcc01f5e522bd2050778,,
D. Tran,0342bb8c7d11364e5383dcc01f5e522bd2050778,,
Khoi Duc Minh Nguyen,0342bb8c7d11364e5383dcc01f5e522bd2050778,,
Rang Nguyen,0342bb8c7d11364e5383dcc01f5e522bd2050778,,
Jinbao Yang,6712a5afb85875d70af91dc1e54f8ea8e8561e44,,
Zhimin Yuan,6712a5afb85875d70af91dc1e54f8ea8e8561e44,,
Shilei Li,6712a5afb85875d70af91dc1e54f8ea8e8561e44,,
Jiasheng Wang,6712a5afb85875d70af91dc1e54f8ea8e8561e44,,
Xiaochen Bo,3f62c7cefd7eec3ecf51ce39f041a49ade381c07,,
Chao Yang,3f62c7cefd7eec3ecf51ce39f041a49ade381c07,,
Xu Wu,3f62c7cefd7eec3ecf51ce39f041a49ade381c07,,
M. T. Rasheed,1fa8e24a043a937860dbbe8cb6b6c2212b0a1bad;c70003575790daa4db6d60b5844a25896105e5d2,,
D. Shi,1fa8e24a043a937860dbbe8cb6b6c2212b0a1bad;c70003575790daa4db6d60b5844a25896105e5d2,,
Yuquan Zhou,756f2e7d2420effe49480e6f712864e7fde8c3ec,,
Zuliang Huang,756f2e7d2420effe49480e6f712864e7fde8c3ec,,
Jifan Ouyang,756f2e7d2420effe49480e6f712864e7fde8c3ec,,
Menglong Hou,756f2e7d2420effe49480e6f712864e7fde8c3ec,,
Xichang Cai,756f2e7d2420effe49480e6f712864e7fde8c3ec,,
Zizheng Sun,af162347f8db180f9c9a7e5b09a8902a77d25ff1,,
Huihui Song,af162347f8db180f9c9a7e5b09a8902a77d25ff1,,
Jiaqing Fan,af162347f8db180f9c9a7e5b09a8902a77d25ff1,,
Qingshan Liu,af162347f8db180f9c9a7e5b09a8902a77d25ff1,,
ZhanTi Ll,5d3f0c764497e40f170dfda75b7c22c2da5213b7,,
Ni Jia,5d3f0c764497e40f170dfda75b7c22c2da5213b7,,
Yunliang Zhuang,54e432ae5a319ceee6bbd3369c4459a078eb8ff6,,
Zhuoran Zheng,54e432ae5a319ceee6bbd3369c4459a078eb8ff6,,
Chengzhi Lyu,54e432ae5a319ceee6bbd3369c4459a078eb8ff6,,
Guiyu Guo,c70003575790daa4db6d60b5844a25896105e5d2,,
Xiaochun Cheng,c70003575790daa4db6d60b5844a25896105e5d2,,
L. Li,718da40b0c22fcce6d4f7dc7df1e021a8563cb78,,
Yuan Xue,718da40b0c22fcce6d4f7dc7df1e021a8563cb78,,
Shansi Zhang,fe2c8ba86581e4c7f263c7e0541d4616e486e570;14639e07771c0ade381b0e2c9ce26eba98ee48a4;8deddc94c70cc74290faa50119c47850a1ce9c93;542fd7fd8b0a68ecf174099a0887425d0ef706a1,,
Nan Meng,fe2c8ba86581e4c7f263c7e0541d4616e486e570,,
E. Lam,fe2c8ba86581e4c7f263c7e0541d4616e486e570;14639e07771c0ade381b0e2c9ce26eba98ee48a4;8deddc94c70cc74290faa50119c47850a1ce9c93;542fd7fd8b0a68ecf174099a0887425d0ef706a1,,
Xiaojun Yang,ad694777050bd12297871229fe8842ab32aa938e,,
J. Gong,ad694777050bd12297871229fe8842ab32aa938e,,
Liang Wu,ad694777050bd12297871229fe8842ab32aa938e,,
Zhijing Yang,ad694777050bd12297871229fe8842ab32aa938e,,
Yukai Shi,ad694777050bd12297871229fe8842ab32aa938e,,
F. Nie,ad694777050bd12297871229fe8842ab32aa938e,,
Weiwen Mu,bd33c01584d858421900ae42d426a5f1065d0c94,,
Huixiang Liu,bd33c01584d858421900ae42d426a5f1065d0c94,,
Wen-Bin Chen,bd33c01584d858421900ae42d426a5f1065d0c94,,
Yiqun Wang,bd33c01584d858421900ae42d426a5f1065d0c94,,
Xintao Chen,de4c5dde7a5daf062a37ec1a45d13f1a9a3e1d30,,
Jong-Geun Oh,1fb289a98fd604da4556b6d34fb14ec319c92017,,
Min-Cheol Hong,1fb289a98fd604da4556b6d34fb14ec319c92017;2a41ae1cb4df0c6c729c34407538289aa2de20b0;88b68350c2c9371dc791f8f7437370a58b64058f,,
B. Kuang,fdc33899b1d25c3de9145effa8dbcf632488ce02,,
Zhibin Zhang,fdc33899b1d25c3de9145effa8dbcf632488ce02,,
Wei Xuan,1f3ec24de0dc32db3e3d9ef67c75c3dc8b5ca7a2,,
Jin Tan,ced29f18591a969b55d97fe28cf8ac92847259ea,,
Taiping Zhang,ced29f18591a969b55d97fe28cf8ac92847259ea,,
Linchang Zhao,ced29f18591a969b55d97fe28cf8ac92847259ea,,
Darong Huang,ced29f18591a969b55d97fe28cf8ac92847259ea,,
Zhenyuan Zhang,ced29f18591a969b55d97fe28cf8ac92847259ea,,
B. Jalali,157dba30d6496a003c537338850938bd67015548,,
Lin Liu,15837a406a4f6859ca89b1cbbd7b391464164195,,
Junfeng An,15837a406a4f6859ca89b1cbbd7b391464164195,,
Jianzhuang Liu,15837a406a4f6859ca89b1cbbd7b391464164195,,
Shanxin Yuan,15837a406a4f6859ca89b1cbbd7b391464164195,,
Xiangyu Chen,15837a406a4f6859ca89b1cbbd7b391464164195,,
Wen-gang Zhou,15837a406a4f6859ca89b1cbbd7b391464164195,,
Houqiang Li,15837a406a4f6859ca89b1cbbd7b391464164195,,
Yanfeng Wang,15837a406a4f6859ca89b1cbbd7b391464164195,,
Qi Tian,15837a406a4f6859ca89b1cbbd7b391464164195,,
Yi Qian,fd89c53b99021c225d1093a4ae6d42e1763bc839,,
Zetao Jiang,fd89c53b99021c225d1093a4ae6d42e1763bc839;f25148c5cb6266a147706c5e1ead6b2785472a95,,
Yuting He,fd89c53b99021c225d1093a4ae6d42e1763bc839,,
Shaoqin Zhang,fd89c53b99021c225d1093a4ae6d42e1763bc839,,
Shenming Jiang,fd89c53b99021c225d1093a4ae6d42e1763bc839,,
Zilong Chen,1a25ce96e5aed9b6dc5a32923c47cc0f63619839;06218b57a3f5ea5bbf2f634387c973c0b04bb9b5,,
Yaling Liang,1a25ce96e5aed9b6dc5a32923c47cc0f63619839;06218b57a3f5ea5bbf2f634387c973c0b04bb9b5,,
Minghui Du,1a25ce96e5aed9b6dc5a32923c47cc0f63619839;06218b57a3f5ea5bbf2f634387c973c0b04bb9b5,,
Ruini Zhao,f28dfc49e79bb92e30caa380ad7af223e565eef8,,
Jian Zhao,f28dfc49e79bb92e30caa380ad7af223e565eef8,,
Xuan Wei,c1015c63444d6c3c897eed3fa4ea6e14e80e063b,,
Yaofeng Xie,b7bd98728826f3b03ed0279d8b7419ab43154008,,
Xiao Yu,b7bd98728826f3b03ed0279d8b7419ab43154008,,
Yizhuo Quan,6c1c540b53af6fe0e43345b80262b1ff39616a63,,
D. Fu,6c1c540b53af6fe0e43345b80262b1ff39616a63,,
Yuan-Shing Chang,6c1c540b53af6fe0e43345b80262b1ff39616a63,,
Chengbo Wang,6c1c540b53af6fe0e43345b80262b1ff39616a63,,
Penghao He,583bca4bf4378f49e2c54f5a72bd61539cb24615,,
Ying Yu,583bca4bf4378f49e2c54f5a72bd61539cb24615,,
Xiaochen Wang,a306601eebec19a298ecf091e93c122b8285ce6d,,
Ruimin Hu,a306601eebec19a298ecf091e93c122b8285ce6d,,
Xuesong Li,5ea86acad766c14521e7b09f79489cd2b2f3f756,,
Jianrun Shang,5ea86acad766c14521e7b09f79489cd2b2f3f756,,
Wenhao Song,5ea86acad766c14521e7b09f79489cd2b2f3f756,,
Jinyong Chen,5ea86acad766c14521e7b09f79489cd2b2f3f756,,
Guisheng Zhang,5ea86acad766c14521e7b09f79489cd2b2f3f756,,
Jinfeng Pan,5ea86acad766c14521e7b09f79489cd2b2f3f756,,
Yuzhu Xie,69f5442492cbd8108db1bc3cd7384483cf01155f,,
Kang Yang,69f5442492cbd8108db1bc3cd7384483cf01155f,,
Hongwei Liu,69f5442492cbd8108db1bc3cd7384483cf01155f,,
Yeying Jin,04630916d18775e6495fe9b4581008e4a18f6c07,,
R. Tan,04630916d18775e6495fe9b4581008e4a18f6c07,,
Linfeng Tang,8bb4324c831a80f113b4316f3fa0b146c54c741c,,
Jiayi Ma,8bb4324c831a80f113b4316f3fa0b146c54c741c,,
Xiaochun Lei,f25148c5cb6266a147706c5e1ead6b2785472a95,,
Junlin Xie,f25148c5cb6266a147706c5e1ead6b2785472a95,,
W. Mai,f25148c5cb6266a147706c5e1ead6b2785472a95,,
Zhaoting Gong,f25148c5cb6266a147706c5e1ead6b2785472a95,,
Chang Lu,f25148c5cb6266a147706c5e1ead6b2785472a95,,
Linjun Lu,f25148c5cb6266a147706c5e1ead6b2785472a95,,
Ziqi Shan,f25148c5cb6266a147706c5e1ead6b2785472a95,,
Chi-Wing Fu,e64440b53317fa8b5b800f238d500d586ae5e17f;914e29068503742eb2407ec9fd651371dbe72dc0,,
Jiaya Jia,e64440b53317fa8b5b800f238d500d586ae5e17f;914e29068503742eb2407ec9fd651371dbe72dc0,,
Ting Sun,7df78b66f9f07b5985f1eba23442db0d9b49a671;ed47dac3380bd78dd710802b4c26218552672e3e,,
Guijing Zhu,c1890fda11e05f3eaea539e069b3c6cf678e5004;cfb4160bab74b7d17d9cf5ae79387f00917dc8e4,,
Lingling Fu,ed47dac3380bd78dd710802b4c26218552672e3e,,
Yuanbo Tan,ed47dac3380bd78dd710802b4c26218552672e3e,,
Xintao Xu,bb4d60647e9be65b18ebddb8a67298fa12a34d1e,,
Zhen Hua,bb4d60647e9be65b18ebddb8a67298fa12a34d1e;e0e0245a316263915ccd9e53eaa9c0d5be181ac1;7e0e9863a91e6de1a0b9497a18f25ed9c8dd18c6;ab51965f2c74df14fb8a5cdd920138720c24577f;71761f84fc683fbff8b0ab9c0496c67960c7b9d8;012f4ee91de75071ca943fc46bd61e149f310a89,,
Linwei Fan,bb4d60647e9be65b18ebddb8a67298fa12a34d1e;e0e0245a316263915ccd9e53eaa9c0d5be181ac1;012f4ee91de75071ca943fc46bd61e149f310a89,,
Yijie Zheng,06209a3580874a97ac930adbfe9eb2b62bcf4766,,
Jianlong Su,06209a3580874a97ac930adbfe9eb2b62bcf4766,,
David A. Forsyth,a73a84c642bcc126e3a91942716695a98826a86e;38957f326545d3c24cb04c84c27c69e6aa0ff2a3,,
Yanming Hui,52373fbe5accece0f72b8e28f52a0dda7513e70d;9eef368b54747ce95fd48fe48a3e20bbeb4a5379,,
Yingyi Shi,52373fbe5accece0f72b8e28f52a0dda7513e70d,,
Lei Liu,9734317bec70f0c887792ebf0d4651a6e9ac9065,,
Yuze Chen,9734317bec70f0c887792ebf0d4651a6e9ac9065,,
Junchi Yan,9734317bec70f0c887792ebf0d4651a6e9ac9065,,
E. Semenishchev,e44f4b12e68bdce691a779993ff6bc386e514dad,,
S. Agaian,e44f4b12e68bdce691a779993ff6bc386e514dad;d0b3a4d841a37e326ff5c48438d95644b7d4cd73,,
A. Zelensky,e44f4b12e68bdce691a779993ff6bc386e514dad,,
Dmitry Orlov,e44f4b12e68bdce691a779993ff6bc386e514dad,,
Marina Zdanova,e44f4b12e68bdce691a779993ff6bc386e514dad,,
V. Voronin,e44f4b12e68bdce691a779993ff6bc386e514dad,,
Inayat Khan,312a2b9a9a2b11fb87f9d83958ab23adfd158f1d,,
M. I. Uddin,312a2b9a9a2b11fb87f9d83958ab23adfd158f1d,,
Yurong Guan,312a2b9a9a2b11fb87f9d83958ab23adfd158f1d;8ce6045cde0169f35c256b003424ab364bcc3e3e,,
Zhihua Hu,312a2b9a9a2b11fb87f9d83958ab23adfd158f1d,,
Kunchang Li,a0bd9b23713ed53bc63adab678be2c165a1358f5;a5ea2904ccd93be210053da719c3d26a7f0b0e96,,
Sheng Su,a0bd9b23713ed53bc63adab678be2c165a1358f5;a5ea2904ccd93be210053da719c3d26a7f0b0e96,,
Peng Gao,a0bd9b23713ed53bc63adab678be2c165a1358f5;a5ea2904ccd93be210053da719c3d26a7f0b0e96,,
Zhengkai Jiang,a0bd9b23713ed53bc63adab678be2c165a1358f5;a5ea2904ccd93be210053da719c3d26a7f0b0e96,,
C. Cusano,adc4675e0b10bf8eb983aadf3cb0965a83c91af8;6db4668fc68ecfdd2c55329fa4bed0d83ec7f491,,
Xiaoming Liu,4fb310163e2486690c60c6c4ab863c0da26ad2fc;c41aacb6a0b5f6b501dbaf20e2cbea380c427ad9,,
Yuanhong Zhong,4fb310163e2486690c60c6c4ab863c0da26ad2fc,,
Dong Xiong,4fb310163e2486690c60c6c4ab863c0da26ad2fc,,
Zhiyong Huang,4fb310163e2486690c60c6c4ab863c0da26ad2fc,,
Xucheng Wang,4deeb0b3078d0fb2145bd146869df0a018f9ac11,,
Chenning Tao,4deeb0b3078d0fb2145bd146869df0a018f9ac11,,
X. Tao,4deeb0b3078d0fb2145bd146869df0a018f9ac11,,
Zhenrong Zheng,4deeb0b3078d0fb2145bd146869df0a018f9ac11,,
Aaryan Agrawal,e57991f9ab598a2568bcc34c67d464af47168de3,,
Namrata Jadhav,e57991f9ab598a2568bcc34c67d464af47168de3,,
Ayush Gaur,e57991f9ab598a2568bcc34c67d464af47168de3,,
Shiwani Jeswani,e57991f9ab598a2568bcc34c67d464af47168de3,,
Abhay Kshirsagar,e57991f9ab598a2568bcc34c67d464af47168de3,,
Masud An Nur Islam Fahim,a4a036206e928c39946c0dd600f747434b9d8df2,,
Nazmus Saqib,a4a036206e928c39946c0dd600f747434b9d8df2,,
H. Jung,a4a036206e928c39946c0dd600f747434b9d8df2,,
Liye Song,46fd372ed9c3df70d806bb1f9504cb7ce799ad8e,,
Jindan Yang,46fd372ed9c3df70d806bb1f9504cb7ce799ad8e,,
Pranjay Shyam,99ea0553cdc5b1b74a421f50a72006569463d8a0;1fe8a4f2b542d9f9a0c0eb68821aa400910660cc,,
S. S. Sengar,99ea0553cdc5b1b74a421f50a72006569463d8a0,,
Kyung-soo Kim,99ea0553cdc5b1b74a421f50a72006569463d8a0;1fe8a4f2b542d9f9a0c0eb68821aa400910660cc,,
Duoqian Miao,ace1a6b59b6e7d0579b778757a56f95d9d0a34c6,,
Yang-Bo Shi,5b1e8d6217d8cd580e1aeb5fef03391642ed5058;d694e3145d796f814a7ea28a1194f86c67bbada4,,
Xiaopo Wu,5b1e8d6217d8cd580e1aeb5fef03391642ed5058;d694e3145d796f814a7ea28a1194f86c67bbada4,,
Ming Zhu,5b1e8d6217d8cd580e1aeb5fef03391642ed5058;d694e3145d796f814a7ea28a1194f86c67bbada4,,
Wenjie Xie,5e0002dd64849265e97b424c06d19972dee81575,,
Hongqi Liu,5e0002dd64849265e97b424c06d19972dee81575,,
Binquan Wang,d694e3145d796f814a7ea28a1194f86c67bbada4,,
M. Reimann,e99b75a8f607feade9cf820f2fa645a10a6f9063,,
Amir Semmo,e99b75a8f607feade9cf820f2fa645a10a6f9063,,
S. Pasewaldt,e99b75a8f607feade9cf820f2fa645a10a6f9063,,
J. Dollner,e99b75a8f607feade9cf820f2fa645a10a6f9063,,
Matthias Trapp,e99b75a8f607feade9cf820f2fa645a10a6f9063,,
Fangfang Li,badaa1e63db1e7581ace5891199d4b8c25043279,,
Jian Zhang,badaa1e63db1e7581ace5891199d4b8c25043279,,
Haifu Guo,badaa1e63db1e7581ace5891199d4b8c25043279,,
Xiaoyan Kui,badaa1e63db1e7581ace5891199d4b8c25043279,,
He Cui,e0e0245a316263915ccd9e53eaa9c0d5be181ac1;012f4ee91de75071ca943fc46bd61e149f310a89,,
Weihua Liu,9ff56ca80cc8108cc0324ce4c03368ebf0f986b4,,
Yansong Xue,9ff56ca80cc8108cc0324ce4c03368ebf0f986b4,,
Yao Tang,9ff56ca80cc8108cc0324ce4c03368ebf0f986b4,,
Aijing Sun,9ff56ca80cc8108cc0324ce4c03368ebf0f986b4,,
Zonglin Li,636a4a220efd62d78095aca373e16a97432d1277,,
Wen-Zheng Xu,a65b53e8d98b2f3b89d406c5f4be9e17ec649f2b,,
Haibo Wan,a65b53e8d98b2f3b89d406c5f4be9e17ec649f2b,,
Xue Li,a65b53e8d98b2f3b89d406c5f4be9e17ec649f2b,,
Han Jiao,66c42ddcbe1318deb1c68ac6fbb97b91e308b0e6,,
Peng Yuan,66c42ddcbe1318deb1c68ac6fbb97b91e308b0e6,,
Jiao Liu,66c42ddcbe1318deb1c68ac6fbb97b91e308b0e6,,
Xujie Ren,66c42ddcbe1318deb1c68ac6fbb97b91e308b0e6,,
Jufu Zhang,66c42ddcbe1318deb1c68ac6fbb97b91e308b0e6,,
Nana Yu,7e0e9863a91e6de1a0b9497a18f25ed9c8dd18c6,,
Xinyi Liu,8411b32a2df053414d381c8c6c4ba5591e7a7006,,
Qi Xie,8411b32a2df053414d381c8c6c4ba5591e7a7006,,
Hong Qang,8411b32a2df053414d381c8c6c4ba5591e7a7006,,
Shangchen Zhou,be3b1b0a2eeddba876580da707105820782672f1,,
Chen Change Loy,be3b1b0a2eeddba876580da707105820782672f1;22731d2a9fdb26684f04ad3864b21bf83dd5c03e;35fce9473e1ba34e97e91bcd85e30b6af6cf7ab6;01968e2a0e7cf056ccf06ff6e18f6fc5105886b9,,
V. Kannan,81dafff94bd1bd5c714a2cc46705dec6255f09ad,,
Nithin C Babu,81dafff94bd1bd5c714a2cc46705dec6255f09ad,,
Yu-Hsuan Huang,55a83f888f3652939846367dee47a27e02f6c0d6,,
Homer H. Chen,55a83f888f3652939846367dee47a27e02f6c0d6,,
Bai Zhao,339bf5d1ac299ffd0c2a7ce7fff8cb481489b30e;cbf15028424913e7febaefb5f984950d7941af10,,
Xiaoling Gong,339bf5d1ac299ffd0c2a7ce7fff8cb481489b30e;cbf15028424913e7febaefb5f984950d7941af10,,
Jian Wang,339bf5d1ac299ffd0c2a7ce7fff8cb481489b30e;cbf15028424913e7febaefb5f984950d7941af10;10ab15c5fd4e2d16df23cbb94567ab60b911c956,,
Lingchao Zhao,339bf5d1ac299ffd0c2a7ce7fff8cb481489b30e;cbf15028424913e7febaefb5f984950d7941af10,,
K. Panetta,d0b3a4d841a37e326ff5c48438d95644b7d4cd73,,
Shreyas Kamath K. M.,d0b3a4d841a37e326ff5c48438d95644b7d4cd73,,
S. P. Rao,d0b3a4d841a37e326ff5c48438d95644b7d4cd73,,
G. Wu,ac394ec14017a81e3ddfcfbd518d9bcf7d376f45,,
Zhuang Yin,ac394ec14017a81e3ddfcfbd518d9bcf7d376f45,,
Xin Zhang,c5621a1dda6bf4da9da0572cd5752346d4ffb9f7;1c1dbd6567be39a571563f30f23eccd70a92dbcc,,
Xia Wang,c5621a1dda6bf4da9da0572cd5752346d4ffb9f7;1c1dbd6567be39a571563f30f23eccd70a92dbcc,,
Gangcheng Jiao,c5621a1dda6bf4da9da0572cd5752346d4ffb9f7,,
Ye Yang,c5621a1dda6bf4da9da0572cd5752346d4ffb9f7,,
Hongchang Cheng,c5621a1dda6bf4da9da0572cd5752346d4ffb9f7,,
Bo Yan,c5621a1dda6bf4da9da0572cd5752346d4ffb9f7,,
Kai Wang,80b7aed63bf99bb52b309c054f8271acae056052,,
Wuming Jiang,80b7aed63bf99bb52b309c054f8271acae056052,,
Sangjae Ahn,8897a6bd835c8254b5acad5ecd5fd68babd83a9b,,
Joongchol Shin,8897a6bd835c8254b5acad5ecd5fd68babd83a9b,,
Heunseung Lim,8897a6bd835c8254b5acad5ecd5fd68babd83a9b,,
Hayoon Kim,8897a6bd835c8254b5acad5ecd5fd68babd83a9b,,
J. Paik,8897a6bd835c8254b5acad5ecd5fd68babd83a9b,,
Yueyu Hu,3337cadc962fefd09344ed90a44cf30951841fa7,,
Ling-yu Duan,3337cadc962fefd09344ed90a44cf30951841fa7,,
Jize Zhang,02465bd3a371cd40a8d13eda92f9e97f8adeb25b,,
Haolin Wang,02465bd3a371cd40a8d13eda92f9e97f8adeb25b,,
Xinyuan Lin,ea5d05313d1dc354191518dcf0a39f784857d800,,
Haining Liu,ea5d05313d1dc354191518dcf0a39f784857d800,,
F. Zhao,ea5d05313d1dc354191518dcf0a39f784857d800,,
Yan Sun,ea5d05313d1dc354191518dcf0a39f784857d800,,
Masheal Alghamdi,f4ebeb3e9186a1686485b7e1d1320a3760302c6c,,
Qiang Fu,f4ebeb3e9186a1686485b7e1d1320a3760302c6c,,
Ali K. Thabet,f4ebeb3e9186a1686485b7e1d1320a3760302c6c,,
W. Heidrich,f4ebeb3e9186a1686485b7e1d1320a3760302c6c;10ab15c5fd4e2d16df23cbb94567ab60b911c956,,
Chenggang Dai,f801cac0a33d27e0090f3f86e4bbde913bdc8b2c,,
Z. Guan,f801cac0a33d27e0090f3f86e4bbde913bdc8b2c,,
Ming-xing Lin,f801cac0a33d27e0090f3f86e4bbde913bdc8b2c,,
Xiaolei Luo,29a0d3b40d2bf476c87e683c0cbf900118a72cbc,,
S. Xiang,29a0d3b40d2bf476c87e683c0cbf900118a72cbc,,
Qiong Liu,29a0d3b40d2bf476c87e683c0cbf900118a72cbc;0089ddc1aa4e63209595fbf59b0f7d4e3238db01,,
You Yang,29a0d3b40d2bf476c87e683c0cbf900118a72cbc;0089ddc1aa4e63209595fbf59b0f7d4e3238db01,,
Kejun Wu,29a0d3b40d2bf476c87e683c0cbf900118a72cbc,,
Yanpeng Sun,ab51965f2c74df14fb8a5cdd920138720c24577f,,
Zhanyou Chang,ab51965f2c74df14fb8a5cdd920138720c24577f,,
Yong Zhao,ab51965f2c74df14fb8a5cdd920138720c24577f,,
Sirui Li,ab51965f2c74df14fb8a5cdd920138720c24577f,,
Mingfang Zhang,1215a49a50fcb7ca2f2518b246e4b65dd93c5b7f;01a44aede8e6fba7f7d7a520b79b9fc6ec8d89c7,,
Jiantao Zhou,26ebc50e2aada008b5683c6f30e9d4b20b8c5c59,,
Yujing Sun,e5e6eeb44a753e14c580be22ec033c6519b87208,,
F. Jiang,e5e6eeb44a753e14c580be22ec033c6519b87208,,
Jiazhen Zu,c533abed3537170019ec85b89859aa1ad61dab4d,,
Yongxia Zhou,c533abed3537170019ec85b89859aa1ad61dab4d,,
Le Chen,c533abed3537170019ec85b89859aa1ad61dab4d,,
Chao Dai,c533abed3537170019ec85b89859aa1ad61dab4d,,
Qiang Ning,3f451f7785a232ac0e0fc97ff353f7381c8c971a,,
Hanlei Lu,3f451f7785a232ac0e0fc97ff353f7381c8c971a,,
Xin Shi,3f451f7785a232ac0e0fc97ff353f7381c8c971a,,
Zhengli Leng,3f451f7785a232ac0e0fc97ff353f7381c8c971a,,
Pengjie Qin,3f451f7785a232ac0e0fc97ff353f7381c8c971a,,
Haofei Wang,3d49c3cc2c176b634c374bea5cdc36644e4afb30,,
Yang Yue,3d49c3cc2c176b634c374bea5cdc36644e4afb30,,
Igor Morawski,bada86bb3f96f2c9cb1cc17aa4809df14ffca9d8,,
Yu-An Chen,bada86bb3f96f2c9cb1cc17aa4809df14ffca9d8,,
Yu-sheng Lin,bada86bb3f96f2c9cb1cc17aa4809df14ffca9d8,,
Winston H. Hsu,bada86bb3f96f2c9cb1cc17aa4809df14ffca9d8,,
Fei Zhou,a53414b469892bdf5c6d91db42d36b1f399b7290,,
Xin Sun,a53414b469892bdf5c6d91db42d36b1f399b7290,,
Junyu Dong,a53414b469892bdf5c6d91db42d36b1f399b7290,,
Haoran Zhao,a53414b469892bdf5c6d91db42d36b1f399b7290,,
Xiao Xiang Zhu,a53414b469892bdf5c6d91db42d36b1f399b7290,,
Xinxu Wei,ecd75c730c71f83d206f0a63393fef2d1e6af495;a6c47c2d5964c038b779f00bf888b3ff11cbea38;adce6e69b9d71f75afe75d0912d05266176cbd6f,,
Xian-Shi Zhang,ecd75c730c71f83d206f0a63393fef2d1e6af495;a6c47c2d5964c038b779f00bf888b3ff11cbea38;adce6e69b9d71f75afe75d0912d05266176cbd6f,,
Shisen Wang,ecd75c730c71f83d206f0a63393fef2d1e6af495;a6c47c2d5964c038b779f00bf888b3ff11cbea38;adce6e69b9d71f75afe75d0912d05266176cbd6f,,
Yanlin Huang,ecd75c730c71f83d206f0a63393fef2d1e6af495;a6c47c2d5964c038b779f00bf888b3ff11cbea38;adce6e69b9d71f75afe75d0912d05266176cbd6f,,
Yongjie Li,ecd75c730c71f83d206f0a63393fef2d1e6af495;a6c47c2d5964c038b779f00bf888b3ff11cbea38;adce6e69b9d71f75afe75d0912d05266176cbd6f,,
Cheng Cheng,a6c47c2d5964c038b779f00bf888b3ff11cbea38;adce6e69b9d71f75afe75d0912d05266176cbd6f,,
Kaifu Yang,a6c47c2d5964c038b779f00bf888b3ff11cbea38;adce6e69b9d71f75afe75d0912d05266176cbd6f,,
Guo-Jun Qi,07a2c2abc485bc163985ae0a82d53cad5ba38a87,,
Shaodi You,07a2c2abc485bc163985ae0a82d53cad5ba38a87;7c0f1366b4cb803ef4ebad7ef665bfbee6e54ea2,,
Zenghui Zhang,07a2c2abc485bc163985ae0a82d53cad5ba38a87,,
T. Harada,07a2c2abc485bc163985ae0a82d53cad5ba38a87,,
Zhongyuan Wang,4b04338ace0331af97392029aca6cb6203da9411;50b0c71a317d450330a36dac8ed962da10022399,,
Peng Yi,4b04338ace0331af97392029aca6cb6203da9411;50b0c71a317d450330a36dac8ed962da10022399,,
Chen Chen,4b04338ace0331af97392029aca6cb6203da9411;50b0c71a317d450330a36dac8ed962da10022399;c46503888ad5838ec044f9ca0cf8616d94e43c91,,
Zhen Han,4b04338ace0331af97392029aca6cb6203da9411,,
T. Lu,4b04338ace0331af97392029aca6cb6203da9411,,
Baojin Huang,4b04338ace0331af97392029aca6cb6203da9411,,
Qili Chen,bbf6a608ca7ff1bf5543f8970b18a6eec56c3ffb,,
Junfang Fan,bbf6a608ca7ff1bf5543f8970b18a6eec56c3ffb,,
Wenbai Chen,bbf6a608ca7ff1bf5543f8970b18a6eec56c3ffb,,
Jiangbo Lu,914e29068503742eb2407ec9fd651371dbe72dc0,,
Pengliang Tang,3591c4040b5ea1fa27dc936621997fd53e6c8483,,
Xiaoqiang Guo,3591c4040b5ea1fa27dc936621997fd53e6c8483,,
Guodong Ju,3591c4040b5ea1fa27dc936621997fd53e6c8483;f71f45dd3ab3133495de23a06fdd58240694b227,,
Liangheng Shen,3591c4040b5ea1fa27dc936621997fd53e6c8483,,
Aidong Men,3591c4040b5ea1fa27dc936621997fd53e6c8483;f71f45dd3ab3133495de23a06fdd58240694b227,,
Weihang Zhang,23964a91d992f67f7d3df9dbd5c32e7650cad357,,
Jin Gong,23964a91d992f67f7d3df9dbd5c32e7650cad357,,
Xin Yuan,23964a91d992f67f7d3df9dbd5c32e7650cad357,,
D. Brady,23964a91d992f67f7d3df9dbd5c32e7650cad357,,
Renjie Wan,4abede791129ff4eb42b91c9b1091c27f432114d,,
Haoliang Li,4abede791129ff4eb42b91c9b1091c27f432114d,,
M. Albahar,16dc3a506604dee601a1664c9c00ea6cac06e2e9,,
Miao Li,5c4338b06355c7d83f74c7d91ae2c12db6e318b0;d5514a59d3721f15d161c26a284f629d8f37f0d5,,
Li Zhao,5c4338b06355c7d83f74c7d91ae2c12db6e318b0,,
Rencan Nie,5c4338b06355c7d83f74c7d91ae2c12db6e318b0;d5514a59d3721f15d161c26a284f629d8f37f0d5,,
Yanyu Liu,5c4338b06355c7d83f74c7d91ae2c12db6e318b0;d5514a59d3721f15d161c26a284f629d8f37f0d5,,
Yixue Wei,5c4338b06355c7d83f74c7d91ae2c12db6e318b0,,
C. Anitha,321126c4eca954e45f5621a8ef652112f0c677f3,,
R. M. S. Kumar,321126c4eca954e45f5621a8ef652112f0c677f3,,
Zeyuan Chen,70a6caba2b7f22c24637b67409180bdaefed3b67,,
Yifan Jiang,70a6caba2b7f22c24637b67409180bdaefed3b67,,
Dong Liu,70a6caba2b7f22c24637b67409180bdaefed3b67,,
Zhangyang Wang,70a6caba2b7f22c24637b67409180bdaefed3b67;fc3246c125f0124eb2aa139e670e41c4d558e04b,,
Ruowang Chang,7463f2040642f5e426eaf1749ac28503e138deb9;2ce4cca3303a1070909d7d6280296392eac2c12c,,
Qiong Song,7463f2040642f5e426eaf1749ac28503e138deb9,,
Yuehuang Wang,7463f2040642f5e426eaf1749ac28503e138deb9;2ce4cca3303a1070909d7d6280296392eac2c12c,,
Rizwan Qureshi,5e248e17a769c9eb491409e93d4f76f05972bb0b,,
Fengji Ma,593e2c7517fbf86c6b0bb0e73adcb383b77ea282,,
Haitao Li,593e2c7517fbf86c6b0bb0e73adcb383b77ea282,,
Zhongxuan Luo,cfb4160bab74b7d17d9cf5ae79387f00917dc8e4,,
Jiang Hai,6901507cbaaa2fca80ac1ced76c40217a6850568,,
Zhu Xuan,6901507cbaaa2fca80ac1ced76c40217a6850568,,
Ren Yang,6901507cbaaa2fca80ac1ced76c40217a6850568,,
Yutong Hao,6901507cbaaa2fca80ac1ced76c40217a6850568,,
Fengzhu Zou,6901507cbaaa2fca80ac1ced76c40217a6850568,,
Fang-Ju Lin,6901507cbaaa2fca80ac1ced76c40217a6850568,,
Songchen Han,6901507cbaaa2fca80ac1ced76c40217a6850568,,
Hangying Zhang,ad439243c402ca67ed07c747f32e63a26d9b7f12,,
Liangcai Cao,ad439243c402ca67ed07c747f32e63a26d9b7f12,,
Feng Yang,ad439243c402ca67ed07c747f32e63a26d9b7f12,,
H. Hou,e1e61b97a444d4039650eaa2a55e3da40deba40c,,
Yingkun Hou,e1e61b97a444d4039650eaa2a55e3da40deba40c,,
Yuxuan Shi,e1e61b97a444d4039650eaa2a55e3da40deba40c,,
Benzheng Wei,e1e61b97a444d4039650eaa2a55e3da40deba40c,,
Jun Xu,e1e61b97a444d4039650eaa2a55e3da40deba40c,,
Yu Li,7c0f1366b4cb803ef4ebad7ef665bfbee6e54ea2;68dec8d0c97827ce1a943152e6620b8e300d568e,,
Ying Fu,7c0f1366b4cb803ef4ebad7ef665bfbee6e54ea2;381c650d2c5cba76c28626e6e31cb2e55d4cf452;711fe34e0315f056923b2330f3b96b4c4a7a630b;54105be392628ba9f158ee5174ae2d9d544b2804,,
Luming Liang,4b2e85ad840949335c432f65635740631c9b1209,,
Ilya Zharkov,4b2e85ad840949335c432f65635740631c9b1209,,
Faezeh Amjadi,4b2e85ad840949335c432f65635740631c9b1209,,
Hamid Reza Vaezi Joze,4b2e85ad840949335c432f65635740631c9b1209,,
V. Pradeep,4b2e85ad840949335c432f65635740631c9b1209,,
J. Xiong,10ab15c5fd4e2d16df23cbb94567ab60b911c956,,
S. Nayar,10ab15c5fd4e2d16df23cbb94567ab60b911c956,,
Peibei Cao,fc3246c125f0124eb2aa139e670e41c4d558e04b,,
Kede Ma,fc3246c125f0124eb2aa139e670e41c4d558e04b,,
Shiba Kuanar,7b38b0b0231bc31e0564a9db00ba7c2adb2ba90d,,
D. Mahapatra,7b38b0b0231bc31e0564a9db00ba7c2adb2ba90d,,
V. Athitsos,7b38b0b0231bc31e0564a9db00ba7c2adb2ba90d,,
Fellow Ieee K.R Rao,7b38b0b0231bc31e0564a9db00ba7c2adb2ba90d,,
Deepanshu Rana,d57c2d0d3ab6e8a3beec4e491277f3b587ea4ec8;a302e89ba5249bbc8afe7e09916ab8bca87cc961,,
Kanishk Jayant Lal,d57c2d0d3ab6e8a3beec4e491277f3b587ea4ec8;a302e89ba5249bbc8afe7e09916ab8bca87cc961,,
A. Parihar,d57c2d0d3ab6e8a3beec4e491277f3b587ea4ec8;a302e89ba5249bbc8afe7e09916ab8bca87cc961,,
Yunliang Qi,89a01466201390a474d0c77b5b379a29396b951b;c3525c1bd93382585f9e82ce4fd0408108c7c72e,,
Zhen Yang,89a01466201390a474d0c77b5b379a29396b951b;c3525c1bd93382585f9e82ce4fd0408108c7c72e,,
Wenhao Sun,89a01466201390a474d0c77b5b379a29396b951b,,
Meng Lou,89a01466201390a474d0c77b5b379a29396b951b,,
Jing Lian,89a01466201390a474d0c77b5b379a29396b951b;c3525c1bd93382585f9e82ce4fd0408108c7c72e,,
Wenwei Zhao,89a01466201390a474d0c77b5b379a29396b951b,,
Xiangyu Deng,89a01466201390a474d0c77b5b379a29396b951b,,
Yide Ma,89a01466201390a474d0c77b5b379a29396b951b;c3525c1bd93382585f9e82ce4fd0408108c7c72e,,
Jun Jiang,22731d2a9fdb26684f04ad3864b21bf83dd5c03e;01968e2a0e7cf056ccf06ff6e18f6fc5105886b9,,
Mingg-Ming Cheng,22731d2a9fdb26684f04ad3864b21bf83dd5c03e;01968e2a0e7cf056ccf06ff6e18f6fc5105886b9,,
Jinwei Gu,22731d2a9fdb26684f04ad3864b21bf83dd5c03e;01968e2a0e7cf056ccf06ff6e18f6fc5105886b9,,
Gouranga Mandal,18c41def7bdc96eadaff89f293104c592d879f70;e7a082f98edde5007db9f74908ea9ca0fa6ae078,,
Diptendu Bhattacharya,18c41def7bdc96eadaff89f293104c592d879f70;e7a082f98edde5007db9f74908ea9ca0fa6ae078,,
Parthasarathi De,18c41def7bdc96eadaff89f293104c592d879f70;e7a082f98edde5007db9f74908ea9ca0fa6ae078,,
Rizwan Khan,0089ddc1aa4e63209595fbf59b0f7d4e3238db01,,
Jialie Shen,0089ddc1aa4e63209595fbf59b0f7d4e3238db01,,
Bing Li,0089ddc1aa4e63209595fbf59b0f7d4e3238db01,,
Yingjie Jiao,1273093508b47eb854f358b740d3fea09a4b558c,,
Xiangtao Zheng,1273093508b47eb854f358b740d3fea09a4b558c,,
Xiaoqiang Lu,1273093508b47eb854f358b740d3fea09a4b558c,,
Zheng Wang,50b0c71a317d450330a36dac8ed962da10022399,,
Xiao Wang,50b0c71a317d450330a36dac8ed962da10022399,,
Yansheng Qiu,50b0c71a317d450330a36dac8ed962da10022399,,
Chia-Wen Lin,50b0c71a317d450330a36dac8ed962da10022399,,
Shidong Xie,d5514a59d3721f15d161c26a284f629d8f37f0d5,,
Y. Wanga,078958642cc4e5fd915ca2dce3b9d5c14dd6df27,,
Sheng Zhang,b95b2cff003beadd98019316c9526669e7ec8670,,
Tianxiao Cai,b95b2cff003beadd98019316c9526669e7ec8670,,
Yihang Chen,b95b2cff003beadd98019316c9526669e7ec8670,,
Wenbo Yang,95d6b205c7f40ffa1d27278214dea3078768e072,,
Zhouheng Ge,95d6b205c7f40ffa1d27278214dea3078768e072,,
Yadong Xu,55279c1d4b3a8bc557179e5aa41dfb2d60280b72,,
Cheng Yang,55279c1d4b3a8bc557179e5aa41dfb2d60280b72,,
Beibei Sun,55279c1d4b3a8bc557179e5aa41dfb2d60280b72,,
Xiaoan Yan,55279c1d4b3a8bc557179e5aa41dfb2d60280b72,,
Minglong Chen,55279c1d4b3a8bc557179e5aa41dfb2d60280b72,,
Ming Xu,92b21e2e940564e1e8f088d81b8a878c29d31ce7,,
Hongping Li,92b21e2e940564e1e8f088d81b8a878c29d31ce7,,
Jian Chen,92b21e2e940564e1e8f088d81b8a878c29d31ce7,,
Lingyu Yan,9068ed5080657594e2ebe7db0fffbcdc33d9890b,,
Jia-Run Fu,9068ed5080657594e2ebe7db0fffbcdc33d9890b,,
Chunzhi Wang,9068ed5080657594e2ebe7db0fffbcdc33d9890b,,
Z. Ye,9068ed5080657594e2ebe7db0fffbcdc33d9890b,,
Hongwe Chen,9068ed5080657594e2ebe7db0fffbcdc33d9890b,,
H. Ling,9068ed5080657594e2ebe7db0fffbcdc33d9890b,,
Dejia Xu,ef11f84c6cce12bbce40d7a49643f8cf4c0511f8,,
Minhao Fan,ef11f84c6cce12bbce40d7a49643f8cf4c0511f8;d86d02b7e1bfebfa0155d7960c81bce17953d2c5,,
Li-Wen Wang,b27cf66a5b0f08a6822e2c22f33768a823359134;c7808b1bf495d7104258fbcbf3e26cc0bfcf8628,,
W. Siu,b27cf66a5b0f08a6822e2c22f33768a823359134;c7808b1bf495d7104258fbcbf3e26cc0bfcf8628,,
Zhi-Song Liu,b27cf66a5b0f08a6822e2c22f33768a823359134;c7808b1bf495d7104258fbcbf3e26cc0bfcf8628,,
Chu-Tak Li,b27cf66a5b0f08a6822e2c22f33768a823359134,,
D. Lun,b27cf66a5b0f08a6822e2c22f33768a823359134;c7808b1bf495d7104258fbcbf3e26cc0bfcf8628,,
Xiaomei Feng,71761f84fc683fbff8b0ab9c0496c67960c7b9d8,,
Minglu Zhang,24f4a32cd5fe4fd6102521ac15601a013e118330,,
Yan Zhang,24f4a32cd5fe4fd6102521ac15601a013e118330,,
Zhihong Jiang,24f4a32cd5fe4fd6102521ac15601a013e118330,,
Xiaoling Lv,24f4a32cd5fe4fd6102521ac15601a013e118330,,
Ce Guo,24f4a32cd5fe4fd6102521ac15601a013e118330,,
Linshu Hu,b1cc558ad16cea03925ad44d3bbecad2b372f91e,,
Mengjiao Qin,b1cc558ad16cea03925ad44d3bbecad2b372f91e,,
Zhenhong Du,b1cc558ad16cea03925ad44d3bbecad2b372f91e,,
Ren-yi Liu,b1cc558ad16cea03925ad44d3bbecad2b372f91e,,
Yangyang Qu,c8c80e1ca3a216443956a1592c8ec4c41fbb65b6;f15eefe3d76c6b35eed9700101281fd53d955f78,,
Chao Liu,c8c80e1ca3a216443956a1592c8ec4c41fbb65b6;f15eefe3d76c6b35eed9700101281fd53d955f78,,
Y. Ou,c8c80e1ca3a216443956a1592c8ec4c41fbb65b6;f15eefe3d76c6b35eed9700101281fd53d955f78,,
Nelson Chong Ngee Bow,e9fdd987df2fd005fa975c1f8c9f6d5119a914c3,,
Vu-Hoang Tran,e9fdd987df2fd005fa975c1f8c9f6d5119a914c3,,
Punchok Kerdsiri,e9fdd987df2fd005fa975c1f8c9f6d5119a914c3,,
Ching-Chun Huang,e9fdd987df2fd005fa975c1f8c9f6d5119a914c3,,
M. Lecca,f20896b018c60830042dd59e5008b1ec90a35ea9;be9ec74bf7c3ccc23515ecb56bafc0377d19b81d;49205da89cb0d20af43841a125bb66cbaedbd94c;26964822b72aa9ee361bb77b1c5eb0ae95e95e93,,
A. Torresani,f20896b018c60830042dd59e5008b1ec90a35ea9,,
Fabio Remondino,f20896b018c60830042dd59e5008b1ec90a35ea9,,
Peizheng Li,6895c7626c3f35a0df209d07300bdfe6092589f4,,
Caofei Luo,6895c7626c3f35a0df209d07300bdfe6092589f4,,
Fumin Wu,6895c7626c3f35a0df209d07300bdfe6092589f4,,
Jianan Zheng,6895c7626c3f35a0df209d07300bdfe6092589f4,,
Sainan Ma,6895c7626c3f35a0df209d07300bdfe6092589f4,,
Youya Xia,34330fa3bc18b70c2db67c6084b73832d979cb83,,
Yifan Tang,34330fa3bc18b70c2db67c6084b73832d979cb83,,
Yuhan Hu,34330fa3bc18b70c2db67c6084b73832d979cb83,,
Guy Hoffman,34330fa3bc18b70c2db67c6084b73832d979cb83,,
Qian Gao,d548c202e5187773e16552ffcb185cdda95d4681,,
Pengyu Liu,d548c202e5187773e16552ffcb185cdda95d4681,,
Shanji Chen,d548c202e5187773e16552ffcb185cdda95d4681,,
K. Jia,d548c202e5187773e16552ffcb185cdda95d4681,,
M. Asif,76e3a73e4829bf30042c879091cd2228720eb8ab,,
Lei Chen,76e3a73e4829bf30042c879091cd2228720eb8ab,,
Hong Song,76e3a73e4829bf30042c879091cd2228720eb8ab,,
Alejandro F Frangi,76e3a73e4829bf30042c879091cd2228720eb8ab,,
Wenjing Wang,d86d02b7e1bfebfa0155d7960c81bce17953d2c5,,
Bo-Si Feng,031a98f672593c33f62121b1ec4e5e49f5edf525,,
Xuejin Gao,031a98f672593c33f62121b1ec4e5e49f5edf525,,
Yonghuai Liu,e982634bc96c870390198b7bca7b7834f4518e1d,,
Jun Cheng,e982634bc96c870390198b7bca7b7834f4518e1d,,
Yalin Zheng,e982634bc96c870390198b7bca7b7834f4518e1d,,
Morteza Ghahremani,e982634bc96c870390198b7bca7b7834f4518e1d,,
Honghan Chen,e982634bc96c870390198b7bca7b7834f4518e1d,,
Jiang Liu,e982634bc96c870390198b7bca7b7834f4518e1d,,
Ionut Mironica,7b187d09619571b68551feb9246f312b78747676,,
Xuyang Han,291f85f8f93d4378c92a239ad3716d3b1b2eee7f,,
Youming Zhang,291f85f8f93d4378c92a239ad3716d3b1b2eee7f,,
Lei Xu,291f85f8f93d4378c92a239ad3716d3b1b2eee7f,,
Antyanta Bangunharcana,1fe8a4f2b542d9f9a0c0eb68821aa400910660cc,,
Dokyeong Kwon,0cd6395bafc71a0273d6a9e379296d25afdf9b37,,
Guisik Kim,0cd6395bafc71a0273d6a9e379296d25afdf9b37,,
Junseok Kwon,0cd6395bafc71a0273d6a9e379296d25afdf9b37,,
Meifang Yang,5746980ffaa72c237a9f54fc4f4c5cc67200ce1f;f3f73da45cf960fa3fc1174ac410e5b99bbe112f,,
K. Chui,5746980ffaa72c237a9f54fc4f4c5cc67200ce1f;f3f73da45cf960fa3fc1174ac410e5b99bbe112f,,
Danai Triantafyllidou,7546b0ec52a6ee1e4260a8124c8a2afec214d427,,
S. Moran,7546b0ec52a6ee1e4260a8124c8a2afec214d427,,
Steven G. McDonagh,7546b0ec52a6ee1e4260a8124c8a2afec214d427,,
Sarah Parisot,7546b0ec52a6ee1e4260a8124c8a2afec214d427,,
G. Slabaugh,7546b0ec52a6ee1e4260a8124c8a2afec214d427,,
Xin Ding,38972b708e114552a6d3a9edd151a3d12c1483cb,,
R. Hu,38972b708e114552a6d3a9edd151a3d12c1483cb,,
Anqi Zhu,4233c268034f8b409cb5f77794b6ab2b3486a226,,
Ying Shen,4233c268034f8b409cb5f77794b6ab2b3486a226,,
Shengjie Zhao,4233c268034f8b409cb5f77794b6ab2b3486a226,,
Yicong Zhou,4233c268034f8b409cb5f77794b6ab2b3486a226,,
Ahmet Serdar Karadeniz,43c09a9d8a631942371c998eaf606294275bccc8;32d8dd63e74c1f6740a5a6bd37ba8b994e635ea1,,
Feifan Lv,9342a3f3328419a3574ac665d0cf9d264a7f52b5;75ba306e914aad8f82b27b66ebaacec146e19518;68dec8d0c97827ce1a943152e6620b8e300d568e;3151ee4de6bf67ccba9b29565053720113ffaa85;1ad1af40d52fbdb5ae9d3972d87e8ddb98618734,,
Bo Liu,9342a3f3328419a3574ac665d0cf9d264a7f52b5,,
Christos Sakaridis,74f38e6667f52e6104ca65f51fe535df3e0c03ac;5e4bc76fb2a00151e43aee7fd2f49ef527486634,,
Dengxin Dai,74f38e6667f52e6104ca65f51fe535df3e0c03ac;5e4bc76fb2a00151e43aee7fd2f49ef527486634,,
L. Van Gool,74f38e6667f52e6104ca65f51fe535df3e0c03ac,,
Ziyi Shen,6fcccca02671b9e4bd6a832bb8fec49c0da55979;b7eedc4671785072a0b444a5bb85ff8fa1ed50a6,,
H. Fu,6fcccca02671b9e4bd6a832bb8fec49c0da55979;b7eedc4671785072a0b444a5bb85ff8fa1ed50a6,,
Jianbing Shen,6fcccca02671b9e4bd6a832bb8fec49c0da55979;b7eedc4671785072a0b444a5bb85ff8fa1ed50a6,,
Ling Shao,6fcccca02671b9e4bd6a832bb8fec49c0da55979;b7eedc4671785072a0b444a5bb85ff8fa1ed50a6,,
Wencheng Wang,09118b44e9fdb94e8768b5ae139c1c9a4576d0de;b8948521dad7213cc82178c1c1eb0b07335efbfd,,
Xiaojin Wu,09118b44e9fdb94e8768b5ae139c1c9a4576d0de;b8948521dad7213cc82178c1c1eb0b07335efbfd,,
Xiaohui Yuan,09118b44e9fdb94e8768b5ae139c1c9a4576d0de;b8948521dad7213cc82178c1c1eb0b07335efbfd,,
Zairui Gao,09118b44e9fdb94e8768b5ae139c1c9a4576d0de,,
Sunita Sahu,a3989ae2dec26e111845943605b35a25fa910246,,
Nirav Motwani,a3989ae2dec26e111845943605b35a25fa910246,,
Aakanksha Talreja,a3989ae2dec26e111845943605b35a25fa910246,,
Naman Varyomalani,a3989ae2dec26e111845943605b35a25fa910246,,
Kunal Kundnani,a3989ae2dec26e111845943605b35a25fa910246,,
M. Iqbal,f734658a32e3604041cd2d203c7606bcec343806,,
S. Ali,f734658a32e3604041cd2d203c7606bcec343806,,
M. Riaz,f734658a32e3604041cd2d203c7606bcec343806,,
A. Ghafoor,f734658a32e3604041cd2d203c7606bcec343806,,
Attiq Ahmad,f734658a32e3604041cd2d203c7606bcec343806,,
Wei Huang,09a1b81906d6aabc19180d2b983ec96c7e20a8e4;b3473eb27185b690a4c043412e62f4f25cda0a13,,
Yifeng Zhu,09a1b81906d6aabc19180d2b983ec96c7e20a8e4,,
Rui Huang,09a1b81906d6aabc19180d2b983ec96c7e20a8e4,,
Yifei Pu,874f1251353f98bd096cade10848c82907aaa1f9;8ce6045cde0169f35c256b003424ab364bcc3e3e,,
Samad Wali,874f1251353f98bd096cade10848c82907aaa1f9;8ce6045cde0169f35c256b003424ab364bcc3e3e,,
Yicheng Li,75ba306e914aad8f82b27b66ebaacec146e19518,,
Minfeng Zhu,cc8826c93dffe1e0118cbe7e04dc8fb243afe001,,
Pingbo Pan,cc8826c93dffe1e0118cbe7e04dc8fb243afe001,,
Yi Yang,cc8826c93dffe1e0118cbe7e04dc8fb243afe001,,
Wengang Cheng,e8b471623a666bf77e303896424f29a62a31e50f,,
Caiyun Guo,e8b471623a666bf77e303896424f29a62a31e50f,,
Haitao Hu,e8b471623a666bf77e303896424f29a62a31e50f,,
Yousef Atoum,c41aacb6a0b5f6b501dbaf20e2cbea380c427ad9,,
Mao Ye,c41aacb6a0b5f6b501dbaf20e2cbea380c427ad9;8c866fdcaa8e3a722070fabc1966c4eb024fae9b,,
Liu Ren,c41aacb6a0b5f6b501dbaf20e2cbea380c427ad9,,
Ying Tai,c41aacb6a0b5f6b501dbaf20e2cbea380c427ad9,,
Yixin Xiang,381c650d2c5cba76c28626e6e31cb2e55d4cf452,,
Yukun Huang,3d402f1ef2185695a33ca0a6cc21985f4dea4b3e;f330e64b263af1c0631418619fd130e9a2314525,,
Zhengjun Zha,3d402f1ef2185695a33ca0a6cc21985f4dea4b3e,,
Wei Zhang,3d402f1ef2185695a33ca0a6cc21985f4dea4b3e,,
M. Do,c46503888ad5838ec044f9ca0cf8616d94e43c91,,
V. Koltun,c46503888ad5838ec044f9ca0cf8616d94e43c91,,
Guangtao Fu,f71f45dd3ab3133495de23a06fdd58240694b227,,
Zhuqing Jiang,f71f45dd3ab3133495de23a06fdd58240694b227,,
L. Gool,5e4bc76fb2a00151e43aee7fd2f49ef527486634,,
Rawan I. Zaghloul,1b22dc72a185489c26b940d97a8a1e70046c6347,,
H. Hiary,1b22dc72a185489c26b940d97a8a1e70046c6347,,
Zishu Yao,151f27d2468e4c1e864179e00110409aa8a17086,,
Xiang-Xiang Su,151f27d2468e4c1e864179e00110409aa8a17086,,
Shengning Zhou,151f27d2468e4c1e864179e00110409aa8a17086,,
Guangyu Zhu,151f27d2468e4c1e864179e00110409aa8a17086,,
Jing Chen,151f27d2468e4c1e864179e00110409aa8a17086,,
Taewon Park,02e7e508eed1f8f7c29e01a9186d8a21a68c1c45,,
王蔓菁 Wang Manjing,bf44eccefca3018b155bd446d3d927d3e380860e,,
徐锋 Xu Feng,bf44eccefca3018b155bd446d3d927d3e380860e,,
刘满禄 Liu Manlu,bf44eccefca3018b155bd446d3d927d3e380860e,,
Peng Peng,a92e237f4ac5abf368880edfbb7a43605bfe59a9,,
Xiaohua Wang,a92e237f4ac5abf368880edfbb7a43605bfe59a9,,
Sukai Xiong,a92e237f4ac5abf368880edfbb7a43605bfe59a9,,
Yuanshuai Yao,a92e237f4ac5abf368880edfbb7a43605bfe59a9,,
Xiaoyu Fan,a92e237f4ac5abf368880edfbb7a43605bfe59a9,,
Jiacheng Qi,a92e237f4ac5abf368880edfbb7a43605bfe59a9,,
Dingnan Zhang,b63ccd32c80e397d699181c8fea2db797e5e133c,,
Enqi Yue,b63ccd32c80e397d699181c8fea2db797e5e133c,,
Dongsheng Wu,b63ccd32c80e397d699181c8fea2db797e5e133c,,
Xinzhe Wang,7265909b89a644cc5e8358199d2f3b9ab88bf01f,,
Wenkai Zhang,7265909b89a644cc5e8358199d2f3b9ab88bf01f,,
Xiaoyu Guo,7265909b89a644cc5e8358199d2f3b9ab88bf01f,,
Shuiwang Li,7265909b89a644cc5e8358199d2f3b9ab88bf01f,,
郭泰龙 Guo Tailong,243fadf15a6c0132ba271547cab121cf685cde2a,,
蔡怀宇 Cai Huaiyu,243fadf15a6c0132ba271547cab121cf685cde2a,,
汪. Wang Yi,243fadf15a6c0132ba271547cab121cf685cde2a,,
陈晓冬 Chen Xiaodong,243fadf15a6c0132ba271547cab121cf685cde2a,,
朱天鑫 Zhu Tianxin,61c22db16057e89730abec8ae94f75549354b6d1,,
陈春梅 Chen Chunmei,61c22db16057e89730abec8ae94f75549354b6d1,,
刘桂华 Liu Guihua,61c22db16057e89730abec8ae94f75549354b6d1,,
袁玲玲 Yuan Lingling,61c22db16057e89730abec8ae94f75549354b6d1,,
张宇寒 Zhang Yuhan,61c22db16057e89730abec8ae94f75549354b6d1,,
Jiahao Lin,fed62a4f250fbda97d875636fec49d4178ccb9f5,,
Kaiqiang Chen,fed62a4f250fbda97d875636fec49d4178ccb9f5;0c1b87fa620a599458bf23ccfe7851cbf3fd39d9,,
Wenhao Huang,fed62a4f250fbda97d875636fec49d4178ccb9f5;0c1b87fa620a599458bf23ccfe7851cbf3fd39d9,,
Zixuan Wang,fed62a4f250fbda97d875636fec49d4178ccb9f5;0c1b87fa620a599458bf23ccfe7851cbf3fd39d9,,
Yuanlong Deng,fed62a4f250fbda97d875636fec49d4178ccb9f5,,
Wenhao Cai,410c93f92fd20d4f75bc5e0fc255e95d2fcfe54f,,
Yajun Chen,410c93f92fd20d4f75bc5e0fc255e95d2fcfe54f,,
Xiaoyang Qiu,410c93f92fd20d4f75bc5e0fc255e95d2fcfe54f,,
Meiqi Niu,410c93f92fd20d4f75bc5e0fc255e95d2fcfe54f,,
Jianying Li,410c93f92fd20d4f75bc5e0fc255e95d2fcfe54f,,
Yunyi Gao,711fe34e0315f056923b2330f3b96b4c4a7a630b,,
Qiankun Liu,711fe34e0315f056923b2330f3b96b4c4a7a630b,,
Bin Zhang,a660944549b2bfe9d356bf1a308aa4ac5f0cfd4c,,
Jinfang Sheng,a660944549b2bfe9d356bf1a308aa4ac5f0cfd4c,,
Tirui Wu,445378399762e7a875d332cf2a00689c36421ec4,,
M. Glavin,445378399762e7a875d332cf2a00689c36421ec4,,
Edward Jones,445378399762e7a875d332cf2a00689c36421ec4,,
Jianjun He,79d25dd033c115234398271c98071e89e3bda9bb,,
Xiao Ji,79d25dd033c115234398271c98071e89e3bda9bb,,
Zhipeng Chen,79d25dd033c115234398271c98071e89e3bda9bb,,
Ling Shen,79d25dd033c115234398271c98071e89e3bda9bb,,
Weihua Gui,79d25dd033c115234398271c98071e89e3bda9bb,,
Lin Gao,273a4bd1822fea523aeeb50846a506940149e2de,,
Yuxiang Gong,273a4bd1822fea523aeeb50846a506940149e2de,,
Huaguo Liu,273a4bd1822fea523aeeb50846a506940149e2de,,
Yongdan Zhu,273a4bd1822fea523aeeb50846a506940149e2de,,
Jingyu Ji,f701537a202e1891039b37fe920b3b33902b8876,,
Yuefei Zhao,f701537a202e1891039b37fe920b3b33902b8876,,
YuHua Zhang,f701537a202e1891039b37fe920b3b33902b8876,,
Xiaotong Zuo,f701537a202e1891039b37fe920b3b33902b8876,,
Changlong Wang,f701537a202e1891039b37fe920b3b33902b8876,,
Fengming Shi,f701537a202e1891039b37fe920b3b33902b8876,,
Ruoyu Guo,ddd2b809f65e61c604eb5cce287219b153593127,,
M. Pagnucco,ddd2b809f65e61c604eb5cce287219b153593127,,
Yang Song,ddd2b809f65e61c604eb5cce287219b153593127,,
Tianqiang Li,0e9dc712f8fd8ba21dd477bc53ab3f8653a2ec39,,
Tian Guo,0e9dc712f8fd8ba21dd477bc53ab3f8653a2ec39,,
Deliang Xiang,0e9dc712f8fd8ba21dd477bc53ab3f8653a2ec39,,
Qiuyuan Ling,33bb0e657ea541c640144a2dc726e2a1009576c0,,
Xiaoyi Zhang,33bb0e657ea541c640144a2dc726e2a1009576c0,,
Zifeng Liang,33bb0e657ea541c640144a2dc726e2a1009576c0,,
Guang-liang Xie,33bb0e657ea541c640144a2dc726e2a1009576c0,,
Zhou Liu,33bb0e657ea541c640144a2dc726e2a1009576c0,,
Wenshuai Yu,33bb0e657ea541c640144a2dc726e2a1009576c0,,
Xinqiang Chen,ce3b6388ce3f797c03d1aec7d5738cfaa410376f,,
Yang Sun,ce3b6388ce3f797c03d1aec7d5738cfaa410376f,,
Zichuang Wang,ce3b6388ce3f797c03d1aec7d5738cfaa410376f,,
Han Zhang,ce3b6388ce3f797c03d1aec7d5738cfaa410376f,,
O. Postolache,ce3b6388ce3f797c03d1aec7d5738cfaa410376f,,
Zixin Zhang,8499ad0e3d4a00ec9d8e58756fa90db5f148a028,,
Lutao Jiang,8499ad0e3d4a00ec9d8e58756fa90db5f148a028,,
Zeyu Wang,8499ad0e3d4a00ec9d8e58756fa90db5f148a028,,
Yingcong Chen,8499ad0e3d4a00ec9d8e58756fa90db5f148a028,,
Yohan Park,59a4c7b1ebad7749018ff6a4b685e5fac161d3f2,,
Xuejin Wang,22d65d9f9a43c9ef709bd800c6039e28ab45b1a5,,
Leilei Huang,22d65d9f9a43c9ef709bd800c6039e28ab45b1a5,,
Hangwei Chen,22d65d9f9a43c9ef709bd800c6039e28ab45b1a5;1fad5d24594230050df5375849b1fb6b82ac5fc2,,
Shaowei Weng,22d65d9f9a43c9ef709bd800c6039e28ab45b1a5,,
P. Shi,9aae66ff80d406c7ce310ddccb12e662644838ca,,
Xiwang Xu,9aae66ff80d406c7ce310ddccb12e662644838ca,,
Xinnan Fan,9aae66ff80d406c7ce310ddccb12e662644838ca,,
Xudong Yang,9aae66ff80d406c7ce310ddccb12e662644838ca,,
Yuanxue Xin,9aae66ff80d406c7ce310ddccb12e662644838ca,,
Chongzhen Tian,1fad5d24594230050df5375849b1fb6b82ac5fc2,,
Long Xu,1fad5d24594230050df5375849b1fb6b82ac5fc2,,
Yo-Sung Ho,1fad5d24594230050df5375849b1fb6b82ac5fc2,,
Dongjie Ye,3e2329282ea1ecc099c79480f125b569257a0906;c5d34758d3e2b9d3a1f222cba5b661ab072035e2,,
Hanli Wang,3e2329282ea1ecc099c79480f125b569257a0906,,
S. Kwong,3e2329282ea1ecc099c79480f125b569257a0906;c5d34758d3e2b9d3a1f222cba5b661ab072035e2;2a728d6370f5f229900e963c0d0880caaea4d760,,
Rongfeng Zhou,84dc31e2d95c79443c5450a91966b6520330c9d7,,
Ping Li,84dc31e2d95c79443c5450a91966b6520330c9d7,,
Qing Lin,84dc31e2d95c79443c5450a91966b6520330c9d7,,
郭泓达 Guo Hongda,1de0934b46b325c85edf5f39fbbb1812b1b52815,,
董秀成 Dong Xiucheng,1de0934b46b325c85edf5f39fbbb1812b1b52815,,
郑永康 Zheng Yongkang,1de0934b46b325c85edf5f39fbbb1812b1b52815,,
雎雅玲 Ju Yaling,1de0934b46b325c85edf5f39fbbb1812b1b52815,,
张党成 Zhang Dangcheng,1de0934b46b325c85edf5f39fbbb1812b1b52815,,
Hujun Bao,f6107ba59dba91db16237465bf23a261c7889392,,
Fengqi Zhang,8c866fdcaa8e3a722070fabc1966c4eb024fae9b,,
Weifeng Hao,8c866fdcaa8e3a722070fabc1966c4eb024fae9b,,
Yihao Chen,8c866fdcaa8e3a722070fabc1966c4eb024fae9b,,
Fei Li,8c866fdcaa8e3a722070fabc1966c4eb024fae9b,,
Jun Zhu,f50da5f831fd27184f76f63fcbaa3b7cdd46b56c,,
Fenglian Liu,f50da5f831fd27184f76f63fcbaa3b7cdd46b56c,,
Zhihang Xue,f50da5f831fd27184f76f63fcbaa3b7cdd46b56c,,
Wenwei Luo,f50da5f831fd27184f76f63fcbaa3b7cdd46b56c,,
Haoran Peng,f50da5f831fd27184f76f63fcbaa3b7cdd46b56c,,
Jun He,f50da5f831fd27184f76f63fcbaa3b7cdd46b56c,,
Zhengzheng Fu,f50da5f831fd27184f76f63fcbaa3b7cdd46b56c,,
Donghui Luo,f50da5f831fd27184f76f63fcbaa3b7cdd46b56c,,
Minh-Thien Duong,2a41ae1cb4df0c6c729c34407538289aa2de20b0;88b68350c2c9371dc791f8f7437370a58b64058f,,
Seongsoo Lee,2a41ae1cb4df0c6c729c34407538289aa2de20b0;88b68350c2c9371dc791f8f7437370a58b64058f,,
Saigopal Vasudevan,be9ec74bf7c3ccc23515ecb56bafc0377d19b81d,,
Mohamed Lamine Mekhalfi,be9ec74bf7c3ccc23515ecb56bafc0377d19b81d,,
C. Blanes,be9ec74bf7c3ccc23515ecb56bafc0377d19b81d,,
F. Poiesi,be9ec74bf7c3ccc23515ecb56bafc0377d19b81d,,
Paul Ian Chippendale,be9ec74bf7c3ccc23515ecb56bafc0377d19b81d,,
Pablo Malvido Fresnillo,be9ec74bf7c3ccc23515ecb56bafc0377d19b81d,,
W. Mohammed,be9ec74bf7c3ccc23515ecb56bafc0377d19b81d,,
J. M. Martinez Lastra,be9ec74bf7c3ccc23515ecb56bafc0377d19b81d,,
Rui Xu,29edde4a44f733ea1c5fa7b9940b4e1a99d3934e,,
Yuezhou Li,29edde4a44f733ea1c5fa7b9940b4e1a99d3934e,,
Yuzhen Niu,29edde4a44f733ea1c5fa7b9940b4e1a99d3934e,,
Huangbiao Xu,29edde4a44f733ea1c5fa7b9940b4e1a99d3934e,,
Yuzhong Chen,29edde4a44f733ea1c5fa7b9940b4e1a99d3934e,,
Li Ziwei,42a560d634f3e388b1f6b7c617dcef6cc67625e3,,
Jinlong Liu,42a560d634f3e388b1f6b7c617dcef6cc67625e3,,
Huizhen Yang,42a560d634f3e388b1f6b7c617dcef6cc67625e3,,
Zhiguang Zhang,42a560d634f3e388b1f6b7c617dcef6cc67625e3,,
Zhaorun Zhou,6507196db1bf5c947c2971c7d55d6130839e45e8,,
Zhenghao Shi,6507196db1bf5c947c2971c7d55d6130839e45e8;64741709b904bcf90da8c9676b94820edb6bbd3b,,
Xiaofeng Liu,e810e493b96bc9c2fb4f40bba568ac2e5235197e,,
Ziyu Yue,e810e493b96bc9c2fb4f40bba568ac2e5235197e,,
Te Li,68e372d65bc3105e6d70c2a36af289d074823a65,,
Zelin Pei,68e372d65bc3105e6d70c2a36af289d074823a65,,
Xingjian Liu,68e372d65bc3105e6d70c2a36af289d074823a65,,
Ruhan Nie,68e372d65bc3105e6d70c2a36af289d074823a65,,
Xu Li,68e372d65bc3105e6d70c2a36af289d074823a65,,
Yongqing Wang,68e372d65bc3105e6d70c2a36af289d074823a65,,
Manyu Wang,64741709b904bcf90da8c9676b94820edb6bbd3b,,
Mingjie Xu,1ad1af40d52fbdb5ae9d3972d87e8ddb98618734,,
Xiang Wang,997afb3e71f0431c133270793a8a8e9cb93ab70e,,
Youfang Lin,997afb3e71f0431c133270793a8a8e9cb93ab70e,,
Jinde Cao,3e83a11fa56f265deda246195c89086119e4cfc6,,
Yanbu Guo,3e83a11fa56f265deda246195c89086119e4cfc6,,
Dongliang Yan,b8948521dad7213cc82178c1c1eb0b07335efbfd,,
Weikai He,b8948521dad7213cc82178c1c1eb0b07335efbfd,,
Zhenxue Chen,b8948521dad7213cc82178c1c1eb0b07335efbfd,,
Lun Li,b8948521dad7213cc82178c1c1eb0b07335efbfd,,
Zeyu Xiao,db295b4bd1ef52f2664ea225d4eee4cf87542aad,,
Zhiwei Xiong,db295b4bd1ef52f2664ea225d4eee4cf87542aad;f330e64b263af1c0631418619fd130e9a2314525,,
O. J. Santana,dae6fee8860105aecd7d6bc1cbe85434748b52a9,,
J. Lorenzo-Navarro,dae6fee8860105aecd7d6bc1cbe85434748b52a9,,
David Freire-Obregón,dae6fee8860105aecd7d6bc1cbe85434748b52a9,,
D. Hernández-Sosa,dae6fee8860105aecd7d6bc1cbe85434748b52a9,,
Modesto Castrillón-Santana,dae6fee8860105aecd7d6bc1cbe85434748b52a9,,
刘伟强 Liu Weiqiang,faa5559ba3a0fda306207f643a2c541dc3c86729,,
赵鹏 Zhao Peng,faa5559ba3a0fda306207f643a2c541dc3c86729,,
宋向迎 Song Xiangying,faa5559ba3a0fda306207f643a2c541dc3c86729,,
Xiaohong Gu,b699ecc22800309c2957229047c711d0a72f0bd4,,
Shuyuan Shang,b699ecc22800309c2957229047c711d0a72f0bd4,,
Feng Wu,dd6c5e1e8e1bbb47a8abc93813f5588ad3275400,,
Kang Wu,2a728d6370f5f229900e963c0d0880caaea4d760,,
Jixin Liu,2a728d6370f5f229900e963c0d0880caaea4d760,,
Zichun Wang,54105be392628ba9f158ee5174ae2d9d544b2804,,
T. Zhang,54105be392628ba9f158ee5174ae2d9d544b2804,,
Atik Garg,0788c8033e8b6a8bd29797eeb86799089245543e,,
X. Pan,0788c8033e8b6a8bd29797eeb86799089245543e,,
Lan-Rong Dung,0788c8033e8b6a8bd29797eeb86799089245543e,,
Yongqi Guo,5de46fbe8d58f164242627a92fe6d71b988e45ca,,
Wenyu Xu,5de46fbe8d58f164242627a92fe6d71b988e45ca,,
J. Bhattacharya,40bfa1bce2d75b64d06679a81e82e3e7e3921496,,
Shatrughan Modi,40bfa1bce2d75b64d06679a81e82e3e7e3921496,,
L. Gregorat,40bfa1bce2d75b64d06679a81e82e3e7e3921496,,
G. Ramponi,40bfa1bce2d75b64d06679a81e82e3e7e3921496,,
Yajing Liu,f330e64b263af1c0631418619fd130e9a2314525,,
Keyu Yan,f330e64b263af1c0631418619fd130e9a2314525,,
Xuan Liu,1ff85c5d6973ea1011a7f21e676f3b0690b19e0a,,
Chenfeng Zhang,1ff85c5d6973ea1011a7f21e676f3b0690b19e0a,,
Yingzhi Wang,1ff85c5d6973ea1011a7f21e676f3b0690b19e0a,,
Kai Ding,1ff85c5d6973ea1011a7f21e676f3b0690b19e0a,,
Tailin Han,1ff85c5d6973ea1011a7f21e676f3b0690b19e0a,,
Hong Liu,1ff85c5d6973ea1011a7f21e676f3b0690b19e0a,,
Yu Tian,1ff85c5d6973ea1011a7f21e676f3b0690b19e0a,,
Bo Xu,1ff85c5d6973ea1011a7f21e676f3b0690b19e0a,,
Mingchi Ju,1ff85c5d6973ea1011a7f21e676f3b0690b19e0a,,
Zhiying Li,10c37da65cac06ec4be6ec86af8f42e884b9cd26,,
Shuyuan Lin,10c37da65cac06ec4be6ec86af8f42e884b9cd26,,
Zhongmin Liang,10c37da65cac06ec4be6ec86af8f42e884b9cd26,,
Yongjia Lei,10c37da65cac06ec4be6ec86af8f42e884b9cd26,,
Zefan Wang,10c37da65cac06ec4be6ec86af8f42e884b9cd26,,
K. Chang,4bd0e86add248cf2cda39b64e26eb1e7ac8a0e01,,
Praveen Ravirathinam,b78cc1c32383d5cb5b199b235abc705d1ce743f4,,
Divyam Goel,b78cc1c32383d5cb5b199b235abc705d1ce743f4,,
J. J. Ranjani,b78cc1c32383d5cb5b199b235abc705d1ce743f4,,
Tian Ma,36c58e13ad1dcb9ff4fe3520fc23afae40e6704f,,
Ming Guo,36c58e13ad1dcb9ff4fe3520fc23afae40e6704f,,
Zhenhua Yu,36c58e13ad1dcb9ff4fe3520fc23afae40e6704f,,
Yanping Chen,36c58e13ad1dcb9ff4fe3520fc23afae40e6704f,,
Xincheng Ren,36c58e13ad1dcb9ff4fe3520fc23afae40e6704f,,
Runtao Xi,36c58e13ad1dcb9ff4fe3520fc23afae40e6704f,,
Yuancheng Li,36c58e13ad1dcb9ff4fe3520fc23afae40e6704f,,
Xinlei Zhou,36c58e13ad1dcb9ff4fe3520fc23afae40e6704f,,
Andreas Aakerberg,2aa69ccbd5cc5e1209fa6fb252a3e2ee4eb2d895,,
Kamal Nasrollahi,2aa69ccbd5cc5e1209fa6fb252a3e2ee4eb2d895,,
T. Moeslund,2aa69ccbd5cc5e1209fa6fb252a3e2ee4eb2d895,,
Ziwen Li,2ce4cca3303a1070909d7d6280296392eac2c12c,,
Yan Liu,b3473eb27185b690a4c043412e62f4f25cda0a13,,
Bingxue Lv,b3473eb27185b690a4c043412e62f4f25cda0a13,,
Jingwen Wang,b3473eb27185b690a4c043412e62f4f25cda0a13,,
Tiantian Qiu,b3473eb27185b690a4c043412e62f4f25cda0a13,,
Yunzhong Chen,b3473eb27185b690a4c043412e62f4f25cda0a13,,
Jizhao Liu,c3525c1bd93382585f9e82ce4fd0408108c7c72e,,
Huaikun Zhang,c3525c1bd93382585f9e82ce4fd0408108c7c72e,,
Mingxuan Zhang,c3525c1bd93382585f9e82ce4fd0408108c7c72e,,
Yanming Kang,396c1d24292d750c1c7b8a9267c70be1d2006853,,
Utsav Dihingia,e93dcb53023c4c0e17c9da01f41fd46bfba2a134,,
P. Amar,e93dcb53023c4c0e17c9da01f41fd46bfba2a134,,
M. Shyam,e93dcb53023c4c0e17c9da01f41fd46bfba2a134,,
V. Thomas,e93dcb53023c4c0e17c9da01f41fd46bfba2a134,,
S. Chidambaram,e93dcb53023c4c0e17c9da01f41fd46bfba2a134,,
R. ShortPaper,bd581f1a470f0536221adf3d2fa5ea3bcdaf4440,,
Z. Chaine,bd581f1a470f0536221adf3d2fa5ea3bcdaf4440,,
H. DengM.,bd581f1a470f0536221adf3d2fa5ea3bcdaf4440,,
Kim,bd581f1a470f0536221adf3d2fa5ea3bcdaf4440,,
†. JiachenDang,bd581f1a470f0536221adf3d2fa5ea3bcdaf4440,,
Zehao Li,bd581f1a470f0536221adf3d2fa5ea3bcdaf4440,,
Lishun Wang,bd581f1a470f0536221adf3d2fa5ea3bcdaf4440,,
Jingjiao You,9609a4f01acdd1db8fe32744248a5e706ffdf93c,,
Yuanyang Zhang,9609a4f01acdd1db8fe32744248a5e706ffdf93c,,
Tianchen Zhou,9609a4f01acdd1db8fe32744248a5e706ffdf93c,,
Yecheng Zhao,9609a4f01acdd1db8fe32744248a5e706ffdf93c,,
Li Yao,9609a4f01acdd1db8fe32744248a5e706ffdf93c,,
L. Jiao,f70367e8dc82dde5fac4f372c3eb32bf655ddef5,,
Fang-Lue Zhang,f70367e8dc82dde5fac4f372c3eb32bf655ddef5,,
， 徐常余,b60f10bdab36d2927dc29813a5f00a0988b129b7,,
LOL-Real 和 ExDark,b60f10bdab36d2927dc29813a5f00a0988b129b7,,
