citing_paper_id,doi,title,year,venue,authors_raw,authors_detail
e0ec3e2eaf2c091fcc95f54749f2a1419c63263e,10.1109/icip61757.2026.11630294,SPIM-FUSE: Sparsely-Coded Image Fusion for Low-Light Enhancement,2026,International Conference on Information Photonics,Sena Yagmur Sen; Gazihan Alankus; Mehmet Turkan,"[{""id"": ""122478756"", ""name"": ""Sena Yagmur Sen"", ""source"": ""s2""}, {""id"": ""2734839"", ""name"": ""Gazihan Alankus"", ""source"": ""s2""}, {""id"": ""70031922"", ""name"": ""Mehmet Turkan"", ""source"": ""s2""}]"
ad8afccbec3dc798ec11eb2192307b3f77a47c8b,10.1109/JIOT.2026.3701729,ViD-EnlightenGAN: A Temporally Aware GAN for Unsupervised Low-Light Video Enhancement,2026,IEEE Internet of Things Journal,Heng Zhang; Yijie Xue; Yanli Liu; Yiwen Ye; Hao Jiang; Feng Shu; Zhimin Chen,"[{""id"": ""40940525"", ""name"": ""Heng Zhang"", ""source"": ""s2""}, {""id"": ""100551091"", ""name"": ""Yijie Xue"", ""source"": ""s2""}, {""id"": ""2108202965"", ""name"": ""Yanli Liu"", ""source"": ""s2""}, {""id"": ""2170220899"", ""name"": ""Yiwen Ye"", ""source"": ""s2""}, {""id"": ""2292414930"", ""name"": ""Hao Jiang"", ""source"": ""s2""}, {""id"": ""2363573892"", ""name"": ""Feng Shu"", ""source"": ""s2""}, {""id"": ""2111354272"", ""name"": ""Zhimin Chen"", ""source"": ""s2""}]"
2558070b1c2e5b9cf3a867d3a9d70eaa7f814062,,Bright-Channel Retinex Enhancement with a Conditional Overdispered-Noise Analysis,2026,,Jongpil Jeong,"[{""id"": ""2314526962"", ""name"": ""Jongpil Jeong"", ""source"": ""s2""}]"
d7665fb470327d388cbebbbbfb4143908445c2cd,,UBLLIE: Unified Backlight and Low-Light Image Enhancement,2026,,Yasmin Yasin; Muhammad Usman; Ibrahim Radwan; Saeed Anwar,"[{""id"": ""2237025751"", ""name"": ""Yasmin Yasin"", ""source"": ""s2""}, {""id"": ""2223436301"", ""name"": ""Muhammad Usman"", ""source"": ""s2""}, {""id"": ""2363859773"", ""name"": ""Ibrahim Radwan"", ""source"": ""s2""}, {""id"": ""2297845544"", ""name"": ""Saeed Anwar"", ""source"": ""s2""}]"
94b12640c1ef5a6f3586a4529d1bb99a729eac58,10.1007/s44443-026-01095-6,UAV-LIENet: a low-light UAV image enhancement network via illumination estimation and guidance,2026,Journal of King Saud University: Computer and Information Sciences,Yueqing Kang; Ruitao Lu; Xiaogang Yang; Zhenhao Cheng; Zhanhong Zhuo; Jiwei Fan,"[{""id"": ""2457732225"", ""name"": ""Yueqing Kang"", ""source"": ""s2""}, {""id"": ""2312758587"", ""name"": ""Ruitao Lu"", ""source"": ""s2""}, {""id"": ""2275298208"", ""name"": ""Xiaogang Yang"", ""source"": ""s2""}, {""id"": ""2152159726"", ""name"": ""Zhenhao Cheng"", ""source"": ""s2""}, {""id"": ""2358272273"", ""name"": ""Zhanhong Zhuo"", ""source"": ""s2""}, {""id"": ""3079153"", ""name"": ""Jiwei Fan"", ""source"": ""s2""}]"
12f83d029aa039d41c997f3e0ab52618fe17298b,10.3389/frai.2026.1858540,PSO-based parameter optimization of intuitionistic fuzzy generator for low-light image enhancement,2026,Frontiers in Artificial Intelligence,U. S.; J. S.,"[{""id"": ""2446810280"", ""name"": ""U. S."", ""source"": ""s2""}, {""id"": ""2438514864"", ""name"": ""J. S."", ""source"": ""s2""}]"
0024e561025f20a598f477407646ec2bda40bdab,,Thresholded Cross-Attention for Reliable Intensity-Chromaticity Fusion in Low-Light Image Enhancement,2026,,Yanyi Wu; Xu Zhang; Junkai Chen; Laibin Chang; Jiaqi Ma; Shi Chen; Linwei Zhu; Jianglei Di; Huan Zhang,"[{""id"": ""2450169397"", ""name"": ""Yanyi Wu"", ""source"": ""s2""}, {""id"": ""2309775557"", ""name"": ""Xu Zhang"", ""source"": ""s2""}, {""id"": ""2450191207"", ""name"": ""Junkai Chen"", ""source"": ""s2""}, {""id"": ""2121619327"", ""name"": ""Laibin Chang"", ""source"": ""s2""}, {""id"": ""2386165627"", ""name"": ""Jiaqi Ma"", ""source"": ""s2""}, {""id"": ""2352985671"", ""name"": ""Shi Chen"", ""source"": ""s2""}, {""id"": ""1969075"", ""name"": ""Linwei Zhu"", ""source"": ""s2""}, {""id"": ""2344127381"", ""name"": ""Jianglei Di"", ""source"": ""s2""}, {""id"": ""2317142984"", ""name"": ""Huan Zhang"", ""source"": ""s2""}]"
2ac225ed6edb52c70ac924908af73695c47b7ef9,10.1109/TIP.2026.3709463,Probabilistic-Based Learning for Joint Light Field Image Compression and Enhancement Under Low-Light Conditions,2026,IEEE Transactions on Image Processing,Deyang Liu; Jimin Wang; Yifan Mao; Mounir Kaaniche; Xiaofei Zhou; Gangyi Jiang; Caifeng Shan,"[{""id"": ""2267870621"", ""name"": ""Deyang Liu"", ""source"": ""s2""}, {""id"": ""2265361368"", ""name"": ""Jimin Wang"", ""source"": ""s2""}, {""id"": ""2117694584"", ""name"": ""Yifan Mao"", ""source"": ""s2""}, {""id"": ""2368358126"", ""name"": ""Mounir Kaaniche"", ""source"": ""s2""}, {""id"": ""2142867508"", ""name"": ""Xiaofei Zhou"", ""source"": ""s2""}, {""id"": ""2250176767"", ""name"": ""Gangyi Jiang"", ""source"": ""s2""}, {""id"": ""2335875287"", ""name"": ""Caifeng Shan"", ""source"": ""s2""}]"
500ae7ee37662ef23a6ac4a9ba77340186a8b0cd,10.1016/j.neucom.2026.133613,Integration of KAN with an enhanced multi-scale mamba architecture for low-light image enhancement,2026,Neurocomputing,Jin Chen; Lei Wang; Yimei Zhang; Jintao Yu,"[{""id"": ""2108461272"", ""name"": ""Jin Chen"", ""source"": ""s2""}, {""id"": ""2273651306"", ""name"": ""Lei Wang"", ""source"": ""s2""}, {""id"": ""2408353005"", ""name"": ""Yimei Zhang"", ""source"": ""s2""}, {""id"": ""2151482846"", ""name"": ""Jintao Yu"", ""source"": ""s2""}]"
fc0d6115c1d3e1806339eaef3b79cdac03d0e559,10.1016/j.knosys.2026.116205,Unleashing the potential of Mamba: A novel approach for low-light image enhancement,2026,Knowledge-Based Systems,Ge Wang; Yong Ma; Jun Huang; You Du; Fan Fan; Zhiqing Zhao; Yi Lu,"[{""id"": ""2296241759"", ""name"": ""Ge Wang"", ""source"": ""s2""}, {""id"": ""2291680328"", ""name"": ""Yong Ma"", ""source"": ""s2""}, {""id"": ""2118226234"", ""name"": ""Jun Huang"", ""source"": ""s2""}, {""id"": ""2217235724"", ""name"": ""You Du"", ""source"": ""s2""}, {""id"": ""40513331"", ""name"": ""Fan Fan"", ""source"": ""s2""}, {""id"": ""2307016443"", ""name"": ""Zhiqing Zhao"", ""source"": ""s2""}, {""id"": ""2398722320"", ""name"": ""Yi Lu"", ""source"": ""s2""}]"
c3832c68ac3cceb4105af2e6cf4fdb5a11cd112a,10.1007/s00371-026-04587-8,Diffusion-guided knowledge absorption for robust object detection under rainy night conditions,2026,The Visual Computer,Q. Hoang; Trung-Hieu Le,"[{""id"": ""2269652471"", ""name"": ""Q. Hoang"", ""source"": ""s2""}, {""id"": ""46230648"", ""name"": ""Trung-Hieu Le"", ""source"": ""s2""}]"
e44e202dc19c9c57e8050f0fe41806ec9a97f12c,10.4028/p-MH2HkP,FRT-Net: A Lightweight Frequency-Spatial Framework for Low-Light Enhancement via Retinex Decomposition and FFT Filtering,2026,Advanced Engineering Forum,Dong Guo; Yi Han,"[{""id"": ""2279317726"", ""name"": ""Dong Guo"", ""source"": ""s2""}, {""id"": ""2238916924"", ""name"": ""Yi Han"", ""source"": ""s2""}]"
1ce0351f318bb42c3d217c10fa96dd4b75e3fa60,10.1145/3805622.3810863,GAformer: Low-Light Image Enhancement Based on Gradient-Aware Kernel and Frequency-Modulated Transformer,2026,International Conference on Multimedia Retrieval,Yifan Shuai; Ke Wang; Weiming Feng; Shuai Pang; Dehua Zhou; Yikui Zhai,"[{""id"": ""2185687544"", ""name"": ""Yifan Shuai"", ""source"": ""s2""}, {""id"": ""2133843529"", ""name"": ""Ke Wang"", ""source"": ""s2""}, {""id"": ""2246983188"", ""name"": ""Weiming Feng"", ""source"": ""s2""}, {""id"": ""2391277255"", ""name"": ""Shuai Pang"", ""source"": ""s2""}, {""id"": ""2376466626"", ""name"": ""Dehua Zhou"", ""source"": ""s2""}, {""id"": ""2205040886"", ""name"": ""Yikui Zhai"", ""source"": ""s2""}]"
78fcd41d22e896dd08cfd9a574d801fc9ee6a8ed,10.1088/1361-6501/ae7b6e,Deep multi-patch hierarchical network for coal-mine roller tank lug low-light image enhancement,2026,Measurement science and technology,Ning Ma; Xiang Lu; Fan Zhang,"[{""id"": ""2312080498"", ""name"": ""Ning Ma"", ""source"": ""s2""}, {""id"": ""2127330048"", ""name"": ""Xiang Lu"", ""source"": ""s2""}, {""id"": ""2346987783"", ""name"": ""Fan Zhang"", ""source"": ""s2""}]"
95c2c99787c133a5c0156fef6fc64fe35481ccf9,10.1145/3815421,Seeing in the Dark with Ambient Guidance,2026,ACM Trans. Multim. Comput. Commun. Appl.,Haofeng Huang; Wenhan Yang; Mengnan Wang; Lingyu Duan; Jiaying Liu,"[{""id"": ""48186372"", ""name"": ""Haofeng Huang"", ""source"": ""s2""}, {""id"": ""2274269967"", ""name"": ""Wenhan Yang"", ""source"": ""s2""}, {""id"": ""2302837742"", ""name"": ""Mengnan Wang"", ""source"": ""s2""}, {""id"": ""2284844824"", ""name"": ""Lingyu Duan"", ""source"": ""s2""}, {""id"": ""2239051902"", ""name"": ""Jiaying Liu"", ""source"": ""s2""}]"
47298d6f6faf953a41d57d7ab8bd7a5c08369946,10.1016/j.asoc.2026.115740,SEGCA-Net: Structure-exposure guided cross attention network for low-light image enhancement,2026,Applied Soft Computing,Dong Guo; Yi Han; Jiaqi Liu,"[{""id"": ""2279317726"", ""name"": ""Dong Guo"", ""source"": ""s2""}, {""id"": ""2364634851"", ""name"": ""Yi Han"", ""source"": ""s2""}, {""id"": ""2378614405"", ""name"": ""Jiaqi Liu"", ""source"": ""s2""}]"
b9919071c867f25fbaf394c0b833c53c20a6e69f,10.1016/j.neucom.2026.134361,CS³-Diff: Collaborative spatio-spectral-scale guided diffusion for low-light image enhancement,2026,Neurocomputing,Zhenghua Zhou; Yuanyuan Zhang; Chenyang Guo; Jianwei Zhao,"[{""id"": ""2524604"", ""name"": ""Zhenghua Zhou"", ""source"": ""s2""}, {""id"": ""2145793664"", ""name"": ""Yuanyuan Zhang"", ""source"": ""s2""}, {""id"": ""2340179320"", ""name"": ""Chenyang Guo"", ""source"": ""s2""}, {""id"": ""2256473027"", ""name"": ""Jianwei Zhao"", ""source"": ""s2""}]"
a363d08af884fb0b425156099555cd27eca23741,10.3390/biomimetics11060401,Lightweight Low-Light Enhancement Network with Multi-Bio-Inspired Visual Mechanisms,2026,Biomimetics,Yafeng Zhao; Xiang Li; Shuaipeng Hao; Ming-Feng Yu; Yanli Gao; Shiwei Fan,"[{""id"": ""2391843151"", ""name"": ""Yafeng Zhao"", ""source"": ""s2""}, {""id"": ""2359045345"", ""name"": ""Xiang Li"", ""source"": ""s2""}, {""id"": ""2137059479"", ""name"": ""Shuaipeng Hao"", ""source"": ""s2""}, {""id"": ""2152599571"", ""name"": ""Ming-Feng Yu"", ""source"": ""s2""}, {""id"": ""2397855154"", ""name"": ""Yanli Gao"", ""source"": ""s2""}, {""id"": ""2284487034"", ""name"": ""Shiwei Fan"", ""source"": ""s2""}]"
6da9fa0fe9b3b41fe7ba627d47a784a32056a84d,10.1109/CICSE70286.2026.11620715,Low-Light Video Frame Enhancement with High-Frequency Reflectance Boosting and Adaptive Illumination Adjustment,2026,2026 International Conference on Computer Intelligence and Software Engineering (CICSE),Hao Li,"[{""id"": ""2353793617"", ""name"": ""Hao Li"", ""source"": ""s2""}]"
1b2711b84d6abaf3bbcf182a2c27a357a166b727,10.1109/IV66570.2026.11624121,PenPy-DETR: A Penta-Pyramid Framework for Small Target Perception in Low-Light,2026,2026 IEEE Intelligent Vehicles Symposium (IV),Yanheng Wen; Yuehai Chen; Yi Shi; Jing Yang,"[{""id"": ""2454927646"", ""name"": ""Yanheng Wen"", ""source"": ""s2""}, {""id"": ""2051695812"", ""name"": ""Yuehai Chen"", ""source"": ""s2""}, {""id"": ""2170852501"", ""name"": ""Yi Shi"", ""source"": ""s2""}, {""id"": ""2143851688"", ""name"": ""Jing Yang"", ""source"": ""s2""}]"
f032ef0a283f237c57449bb2bb220ddfabaaee09,10.48550/arXiv.2605.28605,Internally Referenced Low-Light Enhancement,2026,arXiv.org,Peiyuan He; Hainuo Wang; Hengxing Liu; Mingjia Li; Xiaojie Guo,"[{""id"": ""2438924353"", ""name"": ""Peiyuan He"", ""source"": ""s2""}, {""id"": ""2344307474"", ""name"": ""Hainuo Wang"", ""source"": ""s2""}, {""id"": ""2328382818"", ""name"": ""Hengxing Liu"", ""source"": ""s2""}, {""id"": ""2297826009"", ""name"": ""Mingjia Li"", ""source"": ""s2""}, {""id"": ""2256638354"", ""name"": ""Xiaojie Guo"", ""source"": ""s2""}]"
1a5f2a0dd475755922778d6c95dfba69d56bc785,10.48550/arXiv.2605.23531,PixIE: Prompted Pixel-Space Low-Light Image Enhancement,2026,arXiv.org,Ruirui Lin; Guoxi Huang; D. Bull; N. Anantrasirichai,"[{""id"": ""2283107688"", ""name"": ""Ruirui Lin"", ""source"": ""s2""}, {""id"": ""2311632284"", ""name"": ""Guoxi Huang"", ""source"": ""s2""}, {""id"": ""2241468553"", ""name"": ""D. Bull"", ""source"": ""s2""}, {""id"": ""1756108"", ""name"": ""N. Anantrasirichai"", ""source"": ""s2""}]"
3826c2988bb6f03b0ca2da518545134e2e24a1ed,10.48550/arXiv.2605.22186,Event-Illumination Collaborative Low-light Image Enhancement with a High-resolution Real-world Dataset,2026,arXiv.org,Senyan Xu; Zhijing Sun; Kean Liu; Xin Lu; Ruixuan Jiang; Mingyang Huang; Xueyang Fu; Zheng-Jun Zha,"[{""id"": ""2298415902"", ""name"": ""Senyan Xu"", ""source"": ""s2""}, {""id"": ""2298403164"", ""name"": ""Zhijing Sun"", ""source"": ""s2""}, {""id"": ""2356372019"", ""name"": ""Kean Liu"", ""source"": ""s2""}, {""id"": ""2308422305"", ""name"": ""Xin Lu"", ""source"": ""s2""}, {""id"": ""2362329925"", ""name"": ""Ruixuan Jiang"", ""source"": ""s2""}, {""id"": ""2357049631"", ""name"": ""Mingyang Huang"", ""source"": ""s2""}, {""id"": ""2273893743"", ""name"": ""Xueyang Fu"", ""source"": ""s2""}, {""id"": ""2292182136"", ""name"": ""Zheng-Jun Zha"", ""source"": ""s2""}]"
19d2f3701c200928f52b6fc6f94d919f76f41a12,10.48550/arXiv.2605.22455,Making the Discrete Continuous: Synthetic RAW Augmentations for Fine-Grained Evaluation of Person Detection Performance in Low Light,2026,arXiv.org,V. Pais; Malena Mendilaharzu; Daniele Faccio; Luis Oala; Christoph Clausen; Bruno Sanguinetti,"[{""id"": ""2372915569"", ""name"": ""V. Pais"", ""source"": ""s2""}, {""id"": ""2449256835"", ""name"": ""Malena Mendilaharzu"", ""source"": ""s2""}, {""id"": ""2289610948"", ""name"": ""Daniele Faccio"", ""source"": ""s2""}, {""id"": ""2284772762"", ""name"": ""Luis Oala"", ""source"": ""s2""}, {""id"": ""2064577502"", ""name"": ""Christoph Clausen"", ""source"": ""s2""}, {""id"": ""2265450346"", ""name"": ""Bruno Sanguinetti"", ""source"": ""s2""}]"
7838b9795e995310ef06a552e4f2215ba03eda5c,10.1109/tpami.2026.3696458,Moment-Reenacting: Inverse Motion Degradation with Cross-shutter Guidance,2026,IEEE Transactions on Pattern Analysis and Machine Intelligence,Xiang Ji; Guixu Lin; Zhengwei Yin; Jiancheng Zhao; Yinqiang Zheng,"[{""id"": ""2267883576"", ""name"": ""Xiang Ji"", ""source"": ""s2""}, {""id"": ""2261909172"", ""name"": ""Guixu Lin"", ""source"": ""s2""}, {""id"": ""2325717969"", ""name"": ""Zhengwei Yin"", ""source"": ""s2""}, {""id"": ""2325368986"", ""name"": ""Jiancheng Zhao"", ""source"": ""s2""}, {""id"": ""2247926612"", ""name"": ""Yinqiang Zheng"", ""source"": ""s2""}]"
0a4601df6d5a9d39946c05aece1c70d1c107db08,10.1109/IC2PCT68894.2026.11584360,A Survey on Weak Contrast Image Enhancement,2026,"2026 IEEE 6th International Conference on Computing, Power, and Communication Technologies (IC2PCT)",Utkarsh; Shashank Singh; Vikash Kumar Gupta; Himanshu Gautam; Vivek Kumar Jaiswal,"[{""id"": ""2448470544"", ""name"": ""Utkarsh"", ""source"": ""s2""}, {""id"": ""2448926515"", ""name"": ""Shashank Singh"", ""source"": ""s2""}, {""id"": ""2448545181"", ""name"": ""Vikash Kumar Gupta"", ""source"": ""s2""}, {""id"": ""2448470725"", ""name"": ""Himanshu Gautam"", ""source"": ""s2""}, {""id"": ""2448470699"", ""name"": ""Vivek Kumar Jaiswal"", ""source"": ""s2""}]"
fb8e78777949e17a6492c5de6517240145fccff3,10.1038/s41598-026-50746-1,A low-light image enhancement network with attention and cross-branch interaction for real-world low-illumination scenes,2026,Scientific Reports,Yifeng Lin; Yang-kwon Jeong; Chenglin Wen,"[{""id"": ""2404161883"", ""name"": ""Yifeng Lin"", ""source"": ""s2""}, {""id"": ""71041740"", ""name"": ""Yang-kwon Jeong"", ""source"": ""s2""}, {""id"": ""2367323600"", ""name"": ""Chenglin Wen"", ""source"": ""s2""}]"
ea7f4fb3521989004186ddbc81c2bb68c2687cc0,10.48550/arXiv.2605.06084,AMIEOD: Adaptive Multi-Experts Image Enhancement for Object Detection in Low-Illumination Scenes,2026,IEEE transactions on multimedia,Xiaochen Huang; Honggang Chen; Weichen Zhang; Xiao Dai; Yongying Li; Linbo Qing; Xiaohai He,"[{""id"": ""2323717852"", ""name"": ""Xiaochen Huang"", ""source"": ""s2""}, {""id"": ""6222832"", ""name"": ""Honggang Chen"", ""source"": ""s2""}, {""id"": ""2108043700"", ""name"": ""Weichen Zhang"", ""source"": ""s2""}, {""id"": ""2232115529"", ""name"": ""Xiao Dai"", ""source"": ""s2""}, {""id"": ""2370960912"", ""name"": ""Yongying Li"", ""source"": ""s2""}, {""id"": ""2393086506"", ""name"": ""Linbo Qing"", ""source"": ""s2""}, {""id"": ""2290101341"", ""name"": ""Xiaohai He"", ""source"": ""s2""}]"
94b99de142cbeededc861f10bcd594da9de1f6ea,10.1016/j.image.2026.117607,A two-stage low-light image enhancement network combining spatial and frequency information,2026,Signal processing. Image communication,Xuxu Yang; Yitao Liang; Degang Xu; Bin Li; Juan Xia; Lan Li,"[{""id"": ""2274914394"", ""name"": ""Xuxu Yang"", ""source"": ""s2""}, {""id"": ""2325728040"", ""name"": ""Yitao Liang"", ""source"": ""s2""}, {""id"": ""2325706382"", ""name"": ""Degang Xu"", ""source"": ""s2""}, {""id"": ""2326047051"", ""name"": ""Bin Li"", ""source"": ""s2""}, {""id"": ""2325817144"", ""name"": ""Juan Xia"", ""source"": ""s2""}, {""id"": ""2282087684"", ""name"": ""Lan Li"", ""source"": ""s2""}]"
05f3adfc38fca23385b27c210f37b03edd5a45cf,10.1007/s11760-026-05297-3,LIVE-Net: A unified lightweight network for low-light image and video enhancement with temporal consistency,2026,"Signal, Image and Video Processing",Minghai Jiao; Haoyang He; Yixian Liu; Wenyan Jiang; Jiangang Hu; Yuhuai Peng,"[{""id"": ""2307597055"", ""name"": ""Minghai Jiao"", ""source"": ""s2""}, {""id"": ""2326999233"", ""name"": ""Haoyang He"", ""source"": ""s2""}, {""id"": ""2394121791"", ""name"": ""Yixian Liu"", ""source"": ""s2""}, {""id"": ""2308044987"", ""name"": ""Wenyan Jiang"", ""source"": ""s2""}, {""id"": ""2382719073"", ""name"": ""Jiangang Hu"", ""source"": ""s2""}, {""id"": ""2244594477"", ""name"": ""Yuhuai Peng"", ""source"": ""s2""}]"
8872519c1eb863cc5bc67fa66e5ca4306910bc1e,10.1109/MLISE70044.2026.11607532,LADC: A Dual-Branch Adaptive Image Enhancement Method Based on Feature Decoupling,2026,2026 6th International Conference on Machine Learning and Intelligent Systems Engineering (MLISE),Qingpeng Li; Haonan Li; Xinyu Ouyang; Zijian Li,"[{""id"": ""2108701200"", ""name"": ""Qingpeng Li"", ""source"": ""s2""}, {""id"": ""2375343275"", ""name"": ""Haonan Li"", ""source"": ""s2""}, {""id"": ""2452434783"", ""name"": ""Xinyu Ouyang"", ""source"": ""s2""}, {""id"": ""2453047721"", ""name"": ""Zijian Li"", ""source"": ""s2""}]"
277888ed55e84bdd7148d3cf99d4f92c5f478dce,10.1109/yac71005.2026.11615882,An Online Alignment Method for Pixel Misalignment Between Inputs and Ground Truth,2026,Youth Academic Annual Conference of Chinese Association of Automation,Qiong Luo; Bin Pang,"[{""id"": ""2455628112"", ""name"": ""Qiong Luo"", ""source"": ""s2""}, {""id"": ""2455605385"", ""name"": ""Bin Pang"", ""source"": ""s2""}]"
919041dd9587343cb799833c2dc235f595ddba31,10.48550/arXiv.2604.24053,Light 'em Up: Enabling Few-Shot Low-Light 3D Gaussian Splatting with Multi-Scale Explicit Retinex Illumination Decoupling,2026,arXiv.org,Yuhao Yin; Zongji Wang; Yuanben Zhang; Biqing Li; Jiesong Bai; Junyi Liu,"[{""id"": ""2301176355"", ""name"": ""Yuhao Yin"", ""source"": ""s2""}, {""id"": ""2263735881"", ""name"": ""Zongji Wang"", ""source"": ""s2""}, {""id"": ""2278439806"", ""name"": ""Yuanben Zhang"", ""source"": ""s2""}, {""id"": ""2293549849"", ""name"": ""Biqing Li"", ""source"": ""s2""}, {""id"": ""2300253561"", ""name"": ""Jiesong Bai"", ""source"": ""s2""}, {""id"": ""2332040143"", ""name"": ""Junyi Liu"", ""source"": ""s2""}]"
a4619621fe01a821aa6cfecb4778c31683b660b0,10.48550/arXiv.2604.17669,Low Light Image Enhancement Challenge at NTIRE 2026,2026,arXiv.org,G. Ciubotariu; A. SharifSM; Abdur Rehman; F. Dharejo; R. Naqvi; Marcos V. Conde; R. Timofte; Zhi Jin; Hongjun Wu; Wenjian Zhang; Changqing Ye; Xunpeng Yi; Qinglong Yan; Yibing Zhang; Nikhil Neelkanth Akalwadi; Varda I Pattanshetty; Varsha I Pattanshetty; Padmashree Desai; Uma Mudenagudi; R. Tabib; Hao Yang; Ruikun Zhang; Liyuan Pan; Furkan Kınlı; Donghun Ryou; Inju Ha; Junoh Kang; Bohyung Han; Wei Zhou; Yuval Haitman; Ariel Lapid; Reuven Peretz; I. Diamant; Lei Cao; Shuo Zhang; Praful Hambarde; Prateek Shaily; J. Kumar; Hardik Sharma; Aashish Negi; Sachin Chaudhary; Akshay Dudhane; Amit Shukla; Mohao Wu; Lin Wang; Jiachen Tu; Guoyi Xu; Yaoxin Jiang; Jiajia Liu; Yaokun Shi; Raul Balmez; Alexandru Brateanu; Ciprian Orhei; Cosmin Ancuți; C. Ancuti; Bilel Benjdira; Anas M. Ali; Wadii Boulila; Kaifan Qiao; Bofei Chen; Jing Xu; Duo-yang Zhang; Xin Deng; Mai Xu; Shengxi Li; Lai Jiang; A. Harini; N. Ananya; K. Lakshanya; Ying Xu; Xinyi Zhu; Shijun Shi; Jiang-She Zhang; Yong Liu; Kai Hu; Jing Xu; Xianfang Zeng; Jinao Song; Guang Tang; Cheng Li; Yuqiang Yang; Ziyi Wang; Yan Chen; Long Bao; Heng Sun; Mohab Kishawy; Jun Chen; Wan-Chi Siu; Yihao Cheng; H. Lee; C. Hui,"[{""id"": ""1752864776"", ""name"": ""G. Ciubotariu"", ""source"": ""s2""}, {""id"": ""2297774820"", ""name"": ""A. SharifSM"", ""source"": ""s2""}, {""id"": ""2312768602"", ""name"": ""Abdur Rehman"", ""source"": ""s2""}, {""id"": ""31624593"", ""name"": ""F. Dharejo"", ""source"": ""s2""}, {""id"": ""8683310"", ""name"": ""R. Naqvi"", ""source"": ""s2""}, {""id"": ""2335868692"", ""name"": ""Marcos V. Conde"", ""source"": ""s2""}, {""id"": ""1732855"", ""name"": ""R. Timofte"", ""source"": ""s2""}, {""id"": ""2297834069"", ""name"": ""Zhi Jin"", ""source"": ""s2""}, {""id"": ""2264188652"", ""name"": ""Hongjun Wu"", ""source"": ""s2""}, {""id"": ""2233975640"", ""name"": ""Wenjian Zhang"", ""source"": ""s2""}, {""id"": ""2430780962"", ""name"": ""Changqing Ye"", ""source"": ""s2""}, {""id"": ""2182439167"", ""name"": ""Xunpeng Yi"", ""source"": ""s2""}, {""id"": ""2327962776"", ""name"": ""Qinglong Yan"", ""source"": ""s2""}, {""id"": ""2372124732"", ""name"": ""Yibing Zhang"", ""source"": ""s2""}, {""id"": ""2268207680"", ""name"": ""Nikhil Neelkanth Akalwadi"", ""source"": ""s2""}, {""id"": ""2430638677"", ""name"": ""Varda I Pattanshetty"", ""source"": ""s2""}, {""id"": ""2430638679"", ""name"": ""Varsha I Pattanshetty"", ""source"": ""s2""}, {""id"": ""2313122504"", ""name"": ""Padmashree Desai"", ""source"": ""s2""}, {""id"": ""2938896"", ""name"": ""Uma Mudenagudi"", ""source"": ""s2""}, {""id"": ""9141151"", ""name"": ""R. Tabib"", ""source"": ""s2""}, {""id"": ""2257352642"", ""name"": ""Hao Yang"", ""source"": ""s2""}, {""id"": ""2327002722"", ""name"": ""Ruikun Zhang"", ""source"": ""s2""}, {""id"": ""2363286836"", ""name"": ""Liyuan Pan"", ""source"": ""s2""}, {""id"": ""1388060209"", ""name"": ""Furkan Kınlı"", ""source"": ""s2""}, {""id"": ""2313247493"", ""name"": ""Donghun Ryou"", ""source"": ""s2""}, {""id"": ""2313252216"", ""name"": ""Inju Ha"", ""source"": ""s2""}, {""id"": ""2257134071"", ""name"": ""Junoh Kang"", ""source"": ""s2""}, {""id"": ""2357492510"", ""name"": ""Bohyung Han"", ""source"": ""s2""}, {""id"": ""2256662364"", ""name"": ""Wei Zhou"", ""source"": ""s2""}, {""id"": ""1486439421"", ""name"": ""Yuval Haitman"", ""source"": ""s2""}, {""id"": ""2328086787"", ""name"": ""Ariel Lapid"", ""source"": ""s2""}, {""id"": ""1742529618"", ""name"": ""Reuven Peretz"", ""source"": ""s2""}, {""id"": ""143804345"", ""name"": ""I. Diamant"", ""source"": ""s2""}, {""id"": ""2238898783"", ""name"": ""Lei Cao"", ""source"": ""s2""}, {""id"": ""2108032962"", ""name"": ""Shuo Zhang"", ""source"": ""s2""}, {""id"": ""103864860"", ""name"": ""Praful Hambarde"", ""source"": ""s2""}, {""id"": ""2403235332"", ""name"": ""Prateek Shaily"", ""source"": ""s2""}, {""id"": ""2069634816"", ""name"": ""J. Kumar"", ""source"": ""s2""}, {""id"": ""2298628611"", ""name"": ""Hardik Sharma"", ""source"": ""s2""}, {""id"": ""2305808430"", ""name"": ""Aashish Negi"", ""source"": ""s2""}, {""id"": ""2267052928"", ""name"": ""Sachin Chaudhary"", ""source"": ""s2""}, {""id"": ""47634649"", ""name"": ""Akshay Dudhane"", ""source"": ""s2""}, {""id"": ""2398909024"", ""name"": ""Amit Shukla"", ""source"": ""s2""}, {""id"": ""2297819266"", ""name"": ""Mohao Wu"", ""source"": ""s2""}, {""id"": ""2144734129"", ""name"": ""Lin Wang"", ""source"": ""s2""}, {""id"": ""2360174435"", ""name"": ""Jiachen Tu"", ""source"": ""s2""}, {""id"": ""2315615688"", ""name"": ""Guoyi Xu"", ""source"": ""s2""}, {""id"": ""2410723309"", ""name"": ""Yaoxin Jiang"", ""source"": ""s2""}, {""id"": ""2339225957"", ""name"": ""Jiajia Liu"", ""source"": ""s2""}, {""id"": ""2360348276"", ""name"": ""Yaokun Shi"", ""source"": ""s2""}, {""id"": ""2281742182"", ""name"": ""Raul Balmez"", ""source"": ""s2""}, {""id"": ""2281742235"", ""name"": ""Alexandru Brateanu"", ""source"": ""s2""}, {""id"": ""1389526435"", ""name"": ""Ciprian Orhei"", ""source"": ""s2""}, {""id"": ""1701934"", ""name"": ""Cosmin Ancuți"", ""source"": ""s2""}, {""id"": ""40124146"", ""name"": ""C. Ancuti"", ""source"": ""s2""}, {""id"": ""11042085"", ""name"": ""Bilel Benjdira"", ""source"": ""s2""}, {""id"": ""2244781345"", ""name"": ""Anas M. Ali"", ""source"": ""s2""}, {""id"": ""3151219"", ""name"": ""Wadii Boulila"", ""source"": ""s2""}, {""id"": ""2288007542"", ""name"": ""Kaifan Qiao"", ""source"": ""s2""}, {""id"": ""2430858384"", ""name"": ""Bofei Chen"", ""source"": ""s2""}, {""id"": ""2364858782"", ""name"": ""Jing Xu"", ""source"": ""s2""}, {""id"": ""2324367319"", ""name"": ""Duo-yang Zhang"", ""source"": ""s2""}, {""id"": ""2277041332"", ""name"": ""Xin Deng"", ""source"": ""s2""}, {""id"": ""2297135177"", ""name"": ""Mai Xu"", ""source"": ""s2""}, {""id"": ""2272184472"", ""name"": ""Shengxi Li"", ""source"": ""s2""}, {""id"": ""150188542"", ""name"": ""Lai Jiang"", ""source"": ""s2""}, {""id"": ""2305793425"", ""name"": ""A. Harini"", ""source"": ""s2""}, {""id"": ""2430637617"", ""name"": ""N. Ananya"", ""source"": ""s2""}, {""id"": ""2430637639"", ""name"": ""K. Lakshanya"", ""source"": ""s2""}, {""id"": null, ""name"": ""Ying Xu"", ""source"": ""s2""}, {""id"": ""2344578591"", ""name"": ""Xinyi Zhu"", ""source"": ""s2""}, {""id"": ""2260645441"", ""name"": ""Shijun Shi"", ""source"": ""s2""}, {""id"": ""2281104439"", ""name"": ""Jiang-She Zhang"", ""source"": ""s2""}, {""id"": ""2265222933"", ""name"": ""Yong Liu"", ""source"": ""s2""}, {""id"": ""2341287465"", ""name"": ""Kai Hu"", ""source"": ""s2""}, {""id"": ""2364858782"", ""name"": ""Jing Xu"", ""source"": ""s2""}, {""id"": ""22248940"", ""name"": ""Xianfang Zeng"", ""source"": ""s2""}, {""id"": ""2330723192"", ""name"": ""Jinao Song"", ""source"": ""s2""}, {""id"": ""2065464227"", ""name"": ""Guang Tang"", ""source"": ""s2""}, {""id"": ""2133092013"", ""name"": ""Cheng Li"", ""source"": ""s2""}, {""id"": ""2108623429"", ""name"": ""Yuqiang Yang"", ""source"": ""s2""}, {""id"": ""2293764319"", ""name"": ""Ziyi Wang"", ""source"": ""s2""}, {""id"": ""2378026858"", ""name"": ""Yan Chen"", ""source"": ""s2""}, {""id"": ""2183482952"", ""name"": ""Long Bao"", ""source"": ""s2""}, {""id"": ""2287429540"", ""name"": ""Heng Sun"", ""source"": ""s2""}, {""id"": ""2323043874"", ""name"": ""Mohab Kishawy"", ""source"": ""s2""}, {""id"": ""2261186402"", ""name"": ""Jun Chen"", ""source"": ""s2""}, {""id"": ""2255887862"", ""name"": ""Wan-Chi Siu"", ""source"": ""s2""}, {""id"": ""2430788663"", ""name"": ""Yihao Cheng"", ""source"": ""s2""}, {""id"": ""2374297943"", ""name"": ""H. Lee"", ""source"": ""s2""}, {""id"": ""2186550786"", ""name"": ""C. Hui"", ""source"": ""s2""}]"
440abefc2c0ddff7c7c0c5bea3bcc5b5162cee6c,10.1109/ICSP69961.2026.11540708,DRE-YOLO: A dual-path retinex enhancement network for low-light object detection,2026,International Conference on the Software Process,Yikai Wu; Yonggui Liu,"[{""id"": ""2307395807"", ""name"": ""Yikai Wu"", ""source"": ""s2""}, {""id"": ""2336536222"", ""name"": ""Yonggui Liu"", ""source"": ""s2""}]"
0f1f6925965405918e25d7ea84958837f84ebf13,10.1109/ICGMRS70230.2026.11542237,RZSL-PSR: Noise-Disentangled Retinex Zero-Shot Framework for Lunar PSR Image Enhancement,2026,"2026 7th International Conference on Geology, Mapping and Remote Sensing (ICGMRS)",Fengqin Zhang,"[{""id"": ""2182281837"", ""name"": ""Fengqin Zhang"", ""source"": ""s2""}]"
4e1eec57223adef054e396bf6d91f1f1babd50d8,10.48550/arXiv.2604.11230,NTIRE 2026 The 3rd Restore Any Image Model (RAIM) Challenge: AI Flash Portrait (Track 3),2026,arXiv.org,Yanxin Guan; Shao-Kui Zhang; Hang Guo; Yawen Wang; Xinyi Fan; Tianqu Zhuang; Jie Liang; Huimin Zeng; Guanyi Qin; Lishen Qu; Tao Dai; Shutao Xia; Lei Zhang; R. Timofte; Bin Chen; Yuanbo Zhou; Hongwei Wang; Qinquan Gao; Tong Tong; Yan Qian; Li You; Ji Cong; Lei Xiong; Shuyuan Zhu; Zhiyan Zhong; Kan Lv; Yang Yang; Kailing Tang; Minjian Zhang; Zhipei Lei; Zhe Xu; Liwen Zhang; Dingyong Gou; Yanlin Wu; Cong Li; Xiao Cui; Jiajia Liu; Guoyi Xu; Yaoxin Jiang; Yaokun Shi; Jiachen Tu; Liqing Wang; Shihang Li; Bo Zhang; Biao Wang; Hai Xu; Xiang Long; Xu Liao; Yan Zhai; Haozhe Li; Shijun Shi; Jiangning Zhang; Yong Liu; Kai Hu; Jing Xu; Xianfang Zeng; Yuyang Liu; Min Wei,"[{""id"": ""2308987472"", ""name"": ""Yanxin Guan"", ""source"": ""s2""}, {""id"": ""2430762395"", ""name"": ""Shao-Kui Zhang"", ""source"": ""s2""}, {""id"": ""2274202835"", ""name"": ""Hang Guo"", ""source"": ""s2""}, {""id"": ""2299735214"", ""name"": ""Yawen Wang"", ""source"": ""s2""}, {""id"": ""152912444"", ""name"": ""Xinyi Fan"", ""source"": ""s2""}, {""id"": ""2316762685"", ""name"": ""Tianqu Zhuang"", ""source"": ""s2""}, {""id"": ""2327922405"", ""name"": ""Jie Liang"", ""source"": ""s2""}, {""id"": ""2356492701"", ""name"": ""Huimin Zeng"", ""source"": ""s2""}, {""id"": ""2214084797"", ""name"": ""Guanyi Qin"", ""source"": ""s2""}, {""id"": ""2294361582"", ""name"": ""Lishen Qu"", ""source"": ""s2""}, {""id"": ""2268311556"", ""name"": ""Tao Dai"", ""source"": ""s2""}, {""id"": ""2240063099"", ""name"": ""Shutao Xia"", ""source"": ""s2""}, {""id"": ""2256830888"", ""name"": ""Lei Zhang"", ""source"": ""s2""}, {""id"": ""1732855"", ""name"": ""R. Timofte"", ""source"": ""s2""}, {""id"": ""2257347207"", ""name"": ""Bin Chen"", ""source"": ""s2""}, {""id"": ""2261253070"", ""name"": ""Yuanbo Zhou"", ""source"": ""s2""}, {""id"": ""2267866044"", ""name"": ""Hongwei Wang"", ""source"": ""s2""}, {""id"": ""40214487"", ""name"": ""Qinquan Gao"", ""source"": ""s2""}, {""id"": ""2281862171"", ""name"": ""Tong Tong"", ""source"": ""s2""}, {""id"": ""2294314641"", ""name"": ""Yan Qian"", ""source"": ""s2""}, {""id"": ""2325748334"", ""name"": ""Li You"", ""source"": ""s2""}, {""id"": ""2375388352"", ""name"": ""Ji Cong"", ""source"": ""s2""}, {""id"": ""2303873876"", ""name"": ""Lei Xiong"", ""source"": ""s2""}, {""id"": ""2292364503"", ""name"": ""Shuyuan Zhu"", ""source"": ""s2""}, {""id"": ""12760596"", ""name"": ""Zhiyan Zhong"", ""source"": ""s2""}, {""id"": ""2367379090"", ""name"": ""Kan Lv"", ""source"": ""s2""}, {""id"": ""2365327194"", ""name"": ""Yang Yang"", ""source"": ""s2""}, {""id"": ""2279607887"", ""name"": ""Kailing Tang"", ""source"": ""s2""}, {""id"": ""2142808686"", ""name"": ""Minjian Zhang"", ""source"": ""s2""}, {""id"": ""2350435827"", ""name"": ""Zhipei Lei"", ""source"": ""s2""}, {""id"": ""2184714875"", ""name"": ""Zhe Xu"", ""source"": ""s2""}, {""id"": ""2349863323"", ""name"": ""Liwen Zhang"", ""source"": ""s2""}, {""id"": ""2307004572"", ""name"": ""Dingyong Gou"", ""source"": ""s2""}, {""id"": ""2303376551"", ""name"": ""Yanlin Wu"", ""source"": ""s2""}, {""id"": ""2349949316"", ""name"": ""Cong Li"", ""source"": ""s2""}, {""id"": ""2319593385"", ""name"": ""Xiao Cui"", ""source"": ""s2""}, {""id"": ""2284527438"", ""name"": ""Jiajia Liu"", ""source"": ""s2""}, {""id"": ""2315615688"", ""name"": ""Guoyi Xu"", ""source"": ""s2""}, {""id"": ""2410723309"", ""name"": ""Yaoxin Jiang"", ""source"": ""s2""}, {""id"": ""2360348276"", ""name"": ""Yaokun Shi"", ""source"": ""s2""}, {""id"": ""2360174435"", ""name"": ""Jiachen Tu"", ""source"": ""s2""}, {""id"": ""2142480154"", ""name"": ""Liqing Wang"", ""source"": ""s2""}, {""id"": ""2395677485"", ""name"": ""Shihang Li"", ""source"": ""s2""}, {""id"": ""2426012373"", ""name"": ""Bo Zhang"", ""source"": ""s2""}, {""id"": ""2136790887"", ""name"": ""Biao Wang"", ""source"": ""s2""}, {""id"": ""2334792994"", ""name"": ""Hai Xu"", ""source"": ""s2""}, {""id"": ""2318980237"", ""name"": ""Xiang Long"", ""source"": ""s2""}, {""id"": ""2200151070"", ""name"": ""Xu Liao"", ""source"": ""s2""}, {""id"": ""2190307604"", ""name"": ""Yan Zhai"", ""source"": ""s2""}, {""id"": ""2395282668"", ""name"": ""Haozhe Li"", ""source"": ""s2""}, {""id"": ""2260645441"", ""name"": ""Shijun Shi"", ""source"": ""s2""}, {""id"": ""73329364"", ""name"": ""Jiangning Zhang"", ""source"": ""s2""}, {""id"": ""2257376004"", ""name"": ""Yong Liu"", ""source"": ""s2""}, {""id"": ""2341287465"", ""name"": ""Kai Hu"", ""source"": ""s2""}, {""id"": ""2364858782"", ""name"": ""Jing Xu"", ""source"": ""s2""}, {""id"": ""22248940"", ""name"": ""Xianfang Zeng"", ""source"": ""s2""}, {""id"": ""2344196587"", ""name"": ""Yuyang Liu"", ""source"": ""s2""}, {""id"": ""2240479249"", ""name"": ""Min Wei"", ""source"": ""s2""}]"
afa86e42ae30272489debb9d4fdb388c8bcf30c2,10.48550/arXiv.2604.10359,Multinex: Lightweight Low-light Image Enhancement via Multi-prior Retinex,2026,arXiv.org,Alexandru Brateanu; Tingting Mu; C. Ancuti; Cosmin Ancuți,"[{""id"": ""2281742235"", ""name"": ""Alexandru Brateanu"", ""source"": ""s2""}, {""id"": ""2274102566"", ""name"": ""Tingting Mu"", ""source"": ""s2""}, {""id"": ""40124146"", ""name"": ""C. Ancuti"", ""source"": ""s2""}, {""id"": ""1701934"", ""name"": ""Cosmin Ancuți"", ""source"": ""s2""}]"
99a42d8dfdea47593b1ac3d955abe1626fbb95ab,10.1109/ICCRAIDS67816.2026.11519577,Analysis of DCE Iterations Using ResNetDCE for Low-Light Enhancement,2026,2026 International Conference on Current Research in Artificial Intelligence and Data Science (ICCRAIDS),Riyadi Jimmy Iskandar; Chastine Fatichah; Anny Yuniarti,"[{""id"": ""2271306333"", ""name"": ""Riyadi Jimmy Iskandar"", ""source"": ""s2""}, {""id"": ""3345616"", ""name"": ""Chastine Fatichah"", ""source"": ""s2""}, {""id"": ""2238036539"", ""name"": ""Anny Yuniarti"", ""source"": ""s2""}]"
7b508ff2499b13014e593d8e1efdc0c488e4acc4,10.48550/arXiv.2604.05727,Single-Stage Signal Attenuation Diffusion Model for Low-Light Image Enhancement and Denoising,2026,arXiv.org,Ying Liu; Junchao Zhang; Caiyun Wu,"[{""id"": ""2308468836"", ""name"": ""Ying Liu"", ""source"": ""s2""}, {""id"": ""2376519957"", ""name"": ""Junchao Zhang"", ""source"": ""s2""}, {""id"": ""2286416676"", ""name"": ""Caiyun Wu"", ""source"": ""s2""}]"
7711a6b179eb36f66aaf4cdf338fd5454019277e,10.1117/12.3109885,SG-CIDNet: structure-guided low-light image enhancement network in HVI space,2026,International Conference on Computer Vision and Digital Art,Chenyan Zhou; Zhongxiang Liu; Shi-Chu Zhang,"[{""id"": ""51101047"", ""name"": ""Chenyan Zhou"", ""source"": ""s2""}, {""id"": ""2394554013"", ""name"": ""Zhongxiang Liu"", ""source"": ""s2""}, {""id"": ""2429010877"", ""name"": ""Shi-Chu Zhang"", ""source"": ""s2""}]"
67f6aa723071b1eb68692ceb6a74b08d5dd76145,10.1109/LRA.2026.3666388,EeveeDark: A Binary Neural Framework for Low-Light Video Enhancement via Event-Guided Sensor-Level Fusion,2026,IEEE Robotics and Automation Letters,O. Eker; Erkut Erdem; Aykut Erdem,"[{""id"": ""32449861"", ""name"": ""O. Eker"", ""source"": ""s2""}, {""id"": ""152330322"", ""name"": ""Erkut Erdem"", ""source"": ""s2""}, {""id"": ""2253752451"", ""name"": ""Aykut Erdem"", ""source"": ""s2""}]"
3dd0297a4e9133a38231a7744d56612b8cd8dfc3,10.1016/j.eswa.2026.132424,DarkCORE: Efficient low-light object detection via collaborative reflectance denoising and object-oriented feature enhancement,2026,Expert systems with applications,Xin Feng; Jie Wang; Yunlong Wang; Junxiang Zeng; Di Ming,"[{""id"": ""2279745469"", ""name"": ""Xin Feng"", ""source"": ""s2""}, {""id"": ""2430757396"", ""name"": ""Jie Wang"", ""source"": ""s2""}, {""id"": ""2279749885"", ""name"": ""Yunlong Wang"", ""source"": ""s2""}, {""id"": ""2273686951"", ""name"": ""Junxiang Zeng"", ""source"": ""s2""}, {""id"": ""2157428703"", ""name"": ""Di Ming"", ""source"": ""s2""}]"
9d7332dcc5222a31cfa001fc442082ac0abed1d7,10.1016/j.cviu.2026.104776,SNRD-Net: SNR-aware dual enhancement network for low-light images,2026,Computer Vision and Image Understanding,Muhammad Zain ul Abideen; Nan An; Long Ma; Risheng Liu,"[{""id"": ""88249299"", ""name"": ""Muhammad Zain ul Abideen"", ""source"": ""s2""}, {""id"": ""2347539421"", ""name"": ""Nan An"", ""source"": ""s2""}, {""id"": ""1732160"", ""name"": ""Long Ma"", ""source"": ""s2""}, {""id"": ""2237951125"", ""name"": ""Risheng Liu"", ""source"": ""s2""}]"
1a7ad1717df80cb8bf1b5e072aedc748f3e79f6d,10.3390/sym18040564,DADNet: Dual-Branch Low-Light Image Enhancement Network Based on Attention Mechanism and Dark Channel Prior,2026,Symmetry,Lingyu Wang; Minli Tang; Hua Li; Feiyan Yang; Ming Yuan,"[{""id"": ""2287613462"", ""name"": ""Lingyu Wang"", ""source"": ""s2""}, {""id"": ""2113728085"", ""name"": ""Minli Tang"", ""source"": ""s2""}, {""id"": ""2127040617"", ""name"": ""Hua Li"", ""source"": ""s2""}, {""id"": ""2351562707"", ""name"": ""Feiyan Yang"", ""source"": ""s2""}, {""id"": ""2284290820"", ""name"": ""Ming Yuan"", ""source"": ""s2""}]"
de2cf5d002f911b1ef96e220dabea1c958f0d76e,10.3390/app16052450,HVIFormer: A Dual-Stage Low-Light Image Enhancement Method Based on HVI Representation,2026,Applied Sciences,Yimei Li; Liuhong Luo; Hongjun Li,"[{""id"": ""2291528175"", ""name"": ""Yimei Li"", ""source"": ""s2""}, {""id"": ""1406038179"", ""name"": ""Liuhong Luo"", ""source"": ""s2""}, {""id"": ""2155567069"", ""name"": ""Hongjun Li"", ""source"": ""s2""}]"
cd05df06b7616e4c07415155af1a186d611dd2a6,10.1109/JIOT.2025.3629839,Low-Light Image Enhancement for Edge-Based Security Surveillance in 6G-IoT Visual Systems,2026,IEEE Internet of Things Journal,V. K. Singh; Niharika Anand; Krishna Sharma S; .. A. Anjali; Mahendra K. Shukla; Rajkumar Singh Rathore; Weiwei Jiang,"[{""id"": ""2283591002"", ""name"": ""V. K. Singh"", ""source"": ""s2""}, {""id"": ""2319927159"", ""name"": ""Niharika Anand"", ""source"": ""s2""}, {""id"": ""2413139163"", ""name"": ""Krishna Sharma S"", ""source"": ""s2""}, {""id"": ""2413138572"", ""name"": "".. A. Anjali"", ""source"": ""s2""}, {""id"": ""2413134930"", ""name"": ""Mahendra K. Shukla"", ""source"": ""s2""}, {""id"": ""33058369"", ""name"": ""Rajkumar Singh Rathore"", ""source"": ""s2""}, {""id"": ""2202878685"", ""name"": ""Weiwei Jiang"", ""source"": ""s2""}]"
7ac171d1c4d141c740c1a084b8fbfc58030026ef,10.1016/j.ijleo.2026.172729,Low-Light Image Enhancement via Deep Curve Estimation with Feature Refinement,2026,Optik (Stuttgart),Tan You; Tan Jian Ding; Lee Yan Kang; Kang Chao; Mohammad Arif Sobhan Bhuiyan,"[{""id"": ""2140101204"", ""name"": ""Tan You"", ""source"": ""s2""}, {""id"": ""2277539233"", ""name"": ""Tan Jian Ding"", ""source"": ""s2""}, {""id"": ""2277591191"", ""name"": ""Lee Yan Kang"", ""source"": ""s2""}, {""id"": ""48509971"", ""name"": ""Kang Chao"", ""source"": ""s2""}, {""id"": ""2238136596"", ""name"": ""Mohammad Arif Sobhan Bhuiyan"", ""source"": ""s2""}]"
5786b87bf2492a759f3b130c5dd3d53a73a8eb05,10.3390/digital6010013,Target Detection in Underground Mines Based on Low-Light Image Enhancement,2026,Digit.,Haodong Guo; Kaibo Lu; Shanning Zhan; Jiangtao Li; Zhifei Wu,"[{""id"": ""2365499273"", ""name"": ""Haodong Guo"", ""source"": ""s2""}, {""id"": ""2070274721"", ""name"": ""Kaibo Lu"", ""source"": ""s2""}, {""id"": ""2274571573"", ""name"": ""Shanning Zhan"", ""source"": ""s2""}, {""id"": ""2371062775"", ""name"": ""Jiangtao Li"", ""source"": ""s2""}, {""id"": ""2240327642"", ""name"": ""Zhifei Wu"", ""source"": ""s2""}]"
207be8dcde32a570c3453510d7caa5c6cf324a20,10.1007/s13042-025-02927-z,IGDBT: Illumination-guide dual branch transformer for low-light image enhancement,2026,International Journal of Machine Learning and Cybernetics,Yunuo Xie; Zhijia Zhang; Xin Huang; Xingqi Na,"[{""id"": ""2410953584"", ""name"": ""Yunuo Xie"", ""source"": ""s2""}, {""id"": ""2337202911"", ""name"": ""Zhijia Zhang"", ""source"": ""s2""}, {""id"": ""2368656770"", ""name"": ""Xin Huang"", ""source"": ""s2""}, {""id"": ""2353512139"", ""name"": ""Xingqi Na"", ""source"": ""s2""}]"
4ff78b9e7112b9e40e53976bbda1cea6ffdc5e15,10.1109/LRA.2026.3717193,LiDAR-Anchored Collaborative Distillation for Robust 2D Representations,2026,IEEE Robotics and Automation Letters,Wonjun Jo; Hyunwoo Ha; Kim Ji-Yeon; Hawook Jeong; Tae-Hyun Oh,"[{""id"": ""2401827864"", ""name"": ""Wonjun Jo"", ""source"": ""s2""}, {""id"": ""2281868998"", ""name"": ""Hyunwoo Ha"", ""source"": ""s2""}, {""id"": ""2299701781"", ""name"": ""Kim Ji-Yeon"", ""source"": ""s2""}, {""id"": ""2544084"", ""name"": ""Hawook Jeong"", ""source"": ""s2""}, {""id"": ""2274931352"", ""name"": ""Tae-Hyun Oh"", ""source"": ""s2""}]"
4e0052c30b90e8188ed06e312a33d5e13bb42504,10.1109/CIPHER70417.2026.11523874,A Hybrid Approach for Low Light Image Enhancement using Traditional and Deep Learning,2026,"2026 International Conference on Intelligent Processing, Hardware, Electronics, and Radio Systems (CIPHER)",S.Pradeesh Kumar; Mithilesh Kumar Singh Yadav; Nagendra Pratap Singh,"[{""id"": ""2333847276"", ""name"": ""S.Pradeesh Kumar"", ""source"": ""s2""}, {""id"": ""2212995586"", ""name"": ""Mithilesh Kumar Singh Yadav"", ""source"": ""s2""}, {""id"": ""2347890077"", ""name"": ""Nagendra Pratap Singh"", ""source"": ""s2""}]"
5e30f5894843447fa762a695a361c36160aa1ecd,10.48550/arXiv.2602.08699,Low-Light Video Enhancement with An Effective Spatial-Temporal Decomposition Paradigm,2026,arXiv.org,Xiaogang Xu; Kun Zhou; Tao Hu; Jiafei Wu; Ruixing Wang; Hao Peng; Bei Yu,"[{""id"": ""2373442317"", ""name"": ""Xiaogang Xu"", ""source"": ""s2""}, {""id"": ""2269757386"", ""name"": ""Kun Zhou"", ""source"": ""s2""}, {""id"": ""2291014998"", ""name"": ""Tao Hu"", ""source"": ""s2""}, {""id"": ""2276486864"", ""name"": ""Jiafei Wu"", ""source"": ""s2""}, {""id"": ""2303302229"", ""name"": ""Ruixing Wang"", ""source"": ""s2""}, {""id"": ""2362646460"", ""name"": ""Hao Peng"", ""source"": ""s2""}, {""id"": ""2362514661"", ""name"": ""Bei Yu"", ""source"": ""s2""}]"
5c41c6c7890e59698249cc71ee596e5b1a1d80b8,10.1109/ACDSA67686.2026.11468198,ICE-GAN: A Low Light Image Enhancement Model,2026,"2026 International Conference on Artificial Intelligence, Computer, Data Sciences and Applications (ACDSA)",Divya Prasad K. H; A. S. Nair; S. G.,"[{""id"": ""2416778897"", ""name"": ""Divya Prasad K. H"", ""source"": ""s2""}, {""id"": ""2055262721"", ""name"": ""A. S. Nair"", ""source"": ""s2""}, {""id"": ""2219659637"", ""name"": ""S. G."", ""source"": ""s2""}]"
1c54cb7c86f42be16cc8f907ff0a82f5ed9d9860,10.1016/j.optlastec.2025.114432,Frequency-aware retinex-wavelet decomposition hybrid network and luminance-guided transformers for low-light image enhancement,2026,Optics &amp; Laser Technology,Yi Lu; Jun Huang; Yong Ma; Fan Fan; Kangle Wu; Ge Wang,"[{""id"": ""2398722320"", ""name"": ""Yi Lu"", ""source"": ""s2""}, {""id"": ""2118226234"", ""name"": ""Jun Huang"", ""source"": ""s2""}, {""id"": ""2291680328"", ""name"": ""Yong Ma"", ""source"": ""s2""}, {""id"": ""40513331"", ""name"": ""Fan Fan"", ""source"": ""s2""}, {""id"": ""2296028507"", ""name"": ""Kangle Wu"", ""source"": ""s2""}, {""id"": ""2296241759"", ""name"": ""Ge Wang"", ""source"": ""s2""}]"
81f6bab29783adbac76162ce567e8e351a325705,10.1007/s00371-026-04375-4,Enhancing low-light image quality: a multi-granularity memory approach with RetinexMemory,2026,The Visual Computer,Xinyang Zhang; Lei Zhang,"[{""id"": ""2399999294"", ""name"": ""Xinyang Zhang"", ""source"": ""s2""}, {""id"": ""2286036173"", ""name"": ""Lei Zhang"", ""source"": ""s2""}]"
ce7d5ff349dfa2c029fde95913eb989a95c6f25c,10.1016/j.patrec.2026.02.002,LPENet: A laplacian pyramid enhancement network for object detection in low-light conditions,2026,Pattern Recognition Letters,Xiaoyu Wu; Yuxiang Shao; Xinyu Jin,"[{""id"": ""2329311875"", ""name"": ""Xiaoyu Wu"", ""source"": ""s2""}, {""id"": ""2330076798"", ""name"": ""Yuxiang Shao"", ""source"": ""s2""}, {""id"": ""2342650177"", ""name"": ""Xinyu Jin"", ""source"": ""s2""}]"
8f02484061efad6d886a593246b4de4378d7f494,10.1007/s00371-026-04368-3,SARA-Net: a lightweight and adaptive network for low-light image enhancement,2026,The Visual Computer,Hai Nan; Wan Chen; Hongji Chen,"[{""id"": ""2277257957"", ""name"": ""Hai Nan"", ""source"": ""s2""}, {""id"": ""2411233726"", ""name"": ""Wan Chen"", ""source"": ""s2""}, {""id"": ""2351796298"", ""name"": ""Hongji Chen"", ""source"": ""s2""}]"
0cafd88165887a449bb48b54d61368e92ac1e740,10.1016/j.dsp.2026.106010,A pretrained CNN-guided diffusion framework with color transfer for low-light image enhancement,2026,Digit. Signal Process.,Junfang Tu; Wei Li; Yongcan Zhao; Kunyan Zhang,"[{""id"": ""2369602864"", ""name"": ""Junfang Tu"", ""source"": ""s2""}, {""id"": ""2285128159"", ""name"": ""Wei Li"", ""source"": ""s2""}, {""id"": ""2297704345"", ""name"": ""Yongcan Zhao"", ""source"": ""s2""}, {""id"": ""5332972"", ""name"": ""Kunyan Zhang"", ""source"": ""s2""}]"
38ad51f86512cb240b1b54e1708a46911ec5f42b,10.1007/s00034-025-03442-w,Structure Awareness Wavelet Transformer Network for Low-Light Image Enhancement,2026,"Circuits, systems, and signal processing",Kaige Cui; Weiwei Wang; Yujie Wang; Yi Wu,"[{""id"": ""2403809162"", ""name"": ""Kaige Cui"", ""source"": ""s2""}, {""id"": ""2253902542"", ""name"": ""Weiwei Wang"", ""source"": ""s2""}, {""id"": ""2403778864"", ""name"": ""Yujie Wang"", ""source"": ""s2""}, {""id"": ""2403857945"", ""name"": ""Yi Wu"", ""source"": ""s2""}]"
bee75a66e333f7f890d448e2a1266f6f97389558,10.1109/ISCAIT69154.2026.11477491,Low-Light Image Enhancement Based on Retinex with Multi-Scale Attention Fusion,2026,2026 5th International Symposium on Computer Applications and Information Technology (ISCAIT),Simeng Tu; Qishen Li; Xiong Ying; Qiufeng Li; Hua Huang,"[{""id"": ""2430893368"", ""name"": ""Simeng Tu"", ""source"": ""s2""}, {""id"": ""2108107216"", ""name"": ""Qishen Li"", ""source"": ""s2""}, {""id"": ""2113267284"", ""name"": ""Xiong Ying"", ""source"": ""s2""}, {""id"": ""2154487963"", ""name"": ""Qiufeng Li"", ""source"": ""s2""}, {""id"": ""2154489526"", ""name"": ""Hua Huang"", ""source"": ""s2""}]"
39303b31c6786009a33cfca4032479d0122e2695,10.1007/s00530-025-02099-4,Multi-sparsity isotropic gradient regularization for edge-preserving image smoothing,2026,Multimedia Systems,Yang Yang; Xi Zhang; Yiwen Xiong; Xinsheng Wang; Xi Leng,"[{""id"": ""2242793598"", ""name"": ""Yang Yang"", ""source"": ""s2""}, {""id"": ""2403343291"", ""name"": ""Xi Zhang"", ""source"": ""s2""}, {""id"": ""2187774355"", ""name"": ""Yiwen Xiong"", ""source"": ""s2""}, {""id"": ""2352975514"", ""name"": ""Xinsheng Wang"", ""source"": ""s2""}, {""id"": ""2398799588"", ""name"": ""Xi Leng"", ""source"": ""s2""}]"
0caf47b532b37f2683bd38f87d4fef4a5a756439,10.1007/s10994-025-06981-0,Low-Light Scene Text Image Enhancement in the Wild,2026,Machine-mediated learning,Haiyang Yu; Wei Lu; Yinglian Zhu; Ke Niu; Xiangyang Xue; Bin Li,"[{""id"": ""2187451203"", ""name"": ""Haiyang Yu"", ""source"": ""s2""}, {""id"": ""2347685425"", ""name"": ""Wei Lu"", ""source"": ""s2""}, {""id"": ""2365422519"", ""name"": ""Yinglian Zhu"", ""source"": ""s2""}, {""id"": ""2238955236"", ""name"": ""Ke Niu"", ""source"": ""s2""}, {""id"": ""2212947154"", ""name"": ""Xiangyang Xue"", ""source"": ""s2""}, {""id"": ""2212052721"", ""name"": ""Bin Li"", ""source"": ""s2""}]"
f2d383a7868f5ec1f51a32510c8819763cd0c6c6,10.1016/j.optlastec.2025.114175,HazeLightFormer: Joint transformer model for image dehazing and low-light restoration,2026,Optics &amp; Laser Technology,Nuthi Raju; Sathish Mothe; Kankanala Srinivas; Balaram Murthy Chintakindi,"[{""id"": ""2314715018"", ""name"": ""Nuthi Raju"", ""source"": ""s2""}, {""id"": ""2387411517"", ""name"": ""Sathish Mothe"", ""source"": ""s2""}, {""id"": ""2314725730"", ""name"": ""Kankanala Srinivas"", ""source"": ""s2""}, {""id"": ""2209718856"", ""name"": ""Balaram Murthy Chintakindi"", ""source"": ""s2""}]"
ba8122d67ac7f2433359c8cbf7ac761641305238,10.1016/j.engappai.2025.113388,A robust zero-shot framework based on adaptive illumination perception and trichromatic calibration for extreme low-light image enhancement,2026,Engineering applications of artificial intelligence,Xuan Li; Zhaoming Feng; Weiwei Chen; Guomin Zhang; Yifan Ding; Li Cheng,"[{""id"": ""2243031426"", ""name"": ""Xuan Li"", ""source"": ""s2""}, {""id"": ""2311811083"", ""name"": ""Zhaoming Feng"", ""source"": ""s2""}, {""id"": ""2187150427"", ""name"": ""Weiwei Chen"", ""source"": ""s2""}, {""id"": ""2311825194"", ""name"": ""Guomin Zhang"", ""source"": ""s2""}, {""id"": ""2311857420"", ""name"": ""Yifan Ding"", ""source"": ""s2""}, {""id"": ""2283966633"", ""name"": ""Li Cheng"", ""source"": ""s2""}]"
486dce624caa2b299a9c959219fa93fc71ea0345,10.1016/j.neucom.2026.132634,LowLight-NeRF: A novel framework for high-fidelity neural rendering in challenging low-light,2026,Neurocomputing,Xiaohui Wang; Zhenyu Yin; Feiqing Zhang,"[{""id"": ""2182521397"", ""name"": ""Xiaohui Wang"", ""source"": ""s2""}, {""id"": ""2321488192"", ""name"": ""Zhenyu Yin"", ""source"": ""s2""}, {""id"": ""151481679"", ""name"": ""Feiqing Zhang"", ""source"": ""s2""}]"
9ce5584b20ae0f420d627f03ac4a4acc7535e092,10.1016/j.dsp.2026.105933,Progressive enhancement method for low-light images via self-supervised learning,2026,Digit. Signal Process.,Wenxia Bao; Wentao Guo; Zonghao Tian; Nian Wang,"[{""id"": ""2311911116"", ""name"": ""Wenxia Bao"", ""source"": ""s2""}, {""id"": ""2304937496"", ""name"": ""Wentao Guo"", ""source"": ""s2""}, {""id"": ""2069521593"", ""name"": ""Zonghao Tian"", ""source"": ""s2""}, {""id"": ""2152171257"", ""name"": ""Nian Wang"", ""source"": ""s2""}]"
022d5c3ac5a090a31a7927b542ee004ed5fa5941,10.1016/j.patcog.2026.113122,Illumination-adaptive feature enhancement for low-light object detection,2026,Pattern Recognition,Jiajia Lu; Wenping Zheng; Yuhua Qian; Xinyan Liang; Keqi Wang; Zhian Yuan,"[{""id"": ""2260059059"", ""name"": ""Jiajia Lu"", ""source"": ""s2""}, {""id"": ""2407371549"", ""name"": ""Wenping Zheng"", ""source"": ""s2""}, {""id"": ""2187326606"", ""name"": ""Yuhua Qian"", ""source"": ""s2""}, {""id"": ""9540574"", ""name"": ""Xinyan Liang"", ""source"": ""s2""}, {""id"": ""2318750600"", ""name"": ""Keqi Wang"", ""source"": ""s2""}, {""id"": ""2279162346"", ""name"": ""Zhian Yuan"", ""source"": ""s2""}]"
d7471003063f7dbd8478241f5dc5ece9f567ccfe,10.32604/cmc.2025.067041,RetinexWT: Retinex-Based Low-Light Enhancement Method Combining Wavelet Transform,2026,Comput. Mater. Continua,Hongji Chen; Jianxun Zhang; Tianze Yu; Yingzhu Zeng; Huan Zeng,"[{""id"": ""2374279063"", ""name"": ""Hongji Chen"", ""source"": ""s2""}, {""id"": ""2374286482"", ""name"": ""Jianxun Zhang"", ""source"": ""s2""}, {""id"": ""2393902194"", ""name"": ""Tianze Yu"", ""source"": ""s2""}, {""id"": ""2374288364"", ""name"": ""Yingzhu Zeng"", ""source"": ""s2""}, {""id"": ""2380001065"", ""name"": ""Huan Zeng"", ""source"": ""s2""}]"
b3b59bc2ab0bf5f92e14dbbbb4d71f2deefbe30e,10.1049/ipr2.70341,Mean‐Local Binary Pattern‐Guided Multi‐Attention Network for Low‐Light Image Enhancement,2026,IET Image Processing,Binxin Tang; Xianchun Zhou; Jiewen Tian; Mengnan Lv; Ying Zhang,"[{""id"": ""2425784821"", ""name"": ""Binxin Tang"", ""source"": ""s2""}, {""id"": ""9302947"", ""name"": ""Xianchun Zhou"", ""source"": ""s2""}, {""id"": ""2265356246"", ""name"": ""Jiewen Tian"", ""source"": ""s2""}, {""id"": ""2425704437"", ""name"": ""Mengnan Lv"", ""source"": ""s2""}, {""id"": ""2292448853"", ""name"": ""Ying Zhang"", ""source"": ""s2""}]"
c62ffca0be9eda6b3e3726553615c4d4efbab3ec,10.1007/s00138-025-01778-6,Perceptual enhanced multi-exposure image fusion network based on dual-domain learning,2025,Machine Vision and Applications,Zheyu Shi; Yong Peng; Yong Zhong; Xiaolin Qin,"[{""id"": ""2258681113"", ""name"": ""Zheyu Shi"", ""source"": ""s2""}, {""id"": ""2316519605"", ""name"": ""Yong Peng"", ""source"": ""s2""}, {""id"": ""2316544777"", ""name"": ""Yong Zhong"", ""source"": ""s2""}, {""id"": ""2342112963"", ""name"": ""Xiaolin Qin"", ""source"": ""s2""}]"
f5aa3dc69722c409ad3c3f0e3048d9215e2d475e,10.1109/IPMML68499.2025.11407408,SFD-Net: Spatial-frequency domain dual-branch cross-domain interactive denoising for Low-light Image Enhancement,2025,"2025 2nd International Conference on Image Processing, Multimedia Technology and Machine Learning (IPMML)",Zhao An,"[{""id"": ""2410514467"", ""name"": ""Zhao An"", ""source"": ""s2""}]"
24219205e77818547b2525f4efd7f0e80163164c,10.1109/EIECC67963.2025.11409619,Object Detection in Adverse Weather Based on Image Enhancement and Feature Decomposition and Enhancement,2025,2025 5th International Conference on Electronic Information Engineering and Computer Communication (EIECC),Jingwen Xie; Qishen Li; Ying Xiong; Qiufeng Li; Hua Huang,"[{""id"": ""2338861332"", ""name"": ""Jingwen Xie"", ""source"": ""s2""}, {""id"": ""2108107216"", ""name"": ""Qishen Li"", ""source"": ""s2""}, {""id"": ""2237132490"", ""name"": ""Ying Xiong"", ""source"": ""s2""}, {""id"": ""2154487963"", ""name"": ""Qiufeng Li"", ""source"": ""s2""}, {""id"": ""2154489526"", ""name"": ""Hua Huang"", ""source"": ""s2""}]"
29e7075854ea354a1f345402342d906a1961d16b,10.1109/ICEACE67491.2025.11439055,Towards Vehicle-Infrastructure Cooperation: A Retina-Inspired Model for Low-Light Image Enhancement,2025,"2025 IEEE 3rd International Conference on Electrical, Automation and Computer Engineering (ICEACE)",Fangzhou He; Jie Li; Xiaohui Li; Peixian Zhang; Yi Xiang; Zhihua Qu,"[{""id"": ""2289924670"", ""name"": ""Fangzhou He"", ""source"": ""s2""}, {""id"": ""2298095688"", ""name"": ""Jie Li"", ""source"": ""s2""}, {""id"": ""2257359990"", ""name"": ""Xiaohui Li"", ""source"": ""s2""}, {""id"": ""2338057038"", ""name"": ""Peixian Zhang"", ""source"": ""s2""}, {""id"": ""2372196505"", ""name"": ""Yi Xiang"", ""source"": ""s2""}, {""id"": ""2293505841"", ""name"": ""Zhihua Qu"", ""source"": ""s2""}]"
03700ff0f8278b2b1d442ddf1a009dc7bc757eed,10.1109/TIP.2025.3644172,SGNet: Style-Guided Network With Temporal Compensation for Unpaired Low-Light Colonoscopy Video Enhancement,2025,IEEE Transactions on Image Processing,Guanghui Yue; Lixin Zhang; Wanqing Liu; Jingfeng Du; Tianwei Zhou; Hanhe Lin; Qiuping Jiang; Wenqi Ren,"[{""id"": ""2119003274"", ""name"": ""Guanghui Yue"", ""source"": ""s2""}, {""id"": ""2321484379"", ""name"": ""Lixin Zhang"", ""source"": ""s2""}, {""id"": ""2346047327"", ""name"": ""Wanqing Liu"", ""source"": ""s2""}, {""id"": ""16291945"", ""name"": ""Jingfeng Du"", ""source"": ""s2""}, {""id"": ""50018428"", ""name"": ""Tianwei Zhou"", ""source"": ""s2""}, {""id"": ""2268019384"", ""name"": ""Hanhe Lin"", ""source"": ""s2""}, {""id"": ""2238896888"", ""name"": ""Qiuping Jiang"", ""source"": ""s2""}, {""id"": ""2260700948"", ""name"": ""Wenqi Ren"", ""source"": ""s2""}]"
7de2fbb68fb7c22a180c43e6d9052184019fe313,10.1109/MLCIPR68329.2025.11407279,Vision-Based Method for Visitor Detection in Nighttime Scenic Spots,2025,"2025 International Conference on Machine Learning, Computational Intelligence and Pattern Recognition (MLCIPR)",Jiachang Li; Yixuan Xing; Zhichao Xin; Yong Wu; Jianping Xing,"[{""id"": ""2292294135"", ""name"": ""Jiachang Li"", ""source"": ""s2""}, {""id"": ""2409453648"", ""name"": ""Yixuan Xing"", ""source"": ""s2""}, {""id"": ""2326618994"", ""name"": ""Zhichao Xin"", ""source"": ""s2""}, {""id"": ""2115860396"", ""name"": ""Yong Wu"", ""source"": ""s2""}, {""id"": ""2259092041"", ""name"": ""Jianping Xing"", ""source"": ""s2""}]"
fefcd069fced019d94688886f7bd77a266bd194f,10.1109/ICVRV67992.2025.00132,DINO-Night: A Low-Illumination Road Object Detection Method with Adaptive Illumination and Feature Fusion,2025,International Conference on Virtual Reality and Visualization,Ke Liu; Xiao-Hui Wang; De Li; Jin-Chun Piao,"[{""id"": ""2375719922"", ""name"": ""Ke Liu"", ""source"": ""s2""}, {""id"": ""2118240587"", ""name"": ""Xiao-Hui Wang"", ""source"": ""s2""}, {""id"": ""2282286360"", ""name"": ""De Li"", ""source"": ""s2""}, {""id"": ""2281989811"", ""name"": ""Jin-Chun Piao"", ""source"": ""s2""}]"
6eadcc88c21fc5141eb63f014e162ca938c09987,10.3390/met15121380,Deep Learning-Based Automatic Recognition of Segregation in Continuous Casting Slabs,2025,Metals,Xiaojuan Wu; Jiwu Zhang; Fujian Guo; R. Devesh; Kumar Misra; Xuemin Wang; Xiucheng Li,"[{""id"": ""2154605634"", ""name"": ""Xiaojuan Wu"", ""source"": ""s2""}, {""id"": ""2107982065"", ""name"": ""Jiwu Zhang"", ""source"": ""s2""}, {""id"": ""117778344"", ""name"": ""Fujian Guo"", ""source"": ""s2""}, {""id"": ""2363698601"", ""name"": ""R. Devesh"", ""source"": ""s2""}, {""id"": ""2363698633"", ""name"": ""Kumar Misra"", ""source"": ""s2""}, {""id"": ""2336530093"", ""name"": ""Xuemin Wang"", ""source"": ""s2""}, {""id"": ""2329083599"", ""name"": ""Xiucheng Li"", ""source"": ""s2""}]"
994329253cc932f05882fdc360bf200830400430,10.1109/ISPCT68220.2025.11406860,Exploiting Temporal Redundancy with Generative Priors: A Transformer-based Framework for Low-Light Image Enhancement,2025,"2025 2nd International Conference on Image, Signal Processing and Communication Technology (ISPCT)",Miaomiao Tian; Shenshen Luan,"[{""id"": ""2056454564"", ""name"": ""Miaomiao Tian"", ""source"": ""s2""}, {""id"": ""2294359625"", ""name"": ""Shenshen Luan"", ""source"": ""s2""}]"
ec571e94c2a8df622d55435c7cb1d0d0389bad0c,10.1016/j.sigpro.2025.110484,Dual enhancement of low-light image based on single-channel curve estimation,2025,Signal Processing,Wei Hu; Manli Wang; Changsen Zhang,"[{""id"": ""2384167852"", ""name"": ""Wei Hu"", ""source"": ""s2""}, {""id"": ""2145276979"", ""name"": ""Manli Wang"", ""source"": ""s2""}, {""id"": ""2204126324"", ""name"": ""Changsen Zhang"", ""source"": ""s2""}]"
1d66c63a9ae87a6c95b3a053fe1be692fe445e58,10.1038/s41598-025-26962-6,Multi-branch low-light image iterative enhancement network,2025,Scientific Reports,Yiwen Dou; Yiting Gao; Mei Gao; Senyan Zhao; Chenhao Zeng,"[{""id"": ""2395817702"", ""name"": ""Yiwen Dou"", ""source"": ""s2""}, {""id"": ""2158445784"", ""name"": ""Yiting Gao"", ""source"": ""s2""}, {""id"": ""2147416198"", ""name"": ""Mei Gao"", ""source"": ""s2""}, {""id"": ""2000834112"", ""name"": ""Senyan Zhao"", ""source"": ""s2""}, {""id"": ""2396318217"", ""name"": ""Chenhao Zeng"", ""source"": ""s2""}]"
4e55ace2eddd2fa8b3b59ba7031f8f9ee466d358,10.1016/j.displa.2025.103163,DRIGNet: Low-light image enhancement based on dual-range information guidance,2025,Displays (Guildford),Feng Huang; Jiong Huang; Jing Wu; Jianhua Lin; Jing Guo; Yunxiang Li; Zhewei Liu,"[{""id"": ""2153751686"", ""name"": ""Feng Huang"", ""source"": ""s2""}, {""id"": ""2128676588"", ""name"": ""Jiong Huang"", ""source"": ""s2""}, {""id"": ""2149267521"", ""name"": ""Jing Wu"", ""source"": ""s2""}, {""id"": ""2279519332"", ""name"": ""Jianhua Lin"", ""source"": ""s2""}, {""id"": ""2269771415"", ""name"": ""Jing Guo"", ""source"": ""s2""}, {""id"": ""2297812171"", ""name"": ""Yunxiang Li"", ""source"": ""s2""}, {""id"": ""2323398329"", ""name"": ""Zhewei Liu"", ""source"": ""s2""}]"
bd5fa1f313109383b484b710383bb19c223ac7b3,10.1016/j.displa.2025.103174,DELIA-Net: A Detail-Enhanced and Local Illumination Adjustment Network for nighttime road image enhancement,2025,Displays (Guildford),Ruoyu Yang; Huaixin Chen; Sijie Luo; Zhixi Wang,"[{""id"": ""2347942452"", ""name"": ""Ruoyu Yang"", ""source"": ""s2""}, {""id"": ""2258684586"", ""name"": ""Huaixin Chen"", ""source"": ""s2""}, {""id"": ""2316897483"", ""name"": ""Sijie Luo"", ""source"": ""s2""}, {""id"": ""2350298082"", ""name"": ""Zhixi Wang"", ""source"": ""s2""}]"
45a1ca16efdfbcc43e8d409cf02e025f30586a01,10.1016/j.engappai.2025.112263,Diffusion-based feature absorption approach for improving lightweight object detectors in adverse weather conditions,2025,Engineering applications of artificial intelligence,Quoc-Viet Hoang; Trung-Hieu Le,"[{""id"": ""2303941072"", ""name"": ""Quoc-Viet Hoang"", ""source"": ""s2""}, {""id"": ""46230648"", ""name"": ""Trung-Hieu Le"", ""source"": ""s2""}]"
a34645ce8ecf56e3279fc17c7bd8cea44ad222c6,10.1109/JSTSP.2025.3632537,Self-Supervised Low-Light Hyperspectral Image Enhancement via Fourier-Based Transformer Network,2025,IEEE Journal on Selected Topics in Signal Processing,M. Demirhan; S. E. Yuksel; Erkut Erdem; Aykut Erdem; A.-M. Raita-Hakola; I. Pölönen,"[{""id"": ""9449524"", ""name"": ""M. Demirhan"", ""source"": ""s2""}, {""id"": ""3162554"", ""name"": ""S. E. Yuksel"", ""source"": ""s2""}, {""id"": ""152330322"", ""name"": ""Erkut Erdem"", ""source"": ""s2""}, {""id"": ""2253752451"", ""name"": ""Aykut Erdem"", ""source"": ""s2""}, {""id"": ""2125362197"", ""name"": ""A.-M. Raita-Hakola"", ""source"": ""s2""}, {""id"": ""2565479"", ""name"": ""I. Pölönen"", ""source"": ""s2""}]"
9618adcd534fff7a024a78fac074e7edc52f79d3,10.1109/STEPCon66008.2025.11473632,Zero-DiDCE: Dual-Illumination Curve Estimation For Zero-Reference Low-Light Image Enhancement,2025,2025 International Conference on Sustainable Technology in Energy and Power Systems (STEPCon),Yashwitha Reddy Chapala; Praveen Kumar Kalangi; Sriram Bodla; Aishwarya Tota; Nitisha Sharma; B. Goud; G. L. A. Babu; Gudepu Sai Krishna,"[{""id"": ""2428578257"", ""name"": ""Yashwitha Reddy Chapala"", ""source"": ""s2""}, {""id"": ""2303924899"", ""name"": ""Praveen Kumar Kalangi"", ""source"": ""s2""}, {""id"": ""2428578071"", ""name"": ""Sriram Bodla"", ""source"": ""s2""}, {""id"": ""2428577907"", ""name"": ""Aishwarya Tota"", ""source"": ""s2""}, {""id"": ""2405524302"", ""name"": ""Nitisha Sharma"", ""source"": ""s2""}, {""id"": ""2283497149"", ""name"": ""B. Goud"", ""source"": ""s2""}, {""id"": ""2287695861"", ""name"": ""G. L. A. Babu"", ""source"": ""s2""}, {""id"": ""2381849293"", ""name"": ""Gudepu Sai Krishna"", ""source"": ""s2""}]"
6abc2e1f6d66c2f8c7b2b36e6c445e1a8bf2a592,10.1109/IoTaIS67227.2025.11282085,MDNet: Multi-Scale Detail-aware Network for Low-Light Image Enhancement,2025,International Conference on Internet of Things and Intelligence System,Aditya Bharadwaj; Inderjeet; J. S. Sahambi,"[{""id"": ""2399056560"", ""name"": ""Aditya Bharadwaj"", ""source"": ""s2""}, {""id"": ""2212477566"", ""name"": ""Inderjeet"", ""source"": ""s2""}, {""id"": ""2295129090"", ""name"": ""J. S. Sahambi"", ""source"": ""s2""}]"
0876840f8b2da1a08e89e343585c8f125959aa6d,10.48550/arXiv.2511.01510,Luminance-Aware Statistical Quantization: Unsupervised Hierarchical Learning for Illumination Enhancement,2025,Neural Information Processing Systems,Derong Kong; Zhixiong Yang; Shengxi Li; Shuaifeng Zhi; Li Liu; Zhen Liu; Jingyuan Xia,"[{""id"": ""2349817713"", ""name"": ""Derong Kong"", ""source"": ""s2""}, {""id"": ""2244603168"", ""name"": ""Zhixiong Yang"", ""source"": ""s2""}, {""id"": ""2298054749"", ""name"": ""Shengxi Li"", ""source"": ""s2""}, {""id"": ""2315508563"", ""name"": ""Shuaifeng Zhi"", ""source"": ""s2""}, {""id"": ""2390918957"", ""name"": ""Li Liu"", ""source"": ""s2""}, {""id"": ""2296849096"", ""name"": ""Zhen Liu"", ""source"": ""s2""}, {""id"": ""2339583268"", ""name"": ""Jingyuan Xia"", ""source"": ""s2""}]"
68ebb3ababe0a896baf3b317e007e8c468d0af26,10.1016/j.dsp.2025.105772,Zero-shot low-light image enhancement via scattering-based retinex decomposition,2025,Digit. Signal Process.,Zhangzhao Cha; Yi Tang,"[{""id"": ""2213174962"", ""name"": ""Zhangzhao Cha"", ""source"": ""s2""}, {""id"": ""2332606773"", ""name"": ""Yi Tang"", ""source"": ""s2""}]"
2fe96346d3a5068a29d561cf0bf5c66ac68d40bd,10.1016/j.neunet.2025.108351,Rethinking progressive low-light image enhancement: A frequency-aware tripartite multi-scale network,2025,Neural Networks,Yingjian Li; Kaibing Zhang; Xuan Zhou; Zhouqiang Zhang; Sheng Hu,"[{""id"": ""2353663423"", ""name"": ""Yingjian Li"", ""source"": ""s2""}, {""id"": ""2238968445"", ""name"": ""Kaibing Zhang"", ""source"": ""s2""}, {""id"": ""2395969989"", ""name"": ""Xuan Zhou"", ""source"": ""s2""}, {""id"": ""2330255180"", ""name"": ""Zhouqiang Zhang"", ""source"": ""s2""}, {""id"": ""2299529311"", ""name"": ""Sheng Hu"", ""source"": ""s2""}]"
4dd342a27a2fa65b0b45bc08552caaa4c21dd49a,10.3390/s25227038,DCD-Net: Decoupling-Centric Decomposition Network for Low-Light Image Enhancement,2025,Italian National Conference on Sensors,Wei Wang; Yi Zhu; Mingming Zhang; Chao Xie,"[{""id"": ""2158505639"", ""name"": ""Wei Wang"", ""source"": ""s2""}, {""id"": ""2354603437"", ""name"": ""Yi Zhu"", ""source"": ""s2""}, {""id"": ""2353847483"", ""name"": ""Mingming Zhang"", ""source"": ""s2""}, {""id"": ""2158024018"", ""name"": ""Chao Xie"", ""source"": ""s2""}]"
cea36c0be74a4d74c3f221b4d27b0f9ac2992328,10.36948/ijfmr.2025.v07i05.59348,A Contemporary Survey of Low-Light Image Enhancement: From Sensor Physics to Perceptual Synthesis,2025,International Journal For Multidisciplinary Research,Jigar Dalwadi; Niteen Vaghela; Poonam Sahibani; Vishal M. Patel,"[{""id"": ""2391596532"", ""name"": ""Jigar Dalwadi"", ""source"": ""s2""}, {""id"": ""2391595175"", ""name"": ""Niteen Vaghela"", ""source"": ""s2""}, {""id"": ""2391594909"", ""name"": ""Poonam Sahibani"", ""source"": ""s2""}, {""id"": ""2319851443"", ""name"": ""Vishal M. Patel"", ""source"": ""s2""}]"
976c850636176addd29ee604868ddf657d8c7227,10.48550/arXiv.2510.26001,Larger Hausdorff Dimension in Scanning Pattern Facilitates Mamba-Based Methods in Low-Light Image Enhancement,2025,arXiv.org,Xinhua Wang; Caibo Feng; Xiang Fu; Chunxiao Liu,"[{""id"": ""2387431624"", ""name"": ""Xinhua Wang"", ""source"": ""s2""}, {""id"": ""2365053308"", ""name"": ""Caibo Feng"", ""source"": ""s2""}, {""id"": ""2304147289"", ""name"": ""Xiang Fu"", ""source"": ""s2""}, {""id"": ""2107927047"", ""name"": ""Chunxiao Liu"", ""source"": ""s2""}]"
31e229005bfe8405349137eea3eccf658ff1bc30,10.1109/INISTA68122.2025.11249673,Retinex-Fusion: A Novel Paradigm for Ultra-Low Light Image Enhancement,2025,International Symposium on INnovations in Intelligent SysTems and Applications,Sena Yagmur Sen; Mehmet Turkan; Gazihan Alankus,"[{""id"": ""122478756"", ""name"": ""Sena Yagmur Sen"", ""source"": ""s2""}, {""id"": ""70031922"", ""name"": ""Mehmet Turkan"", ""source"": ""s2""}, {""id"": ""2734839"", ""name"": ""Gazihan Alankus"", ""source"": ""s2""}]"
5e7791b4c2eb34dd54e2535e906c62465599febe,10.1117/12.3069574,Context-based low-light image enhancement via multiscale neural implicit representation,2025,Environmental Remote Sensing,Wenchao Li; Shuyuan Wen; Jinhao Zhu; Qiaofeng Ou; Bangshu Xiong,"[{""id"": ""2265521694"", ""name"": ""Wenchao Li"", ""source"": ""s2""}, {""id"": ""2265494825"", ""name"": ""Shuyuan Wen"", ""source"": ""s2""}, {""id"": ""2265666097"", ""name"": ""Jinhao Zhu"", ""source"": ""s2""}, {""id"": ""2261011"", ""name"": ""Qiaofeng Ou"", ""source"": ""s2""}, {""id"": ""2265489543"", ""name"": ""Bangshu Xiong"", ""source"": ""s2""}]"
f72a3234a3bd0f866d05201ad790945c779dbf11,10.48550/arXiv.2510.23444,FRBNet: Revisiting Low-Light Vision through Frequency-Domain Radial Basis Network,2025,Neural Information Processing Systems,Fangtong Sun; Congyu Li; Ke Yang; Yuchen Pan; Hanwen Yu; Xichuan Zhang; Yiying Li,"[{""id"": ""2350157855"", ""name"": ""Fangtong Sun"", ""source"": ""s2""}, {""id"": ""2281999332"", ""name"": ""Congyu Li"", ""source"": ""s2""}, {""id"": ""2256475188"", ""name"": ""Ke Yang"", ""source"": ""s2""}, {""id"": ""2277575514"", ""name"": ""Yuchen Pan"", ""source"": ""s2""}, {""id"": ""2834956"", ""name"": ""Hanwen Yu"", ""source"": ""s2""}, {""id"": ""2316516219"", ""name"": ""Xichuan Zhang"", ""source"": ""s2""}, {""id"": ""2241488738"", ""name"": ""Yiying Li"", ""source"": ""s2""}]"
c80ca89f1a56a4e9025f7f771e48b332cf9a9f01,10.1145/3746027.3755510,Learning Structural Priors via Laplacian RWKV Diffusion with Light-Effect Dataset for Nighttime Visibility Enhancement,2025,ACM Multimedia,Dirui Xie; Xiaofang Hu; Zihan Wei; Zhengqi Yang; Yanlian Jiang; Yue Zhou,"[{""id"": ""2211254189"", ""name"": ""Dirui Xie"", ""source"": ""s2""}, {""id"": ""2289192561"", ""name"": ""Xiaofang Hu"", ""source"": ""s2""}, {""id"": ""2212099672"", ""name"": ""Zihan Wei"", ""source"": ""s2""}, {""id"": ""72486540"", ""name"": ""Zhengqi Yang"", ""source"": ""s2""}, {""id"": ""2388540423"", ""name"": ""Yanlian Jiang"", ""source"": ""s2""}, {""id"": ""2116451313"", ""name"": ""Yue Zhou"", ""source"": ""s2""}]"
bb40f61e6205e7fcc54a2070e278a85cf0ce9363,10.1145/3746027.3758142,A Novel Perspective on Low-Light Image Enhancement: Leveraging Artifact Regularization and Walsh-Hadamard Transform,2025,ACM Multimedia,Weilin Wu; Shifan Yang; Qizhao Lin; Xinghong Chen; Kunping Yang; Jing Wang; Guannan Chen,"[{""id"": ""2377903351"", ""name"": ""Weilin Wu"", ""source"": ""s2""}, {""id"": ""2389391519"", ""name"": ""Shifan Yang"", ""source"": ""s2""}, {""id"": ""2261867936"", ""name"": ""Qizhao Lin"", ""source"": ""s2""}, {""id"": ""2118654284"", ""name"": ""Xinghong Chen"", ""source"": ""s2""}, {""id"": ""2274753939"", ""name"": ""Kunping Yang"", ""source"": ""s2""}, {""id"": ""40470615"", ""name"": ""Jing Wang"", ""source"": ""s2""}, {""id"": ""2363602708"", ""name"": ""Guannan Chen"", ""source"": ""s2""}]"
f1548da8816919e2626d71a1a22754a3d481274f,10.1109/ICCV51701.2025.00906,RetinexMCNet: A Memory Controller Dominated Network for Low-Light Video Enhancement Based on Retinex,2025,IEEE International Conference on Computer Vision,Mei-Yang Wang; Xuejing Kang; Yaxi Lu; Jie Xu,"[{""id"": ""2304686040"", ""name"": ""Mei-Yang Wang"", ""source"": ""s2""}, {""id"": ""1690834884"", ""name"": ""Xuejing Kang"", ""source"": ""s2""}, {""id"": ""2456527836"", ""name"": ""Yaxi Lu"", ""source"": ""s2""}, {""id"": ""2328804723"", ""name"": ""Jie Xu"", ""source"": ""s2""}]"
319c2d6df5644d8175937574dd0e3a4a23762161,10.1109/ICCV51701.2025.00645,Task-Decoupled Bézier Surface Constraint for Uneven Low-Light Image Enhancement,2025,IEEE International Conference on Computer Vision,Xingxiang Zhou; Xiangdong Su; Haoran Zhang; Wei Chen; Guanglai Gao,"[{""id"": ""2323730117"", ""name"": ""Xingxiang Zhou"", ""source"": ""s2""}, {""id"": ""80644791"", ""name"": ""Xiangdong Su"", ""source"": ""s2""}, {""id"": ""152454078"", ""name"": ""Haoran Zhang"", ""source"": ""s2""}, {""id"": ""2154940576"", ""name"": ""Wei Chen"", ""source"": ""s2""}, {""id"": ""2296714815"", ""name"": ""Guanglai Gao"", ""source"": ""s2""}]"
11ec0fb679d971e79bc813c138bb362d39b47196,10.1109/ICCSNT67644.2025.11291435,Night-time Lightweight Vehicle Detection Algorithm Based on Knowledge Distillation,2025,International Conference on Computer Science and Network Technology,Qiyao Luo; Yongqing Qian,"[{""id"": ""2384402024"", ""name"": ""Qiyao Luo"", ""source"": ""s2""}, {""id"": ""2342101368"", ""name"": ""Yongqing Qian"", ""source"": ""s2""}]"
bea462be12e4ba675441d9e9dc09bc523e5239ac,10.1109/CW68232.2025.00015,Structure-Aware and Implicit Restoration for Low-Light Light Field Image Compression,2025,International Conference on Cyberworlds,Yuan Shi; Jimin Wang; Yiren Chen; Xianyang Wang; Deyang Liu,"[{""id"": ""2400698445"", ""name"": ""Yuan Shi"", ""source"": ""s2""}, {""id"": ""2265361368"", ""name"": ""Jimin Wang"", ""source"": ""s2""}, {""id"": ""2339725758"", ""name"": ""Yiren Chen"", ""source"": ""s2""}, {""id"": ""2327792169"", ""name"": ""Xianyang Wang"", ""source"": ""s2""}, {""id"": ""2267870621"", ""name"": ""Deyang Liu"", ""source"": ""s2""}]"
98d189c98645fd5691f8d03aeab66786d84b71df,10.48550/arXiv.2510.09450,Dynamic Weight-based Temporal Aggregation for Low-light Video Enhancement,2025,International Conference on Information Photonics,Ruirui Lin; Guoxi Huang; N. Anantrasirichai,"[{""id"": ""2283107688"", ""name"": ""Ruirui Lin"", ""source"": ""s2""}, {""id"": ""2311632284"", ""name"": ""Guoxi Huang"", ""source"": ""s2""}, {""id"": ""1756108"", ""name"": ""N. Anantrasirichai"", ""source"": ""s2""}]"
05ba639c0fa98f6b03e61942cae405c79897f9a3,10.1109/TIP.2025.3616639,Rethinking the Low-Light Video Enhancement: Benchmark Datasets and Methods,2025,IEEE Transactions on Image Processing,Jiaxuan Wang; Huiyuan Fu; Wenkai Zheng; Xicong Wang; Xin Wang; Heng Zhang; Huadong Ma,"[{""id"": ""2271359439"", ""name"": ""Jiaxuan Wang"", ""source"": ""s2""}, {""id"": ""2513605"", ""name"": ""Huiyuan Fu"", ""source"": ""s2""}, {""id"": ""2186746235"", ""name"": ""Wenkai Zheng"", ""source"": ""s2""}, {""id"": ""2271362374"", ""name"": ""Xicong Wang"", ""source"": ""s2""}, {""id"": ""2322102717"", ""name"": ""Xin Wang"", ""source"": ""s2""}, {""id"": ""2271866730"", ""name"": ""Heng Zhang"", ""source"": ""s2""}, {""id"": ""2248034542"", ""name"": ""Huadong Ma"", ""source"": ""s2""}]"
a7be2f792b09500979702711bdb231d457e3e4dd,10.1007/s00530-025-01994-0,Ihenet: an illumination invariant hierarchical feature enhancement network for low-light object detection,2025,Multimedia Systems,Nuoya Li; Weiguo Pan; Bingxin Xu; Hongzhe Liu; Songyin Dai; Cheng Xu,"[{""id"": ""2283087675"", ""name"": ""Nuoya Li"", ""source"": ""s2""}, {""id"": ""2307436131"", ""name"": ""Weiguo Pan"", ""source"": ""s2""}, {""id"": ""2283059953"", ""name"": ""Bingxin Xu"", ""source"": ""s2""}, {""id"": ""2283089934"", ""name"": ""Hongzhe Liu"", ""source"": ""s2""}, {""id"": ""2150490850"", ""name"": ""Songyin Dai"", ""source"": ""s2""}, {""id"": ""2348494903"", ""name"": ""Cheng Xu"", ""source"": ""s2""}]"
7218ea6ba075a9735298d537fbe42980b9233d7a,10.1117/12.3077108,Dual-conversion framework for effective low-light image enhancement,2025,International Conference on Advanced Image Processing Technology,X. Cai; Weinan Chen; Tierui Zhang; Jiayuan Cao,"[{""id"": ""2303230460"", ""name"": ""X. Cai"", ""source"": ""s2""}, {""id"": ""2109085614"", ""name"": ""Weinan Chen"", ""source"": ""s2""}, {""id"": ""2357699962"", ""name"": ""Tierui Zhang"", ""source"": ""s2""}, {""id"": ""2240027790"", ""name"": ""Jiayuan Cao"", ""source"": ""s2""}]"
89a44c4e9b94a93f1fe8ca37257cb187057339fc,10.1117/12.3077019,Efficient traffic sign recognition via state space models and illumination-guide attention,2025,International Conference on Advanced Image Processing Technology,Houbo Zhang; Yitang Zuo,"[{""id"": ""2384712435"", ""name"": ""Houbo Zhang"", ""source"": ""s2""}, {""id"": ""2393100989"", ""name"": ""Yitang Zuo"", ""source"": ""s2""}]"
61501862e1b8251c92900767992394fdfecdb1ed,10.1016/j.dsp.2025.105342,Real-time efficient image enhancement in low-light condition with novel supervised deep learning pipeline,2025,Digit. Signal Process.,Yongcan Zhao; Wei Li; Runxin Yang; Yinghao Liu,"[{""id"": ""2297704345"", ""name"": ""Yongcan Zhao"", ""source"": ""s2""}, {""id"": ""2285128159"", ""name"": ""Wei Li"", ""source"": ""s2""}, {""id"": ""2363945261"", ""name"": ""Runxin Yang"", ""source"": ""s2""}, {""id"": ""2343996305"", ""name"": ""Yinghao Liu"", ""source"": ""s2""}]"
cc9cb2e89fd56f62d8b61b0478a4dca1fabc5d6b,10.1109/TCSVT.2025.3562423,Low-Light Image Enhancement Through Learning a Simplified Inverse Rendering Model,2025,IEEE transactions on circuits and systems for video technology (Print),Wenhui Wu; J. Pang; Shuaibo Gao; Pingping Zhang; Zhe Chen; Guoping Qiu,"[{""id"": ""2139644112"", ""name"": ""Wenhui Wu"", ""source"": ""s2""}, {""id"": ""2277670084"", ""name"": ""J. Pang"", ""source"": ""s2""}, {""id"": ""2220864349"", ""name"": ""Shuaibo Gao"", ""source"": ""s2""}, {""id"": ""2154286605"", ""name"": ""Pingping Zhang"", ""source"": ""s2""}, {""id"": ""2144321516"", ""name"": ""Zhe Chen"", ""source"": ""s2""}, {""id"": ""2261750080"", ""name"": ""Guoping Qiu"", ""source"": ""s2""}]"
817b52af80189a230eb90a15e3947fff8fdde4de,10.1007/s44443-025-00270-5,LUXFormer: Low-light image enhancement via joint spatial-frequency illumination modeling,2025,Journal of King Saud University: Computer and Information Sciences,Yiqiang Zhou; Xindan Gao; Jifeng Guo; Guang Li; Lu Wang; Jing Liu,"[{""id"": ""2237957901"", ""name"": ""Yiqiang Zhou"", ""source"": ""s2""}, {""id"": ""2323942678"", ""name"": ""Xindan Gao"", ""source"": ""s2""}, {""id"": ""2349552436"", ""name"": ""Jifeng Guo"", ""source"": ""s2""}, {""id"": ""2342632798"", ""name"": ""Guang Li"", ""source"": ""s2""}, {""id"": ""2265156736"", ""name"": ""Lu Wang"", ""source"": ""s2""}, {""id"": ""2386640187"", ""name"": ""Jing Liu"", ""source"": ""s2""}]"
47a310a67141f583d7252f438c306deef0a7650b,10.1109/CAC67268.2025.11486690,AIE-Net: Adaptive Illumination Estimation for Low-Light Image Enhancement in HVI Color Space,2025,ACM Cloud and Autonomic Computing Conference,Wenhao Yu; Jiangwei Weng; Jun Li,"[{""id"": ""2261366011"", ""name"": ""Wenhao Yu"", ""source"": ""s2""}, {""id"": ""2301455592"", ""name"": ""Jiangwei Weng"", ""source"": ""s2""}, {""id"": ""2330228278"", ""name"": ""Jun Li"", ""source"": ""s2""}]"
ec3777195a59213109b6614866ce753ee5deb986,10.1109/CAC67268.2025.11487061,Towards Real-World Unsupervised Enhancement of Low-Light Light Field Images,2025,ACM Cloud and Autonomic Computing Conference,Shifa Chen; Xingzheng Wang; Guoqiang Gong,"[{""id"": ""2433095905"", ""name"": ""Shifa Chen"", ""source"": ""s2""}, {""id"": ""2289802165"", ""name"": ""Xingzheng Wang"", ""source"": ""s2""}, {""id"": ""2350347193"", ""name"": ""Guoqiang Gong"", ""source"": ""s2""}]"
a0b5d840c7d9e7236d7e298887b8694d6bb0c2da,10.1109/icip55913.2025.11084303,Long-Short Exposure Fusion With Event Data For Low-Light Video Enhancement,2025,International Conference on Information Photonics,Daizong Tian; A. Choudhury; Walt Husak,"[{""id"": ""1452345027"", ""name"": ""Daizong Tian"", ""source"": ""s2""}, {""id"": ""2526476"", ""name"": ""A. Choudhury"", ""source"": ""s2""}, {""id"": ""47236701"", ""name"": ""Walt Husak"", ""source"": ""s2""}]"
e31f466cc29b189d73b31fd75703f577912d0ac9,10.1109/icip55913.2025.11084565,A Retinex-Based Variational Model with A Nonlocal Gradient-Type Constraint for Low-Light Image Enhancement,2025,International Conference on Information Photonics,Daniel Torres; Catalina Sbert; Joan Duran,"[{""id"": ""2289882421"", ""name"": ""Daniel Torres"", ""source"": ""s2""}, {""id"": ""2289884726"", ""name"": ""Catalina Sbert"", ""source"": ""s2""}, {""id"": ""2289881176"", ""name"": ""Joan Duran"", ""source"": ""s2""}]"
f6a7b7fc4c728f7d4bf77dd1f9e4741b4e75d83b,10.1109/icip55913.2025.11084752,Detection of Screen Usage During Eating Events Among Preschool-Aged Children,2025,International Conference on Information Photonics,Tonmoy Ghosh; Md Billal Hossain; Steven J. Holiday; Matthew R. Cribbet; Susan White; Yu Gan; Edward Sazonov,"[{""id"": ""148197904"", ""name"": ""Tonmoy Ghosh"", ""source"": ""s2""}, {""id"": ""2302505667"", ""name"": ""Md Billal Hossain"", ""source"": ""s2""}, {""id"": ""2324055594"", ""name"": ""Steven J. Holiday"", ""source"": ""s2""}, {""id"": ""2377171877"", ""name"": ""Matthew R. Cribbet"", ""source"": ""s2""}, {""id"": ""2184506057"", ""name"": ""Susan White"", ""source"": ""s2""}, {""id"": ""2377064420"", ""name"": ""Yu Gan"", ""source"": ""s2""}, {""id"": ""2324055743"", ""name"": ""Edward Sazonov"", ""source"": ""s2""}]"
a0f82fa244978864bfaa1df22be9e33d1840e212,10.1007/s10586-025-05494-8,Illuminating the darkness: experimental review of cutting-edge deep learning techniques for low-light image enhancement,2025,Cluster Computing,Hufsa Khan; Muhammad Tahir Rasheed; Shengli Zhang,"[{""id"": ""2147395983"", ""name"": ""Hufsa Khan"", ""source"": ""s2""}, {""id"": ""2267912972"", ""name"": ""Muhammad Tahir Rasheed"", ""source"": ""s2""}, {""id"": ""2186282191"", ""name"": ""Shengli Zhang"", ""source"": ""s2""}]"
9b5f149b92be81504734d01d833d2a5e1c15543e,10.1007/s11263-025-02542-z,DI-Retinex: Digital-Imaging Retinex Model for Low-Light Image Enhancement,2025,International Journal of Computer Vision,Shangquan Sun; Wenqi Ren; Jingyang Peng; Fenglong Song; Xiaochun Cao,"[{""id"": ""2125119000"", ""name"": ""Shangquan Sun"", ""source"": ""s2""}, {""id"": ""2276950332"", ""name"": ""Wenqi Ren"", ""source"": ""s2""}, {""id"": ""2295120922"", ""name"": ""Jingyang Peng"", ""source"": ""s2""}, {""id"": ""2274326993"", ""name"": ""Fenglong Song"", ""source"": ""s2""}, {""id"": ""2265310728"", ""name"": ""Xiaochun Cao"", ""source"": ""s2""}]"
558dae93b44d3e5a6f17dfad45d0f4077423a0c2,10.1007/s11760-025-04514-9,Dual-stream noise suppression low-light image enhancement network based on Retinex theory,2025,"Signal, Image and Video Processing",Guang Han; Binming Zeng; Zifan Rui; Yaolong Hu; Xiaofan Yu,"[{""id"": ""2184044895"", ""name"": ""Guang Han"", ""source"": ""s2""}, {""id"": ""2379343244"", ""name"": ""Binming Zeng"", ""source"": ""s2""}, {""id"": ""2379383196"", ""name"": ""Zifan Rui"", ""source"": ""s2""}, {""id"": ""2380141326"", ""name"": ""Yaolong Hu"", ""source"": ""s2""}, {""id"": ""2396842211"", ""name"": ""Xiaofan Yu"", ""source"": ""s2""}]"
cedf25a44f27c15910f41cc203dcff42e198205d,10.1016/j.patcog.2025.112468,Anisotropic pth-order TV-based Retinex decomposition with adaptive reflectance regularizer for low-light image enhancement,2025,Pattern Recognition,Po-Wen Hsieh; Suh-Yuh Yang,"[{""id"": ""1974017"", ""name"": ""Po-Wen Hsieh"", ""source"": ""s2""}, {""id"": ""2547124"", ""name"": ""Suh-Yuh Yang"", ""source"": ""s2""}]"
0c06aea02a15be8a5d7b24de74a5f322141b0b4a,10.48550/arXiv.2509.01373,"Unsupervised Ultra-High-Resolution UAV Low-Light Image Enhancement: A Benchmark, Metric and Framework",2025,arXiv.org,Wei Lu; Lingyu Zhu; Sihao Chen,"[{""id"": ""2322593644"", ""name"": ""Wei Lu"", ""source"": ""s2""}, {""id"": ""2281724124"", ""name"": ""Lingyu Zhu"", ""source"": ""s2""}, {""id"": ""2301351160"", ""name"": ""Sihao Chen"", ""source"": ""s2""}]"
aa254d0f56473da507e04eda99abe6074add3387,10.1109/AI-SI66213.2025.11341233,Deep Neural Networks for Block-Level Video Enhancement: Transforming LR AVS to HR HEVC Video,2025,2025 International Conference on Artificial Intelligence for Sustainable Innovation (AI-SI),Mehmood Nawaz; M. Hamza; Muhammad Daud; Khadija Bibi; Muhammad A. A. Abdelgawad; Muhammad Shafique,"[{""id"": ""2322903403"", ""name"": ""Mehmood Nawaz"", ""source"": ""s2""}, {""id"": ""2260414880"", ""name"": ""M. Hamza"", ""source"": ""s2""}, {""id"": ""2341119606"", ""name"": ""Muhammad Daud"", ""source"": ""s2""}, {""id"": ""2265881614"", ""name"": ""Khadija Bibi"", ""source"": ""s2""}, {""id"": ""2287165902"", ""name"": ""Muhammad A. A. Abdelgawad"", ""source"": ""s2""}, {""id"": ""2227916275"", ""name"": ""Muhammad Shafique"", ""source"": ""s2""}]"
ed44fc476f5bed5b6c7e5b95ce8711283a47f1cb,10.1007/s00530-025-01935-x,An adaptive weight fusion low-light image enhancement based on HSV space,2025,Multimedia Systems,Kai Jiang; Baoju Zhang; Bo Zhang; Cuiping Zhang; Bohua Chu; Yameng Zhang; Mengqi Xue,"[{""id"": ""2332505245"", ""name"": ""Kai Jiang"", ""source"": ""s2""}, {""id"": ""2220183772"", ""name"": ""Baoju Zhang"", ""source"": ""s2""}, {""id"": ""2208122861"", ""name"": ""Bo Zhang"", ""source"": ""s2""}, {""id"": ""40531119"", ""name"": ""Cuiping Zhang"", ""source"": ""s2""}, {""id"": ""2368859316"", ""name"": ""Bohua Chu"", ""source"": ""s2""}, {""id"": ""2322610245"", ""name"": ""Yameng Zhang"", ""source"": ""s2""}, {""id"": ""2322554149"", ""name"": ""Mengqi Xue"", ""source"": ""s2""}]"
eb24d02a7a00ae6bcd0f55b05f6f399991e5c2fb,10.1007/s11554-025-01744-5,Zero-shot learning with depthwise separable convolution for low-light image enhancement using hybrid perceptual loss,2025,Journal of Real-Time Image Processing,Supriya Singh; Deepa Raj,"[{""id"": ""2319615098"", ""name"": ""Supriya Singh"", ""source"": ""s2""}, {""id"": ""2319471352"", ""name"": ""Deepa Raj"", ""source"": ""s2""}]"
a8fd06e37ce5081cefa0cf8d0c268c9e5b3a55ec,10.1145/3746027.3755351,DIME-Net: A Dual-Illumination Adaptive Enhancement Network Based on Retinex and Mixture-of-Experts,2025,ACM Multimedia,Ziang Wang; Xiaoqin Wang; Dingyi Wang; Qiang Li; Shushan Qiao,"[{""id"": ""2378243224"", ""name"": ""Ziang Wang"", ""source"": ""s2""}, {""id"": ""2289215538"", ""name"": ""Xiaoqin Wang"", ""source"": ""s2""}, {""id"": ""2145384996"", ""name"": ""Dingyi Wang"", ""source"": ""s2""}, {""id"": ""2338298932"", ""name"": ""Qiang Li"", ""source"": ""s2""}, {""id"": ""2139902800"", ""name"": ""Shushan Qiao"", ""source"": ""s2""}]"
4b8101c5284205dbc7be2afa5b8b18acebe111b3,10.1109/CVAA66438.2025.11193302,NP-YOLO: A Nighttime Pedestrian Detection Model for Video Surveillance,2025,"2025 5th International Conference on Computer Vision, Application and Algorithm (CVAA)",Zhipeng Huang; Weiming Liu,"[{""id"": ""2189696885"", ""name"": ""Zhipeng Huang"", ""source"": ""s2""}, {""id"": ""1454014370"", ""name"": ""Weiming Liu"", ""source"": ""s2""}]"
f7e92ba8101a4572f1f975b23eab723d23425c14,10.1016/j.engappai.2025.110867,Unsupervised detail and color restorer for Retinex-based low-light image enhancement,2025,Engineering applications of artificial intelligence,Yue Sun; Yutao Jin; Xiaoyan Chen; Yanbin Xu; Xiaoning Yan; Zefu Liu,"[{""id"": ""2308737330"", ""name"": ""Yue Sun"", ""source"": ""s2""}, {""id"": ""2308842803"", ""name"": ""Yutao Jin"", ""source"": ""s2""}, {""id"": ""2315445463"", ""name"": ""Xiaoyan Chen"", ""source"": ""s2""}, {""id"": ""2415871032"", ""name"": ""Yanbin Xu"", ""source"": ""s2""}, {""id"": ""2152614428"", ""name"": ""Xiaoning Yan"", ""source"": ""s2""}, {""id"": ""2224090559"", ""name"": ""Zefu Liu"", ""source"": ""s2""}]"
c269c28fe8dbf44c4784aff190a816ca1ba734dc,10.1016/j.neucom.2025.131174,TransDiff: Transformer-based diffusion model for low-light image enhancement,2025,Neurocomputing,Yonghua Zhang; Yujie Ding; Hongxuan Xie; Shuo Zhang; Hui Xu; Lvchen Cao; Ziqing Huang,"[{""id"": ""2210479199"", ""name"": ""Yonghua Zhang"", ""source"": ""s2""}, {""id"": ""2266136792"", ""name"": ""Yujie Ding"", ""source"": ""s2""}, {""id"": ""2387818911"", ""name"": ""Hongxuan Xie"", ""source"": ""s2""}, {""id"": ""2350998079"", ""name"": ""Shuo Zhang"", ""source"": ""s2""}, {""id"": ""2149189783"", ""name"": ""Hui Xu"", ""source"": ""s2""}, {""id"": ""2266359800"", ""name"": ""Lvchen Cao"", ""source"": ""s2""}, {""id"": ""2249123239"", ""name"": ""Ziqing Huang"", ""source"": ""s2""}]"
601020f3783235d43f1e2963f1a3bf72839be6bb,10.3390/s25165192,RICNET: Retinex-Inspired Illumination Curve Estimation for Low-Light Enhancement in Industrial Welding Scenes,2025,Italian National Conference on Sensors,Chenbo Shi; Xiangyu Zhang; Delin Wang; Changsheng Zhu; Aiping Liu; Chun Zhang; Xiaobing Feng,"[{""id"": ""2180146240"", ""name"": ""Chenbo Shi"", ""source"": ""s2""}, {""id"": ""2325689187"", ""name"": ""Xiangyu Zhang"", ""source"": ""s2""}, {""id"": ""2325613419"", ""name"": ""Delin Wang"", ""source"": ""s2""}, {""id"": ""2256797855"", ""name"": ""Changsheng Zhu"", ""source"": ""s2""}, {""id"": ""2374310747"", ""name"": ""Aiping Liu"", ""source"": ""s2""}, {""id"": ""2180426467"", ""name"": ""Chun Zhang"", ""source"": ""s2""}, {""id"": ""2348779279"", ""name"": ""Xiaobing Feng"", ""source"": ""s2""}]"
27f8c7910497f7cd6430ad6b32e72a351ebe5855,10.1016/j.cag.2025.104380,Multi-scale cascaded network with high-low frequency for low-light image enhancement,2025,Computers & graphics,Jianxing Wu; T. Ran; Wendong Xiao; Liang Yuan; Qing Tao,"[{""id"": ""2376831338"", ""name"": ""Jianxing Wu"", ""source"": ""s2""}, {""id"": ""2088932195"", ""name"": ""T. Ran"", ""source"": ""s2""}, {""id"": ""2093593356"", ""name"": ""Wendong Xiao"", ""source"": ""s2""}, {""id"": ""2089025639"", ""name"": ""Liang Yuan"", ""source"": ""s2""}, {""id"": ""2283776841"", ""name"": ""Qing Tao"", ""source"": ""s2""}]"
c144cf437977584f9988c9cd12d85ed7e539aa01,10.1007/s10489-025-06771-0,Memristive Bi-Path Wavelet Transformer for low-light image enhancement,2025,Applied intelligence (Boston),Dirui Xie; Qi Cheng; Yue Zhou; Xiaofang Hu,"[{""id"": ""2211254189"", ""name"": ""Dirui Xie"", ""source"": ""s2""}, {""id"": ""2314354404"", ""name"": ""Qi Cheng"", ""source"": ""s2""}, {""id"": ""2116451313"", ""name"": ""Yue Zhou"", ""source"": ""s2""}, {""id"": ""2289192561"", ""name"": ""Xiaofang Hu"", ""source"": ""s2""}]"
0cec670edc2b33461e7b3a14c4d100f3ab5c9550,10.1038/s41598-025-10779-4,Application of CycleGAN-based low-light image enhancement algorithm in foreign object detection on belt conveyors in underground mines,2025,Scientific Reports,Anxin Zhao; Qiuhong Zheng; Liang Li,"[{""id"": ""2224937951"", ""name"": ""Anxin Zhao"", ""source"": ""s2""}, {""id"": ""2374374920"", ""name"": ""Qiuhong Zheng"", ""source"": ""s2""}, {""id"": ""2311346846"", ""name"": ""Liang Li"", ""source"": ""s2""}]"
28a5a72dfd4651191c64f0d1534cd4176566919a,10.23919/CCC64809.2025.11178759,Wavelet State Space Model for Low-Light Image Enhancement,2025,Cybersecurity and Cyberforensics Conference,Zeyang Yu; Yi Fang; Qiang Ling,"[{""id"": ""2385115118"", ""name"": ""Zeyang Yu"", ""source"": ""s2""}, {""id"": ""2112786983"", ""name"": ""Yi Fang"", ""source"": ""s2""}, {""id"": ""2242936090"", ""name"": ""Qiang Ling"", ""source"": ""s2""}]"
3d9f4ccbbd4d71555bcc14eb01aea6b701c08af0,10.3390/jimaging11080253,DFCNet: Dual-Stage Frequency-Domain Calibration Network for Low-Light Image Enhancement,2025,Journal of Imaging,Hui Zhou; Jun Li; Yaming Mao; Lu Liu; Yiyang Lu,"[{""id"": ""2342033285"", ""name"": ""Hui Zhou"", ""source"": ""s2""}, {""id"": ""2334862594"", ""name"": ""Jun Li"", ""source"": ""s2""}, {""id"": ""2375176508"", ""name"": ""Yaming Mao"", ""source"": ""s2""}, {""id"": ""2368920049"", ""name"": ""Lu Liu"", ""source"": ""s2""}, {""id"": ""2330417040"", ""name"": ""Yiyang Lu"", ""source"": ""s2""}]"
fdf086c90c16c029d32bff488a19903a01082ac8,10.1177/00202940251356201,Efficient detection model of UAVs under low-light conditions based on LL-YOLO and EnlightenGAN,2025,Measurement and control (London. 1968),Jun Ma; Zejie Sun; Yuling Wu; Dongyang Jin,"[{""id"": ""2306498022"", ""name"": ""Jun Ma"", ""source"": ""s2""}, {""id"": ""2365273825"", ""name"": ""Zejie Sun"", ""source"": ""s2""}, {""id"": ""2365190357"", ""name"": ""Yuling Wu"", ""source"": ""s2""}, {""id"": ""2282024278"", ""name"": ""Dongyang Jin"", ""source"": ""s2""}]"
d07670a1374dc5e02ee2041686dda03e9f7a99f9,10.1109/ICRMS65480.2025.00046,Nighttime Driving Fatigue Detection Based on Improved Zero-DCE,2025,"International Conference on Reliability, Maintainability and Safety",Yang Yang; Yucheng Yang; Shihao Zhu; Zekai Shang; Xing Pan,"[{""id"": ""2322063612"", ""name"": ""Yang Yang"", ""source"": ""s2""}, {""id"": ""2325105783"", ""name"": ""Yucheng Yang"", ""source"": ""s2""}, {""id"": ""2368398075"", ""name"": ""Shihao Zhu"", ""source"": ""s2""}, {""id"": ""2395010026"", ""name"": ""Zekai Shang"", ""source"": ""s2""}, {""id"": ""2328542488"", ""name"": ""Xing Pan"", ""source"": ""s2""}]"
45e4fe27939543b7722c91d6af61017ff3bd63f0,10.1109/ACCTHPA65749.2025.11168575,Lightweight Low-Light Image Enhancement Techniques for Edge Devices,2025,2025 Advanced Computing and Communication Technologies for High Performance Applications (ACCTHPA),Ebin J Alapatt; Pankaj Kumar G; N. Eswar; Aman K Shihab; S. Bhatt; Sreevishnu Damodaran; A. A. Aswathy,"[{""id"": ""2381851649"", ""name"": ""Ebin J Alapatt"", ""source"": ""s2""}, {""id"": ""2381853519"", ""name"": ""Pankaj Kumar G"", ""source"": ""s2""}, {""id"": ""2003306999"", ""name"": ""N. Eswar"", ""source"": ""s2""}, {""id"": ""2381854940"", ""name"": ""Aman K Shihab"", ""source"": ""s2""}, {""id"": ""2381852092"", ""name"": ""S. Bhatt"", ""source"": ""s2""}, {""id"": ""2381851710"", ""name"": ""Sreevishnu Damodaran"", ""source"": ""s2""}, {""id"": ""2381851848"", ""name"": ""A. A. Aswathy"", ""source"": ""s2""}]"
811487d5781dac66f1571d051be542d8dd4c5408,10.1117/12.3071331,Partially decoupled low-light image enhancement for brightening and denoising,2025,"Conference on Image, Signal Processing, and Pattern Recognition",Kun Wang; Xiangchu Feng,"[{""id"": ""2280592774"", ""name"": ""Kun Wang"", ""source"": ""s2""}, {""id"": ""2280730241"", ""name"": ""Xiangchu Feng"", ""source"": ""s2""}]"
dc7bab33d29f27880d4bcb7cd9e38ce026e30ccc,10.1109/ICCV51701.2025.00584,Robust Low-Light Scene Restoration via Illumination Transition,2025,IEEE International Conference on Computer Vision,Ze Li; Feng Zhang; Xiatian Zhu; Meng-Xia Zhang; Yanghong Zhou; P. Mok,"[{""id"": ""2292318468"", ""name"": ""Ze Li"", ""source"": ""s2""}, {""id"": ""2373871211"", ""name"": ""Feng Zhang"", ""source"": ""s2""}, {""id"": ""2310779366"", ""name"": ""Xiatian Zhu"", ""source"": ""s2""}, {""id"": ""2190704140"", ""name"": ""Meng-Xia Zhang"", ""source"": ""s2""}, {""id"": ""3087985"", ""name"": ""Yanghong Zhou"", ""source"": ""s2""}, {""id"": ""2055816103"", ""name"": ""P. Mok"", ""source"": ""s2""}]"
846be46582c005e21fbaa50196d14ea6aca86ba0,10.1007/s00034-025-03219-1,EffRetMamba: A Light-Weight Mamba for Low-Light Image Enhancement,2025,"Circuits, systems, and signal processing",Xingpeng Zhang; Sijing Wu; Qiuli Wang; Kaixin Wang,"[{""id"": ""2268794543"", ""name"": ""Xingpeng Zhang"", ""source"": ""s2""}, {""id"": ""2294680318"", ""name"": ""Sijing Wu"", ""source"": ""s2""}, {""id"": ""2294672782"", ""name"": ""Qiuli Wang"", ""source"": ""s2""}, {""id"": ""2331945233"", ""name"": ""Kaixin Wang"", ""source"": ""s2""}]"
08b7d6692d128572ab98f98103e19e1616a3a635,10.1016/j.aej.2025.04.047,Low-light object detection via adaptive enhancement and dynamic feature fusion,2025,Alexandria Engineering Journal,Siyong Fu; Qinghua Zhao; Hesheng Liu; Qiuxiang Tao; Danjuan Liu,"[{""id"": ""2271228851"", ""name"": ""Siyong Fu"", ""source"": ""s2""}, {""id"": ""2265488947"", ""name"": ""Qinghua Zhao"", ""source"": ""s2""}, {""id"": ""2265434180"", ""name"": ""Hesheng Liu"", ""source"": ""s2""}, {""id"": ""2265480449"", ""name"": ""Qiuxiang Tao"", ""source"": ""s2""}, {""id"": ""2358028416"", ""name"": ""Danjuan Liu"", ""source"": ""s2""}]"
cc65c6566708e267ea1d25fa34e891f71f2f8bfc,10.1109/TITS.2025.3553106,Daytime-Mixed Non-Aligned Learning for Real Nighttime Image Enhancement,2025,IEEE transactions on intelligent transportation systems (Print),Jiangwei Weng; Junkai Fan; Jianjun Qian; H. Zou; Ying-ji Tai; Jian Yang; Jun Li,"[{""id"": ""2301455592"", ""name"": ""Jiangwei Weng"", ""source"": ""s2""}, {""id"": ""2266124407"", ""name"": ""Junkai Fan"", ""source"": ""s2""}, {""id"": ""2261987864"", ""name"": ""Jianjun Qian"", ""source"": ""s2""}, {""id"": ""103054625"", ""name"": ""H. Zou"", ""source"": ""s2""}, {""id"": ""13459129"", ""name"": ""Ying-ji Tai"", ""source"": ""s2""}, {""id"": ""2146236970"", ""name"": ""Jian Yang"", ""source"": ""s2""}, {""id"": ""2298349023"", ""name"": ""Jun Li"", ""source"": ""s2""}]"
37fd320261a506883970ad9abcf280cf210862a8,10.1109/ICME59968.2025.11209427,Exploiting Long and Short Temporal Dependence for Low-Light Video Enhancement,2025,IEEE International Conference on Multimedia and Expo,Hao Luo; Lingyu Zhu; Yudong Mao; Yixuan Li; Zhiwei Zhong; Shanshe Wang; Shiqi Wang,"[{""id"": ""2320190989"", ""name"": ""Hao Luo"", ""source"": ""s2""}, {""id"": ""2281724124"", ""name"": ""Lingyu Zhu"", ""source"": ""s2""}, {""id"": ""2152119664"", ""name"": ""Yudong Mao"", ""source"": ""s2""}, {""id"": ""2279762308"", ""name"": ""Yixuan Li"", ""source"": ""s2""}, {""id"": ""2372089874"", ""name"": ""Zhiwei Zhong"", ""source"": ""s2""}, {""id"": ""1755176"", ""name"": ""Shanshe Wang"", ""source"": ""s2""}, {""id"": ""2372435169"", ""name"": ""Shiqi Wang"", ""source"": ""s2""}]"
84ff0cc36b158f7c9de7c6b88b393000ea53c6bc,10.1109/IJCNN64981.2025.11227405,IllumiCurveNet: Low-Light Image Enhancement of Lunar Permanently Shadowed Regions Using a Self-Guided Loss Framework,2025,IEEE International Joint Conference on Neural Network,Saksham Jain; Sparsh Jain; A. Prajapati; Garvita Singh; Dinesh Kumar Vishwakarma,"[{""id"": ""2383104557"", ""name"": ""Saksham Jain"", ""source"": ""s2""}, {""id"": ""2290976695"", ""name"": ""Sparsh Jain"", ""source"": ""s2""}, {""id"": ""93662805"", ""name"": ""A. Prajapati"", ""source"": ""s2""}, {""id"": ""2190313064"", ""name"": ""Garvita Singh"", ""source"": ""s2""}, {""id"": ""2325832992"", ""name"": ""Dinesh Kumar Vishwakarma"", ""source"": ""s2""}]"
2e7d834f3a49f979167bd5737a66a18b967edff3,10.1109/IJCNN64981.2025.11229284,LOPD: A Low-illumination Scene Occluded Pedestrian Detection Model Based on Domain Adaptation,2025,IEEE International Joint Conference on Neural Network,Liuyu Zhu; Zhiguan Wang; Yongsheng Hou; Zhiqiang Liu; Shen Li; Xiaoxue Li,"[{""id"": ""2316515199"", ""name"": ""Liuyu Zhu"", ""source"": ""s2""}, {""id"": ""2890805"", ""name"": ""Zhiguan Wang"", ""source"": ""s2""}, {""id"": ""114680093"", ""name"": ""Yongsheng Hou"", ""source"": ""s2""}, {""id"": ""2316517942"", ""name"": ""Zhiqiang Liu"", ""source"": ""s2""}, {""id"": ""2392899697"", ""name"": ""Shen Li"", ""source"": ""s2""}, {""id"": ""2316520825"", ""name"": ""Xiaoxue Li"", ""source"": ""s2""}]"
5e43fee8fce5d9b28a30556ad333e561da5efb49,10.1007/s13735-025-00374-8,TPE-YOLO: improved low-light object detection using a two-way pyramid enhancement network,2025,International Journal of Multimedia Information Retrieval,Xiaofei Zhang; Xiaoguang Di; Runwen Zhu,"[{""id"": ""2283178437"", ""name"": ""Xiaofei Zhang"", ""source"": ""s2""}, {""id"": ""2243656776"", ""name"": ""Xiaoguang Di"", ""source"": ""s2""}, {""id"": ""2296442522"", ""name"": ""Runwen Zhu"", ""source"": ""s2""}]"
2c37b088e3a64cb5462ab13fb04a7bc78dea8198,10.1007/s44443-025-00102-6,Low-light image enhancement method based on retinex theory and dual-tree complex wavelet transform,2025,Journal of King Saud University: Computer and Information Sciences,Yuqian Zhang; Jie Jiang; Zhan Wang; Qi Zhang; Yudi Jiang; Jun Liu; Zeyao Hou,"[{""id"": ""2369216530"", ""name"": ""Yuqian Zhang"", ""source"": ""s2""}, {""id"": ""2277419637"", ""name"": ""Jie Jiang"", ""source"": ""s2""}, {""id"": ""2369951128"", ""name"": ""Zhan Wang"", ""source"": ""s2""}, {""id"": ""2369247544"", ""name"": ""Qi Zhang"", ""source"": ""s2""}, {""id"": ""2369292374"", ""name"": ""Yudi Jiang"", ""source"": ""s2""}, {""id"": ""2375403233"", ""name"": ""Jun Liu"", ""source"": ""s2""}, {""id"": ""2350339437"", ""name"": ""Zeyao Hou"", ""source"": ""s2""}]"
f4a31575a055204d0f9ab565d8b74c6b2d80d101,10.1145/3735973,Adaptive Multi-Exposure Image Correction via Joint Lightness and Structure Awareness,2025,ACM Trans. Multim. Comput. Commun. Appl.,Bo Peng; Jia Zhang; Zhe Zhang; Liying Xu; Qingming Huang; Tao Wang; Jianjun Lei,"[{""id"": ""2054590685"", ""name"": ""Bo Peng"", ""source"": ""s2""}, {""id"": ""2271223169"", ""name"": ""Jia Zhang"", ""source"": ""s2""}, {""id"": ""2177091563"", ""name"": ""Zhe Zhang"", ""source"": ""s2""}, {""id"": ""2130011929"", ""name"": ""Liying Xu"", ""source"": ""s2""}, {""id"": ""2237597856"", ""name"": ""Qingming Huang"", ""source"": ""s2""}, {""id"": ""2257008916"", ""name"": ""Tao Wang"", ""source"": ""s2""}, {""id"": ""143879230"", ""name"": ""Jianjun Lei"", ""source"": ""s2""}]"
10eb36a4ebf8a310d6493c428e83389089af7822,10.3390/electronics14122419,Component Generation Network-Based Image Enhancement Method for External Inspection of Electrical Equipment,2025,Electronics,Xiong Liu; Juan Zhang; Qiushi Cui; Yingyue Zhou; Qian Wang; Zining Zhao; Yong Li,"[{""id"": ""2110678576"", ""name"": ""Xiong Liu"", ""source"": ""s2""}, {""id"": ""2108137577"", ""name"": ""Juan Zhang"", ""source"": ""s2""}, {""id"": ""2333271928"", ""name"": ""Qiushi Cui"", ""source"": ""s2""}, {""id"": ""2341934491"", ""name"": ""Yingyue Zhou"", ""source"": ""s2""}, {""id"": ""2274346132"", ""name"": ""Qian Wang"", ""source"": ""s2""}, {""id"": ""2367065092"", ""name"": ""Zining Zhao"", ""source"": ""s2""}, {""id"": ""2275631168"", ""name"": ""Yong Li"", ""source"": ""s2""}]"
cfc3f2c32b6597830cac744a92b9fe3dfcf494d0,10.1007/s00530-025-01873-8,DBLDNet: dual branch low light object detector based on feature localization and multi-scale feature enhancement,2025,Multimedia Systems,Xiaofei Zhang; Xiaoguang Di; Maozhen Liu,"[{""id"": ""2283178437"", ""name"": ""Xiaofei Zhang"", ""source"": ""s2""}, {""id"": ""2243656776"", ""name"": ""Xiaoguang Di"", ""source"": ""s2""}, {""id"": ""2307982973"", ""name"": ""Maozhen Liu"", ""source"": ""s2""}]"
c4df330d510cd5352e5108e80b3e760620f8ec55,10.1109/TNNLS.2025.3566647,Deep Learning for Low-Light Vision: A Comprehensive Survey,2025,IEEE Transactions on Neural Networks and Learning Systems,Qian Zhao; Gang Li; Bin He; Run-Sheng Shen,"[{""id"": ""2283488059"", ""name"": ""Qian Zhao"", ""source"": ""s2""}, {""id"": ""2284864325"", ""name"": ""Gang Li"", ""source"": ""s2""}, {""id"": ""2082464010"", ""name"": ""Bin He"", ""source"": ""s2""}, {""id"": ""2142196618"", ""name"": ""Run-Sheng Shen"", ""source"": ""s2""}]"
0fdb839b8df99a8b26a4de03a32db91175460277,10.1016/j.neucom.2025.130005,Pool-mamba: Pooling state space model for low-light image enhancement,2025,Neurocomputing,Qiao Zhang; Mingwen Shao; Xinyuan Chen,"[{""id"": ""2350761462"", ""name"": ""Qiao Zhang"", ""source"": ""s2""}, {""id"": ""2350666331"", ""name"": ""Mingwen Shao"", ""source"": ""s2""}, {""id"": ""2263978040"", ""name"": ""Xinyuan Chen"", ""source"": ""s2""}]"
9276df8ba23713cfa4665dca0f0c476ade58152b,10.1016/j.knosys.2025.113827,Advancing low-light image enhancement through deep learning: A comprehensive experimental study,2025,Knowledge-Based Systems,Muhammad Tahir Rasheed; Hufsa Khan; Junsong Wang; Yan Kang,"[{""id"": ""2267912972"", ""name"": ""Muhammad Tahir Rasheed"", ""source"": ""s2""}, {""id"": ""2147395983"", ""name"": ""Hufsa Khan"", ""source"": ""s2""}, {""id"": ""2346036934"", ""name"": ""Junsong Wang"", ""source"": ""s2""}, {""id"": ""2346258624"", ""name"": ""Yan Kang"", ""source"": ""s2""}]"
c8471ba9b5fd9d1532f52c878806d7177420e5c9,10.1016/j.neunet.2025.107764,"LEESDFormer: A lightweight unsupervised CNN-Transformer-based curve estimation network for low-light image enhancement, exposure suppression, and denoising",2025,Neural Networks,Rui He; Xuanhe Li; Jian Wu,"[{""id"": ""2260455216"", ""name"": ""Rui He"", ""source"": ""s2""}, {""id"": ""2266001395"", ""name"": ""Xuanhe Li"", ""source"": ""s2""}, {""id"": ""2260728198"", ""name"": ""Jian Wu"", ""source"": ""s2""}]"
b680c96323a8bb37003c61d6310343a39af6f0cf,10.1016/j.neunet.2025.107700,Degradation-Guided cross-consistent deep unfolding network for video restoration under diverse weathers,2025,Neural Networks,Yuanshuo Cheng; Mingwen Shao; Yecong Wan; Yuanjian Qiao; Wangmeng Zuo; Deyu Meng,"[{""id"": ""2153514280"", ""name"": ""Yuanshuo Cheng"", ""source"": ""s2""}, {""id"": ""2237783247"", ""name"": ""Mingwen Shao"", ""source"": ""s2""}, {""id"": ""2147200675"", ""name"": ""Yecong Wan"", ""source"": ""s2""}, {""id"": ""1828827901"", ""name"": ""Yuanjian Qiao"", ""source"": ""s2""}, {""id"": ""2279210262"", ""name"": ""Wangmeng Zuo"", ""source"": ""s2""}, {""id"": ""2324996221"", ""name"": ""Deyu Meng"", ""source"": ""s2""}]"
904e1cb8651090fc9e4395522cf02ffc080e838e,10.1016/j.displa.2025.103136,Adaptive frequency selection network for low-light image enhancement,2025,Displays (Guildford),Shubo Zhou; Jingjing Jiang; Zhijun Fang; Xiaoming Ding; Rongfang Huang; Xue-qin Jiang,"[{""id"": ""2346284010"", ""name"": ""Shubo Zhou"", ""source"": ""s2""}, {""id"": ""2369221495"", ""name"": ""Jingjing Jiang"", ""source"": ""s2""}, {""id"": ""2348313475"", ""name"": ""Zhijun Fang"", ""source"": ""s2""}, {""id"": ""2117434876"", ""name"": ""Xiaoming Ding"", ""source"": ""s2""}, {""id"": ""2453818449"", ""name"": ""Rongfang Huang"", ""source"": ""s2""}, {""id"": ""2313868791"", ""name"": ""Xue-qin Jiang"", ""source"": ""s2""}]"
41e72810e7255f1df67db39bac39d3b4afb75aa9,10.1007/s00371-025-03924-7,DED-net: multi-scale fusion and illumination-guided enhancement for low-light image restoration,2025,The Visual Computer,Haosen Dong; Shihao Cheng; Tianyou Fang; Jin Chen; Zhigang Tu,"[{""id"": ""2176367668"", ""name"": ""Haosen Dong"", ""source"": ""s2""}, {""id"": ""2353201686"", ""name"": ""Shihao Cheng"", ""source"": ""s2""}, {""id"": ""2364470230"", ""name"": ""Tianyou Fang"", ""source"": ""s2""}, {""id"": ""2303900987"", ""name"": ""Jin Chen"", ""source"": ""s2""}, {""id"": ""2352932765"", ""name"": ""Zhigang Tu"", ""source"": ""s2""}]"
0ddeaf3de20334bb5b5442df1b4bedb31b3ee4e0,10.1007/s13369-025-10264-0,MIDNet: Multilevel Integration and Disintegration Network for Low-Light Image Enhancement,2025,The Arabian journal for science and engineering,Sathish Mothe; Srinivas Kankanala,"[{""id"": ""2346449677"", ""name"": ""Sathish Mothe"", ""source"": ""s2""}, {""id"": ""2346439254"", ""name"": ""Srinivas Kankanala"", ""source"": ""s2""}]"
22ceda1805805b23c194c75f745f9aa4c19a99cf,10.1109/INCET64471.2025.11140343,Attention-Driven Multi-Scale GAN with Complementary Learning Sub-Network for Low-Light Image Enhancement,2025,2025 6th International Conference for Emerging Technology (INCET),P. Wijesiri; Guhanathan Poravi,"[{""id"": ""2379243985"", ""name"": ""P. Wijesiri"", ""source"": ""s2""}, {""id"": ""51938252"", ""name"": ""Guhanathan Poravi"", ""source"": ""s2""}]"
e03a0ca129332cb4d36139b30706e8432f0ea008,10.1109/ICRA55743.2025.11127459,Dark-DENet: A Lightweight Enhancement Network for Low-Light Object Detection,2025,IEEE International Conference on Robotics and Automation,Xiaoyu Wu; Yuxiang Shao; Xinyu Jin,"[{""id"": ""2329311875"", ""name"": ""Xiaoyu Wu"", ""source"": ""s2""}, {""id"": ""2330076798"", ""name"": ""Yuxiang Shao"", ""source"": ""s2""}, {""id"": ""2342650177"", ""name"": ""Xinyu Jin"", ""source"": ""s2""}]"
e03f140683277d7511baba7cf40ac3f5d953abc5,10.3390/app15105556,Semantic-Aware Low-Light Image Enhancement by Learning from Multiple Color Spaces,2025,Applied Sciences,Bo Jiang; Xuefei Wang; Naidi Yang; Yuhan Liu; Xi Chen; Qiwen Wu,"[{""id"": ""2177275988"", ""name"": ""Bo Jiang"", ""source"": ""s2""}, {""id"": ""2238884908"", ""name"": ""Xuefei Wang"", ""source"": ""s2""}, {""id"": ""2361885635"", ""name"": ""Naidi Yang"", ""source"": ""s2""}, {""id"": ""2361876338"", ""name"": ""Yuhan Liu"", ""source"": ""s2""}, {""id"": ""2362354067"", ""name"": ""Xi Chen"", ""source"": ""s2""}, {""id"": ""2442315181"", ""name"": ""Qiwen Wu"", ""source"": ""s2""}]"
58fd1c049f6c0333f3448d45dd2f5302611e7710,10.1109/CVPRW67362.2025.00139,NTIRE 2025 Challenge on UGC Video Enhancement: Methods and Results,2025,2025 IEEE/CVF Conference on Computer Vision and Pattern Recognition Workshops (CVPRW),Nikolay Safonov; A. Bryncev; Andrey Moskalenko; D. Kulikov; Dmitry Vatolin; R. Timofte; Haibo Lei; Qifan Gao; Qin Luo; Yaqing Li; Jie Song; Shaozhe Hao; Mei Zheng; Jingyi Xu; Chen Wu; Jiahui Liu; Ying Chen; Xin Deng; Mai Xu; Peipei Liang; Jie Ma; Junjie Jin; Yingxue Pang; Fang Luo; Kai Chen; Shijie Zhao; Mingyang Wu; Renjie Li; Yushen Zuo; Shengyun Zhong; Zhengzhong Tu,"[{""id"": ""2359256183"", ""name"": ""Nikolay Safonov"", ""source"": ""s2""}, {""id"": ""2322443872"", ""name"": ""A. Bryncev"", ""source"": ""s2""}, {""id"": ""2300283845"", ""name"": ""Andrey Moskalenko"", ""source"": ""s2""}, {""id"": ""2408467680"", ""name"": ""D. Kulikov"", ""source"": ""s2""}, {""id"": ""2316638138"", ""name"": ""Dmitry Vatolin"", ""source"": ""s2""}, {""id"": ""1732855"", ""name"": ""R. Timofte"", ""source"": ""s2""}, {""id"": ""2306995181"", ""name"": ""Haibo Lei"", ""source"": ""s2""}, {""id"": ""2357684338"", ""name"": ""Qifan Gao"", ""source"": ""s2""}, {""id"": ""2170777697"", ""name"": ""Qin Luo"", ""source"": ""s2""}, {""id"": ""2316786355"", ""name"": ""Yaqing Li"", ""source"": ""s2""}, {""id"": ""2316774352"", ""name"": ""Jie Song"", ""source"": ""s2""}, {""id"": ""2154574545"", ""name"": ""Shaozhe Hao"", ""source"": ""s2""}, {""id"": ""46934753"", ""name"": ""Mei Zheng"", ""source"": ""s2""}, {""id"": ""2294177215"", ""name"": ""Jingyi Xu"", ""source"": ""s2""}, {""id"": ""2365099202"", ""name"": ""Chen Wu"", ""source"": ""s2""}, {""id"": ""2338215188"", ""name"": ""Jiahui Liu"", ""source"": ""s2""}, {""id"": ""2359764258"", ""name"": ""Ying Chen"", ""source"": ""s2""}, {""id"": ""2277041332"", ""name"": ""Xin Deng"", ""source"": ""s2""}, {""id"": ""2297135177"", ""name"": ""Mai Xu"", ""source"": ""s2""}, {""id"": ""2359257098"", ""name"": ""Peipei Liang"", ""source"": ""s2""}, {""id"": ""2343778637"", ""name"": ""Jie Ma"", ""source"": ""s2""}, {""id"": ""2316923322"", ""name"": ""Junjie Jin"", ""source"": ""s2""}, {""id"": ""2292139663"", ""name"": ""Yingxue Pang"", ""source"": ""s2""}, {""id"": ""2274846794"", ""name"": ""Fang Luo"", ""source"": ""s2""}, {""id"": ""2259864823"", ""name"": ""Kai Chen"", ""source"": ""s2""}, {""id"": ""2316587852"", ""name"": ""Shijie Zhao"", ""source"": ""s2""}, {""id"": ""2304945393"", ""name"": ""Mingyang Wu"", ""source"": ""s2""}, {""id"": ""2351000281"", ""name"": ""Renjie Li"", ""source"": ""s2""}, {""id"": ""2355427138"", ""name"": ""Yushen Zuo"", ""source"": ""s2""}, {""id"": ""2299392793"", ""name"": ""Shengyun Zhong"", ""source"": ""s2""}, {""id"": ""40992714"", ""name"": ""Zhengzhong Tu"", ""source"": ""s2""}]"
d2513ab14208ae58f345a3b586c4baed95203eb2,10.1109/TCSVT.2024.3520802,Efficient Retinex-Based Framework for Low-Light Image Enhancement Without Additional Networks,2025,IEEE transactions on circuits and systems for video technology (Print),Chunxiao Liu; Zelong Wang; Phil Birch; Xun Wang,"[{""id"": ""2337269077"", ""name"": ""Chunxiao Liu"", ""source"": ""s2""}, {""id"": ""2161310427"", ""name"": ""Zelong Wang"", ""source"": ""s2""}, {""id"": ""2268519091"", ""name"": ""Phil Birch"", ""source"": ""s2""}, {""id"": ""2261797107"", ""name"": ""Xun Wang"", ""source"": ""s2""}]"
c10a43013925f1bf60de375b721cd695cdc730a1,10.1016/j.aei.2025.103165,Vehicle spatiotemporal distribution identification in low-light environment based on image enhancement and object detection,2025,Advanced Engineering Informatics,Jie Zhang; Jiaqiang Peng; X. Kong; Shuo Wang; Jiexuan Hu,"[{""id"": ""2266631253"", ""name"": ""Jie Zhang"", ""source"": ""s2""}, {""id"": ""2334335002"", ""name"": ""Jiaqiang Peng"", ""source"": ""s2""}, {""id"": ""2241849332"", ""name"": ""X. Kong"", ""source"": ""s2""}, {""id"": ""2259924207"", ""name"": ""Shuo Wang"", ""source"": ""s2""}, {""id"": ""98909817"", ""name"": ""Jiexuan Hu"", ""source"": ""s2""}]"
0d92aac9bd1336e613368353c457df0a90fd0068,10.1016/j.dsp.2025.105355,FE-YOLO: Fourier enhancement YOLO for end-to-end object detection in low-light conditions,2025,Digit. Signal Process.,Yang Li; Xianguo Li; Michael Lin,"[{""id"": ""2324638380"", ""name"": ""Yang Li"", ""source"": ""s2""}, {""id"": ""2305446858"", ""name"": ""Xianguo Li"", ""source"": ""s2""}, {""id"": ""2266035447"", ""name"": ""Michael Lin"", ""source"": ""s2""}]"
1e55ce34fbf8874936955472b790d17bc405cd9a,10.1016/j.image.2025.117345,ZERRIN-Net: Adaptive low-light image enhancement using Retinex decomposition and noise extraction,2025,Signal processing. Image communication,Wenchao Li; Shuyuan Wen; Jinhao Zhu; Qiaofeng Ou; Yanchun Guo; Jiabao Chen; Bangshu Xiong,"[{""id"": ""2265521694"", ""name"": ""Wenchao Li"", ""source"": ""s2""}, {""id"": ""2265494825"", ""name"": ""Shuyuan Wen"", ""source"": ""s2""}, {""id"": ""2265666097"", ""name"": ""Jinhao Zhu"", ""source"": ""s2""}, {""id"": ""2261011"", ""name"": ""Qiaofeng Ou"", ""source"": ""s2""}, {""id"": ""2345710109"", ""name"": ""Yanchun Guo"", ""source"": ""s2""}, {""id"": ""2265518764"", ""name"": ""Jiabao Chen"", ""source"": ""s2""}, {""id"": ""2265489543"", ""name"": ""Bangshu Xiong"", ""source"": ""s2""}]"
e067035c97e4b79228cdf3b70f4b60bb98a7749e,10.1109/ICECCC65144.2025.11063831,EUI: A Novel Underwater Image Enhancement Network,2025,"2025 International Conference on Electronics, Computing, Communication and Control Technology (ICECCC)",S. A; A. K.,"[{""id"": ""2307915077"", ""name"": ""S. A"", ""source"": ""s2""}, {""id"": ""2219796840"", ""name"": ""A. K."", ""source"": ""s2""}]"
324d102224c21ca51ff73eba20640fee57ed9d1e,10.1109/TCE.2024.3516366,Back Projection Generative Strategy for Low and Normal Light Image Pairs With Enhanced Statistical Fidelity and Diversity,2025,IEEE transactions on consumer electronics,Ieee Cheuk-Yiu Chan Student Member; Ieee Wan-Chi Siu Life Fellow; Ieee Yuk-Hee Chan Member; Ieee H. Anthony Chan Life Fellow; Cheuk-Yiu Chan; Yuk-Hee Chan,"[{""id"": ""2376356742"", ""name"": ""Ieee Cheuk-Yiu Chan Student Member"", ""source"": ""s2""}, {""id"": ""2376356718"", ""name"": ""Ieee Wan-Chi Siu Life Fellow"", ""source"": ""s2""}, {""id"": ""2376356716"", ""name"": ""Ieee Yuk-Hee Chan Member"", ""source"": ""s2""}, {""id"": ""2376356749"", ""name"": ""Ieee H. Anthony Chan Life Fellow"", ""source"": ""s2""}, {""id"": ""2186563089"", ""name"": ""Cheuk-Yiu Chan"", ""source"": ""s2""}, {""id"": ""2271606055"", ""name"": ""Yuk-Hee Chan"", ""source"": ""s2""}]"
7f303d346529e7cf01424d50a72d9eb24e72119f,10.1038/s41598-025-98484-0,Transferring enhanced material knowledge via image quality enhancement and feature distillation for pavement condition identification,2025,Scientific Reports,Zejiu Wu; Yuxing Zou; Boyang Liu; Zhijie Li; Dong-Hong Ji; Hongbin Zhang,"[{""id"": ""2356808228"", ""name"": ""Zejiu Wu"", ""source"": ""s2""}, {""id"": ""2357790825"", ""name"": ""Yuxing Zou"", ""source"": ""s2""}, {""id"": ""2357042495"", ""name"": ""Boyang Liu"", ""source"": ""s2""}, {""id"": ""2271436377"", ""name"": ""Zhijie Li"", ""source"": ""s2""}, {""id"": ""2278041994"", ""name"": ""Dong-Hong Ji"", ""source"": ""s2""}, {""id"": ""2356797331"", ""name"": ""Hongbin Zhang"", ""source"": ""s2""}]"
84bf4169dc99cefe454a469efb0cd6c78ba7b86d,10.48550/arXiv.2504.12204,Towards Realistic Low-Light Image Enhancement via ISP Driven Data Modeling,2025,arXiv.org,Zhihua Wang; Yu Long; Qinghua Lin; Kai Zhang; Yazhun Zhang; Yuming Fang; Li Liu; Xiaochun Cao,"[{""id"": ""2355239773"", ""name"": ""Zhihua Wang"", ""source"": ""s2""}, {""id"": ""2340430182"", ""name"": ""Yu Long"", ""source"": ""s2""}, {""id"": ""2357332309"", ""name"": ""Qinghua Lin"", ""source"": ""s2""}, {""id"": ""2338711216"", ""name"": ""Kai Zhang"", ""source"": ""s2""}, {""id"": ""2400661783"", ""name"": ""Yazhun Zhang"", ""source"": ""s2""}, {""id"": ""2355404388"", ""name"": ""Yuming Fang"", ""source"": ""s2""}, {""id"": ""2355058489"", ""name"": ""Li Liu"", ""source"": ""s2""}, {""id"": ""2312733924"", ""name"": ""Xiaochun Cao"", ""source"": ""s2""}]"
008cd18d91bc34d4a3264451daf170defc3e0f61,10.1007/s00371-025-03875-z,Enhancing image brightness without paired data: a fast no-reference deep learning method,2025,The Visual Computer,Alireza Khajehvandi; Mehdi Ezoji,"[{""id"": ""2355196474"", ""name"": ""Alireza Khajehvandi"", ""source"": ""s2""}, {""id"": ""2355197422"", ""name"": ""Mehdi Ezoji"", ""source"": ""s2""}]"
3023feb777b2ce806aca113273af4ae3e20d88aa,10.1007/s11263-025-02551-y,Nonlocal Retinex-Based Variational Model and its Deep Unfolding Twin for Low-Light Image Enhancement,2025,International Journal of Computer Vision,Daniel Torres; Joan Duran; Julia Navarro; Catalina Sbert,"[{""id"": ""2289882421"", ""name"": ""Daniel Torres"", ""source"": ""s2""}, {""id"": ""2289881176"", ""name"": ""Joan Duran"", ""source"": ""s2""}, {""id"": ""2289926527"", ""name"": ""Julia Navarro"", ""source"": ""s2""}, {""id"": ""2289884726"", ""name"": ""Catalina Sbert"", ""source"": ""s2""}]"
35896d1cd85e78e9f76f94657423cd51cd54e697,10.1038/s41598-025-95329-8,SwinLightGAN a study of low-light image enhancement algorithms using depth residuals and transformer techniques,2025,Scientific Reports,Min He; Rugang Wang; Mingyang Zhang; Feiyang Lv; Yuanyuan Wang; Feng Zhou; Xuesheng Bian,"[{""id"": ""2358828220"", ""name"": ""Min He"", ""source"": ""s2""}, {""id"": ""49908074"", ""name"": ""Rugang Wang"", ""source"": ""s2""}, {""id"": ""2293555715"", ""name"": ""Mingyang Zhang"", ""source"": ""s2""}, {""id"": ""2324120772"", ""name"": ""Feiyang Lv"", ""source"": ""s2""}, {""id"": ""2146025300"", ""name"": ""Yuanyuan Wang"", ""source"": ""s2""}, {""id"": ""97662451"", ""name"": ""Feng Zhou"", ""source"": ""s2""}, {""id"": ""2287083741"", ""name"": ""Xuesheng Bian"", ""source"": ""s2""}]"
76457ac4d45f6fef74a74a8704cc6407b65edd38,10.1109/ICASSP49660.2025.10889442,PDCE: Patch-wise Dynamic Curve Estimation for Low-Light Image Enhancement,2025,"IEEE International Conference on Acoustics, Speech, and Signal Processing",Ruiyuan Chen; Zhixin Li; Han Zeng; Yifan Liu; Tao He; Tiecheng Song,"[{""id"": ""2305799735"", ""name"": ""Ruiyuan Chen"", ""source"": ""s2""}, {""id"": ""2349884904"", ""name"": ""Zhixin Li"", ""source"": ""s2""}, {""id"": ""2376094675"", ""name"": ""Han Zeng"", ""source"": ""s2""}, {""id"": ""2273559907"", ""name"": ""Yifan Liu"", ""source"": ""s2""}, {""id"": ""2349943849"", ""name"": ""Tao He"", ""source"": ""s2""}, {""id"": ""2292177904"", ""name"": ""Tiecheng Song"", ""source"": ""s2""}]"
4277f6a529daa2c3732ac70f993a1a2c17dfb255,10.1109/ICASSP49660.2025.10890723,Advancing Dark Action Recognition via Modality Fusion and Dark-to-Light Diffusion Model,2025,"IEEE International Conference on Acoustics, Speech, and Signal Processing",Yuxuan Wang; Zhen Xing; Zuxuan Wu,"[{""id"": ""2287759908"", ""name"": ""Yuxuan Wang"", ""source"": ""s2""}, {""id"": ""2332354247"", ""name"": ""Zhen Xing"", ""source"": ""s2""}, {""id"": ""2341646178"", ""name"": ""Zuxuan Wu"", ""source"": ""s2""}]"
2a748044582a4b54a794d1b1a7e742001c1a9354,10.1007/s11760-025-04004-y,Image denoising by attention U-Net based network module for automated enhancement of low light images,2025,"Signal, Image and Video Processing",C. Vaidya; Amudhavel Jayavel; P. .. Mishra,"[{""id"": ""46798788"", ""name"": ""C. Vaidya"", ""source"": ""s2""}, {""id"": ""1814242750"", ""name"": ""Amudhavel Jayavel"", ""source"": ""s2""}, {""id"": ""2310921239"", ""name"": ""P. .. Mishra"", ""source"": ""s2""}]"
028861bab0ac6e2da5c89b4ae06cf9e74f1b78f3,10.1109/TAI.2024.3499950,LoRaDIP: Low-Rank Adaptation With Deep Image Prior for Generative Low-Light Image Enhancement,2025,IEEE Transactions on Artificial Intelligence,Zunjin Zhao; Daming Shi,"[{""id"": ""1638057237"", ""name"": ""Zunjin Zhao"", ""source"": ""s2""}, {""id"": ""2259006000"", ""name"": ""Daming Shi"", ""source"": ""s2""}]"
fc455241cd0fa99f73d018b39640ba687d10c4ec,10.1016/j.image.2025.117336,MA-MNN: Multi-flow attentive memristive neural network for multi-task image restoration,2025,Signal processing. Image communication,Peng He; Lin Zhang; Yu Yang; Yue Zhou; Shukai Duan; Xiaofang Hu,"[{""id"": ""2163127089"", ""name"": ""Peng He"", ""source"": ""s2""}, {""id"": ""2143838789"", ""name"": ""Lin Zhang"", ""source"": ""s2""}, {""id"": ""2337464172"", ""name"": ""Yu Yang"", ""source"": ""s2""}, {""id"": ""2116451313"", ""name"": ""Yue Zhou"", ""source"": ""s2""}, {""id"": ""2269227618"", ""name"": ""Shukai Duan"", ""source"": ""s2""}, {""id"": ""2289192561"", ""name"": ""Xiaofang Hu"", ""source"": ""s2""}]"
425416f67664e7fa602ca2de3c6ea9440faf1e23,10.1109/TCSVT.2025.3632359,OwlSight: A Robust Illumination Adaptation Framework for Dark Video Human Action Recognition,2025,IEEE transactions on circuits and systems for video technology (Print),Shihao Cheng; Jinlu Zhang; Yue Liu; Aoran Xiao; Zhigang Tu,"[{""id"": ""2353201686"", ""name"": ""Shihao Cheng"", ""source"": ""s2""}, {""id"": ""2144199915"", ""name"": ""Jinlu Zhang"", ""source"": ""s2""}, {""id"": null, ""name"": ""Yue Liu"", ""source"": ""s2""}, {""id"": ""2351067177"", ""name"": ""Aoran Xiao"", ""source"": ""s2""}, {""id"": ""2352932765"", ""name"": ""Zhigang Tu"", ""source"": ""s2""}]"
524e13cbf780070b339332381eb17b7967701f88,10.1038/s41598-025-92161-y,A hybrid framework for curve estimation based low light image enhancement,2025,Scientific Reports,Yutao Jin; Yue Sun; Jiabao Liang; Xiaoning Yan; Zeyao Hou; Shuangwu Zheng; Yang Chen; Xiaoyan Chen,"[{""id"": ""2308842803"", ""name"": ""Yutao Jin"", ""source"": ""s2""}, {""id"": ""2308737330"", ""name"": ""Yue Sun"", ""source"": ""s2""}, {""id"": ""2338154815"", ""name"": ""Jiabao Liang"", ""source"": ""s2""}, {""id"": ""2152614428"", ""name"": ""Xiaoning Yan"", ""source"": ""s2""}, {""id"": ""2350339437"", ""name"": ""Zeyao Hou"", ""source"": ""s2""}, {""id"": ""1561195926"", ""name"": ""Shuangwu Zheng"", ""source"": ""s2""}, {""id"": ""2352874139"", ""name"": ""Yang Chen"", ""source"": ""s2""}, {""id"": ""2315445463"", ""name"": ""Xiaoyan Chen"", ""source"": ""s2""}]"
9653ce2bdb8d6aa8b08e9ad703a4447286fad203,10.1109/CVPR52734.2025.02626,DEAL: Data-Efficient Adversarial Learning for High-Quality Infrared Imaging,2025,Computer Vision and Pattern Recognition,Zhu Liu; Zijun Wang; Jinyuan Liu; Fanqi Meng; Long Ma; Risheng Liu,"[{""id"": ""2292191683"", ""name"": ""Zhu Liu"", ""source"": ""s2""}, {""id"": ""2365991217"", ""name"": ""Zijun Wang"", ""source"": ""s2""}, {""id"": ""2293559619"", ""name"": ""Jinyuan Liu"", ""source"": ""s2""}, {""id"": ""2289696942"", ""name"": ""Fanqi Meng"", ""source"": ""s2""}, {""id"": ""2331460441"", ""name"": ""Long Ma"", ""source"": ""s2""}, {""id"": ""2237951125"", ""name"": ""Risheng Liu"", ""source"": ""s2""}]"
66709d91cf593a95eb8cf1d8047985af49cd138e,10.1007/s00371-025-03842-8,Implicit guidance for enhancing low-light optical flow estimation via channel attention networks,2025,The Visual Computer,Weichen Dai; Hexing Wu; Xiaoyang Weng; Wanzeng Kong,"[{""id"": ""2274931426"", ""name"": ""Weichen Dai"", ""source"": ""s2""}, {""id"": ""2347884061"", ""name"": ""Hexing Wu"", ""source"": ""s2""}, {""id"": ""2347796866"", ""name"": ""Xiaoyang Weng"", ""source"": ""s2""}, {""id"": ""2274933718"", ""name"": ""Wanzeng Kong"", ""source"": ""s2""}]"
71da951422acac60603638598a5fc0cfa7717bce,10.1109/JIOT.2025.3590733,CLIP-Optimized Multimodal Image Enhancement via ISP-CNN Fusion for Coal Mine IoVT Under Uneven Illumination,2025,IEEE Internet of Things Journal,Shuai Wang; Shihao Zhang; Jiaqi Wu; Zijian Tian; Wei Chen; Tongzhu Jin; Miaomiao Xue; Zehua Wang; F. Yu; Victor C. M. Leung,"[{""id"": ""2283888173"", ""name"": ""Shuai Wang"", ""source"": ""s2""}, {""id"": ""2296627645"", ""name"": ""Shihao Zhang"", ""source"": ""s2""}, {""id"": ""2292459577"", ""name"": ""Jiaqi Wu"", ""source"": ""s2""}, {""id"": ""2296220264"", ""name"": ""Zijian Tian"", ""source"": ""s2""}, {""id"": ""2329164441"", ""name"": ""Wei Chen"", ""source"": ""s2""}, {""id"": ""150320259"", ""name"": ""Tongzhu Jin"", ""source"": ""s2""}, {""id"": ""2335718761"", ""name"": ""Miaomiao Xue"", ""source"": ""s2""}, {""id"": ""2261096811"", ""name"": ""Zehua Wang"", ""source"": ""s2""}, {""id"": ""2256990287"", ""name"": ""F. Yu"", ""source"": ""s2""}, {""id"": ""2316063125"", ""name"": ""Victor C. M. Leung"", ""source"": ""s2""}]"
4ddaee876782adfa9b812dd699dd575d084475bd,10.1109/SMC58881.2025.11342785,LUMINA-Net: Low-light Upgrade through Multi-stage Illumination and Noise Adaptation Network for Image Enhancement,2025,"IEEE International Conference on Systems, Man and Cybernetics",Namrah Siddiqua; Suneung Kim,"[{""id"": ""2346835169"", ""name"": ""Namrah Siddiqua"", ""source"": ""s2""}, {""id"": ""30938069"", ""name"": ""Suneung Kim"", ""source"": ""s2""}]"
858c7d5174059ed0e6bab0fe04b851ecc9bd6698,10.1007/s00371-025-03835-7,Multi-stage residual network with two fold attention mechanisms for low-light image enhancement,2025,The Visual Computer,Sathish Mothe; Srinivas Kankanala,"[{""id"": ""2346449677"", ""name"": ""Sathish Mothe"", ""source"": ""s2""}, {""id"": ""2346439254"", ""name"": ""Srinivas Kankanala"", ""source"": ""s2""}]"
b48eef198800731e823075d763df6c913a9244a2,10.1371/journal.pone.0314541,ILR-Net: Low-light image enhancement network based on the combination of iterative learning mechanism and Retinex theory,2025,PLoS ONE,Mohan Yin; Jianbai Yang,"[{""id"": ""2324132665"", ""name"": ""Mohan Yin"", ""source"": ""s2""}, {""id"": ""2324217174"", ""name"": ""Jianbai Yang"", ""source"": ""s2""}]"
a699c0be5519c67d0e74ddecb795bcf8c18304f8,10.1117/12.3057717,A wavelet-based diffusion model for low-light image enhancement in raw space,2025,International Conference on Graphic and Image Processing,Xinyu Zhang; Yang Xu; Zhihui Wei; Zebin Wu,"[{""id"": ""2287799135"", ""name"": ""Xinyu Zhang"", ""source"": ""s2""}, {""id"": ""2115681716"", ""name"": ""Yang Xu"", ""source"": ""s2""}, {""id"": ""2157387443"", ""name"": ""Zhihui Wei"", ""source"": ""s2""}, {""id"": ""134909078"", ""name"": ""Zebin Wu"", ""source"": ""s2""}]"
ad2c732ed31a652dfc5ccbf077d2169dc1dabd33,10.1007/s11831-025-10226-7,"A Review on Computational Low-Light Image Enhancement Models: Challenges, Benchmarks, and Perspectives",2025,Archives of Computational Methods in Engineering,Pallavi Singh; A. Bhandari,"[{""id"": ""2291444214"", ""name"": ""Pallavi Singh"", ""source"": ""s2""}, {""id"": ""2019243"", ""name"": ""A. Bhandari"", ""source"": ""s2""}]"
bf1b6b485dbd34efc80a3eb4d52851fe1c66f659,10.3390/app15031604,Patch-Wise-Based Diffusion Model with Uncertainty Guidance for Low-Light Image Enhancement,2025,Applied Sciences,Li Li; Jishen Peng; Yingcai Wan,"[{""id"": ""2305255455"", ""name"": ""Li Li"", ""source"": ""s2""}, {""id"": ""153179279"", ""name"": ""Jishen Peng"", ""source"": ""s2""}, {""id"": ""2329062830"", ""name"": ""Yingcai Wan"", ""source"": ""s2""}]"
dac7705a861701fd8f676692e2867cbbce7673ca,10.1016/j.optlaseng.2024.108700,Illumination enhancement discriminator and compensation attention based low-light visible and infrared image fusion,2025,Optics and lasers in engineering,Xingfei Zhang; Gang Liu; Mengliang Xing; Gaoqiang Wang; D. P. Bavirisetti,"[{""id"": ""2332291838"", ""name"": ""Xingfei Zhang"", ""source"": ""s2""}, {""id"": ""2266223708"", ""name"": ""Gang Liu"", ""source"": ""s2""}, {""id"": ""2188403500"", ""name"": ""Mengliang Xing"", ""source"": ""s2""}, {""id"": ""2331074432"", ""name"": ""Gaoqiang Wang"", ""source"": ""s2""}, {""id"": ""9151922"", ""name"": ""D. P. Bavirisetti"", ""source"": ""s2""}]"
7b736bc630abcb497d347b77e190c6849f034dfb,10.1016/j.neucom.2025.129553,Crossing the Chasm: A practical architecture augmentation for low-quality object detection,2025,Neurocomputing,Xinwei Xue; Haoze Zheng; Yuechao Gao; Tengyu Ma; Long Ma; Qi Jia,"[{""id"": ""2324342252"", ""name"": ""Xinwei Xue"", ""source"": ""s2""}, {""id"": ""2349798388"", ""name"": ""Haoze Zheng"", ""source"": ""s2""}, {""id"": ""2343597165"", ""name"": ""Yuechao Gao"", ""source"": ""s2""}, {""id"": ""2238532971"", ""name"": ""Tengyu Ma"", ""source"": ""s2""}, {""id"": ""2340912932"", ""name"": ""Long Ma"", ""source"": ""s2""}, {""id"": ""2129979738"", ""name"": ""Qi Jia"", ""source"": ""s2""}]"
65e615c7da4148cb6042ff8c7d80d65f50cb119b,10.1016/j.neucom.2025.129572,MDANet: A multi-stage domain adaptation framework for generalizable low-light image enhancement,2025,Neurocomputing,Jianhui Wang; Yangfan He; Kun Li; Sida Li; Lan Zhao; Jun Yin; Miao Zhang; Tianyu Shi; Xueqian Wang,"[{""id"": ""2339243505"", ""name"": ""Jianhui Wang"", ""source"": ""s2""}, {""id"": ""2310318734"", ""name"": ""Yangfan He"", ""source"": ""s2""}, {""id"": ""2339536802"", ""name"": ""Kun Li"", ""source"": ""s2""}, {""id"": ""2339479443"", ""name"": ""Sida Li"", ""source"": ""s2""}, {""id"": ""2312099266"", ""name"": ""Lan Zhao"", ""source"": ""s2""}, {""id"": ""2340409875"", ""name"": ""Jun Yin"", ""source"": ""s2""}, {""id"": ""2339241115"", ""name"": ""Miao Zhang"", ""source"": ""s2""}, {""id"": ""2323017980"", ""name"": ""Tianyu Shi"", ""source"": ""s2""}, {""id"": ""2292032615"", ""name"": ""Xueqian Wang"", ""source"": ""s2""}]"
09314d8e44e3dfb2d4ddedbb36b0f97a75330133,10.1016/j.inffus.2025.103036,"A comprehensive survey of visible and infrared imaging in complex environments: Principle, degradation and enhancement",2025,Information Fusion,Yuanbo Li; Ping Zhou; Gongbo Zhou; Haozhe Wang; Yunqi Lu; Yuxing Peng,"[{""id"": ""2110481394"", ""name"": ""Yuanbo Li"", ""source"": ""s2""}, {""id"": ""2106946559"", ""name"": ""Ping Zhou"", ""source"": ""s2""}, {""id"": ""2276049239"", ""name"": ""Gongbo Zhou"", ""source"": ""s2""}, {""id"": ""2314588095"", ""name"": ""Haozhe Wang"", ""source"": ""s2""}, {""id"": ""2308011658"", ""name"": ""Yunqi Lu"", ""source"": ""s2""}, {""id"": ""2357909116"", ""name"": ""Yuxing Peng"", ""source"": ""s2""}]"
728afc9ebcd9a188eb7fe2e5d0fc72ce5e40b8a6,10.1109/IJCNN64981.2025.11227308,DLEN: Dual Branch of Transformer for Low-Light Image Enhancement in Dual Domains,2025,IEEE International Joint Conference on Neural Network,Junyu Xia; Jiesong Bai; Yihang Dong,"[{""id"": ""2341880156"", ""name"": ""Junyu Xia"", ""source"": ""s2""}, {""id"": ""2300253561"", ""name"": ""Jiesong Bai"", ""source"": ""s2""}, {""id"": ""2316519915"", ""name"": ""Yihang Dong"", ""source"": ""s2""}]"
22c8e269ac0bc2349226204ee772156e0e9ff82f,10.1007/s11760-024-03768-z,GLE-YOLO: intelligent detection of road linear damage in shadow condition,2025,"Signal, Image and Video Processing",Zhaopeng Zhang; Zhijie Xu; Jianqin Zhang,"[{""id"": ""2319408902"", ""name"": ""Zhaopeng Zhang"", ""source"": ""s2""}, {""id"": ""2136387927"", ""name"": ""Zhijie Xu"", ""source"": ""s2""}, {""id"": ""2107981027"", ""name"": ""Jianqin Zhang"", ""source"": ""s2""}]"
6376714e819f0e57033aa4db5b4eab86d9885661,10.1145/3711929,Wakeup-Darkness: When Multimodal Meets Unsupervised Low-Light Image Enhancement,2025,ACM Trans. Multim. Comput. Commun. Appl.,Xiaofeng Zhang; Zishan Xu; Hao Tang; Chaochen Gu; Wei Chen; Abdulmotaleb El Saddik,"[{""id"": ""2257953748"", ""name"": ""Xiaofeng Zhang"", ""source"": ""s2""}, {""id"": ""2258090051"", ""name"": ""Zishan Xu"", ""source"": ""s2""}, {""id"": ""2275194660"", ""name"": ""Hao Tang"", ""source"": ""s2""}, {""id"": ""2253450209"", ""name"": ""Chaochen Gu"", ""source"": ""s2""}, {""id"": ""2154942699"", ""name"": ""Wei Chen"", ""source"": ""s2""}, {""id"": ""2192549899"", ""name"": ""Abdulmotaleb El Saddik"", ""source"": ""s2""}]"
0fb47ad2ce75eb344c70f32defbfbea379f38324,10.1109/NNICE64954.2025.11064605,Local-Global Two-Branch Synergy to Optimize Exposure Correction,2025,"2025 5th International Conference on Neural Networks, Information and Communication Engineering (NNICE)",Yonghua Zhang; Yinghao Liu; Yongbo Liu; Lvchen Cao; Ziqing Huang,"[{""id"": ""2210479199"", ""name"": ""Yonghua Zhang"", ""source"": ""s2""}, {""id"": ""2343996305"", ""name"": ""Yinghao Liu"", ""source"": ""s2""}, {""id"": ""2144407203"", ""name"": ""Yongbo Liu"", ""source"": ""s2""}, {""id"": ""2266359800"", ""name"": ""Lvchen Cao"", ""source"": ""s2""}, {""id"": ""2249123239"", ""name"": ""Ziqing Huang"", ""source"": ""s2""}]"
3bd1e4f276ee5e0fc46f271f63bc725e7324dd7e,10.1109/WACVW65960.2025.00037,HipyrNet: Hypernet-Guided Feature Pyramid Network for Mixed-Exposure Correction,2025,2025 IEEE/CVF Winter Conference on Applications of Computer Vision Workshops (WACVW),Shaurya Rathore; Aravind Shenoy; Krish Didwania; Aditya Kasliwal; Ujjwal Verma,"[{""id"": ""2339262666"", ""name"": ""Shaurya Rathore"", ""source"": ""s2""}, {""id"": ""2339269078"", ""name"": ""Aravind Shenoy"", ""source"": ""s2""}, {""id"": ""2284761247"", ""name"": ""Krish Didwania"", ""source"": ""s2""}, {""id"": ""2192732131"", ""name"": ""Aditya Kasliwal"", ""source"": ""s2""}, {""id"": ""2284761245"", ""name"": ""Ujjwal Verma"", ""source"": ""s2""}]"
3ecd5f926d30a56c7adad3fbd7e949738c756fea,10.1016/j.dsp.2024.104851,Efficient recurrent real video restoration,2025,Digit. Signal Process.,A. Buades; J. Lisani,"[{""id"": ""2330728644"", ""name"": ""A. Buades"", ""source"": ""s2""}, {""id"": ""2142405"", ""name"": ""J. Lisani"", ""source"": ""s2""}]"
66df6f1ecbd79cc439e836da07b13d2e3b734daf,10.1016/j.displa.2024.102954,Wavelet-based enhancement network for low-light image,2025,Displays (Guildford),Xiaopeng Hu; Kang Liu; Xiangchen Yin; Xin Gao; Pingsheng Jiang; Xu Qian,"[{""id"": ""2338531367"", ""name"": ""Xiaopeng Hu"", ""source"": ""s2""}, {""id"": ""2146386319"", ""name"": ""Kang Liu"", ""source"": ""s2""}, {""id"": ""2240802580"", ""name"": ""Xiangchen Yin"", ""source"": ""s2""}, {""id"": ""2239459437"", ""name"": ""Xin Gao"", ""source"": ""s2""}, {""id"": ""2338646599"", ""name"": ""Pingsheng Jiang"", ""source"": ""s2""}, {""id"": ""2067732973"", ""name"": ""Xu Qian"", ""source"": ""s2""}]"
7f5bf037fbc8427ed30db78b20bb301255637c31,10.1016/j.neucom.2025.129426,FIPNet: Self-supervised low-light image enhancement combining feature and illumination priors,2025,Neurocomputing,Jie Cao; Qijie Zou; Xin Ning; Zhen Wang; Gang Wang,"[{""id"": ""2342453404"", ""name"": ""Jie Cao"", ""source"": ""s2""}, {""id"": ""2340324021"", ""name"": ""Qijie Zou"", ""source"": ""s2""}, {""id"": ""2195492834"", ""name"": ""Xin Ning"", ""source"": ""s2""}, {""id"": ""2304369480"", ""name"": ""Zhen Wang"", ""source"": ""s2""}, {""id"": ""2307771123"", ""name"": ""Gang Wang"", ""source"": ""s2""}]"
7dd480c7954f163c030c6c56778a6372ed4730ec,10.1016/j.eswa.2025.126504,ILENet: Illumination-Modulated Laplacian-Pyramid Enhancement Network for low-light object detection,2025,Expert systems with applications,Xiaofeng Wang; Rentao Yang; Zhize Wu; Lingma Sun; Jiashan Liu; Le Zou,"[{""id"": ""2237108013"", ""name"": ""Xiaofeng Wang"", ""source"": ""s2""}, {""id"": ""2332302314"", ""name"": ""Rentao Yang"", ""source"": ""s2""}, {""id"": ""2239946463"", ""name"": ""Zhize Wu"", ""source"": ""s2""}, {""id"": ""2312689449"", ""name"": ""Lingma Sun"", ""source"": ""s2""}, {""id"": ""2332299960"", ""name"": ""Jiashan Liu"", ""source"": ""s2""}, {""id"": ""2296258261"", ""name"": ""Le Zou"", ""source"": ""s2""}]"
f4f201b160b568caa95417bdb5904883efe6910c,10.1016/j.displa.2025.102979,ColorBoost-LLIE: A multi-loss guided low-light image enhancement algorithm with decoupled color and luminance restoration,2025,Displays (Guildford),Xiaoyang Shen; Haibin Li; Yaqian Li; Wenming Zhang,"[{""id"": ""2321356235"", ""name"": ""Xiaoyang Shen"", ""source"": ""s2""}, {""id"": ""2321051136"", ""name"": ""Haibin Li"", ""source"": ""s2""}, {""id"": ""2267309136"", ""name"": ""Yaqian Li"", ""source"": ""s2""}, {""id"": ""2107979694"", ""name"": ""Wenming Zhang"", ""source"": ""s2""}]"
1bd0a409568b7214f8c20dc8046baff150a7be89,10.1016/j.knosys.2025.112998,Reffusion: Enhancement Conditional Diffusion Framework with Dual Domain Interaction Transformer for image restoration,2025,Knowledge-Based Systems,Dirui Xie; Xiaofang Hu; He Xiao; Yue Zhou; Shukai Duan,"[{""id"": ""2211254189"", ""name"": ""Dirui Xie"", ""source"": ""s2""}, {""id"": ""2289192561"", ""name"": ""Xiaofang Hu"", ""source"": ""s2""}, {""id"": ""2114210605"", ""name"": ""He Xiao"", ""source"": ""s2""}, {""id"": ""2116451313"", ""name"": ""Yue Zhou"", ""source"": ""s2""}, {""id"": ""2269227618"", ""name"": ""Shukai Duan"", ""source"": ""s2""}]"
bf7e12cad1af19cf9ff0b899b7857ac68e4346bd,10.1109/TPAMI.2024.3524538,Interpretable Optimization-Inspired Unfolding Network for Low-Light Image Enhancement,2025,IEEE Transactions on Pattern Analysis and Machine Intelligence,Wenhui Wu; Jian Weng; Pingping Zhang; Xu Wang; Wenhan Yang; Jianmin Jiang,"[{""id"": ""2139644112"", ""name"": ""Wenhui Wu"", ""source"": ""s2""}, {""id"": ""2173437827"", ""name"": ""Jian Weng"", ""source"": ""s2""}, {""id"": ""2154286605"", ""name"": ""Pingping Zhang"", ""source"": ""s2""}, {""id"": ""2240192851"", ""name"": ""Xu Wang"", ""source"": ""s2""}, {""id"": ""2274269967"", ""name"": ""Wenhan Yang"", ""source"": ""s2""}, {""id"": ""2244585958"", ""name"": ""Jianmin Jiang"", ""source"": ""s2""}]"
d1d1cb5fc148fd7f89319bda766df17b8d12b284,10.1155/int/8834271,R‐YOLOv5s: Improved YOLOv5s for Object Detection in Low‐Light Environments,2025,International Journal of Intelligent Systems,Yimeng Xia; Yuanmei Wang; Hao Luo; Sheng Liu; Tao Li,"[{""id"": ""2324707927"", ""name"": ""Yimeng Xia"", ""source"": ""s2""}, {""id"": ""2444707894"", ""name"": ""Yuanmei Wang"", ""source"": ""s2""}, {""id"": ""2352068946"", ""name"": ""Hao Luo"", ""source"": ""s2""}, {""id"": ""2319348089"", ""name"": ""Sheng Liu"", ""source"": ""s2""}, {""id"": ""2351431675"", ""name"": ""Tao Li"", ""source"": ""s2""}]"
6b43f420428303c923033f3a956a66ce8d9f6a48,10.1109/ICMEE63700.2024.11025299,A Multi-Scale Enhancement Network for Object Detection in Low-Light Conditions,2024,International Conference on Mechanical and Electronics Engineering,Haoyang Tang; Xinyu Liu; Yanhong Li; Xinyue Yao,"[{""id"": ""2112389177"", ""name"": ""Haoyang Tang"", ""source"": ""s2""}, {""id"": ""2346919018"", ""name"": ""Xinyu Liu"", ""source"": ""s2""}, {""id"": ""2306346902"", ""name"": ""Yanhong Li"", ""source"": ""s2""}, {""id"": ""2345441023"", ""name"": ""Xinyue Yao"", ""source"": ""s2""}]"
1e24ba86592a75b4f045b90171de2fad3b60487b,10.1109/TIP.2024.3519997,Residual Quotient Learning for Zero-Reference Low-Light Image Enhancement,2024,IEEE Transactions on Image Processing,Chao Xie; Linfeng Fei; Huanjie Tao; Yaocong Hu; Wei Zhou; Jiun Tian Hoe; Weipeng Hu; Yap-Peng Tan,"[{""id"": ""2064757396"", ""name"": ""Chao Xie"", ""source"": ""s2""}, {""id"": ""2205900248"", ""name"": ""Linfeng Fei"", ""source"": ""s2""}, {""id"": ""46232650"", ""name"": ""Huanjie Tao"", ""source"": ""s2""}, {""id"": ""2265512842"", ""name"": ""Yaocong Hu"", ""source"": ""s2""}, {""id"": ""2337299236"", ""name"": ""Wei Zhou"", ""source"": ""s2""}, {""id"": ""2130147135"", ""name"": ""Jiun Tian Hoe"", ""source"": ""s2""}, {""id"": ""2273624548"", ""name"": ""Weipeng Hu"", ""source"": ""s2""}, {""id"": ""2273608727"", ""name"": ""Yap-Peng Tan"", ""source"": ""s2""}]"
fbc859aa27414e505f88342b79838a9f0bd94c52,10.1007/s00530-024-01589-1,Gated image-adaptive network for driving-scene object detection under nighttime conditions,2024,Multimedia Systems,Yuantao Wang; Yuanyao Lu; Yongsheng Qiu,"[{""id"": ""2203021722"", ""name"": ""Yuantao Wang"", ""source"": ""s2""}, {""id"": ""2266200183"", ""name"": ""Yuanyao Lu"", ""source"": ""s2""}, {""id"": ""47604559"", ""name"": ""Yongsheng Qiu"", ""source"": ""s2""}]"
60b1af8c1570bf7e9b6562de5e6d023377f0c74d,10.1007/s10489-024-06044-2,Low-light image enhancement via an attention-guided deep Retinex decomposition model,2024,Applied intelligence (Boston),Yu Luo; Guoliang Lv; Jie Ling; Xiaomin Hu,"[{""id"": ""2108803162"", ""name"": ""Yu Luo"", ""source"": ""s2""}, {""id"": ""2221040667"", ""name"": ""Guoliang Lv"", ""source"": ""s2""}, {""id"": ""2238214058"", ""name"": ""Jie Ling"", ""source"": ""s2""}, {""id"": ""2148969750"", ""name"": ""Xiaomin Hu"", ""source"": ""s2""}]"
721c7db7f5cdaa9894da49d0ef3ad824b2cdeef9,10.1007/s40747-024-01681-z,LDWLE: self-supervised driven low-light object detection framework,2024,Complex & Intelligent Systems,Xiaoyang Shen; Haibin Li; Yaqian Li; Wenming Zhang,"[{""id"": ""2321356235"", ""name"": ""Xiaoyang Shen"", ""source"": ""s2""}, {""id"": ""2321051136"", ""name"": ""Haibin Li"", ""source"": ""s2""}, {""id"": ""2267309136"", ""name"": ""Yaqian Li"", ""source"": ""s2""}, {""id"": ""2107979694"", ""name"": ""Wenming Zhang"", ""source"": ""s2""}]"
8443289418f219d112df63b2f32fcbd3d46ff695,10.48550/arXiv.2412.13401,Zero-Shot Low Light Image Enhancement with Diffusion Prior,2024,arXiv.org,Joshua Cho; Sara Aghajanzadeh; Zhen Zhu; D. Forsyth,"[{""id"": ""50546194"", ""name"": ""Joshua Cho"", ""source"": ""s2""}, {""id"": ""94297661"", ""name"": ""Sara Aghajanzadeh"", ""source"": ""s2""}, {""id"": ""2375959469"", ""name"": ""Zhen Zhu"", ""source"": ""s2""}, {""id"": ""2294360961"", ""name"": ""D. Forsyth"", ""source"": ""s2""}]"
7e99518616703d8e193df6d80aca6ad78f57289b,10.1016/j.neucom.2024.129236,A light-weight deep learning framework for Low Light Image Enhancement,2024,Neurocomputing,Laraib Zainab; H. Afzal; Khawir Mahmood; Omar Arif,"[{""id"": ""1573664976"", ""name"": ""Laraib Zainab"", ""source"": ""s2""}, {""id"": ""1777100"", ""name"": ""H. Afzal"", ""source"": ""s2""}, {""id"": ""120533414"", ""name"": ""Khawir Mahmood"", ""source"": ""s2""}, {""id"": ""2066153846"", ""name"": ""Omar Arif"", ""source"": ""s2""}]"
5c7b2a9b70ff59e4d99877823e8d508175648d10,10.1109/ICDSCA63855.2024.10859773,Low-Light Image Enhancement Method Based on Optimized Generative Adversarial Network,2024,2024 IEEE 4th International Conference on Data Science and Computer Application (ICDSCA),Zhaokang Ji; Tao Liu; Ping Zhang,"[{""id"": ""2266524865"", ""name"": ""Zhaokang Ji"", ""source"": ""s2""}, {""id"": ""2298538217"", ""name"": ""Tao Liu"", ""source"": ""s2""}, {""id"": ""2154286304"", ""name"": ""Ping Zhang"", ""source"": ""s2""}]"
2031c884326b1d4c0d5801513af949c814828d3c,10.1109/ICICML63543.2024.10958001,Enhancing Low-light Images Using a Coarse-to-fine Linear Mapping Strategy,2024,"2024 International Conference on Image Processing, Computer Vision and Machine Learning (ICICML)",Jingxi Liao; Shijie Hao,"[{""id"": ""2357795020"", ""name"": ""Jingxi Liao"", ""source"": ""s2""}, {""id"": ""2355541760"", ""name"": ""Shijie Hao"", ""source"": ""s2""}]"
a39946648bede4a4788e185352b73da77138eaf3,10.1109/ICICML63543.2024.10957894,A Comprehensive Review of Low-light Image Enhancement Techniques,2024,"2024 International Conference on Image Processing, Computer Vision and Machine Learning (ICICML)",Tian Gao; Peilin Tao,"[{""id"": ""2072688487"", ""name"": ""Tian Gao"", ""source"": ""s2""}, {""id"": ""2364884284"", ""name"": ""Peilin Tao"", ""source"": ""s2""}]"
bc2de31b9489005844b0b0c6aabe34b169ed2853,10.1145/3708778.3708787,Leveraging Two-Stage Transfer Learning with YOLOv7 and CNN-Based LLI Enhancement for Trike Detection,2024,International Conference on Computational Intelligence and Intelligent Systems,J. P. Tomas; C. A. D. Dela Cruz; E. G. M. Domingo; Mia B. Enciso; B. Doma,"[{""id"": ""1382050142"", ""name"": ""J. P. Tomas"", ""source"": ""s2""}, {""id"": ""2360517490"", ""name"": ""C. A. D. Dela Cruz"", ""source"": ""s2""}, {""id"": ""2333494049"", ""name"": ""E. G. M. Domingo"", ""source"": ""s2""}, {""id"": ""2333498384"", ""name"": ""Mia B. Enciso"", ""source"": ""s2""}, {""id"": ""12731001"", ""name"": ""B. Doma"", ""source"": ""s2""}]"
7c264b974532aff39709bcf468ef442b59bf8fd2,10.1145/3697294.3697304,Low-light Video Enhancement with Conditional Diffusion Models and Wavelet Interscale Attentions,2024,Conference on Visual Media Production,Ruirui Lin; Qi Sun; N. Anantrasirichai,"[{""id"": ""2283107688"", ""name"": ""Ruirui Lin"", ""source"": ""s2""}, {""id"": ""2112428315"", ""name"": ""Qi Sun"", ""source"": ""s2""}, {""id"": ""1756108"", ""name"": ""N. Anantrasirichai"", ""source"": ""s2""}]"
8ea7114fb79c7fe51e4d692e08ddfb13718c3848,10.1007/s11227-024-06683-9,GDNet: a low-light image enhancement network based on Ghost-Block and unique image decomposition,2024,Journal of Supercomputing,Rui Chang; Gang Liu; Yao Qian; Haojie Tang; Gaoqiang Wang; D. P. Bavirisetti,"[{""id"": ""2266196000"", ""name"": ""Rui Chang"", ""source"": ""s2""}, {""id"": ""2266223708"", ""name"": ""Gang Liu"", ""source"": ""s2""}, {""id"": ""2188412783"", ""name"": ""Yao Qian"", ""source"": ""s2""}, {""id"": ""2266236016"", ""name"": ""Haojie Tang"", ""source"": ""s2""}, {""id"": ""2331074432"", ""name"": ""Gaoqiang Wang"", ""source"": ""s2""}, {""id"": ""9151922"", ""name"": ""D. P. Bavirisetti"", ""source"": ""s2""}]"
4173308755023f15eb02c449dd0ddefac7bb7220,10.23919/ISITA60732.2024.10858232,Object Detection for Low-Illumination Scenes Based on Enhanced Yolov7 Architecture,2024,International Symposium on Information Theory and its Applications,Chia-Hsien Lin; G. Peng; C. Lin,"[{""id"": ""2116503871"", ""name"": ""Chia-Hsien Lin"", ""source"": ""s2""}, {""id"": ""2343828307"", ""name"": ""G. Peng"", ""source"": ""s2""}, {""id"": ""2267152832"", ""name"": ""C. Lin"", ""source"": ""s2""}]"
1fe7060189b8f55c11d512531d33682e4d2392ac,10.1109/WACV61041.2025.00872,UnDIVE: Generalized Underwater Video Enhancement Using Generative Priors,2024,IEEE Workshop/Winter Conference on Applications of Computer Vision,Suhas Srinath; A. Chandrasekar; Hemang Jamadagni; R. Soundararajan; AP Prathosh,"[{""id"": ""2000469004"", ""name"": ""Suhas Srinath"", ""source"": ""s2""}, {""id"": ""47387170"", ""name"": ""A. Chandrasekar"", ""source"": ""s2""}, {""id"": ""2330191770"", ""name"": ""Hemang Jamadagni"", ""source"": ""s2""}, {""id"": ""2510315"", ""name"": ""R. Soundararajan"", ""source"": ""s2""}, {""id"": ""2286960334"", ""name"": ""AP Prathosh"", ""source"": ""s2""}]"
f237d90bf7fc1453b84bc066c9a4344b153fc6bb,10.1109/APCCAS62602.2024.10808279,COLEA: A Low-light Enhancement Accelerator with Memory-usage Reducing Strategy,2024,Asia Pacific Conference on Circuits and Systems,Junhao Zhang; Liang Chang,"[{""id"": ""2308346531"", ""name"": ""Junhao Zhang"", ""source"": ""s2""}, {""id"": ""2337777569"", ""name"": ""Liang Chang"", ""source"": ""s2""}]"
73d236cb58be36fae351d935bc7d81cee52e378b,10.1016/j.patcog.2024.111180,STARNet: Low-light video enhancement using spatio-temporal consistency aggregation,2024,Pattern Recognition,Zhe Wu; Zehua Sheng; Xue Zhang; Sixi Cao; Runmin Zhang; Beinan Yu; Chenghao Zhang; Bailin Yang; Hui Shen,"[{""id"": ""2303650385"", ""name"": ""Zhe Wu"", ""source"": ""s2""}, {""id"": ""2160714209"", ""name"": ""Zehua Sheng"", ""source"": ""s2""}, {""id"": ""2144543653"", ""name"": ""Xue Zhang"", ""source"": ""s2""}, {""id"": ""113288744"", ""name"": ""Sixi Cao"", ""source"": ""s2""}, {""id"": ""2294502116"", ""name"": ""Runmin Zhang"", ""source"": ""s2""}, {""id"": ""2427745307"", ""name"": ""Beinan Yu"", ""source"": ""s2""}, {""id"": ""2307582272"", ""name"": ""Chenghao Zhang"", ""source"": ""s2""}, {""id"": ""2294676528"", ""name"": ""Bailin Yang"", ""source"": ""s2""}, {""id"": ""2110827120"", ""name"": ""Hui Shen"", ""source"": ""s2""}]"
1e69a89c9e25c49246bc7b791b3e160eda494540,10.1016/j.displa.2024.102877,Perceptually-calibrated synergy network for night-time image quality assessment with enhancement booster and knowledge cross-sharing,2024,Displays (Guildford),Zhuo Li; Xiao'er Li; Jiangli Shi; Feng Shao,"[{""id"": ""2332478852"", ""name"": ""Zhuo Li"", ""source"": ""s2""}, {""id"": ""2332040948"", ""name"": ""Xiao'er Li"", ""source"": ""s2""}, {""id"": ""2241079713"", ""name"": ""Jiangli Shi"", ""source"": ""s2""}, {""id"": ""2166597539"", ""name"": ""Feng Shao"", ""source"": ""s2""}]"
a87b1d59124e1724d12c96abbfc7bf712b012701,10.1016/j.jvcir.2024.104337,Enhanced soft domain adaptation for object detection in the dark,2024,Journal of Visual Communication and Image Representation,Yunfei Bai; Chang Liu; Rui Yang; Xiaomao Li,"[{""id"": ""2294674122"", ""name"": ""Yunfei Bai"", ""source"": ""s2""}, {""id"": ""2293017870"", ""name"": ""Chang Liu"", ""source"": ""s2""}, {""id"": ""2325570097"", ""name"": ""Rui Yang"", ""source"": ""s2""}, {""id"": ""2325564239"", ""name"": ""Xiaomao Li"", ""source"": ""s2""}]"
f0da348a4c4bdcd46a9f609025e84d3d0bcd6227,10.1109/JAS.2024.124521,Image Enhancement via Associated Perturbation Removal and Texture Reconstruction Learning,2024,IEEE/CAA Journal of Automatica Sinica,Kui Jiang; Ruoxi Wang; Yi Xiao; Junjun Jiang; Xin Xu; Tao Lu,"[{""id"": ""2237233392"", ""name"": ""Kui Jiang"", ""source"": ""s2""}, {""id"": ""2206521468"", ""name"": ""Ruoxi Wang"", ""source"": ""s2""}, {""id"": ""2153507956"", ""name"": ""Yi Xiao"", ""source"": ""s2""}, {""id"": ""2260831387"", ""name"": ""Junjun Jiang"", ""source"": ""s2""}, {""id"": ""2152775854"", ""name"": ""Xin Xu"", ""source"": ""s2""}, {""id"": ""2297165137"", ""name"": ""Tao Lu"", ""source"": ""s2""}]"
51c24527068e122e9b9980f383ea27f2aa464d13,10.1016/j.jksuci.2024.102234,"Low-light image enhancement: A comprehensive review on methods, datasets and evaluation metrics",2024,Journal of King Saud University: Computer and Information Sciences,Jingchun Zhan; Eg Su Goh; M. S. Sunar,"[{""id"": ""2409206447"", ""name"": ""Jingchun Zhan"", ""source"": ""s2""}, {""id"": ""67195982"", ""name"": ""Eg Su Goh"", ""source"": ""s2""}, {""id"": ""2036992"", ""name"": ""M. S. Sunar"", ""source"": ""s2""}]"
3ec3230ceef6776daf2bab9087ebe28354ee93e6,10.1109/CAC63892.2024.10865239,Unsupervised Enhancement Model for Brightness Equalization of Small Celestial Body,2024,ACM Cloud and Autonomic Computing Conference,Qinjie Zhou; Wei Shao,"[{""id"": ""2345650135"", ""name"": ""Qinjie Zhou"", ""source"": ""s2""}, {""id"": ""2303002780"", ""name"": ""Wei Shao"", ""source"": ""s2""}]"
6fe9aa2ce159c2fb8ff754b93abf9f2230b424dd,10.1109/TIP.2024.3486610,AnlightenDiff: Anchoring Diffusion Probabilistic Model on Low Light Image Enhancement,2024,IEEE Transactions on Image Processing,Student Member Ieee Cheuk-Yiu Chan; Life Fellow Ieee Wan-Chi Siu; Member Ieee Yuk-Hee Chan; L. F. I. H. Anthony Chan; Cheuk-Yiu Chan; Yuk-Hee Chan,"[{""id"": ""2329863978"", ""name"": ""Student Member Ieee Cheuk-Yiu Chan"", ""source"": ""s2""}, {""id"": ""2329862477"", ""name"": ""Life Fellow Ieee Wan-Chi Siu"", ""source"": ""s2""}, {""id"": ""2329859187"", ""name"": ""Member Ieee Yuk-Hee Chan"", ""source"": ""s2""}, {""id"": ""2329863896"", ""name"": ""L. F. I. H. Anthony Chan"", ""source"": ""s2""}, {""id"": ""2186563089"", ""name"": ""Cheuk-Yiu Chan"", ""source"": ""s2""}, {""id"": ""2271606055"", ""name"": ""Yuk-Hee Chan"", ""source"": ""s2""}]"
06343cb261eb78849320f5b4f680555deed401e5,10.1145/3664647.3681370,Exploring in Extremely Dark: Low-Light Video Enhancement with Real Events,2024,ACM Multimedia,Xicong Wang; Huiyuan Fu; Jiaxuan Wang; Xin Wang; Heng Zhang; Huadong Ma,"[{""id"": ""2271362374"", ""name"": ""Xicong Wang"", ""source"": ""s2""}, {""id"": ""2513605"", ""name"": ""Huiyuan Fu"", ""source"": ""s2""}, {""id"": ""2271359439"", ""name"": ""Jiaxuan Wang"", ""source"": ""s2""}, {""id"": ""2322102717"", ""name"": ""Xin Wang"", ""source"": ""s2""}, {""id"": ""2271866730"", ""name"": ""Heng Zhang"", ""source"": ""s2""}, {""id"": ""2248034542"", ""name"": ""Huadong Ma"", ""source"": ""s2""}]"
c5d430d24c9fcdc14536d381f06f452c10135c3f,10.48550/arXiv.2410.18398,You Only Look Around: Learning Illumination Invariant Feature for Low-light Object Detection,2024,Neural Information Processing Systems,Mingbo Hong; Shen Cheng; Haibin Huang; Haoqiang Fan; Shuaicheng Liu,"[{""id"": ""2309478918"", ""name"": ""Mingbo Hong"", ""source"": ""s2""}, {""id"": ""2116727508"", ""name"": ""Shen Cheng"", ""source"": ""s2""}, {""id"": ""2269046040"", ""name"": ""Haibin Huang"", ""source"": ""s2""}, {""id"": ""2249400286"", ""name"": ""Haoqiang Fan"", ""source"": ""s2""}, {""id"": ""2311739754"", ""name"": ""Shuaicheng Liu"", ""source"": ""s2""}]"
62d8dd07ca185034107388c60e3d17b1c9b1334e,10.48550/arXiv.2410.19164,HUE Dataset: High-Resolution Event and Frame Sequences for Low-Light Vision,2024,ECCV Workshops,Burak Ercan; O. Eker; Aykut Erdem; Erkut Erdem,"[{""id"": ""2077142890"", ""name"": ""Burak Ercan"", ""source"": ""s2""}, {""id"": ""32449861"", ""name"": ""O. Eker"", ""source"": ""s2""}, {""id"": ""2253752451"", ""name"": ""Aykut Erdem"", ""source"": ""s2""}, {""id"": ""152330322"", ""name"": ""Erkut Erdem"", ""source"": ""s2""}]"
adac4ffe16937fee00a3b296e30561c9c3f1d61b,10.1007/s11263-024-02250-0,Learning Accurate Low-bit Quantization towards Efficient Computational Imaging,2024,International Journal of Computer Vision,Sheng Xu; Yanjing Li; Chuanjian Liu; Baochang Zhang,"[{""id"": ""2110923498"", ""name"": ""Sheng Xu"", ""source"": ""s2""}, {""id"": ""2110500972"", ""name"": ""Yanjing Li"", ""source"": ""s2""}, {""id"": ""2293567185"", ""name"": ""Chuanjian Liu"", ""source"": ""s2""}, {""id"": ""2261599344"", ""name"": ""Baochang Zhang"", ""source"": ""s2""}]"
3d20723f19a406b3af9966e7467e1b3646ee0a0b,10.1007/s00034-024-02890-0,MDFF-Net: Multi-level Dynamic Feature Fusion Network Combined with Deep Supervision Mechanism for Low-Light Image Enhancement,2024,"Circuits, systems, and signal processing",Xuxu Yang; Yitao Liang; Degang Xu; Bin Li; Juan Xia; Lan Li,"[{""id"": ""2325742353"", ""name"": ""Xuxu Yang"", ""source"": ""s2""}, {""id"": ""2325728040"", ""name"": ""Yitao Liang"", ""source"": ""s2""}, {""id"": ""2325706382"", ""name"": ""Degang Xu"", ""source"": ""s2""}, {""id"": ""2326047051"", ""name"": ""Bin Li"", ""source"": ""s2""}, {""id"": ""2325817144"", ""name"": ""Juan Xia"", ""source"": ""s2""}, {""id"": ""2282087684"", ""name"": ""Lan Li"", ""source"": ""s2""}]"
406eb95f07c669b7854b362e9ca467d772c469d3,10.1016/j.dsp.2024.104808,Low-light image enhancement guided by multi-domain features for detail and texture enhancement,2024,Digit. Signal Process.,Xiaoyang Shen; Haibin Li; Yaqian Li; Wenming Zhang,"[{""id"": ""2321356235"", ""name"": ""Xiaoyang Shen"", ""source"": ""s2""}, {""id"": ""2321051136"", ""name"": ""Haibin Li"", ""source"": ""s2""}, {""id"": ""2267309136"", ""name"": ""Yaqian Li"", ""source"": ""s2""}, {""id"": ""2107979694"", ""name"": ""Wenming Zhang"", ""source"": ""s2""}]"
a0ad5915ba61ae307cc85d32a4bf3d792a2e5e2f,10.1016/j.image.2024.117229,A new two-stage low-light enhancement network with progressive attention fusion strategy,2024,Signal processing. Image communication,Hegui Zhu; Luyang Wang; Zhan Gao; Yuelin Liu; Qian Zhao,"[{""id"": ""2117693876"", ""name"": ""Hegui Zhu"", ""source"": ""s2""}, {""id"": ""2440937125"", ""name"": ""Luyang Wang"", ""source"": ""s2""}, {""id"": ""2266386588"", ""name"": ""Zhan Gao"", ""source"": ""s2""}, {""id"": ""2293174306"", ""name"": ""Yuelin Liu"", ""source"": ""s2""}, {""id"": ""2287531441"", ""name"": ""Qian Zhao"", ""source"": ""s2""}]"
8316aa8637b125a274534f305d1159b314e35e4b,10.1111/cgf.15210,Exploring Fast and Flexible Zero‐Shot Low‐Light Image/Video Enhancement,2024,Computer graphics forum (Print),Xianjun Han; Taoli Bao; Hongyu Yang,"[{""id"": ""29976668"", ""name"": ""Xianjun Han"", ""source"": ""s2""}, {""id"": ""2327763826"", ""name"": ""Taoli Bao"", ""source"": ""s2""}, {""id"": ""2156052951"", ""name"": ""Hongyu Yang"", ""source"": ""s2""}]"
cd520701e8816f67ccbb0dddfef494906c768e32,10.48550/arXiv.2409.18899,Unsupervised Low-light Image Enhancement with Lookup Tables and Diffusion Priors,2024,arXiv.org,Yunlong Lin; Zhenqi Fu; Kairun Wen; Tian Ye; Sixiang Chen; Ge Meng; Yingying Wang; Yue Huang; Xiaotong Tu; Xinghao Ding,"[{""id"": ""2262081005"", ""name"": ""Yunlong Lin"", ""source"": ""s2""}, {""id"": ""31419775"", ""name"": ""Zhenqi Fu"", ""source"": ""s2""}, {""id"": ""2268673110"", ""name"": ""Kairun Wen"", ""source"": ""s2""}, {""id"": ""2280882260"", ""name"": ""Tian Ye"", ""source"": ""s2""}, {""id"": ""2111636335"", ""name"": ""Sixiang Chen"", ""source"": ""s2""}, {""id"": ""2261749921"", ""name"": ""Ge Meng"", ""source"": ""s2""}, {""id"": ""2261894410"", ""name"": ""Yingying Wang"", ""source"": ""s2""}, {""id"": ""1950637"", ""name"": ""Yue Huang"", ""source"": ""s2""}, {""id"": ""30693423"", ""name"": ""Xiaotong Tu"", ""source"": ""s2""}, {""id"": ""2262201427"", ""name"": ""Xinghao Ding"", ""source"": ""s2""}]"
cc3e28b9adad86cf5352aa346ec1cd767f6adde0,10.1109/ITNEC60942.2024.10733286,Image Light Enhancement Model Based on Illuminance- Diffusion,2024,"2024 IEEE 7th Information Technology, Networking, Electronic and Automation Control Conference (ITNEC)",Wei Zhao; Xuejing Chen; Li Yang; Man Zhou,"[{""id"": ""2329332720"", ""name"": ""Wei Zhao"", ""source"": ""s2""}, {""id"": ""2145449316"", ""name"": ""Xuejing Chen"", ""source"": ""s2""}, {""id"": ""2153206048"", ""name"": ""Li Yang"", ""source"": ""s2""}, {""id"": ""2272766397"", ""name"": ""Man Zhou"", ""source"": ""s2""}]"
d8430c6a33f9d3824250bb7540d1d86d7fab2a28,10.1145/3703935.3703987,A NeRF Rendering Method for Low-Light Scenes Using Occlusion Perception and Network Decomposition,2024,Proceedings of the 2024 7th International Conference on Artificial Intelligence and Pattern Recognition,Zongyao Liu; Weiwei Kong,"[{""id"": ""2346683576"", ""name"": ""Zongyao Liu"", ""source"": ""s2""}, {""id"": ""2306371594"", ""name"": ""Weiwei Kong"", ""source"": ""s2""}]"
a2e81e5fec7faa9611519dc1589dc6ea04a453b1,10.1007/s12559-024-10347-4,A Joint Network for Low-Light Image Enhancement Based on Retinex,2024,Cognitive Computation,Yonglong Jiang; Jiahe Zhu; Liangliang Li; Hongbing Ma,"[{""id"": ""2185025897"", ""name"": ""Yonglong Jiang"", ""source"": ""s2""}, {""id"": ""2217888910"", ""name"": ""Jiahe Zhu"", ""source"": ""s2""}, {""id"": ""2214104890"", ""name"": ""Liangliang Li"", ""source"": ""s2""}, {""id"": ""2153231160"", ""name"": ""Hongbing Ma"", ""source"": ""s2""}]"
14abe8b55078629a9df950400170cec7e89adc9a,10.48550/arXiv.2409.08585,Optimizing 4D Lookup Table for Low-light Video Enhancement via Wavelet Priori,2024,arXiv.org,Jinhong He; Minglong Xue; Wenhai Wang; Mingliang Zhou,"[{""id"": ""2278779333"", ""name"": ""Jinhong He"", ""source"": ""s2""}, {""id"": ""2239994043"", ""name"": ""Minglong Xue"", ""source"": ""s2""}, {""id"": ""2278582110"", ""name"": ""Wenhai Wang"", ""source"": ""s2""}, {""id"": ""2278620870"", ""name"": ""Mingliang Zhou"", ""source"": ""s2""}]"
68ca72861531e1993b7c318d71a04f571d48c5a3,10.1145/3696474.3708464,Multi-scale Structure Aggregation with Instance-aware Enhancement for Object Detection,2024,Proceedings of the 2024 4th International Joint Conference on Robotics and Artificial Intelligence,Jingsi Zhang; Xiaosheng Yu; Zhixin Dong; Chengdong Wu,"[{""id"": ""2107924895"", ""name"": ""Jingsi Zhang"", ""source"": ""s2""}, {""id"": ""9305845"", ""name"": ""Xiaosheng Yu"", ""source"": ""s2""}, {""id"": ""2319813971"", ""name"": ""Zhixin Dong"", ""source"": ""s2""}, {""id"": ""2238041387"", ""name"": ""Chengdong Wu"", ""source"": ""s2""}]"
6ffe412d303705239835a6b49ba5c191e61fe24b,10.1109/TMM.2024.3521760,RCNet: Deep Recurrent Collaborative Network for Multi-View Low-Light Image Enhancement,2024,IEEE transactions on multimedia,Hao Luo; Baoliang Chen; Lingyu Zhu; Peilin Chen; Shiqi Wang,"[{""id"": ""2320190989"", ""name"": ""Hao Luo"", ""source"": ""s2""}, {""id"": ""1919597217"", ""name"": ""Baoliang Chen"", ""source"": ""s2""}, {""id"": ""2281724124"", ""name"": ""Lingyu Zhu"", ""source"": ""s2""}, {""id"": ""2158171902"", ""name"": ""Peilin Chen"", ""source"": ""s2""}, {""id"": ""2279744514"", ""name"": ""Shiqi Wang"", ""source"": ""s2""}]"
17489be469deca5718217f25d9550aa1c9c56d7e,10.1109/TPAMI.2025.3617801,"EvLight++: Low-Light Video Enhancement With an Event Camera: A Large-Scale Real-World Dataset, Novel Method, and More",2024,IEEE Transactions on Pattern Analysis and Machine Intelligence,Kanghao Chen; Guoqiang Liang; Yunfan Lu; Hangyu Li; Lin Wang,"[{""id"": ""2294580844"", ""name"": ""Kanghao Chen"", ""source"": ""s2""}, {""id"": ""2294359232"", ""name"": ""Guoqiang Liang"", ""source"": ""s2""}, {""id"": ""2014217"", ""name"": ""Yunfan Lu"", ""source"": ""s2""}, {""id"": ""2294767989"", ""name"": ""Hangyu Li"", ""source"": ""s2""}, {""id"": ""2294355997"", ""name"": ""Lin Wang"", ""source"": ""s2""}]"
bd1f29a11de077284838d284cf21c5305aa71b6b,10.1111/cgf.15192,Row–Column Separated Attention Based Low‐Light Image/Video Enhancement,2024,Computer graphics forum (Print),Chengqi Dong; Zhiyuan Cao; Tuoshi Qi; Kexin Wu; Yixing Gao; Fan Tang,"[{""id"": ""2319898417"", ""name"": ""Chengqi Dong"", ""source"": ""s2""}, {""id"": ""2320094469"", ""name"": ""Zhiyuan Cao"", ""source"": ""s2""}, {""id"": ""2367590891"", ""name"": ""Tuoshi Qi"", ""source"": ""s2""}, {""id"": ""2292672610"", ""name"": ""Kexin Wu"", ""source"": ""s2""}, {""id"": ""2299097283"", ""name"": ""Yixing Gao"", ""source"": ""s2""}, {""id"": ""2318387317"", ""name"": ""Fan Tang"", ""source"": ""s2""}]"
0ccb8d9ead57a908f247cd0b2d9b57429ec60770,10.48550/arXiv.2408.16235,LMT-GP: Combined Latent Mean-Teacher and Gaussian Process for Semi-supervised Low-light Image Enhancement,2024,European Conference on Computer Vision,Ye Yu; Fengxin Chen; Jun Yu; Zhen Kan,"[{""id"": ""2318541742"", ""name"": ""Ye Yu"", ""source"": ""s2""}, {""id"": ""2261934212"", ""name"": ""Fengxin Chen"", ""source"": ""s2""}, {""id"": ""2318696183"", ""name"": ""Jun Yu"", ""source"": ""s2""}, {""id"": ""2317981241"", ""name"": ""Zhen Kan"", ""source"": ""s2""}]"
5f635d114a1b61b1fdcb15c882aea0ac0b6c72fe,10.48550/arXiv.2408.14916,Towards Real-world Event-guided Low-light Video Enhancement and Deblurring,2024,European Conference on Computer Vision,Taewoo Kim; Jaeseok Jeong; Hoonhee Cho; Yuhwan Jeong; Kuk-Jin Yoon,"[{""id"": ""2111182649"", ""name"": ""Taewoo Kim"", ""source"": ""s2""}, {""id"": ""72286913"", ""name"": ""Jaeseok Jeong"", ""source"": ""s2""}, {""id"": ""2148275179"", ""name"": ""Hoonhee Cho"", ""source"": ""s2""}, {""id"": ""2279930538"", ""name"": ""Yuhwan Jeong"", ""source"": ""s2""}, {""id"": ""2279721731"", ""name"": ""Kuk-Jin Yoon"", ""source"": ""s2""}]"
757ccd22e43bc6fdccfddf94266f3dcb5d856113,10.1109/WRCSARA64167.2024.10685674,Deep learning-based low-light image enhancement method for driving behavior recognition*,2024,2024 WRC Symposium on Advanced Robotics and Automation (WRC SARA),Chenjie Zhang; Jialu Li; Hanping Hu; Xuemei Bai,"[{""id"": ""2244133607"", ""name"": ""Chenjie Zhang"", ""source"": ""s2""}, {""id"": ""2244130303"", ""name"": ""Jialu Li"", ""source"": ""s2""}, {""id"": ""2244144525"", ""name"": ""Hanping Hu"", ""source"": ""s2""}, {""id"": ""2244383485"", ""name"": ""Xuemei Bai"", ""source"": ""s2""}]"
3ced108a14812f54d17b2bd773e59fde6cb1bac5,10.48550/arXiv.2408.12316,Unrolled Decomposed Unpaired Learning for Controllable Low-Light Video Enhancement,2024,European Conference on Computer Vision,Lingyu Zhu; Wenhan Yang; Baoliang Chen; Hanwei Zhu; Zhangkai Ni; Qi Mao; Shiqi Wang,"[{""id"": ""2281724124"", ""name"": ""Lingyu Zhu"", ""source"": ""s2""}, {""id"": ""2274269967"", ""name"": ""Wenhan Yang"", ""source"": ""s2""}, {""id"": ""1919597217"", ""name"": ""Baoliang Chen"", ""source"": ""s2""}, {""id"": ""151482176"", ""name"": ""Hanwei Zhu"", ""source"": ""s2""}, {""id"": ""38748686"", ""name"": ""Zhangkai Ni"", ""source"": ""s2""}, {""id"": ""2316635994"", ""name"": ""Qi Mao"", ""source"": ""s2""}, {""id"": ""2303523184"", ""name"": ""Shiqi Wang"", ""source"": ""s2""}]"
37bbf33fceb92290a333d32df87a8d1604a0fc19,10.1007/s11042-024-20086-1,Low light image enhancement using reflection model and wavelet fusion,2024,Multimedia tools and applications,Pallavi Singh; A. Bhandari; Reman Kumar,"[{""id"": ""2291444214"", ""name"": ""Pallavi Singh"", ""source"": ""s2""}, {""id"": ""2019243"", ""name"": ""A. Bhandari"", ""source"": ""s2""}, {""id"": ""2157583053"", ""name"": ""Reman Kumar"", ""source"": ""s2""}]"
0ac5a12a3edafd2dd732ef52d88567094b86c47a,10.48550/arXiv.2408.10934,SDI-Net: Toward Sufficient Dual-View Interaction for Low-light Stereo Image Enhancement,2024,arXiv.org,Linlin Hu; Ao Sun; Shijie Hao; Richang Hong; Meng Wang,"[{""id"": ""2279334429"", ""name"": ""Linlin Hu"", ""source"": ""s2""}, {""id"": ""2316490173"", ""name"": ""Ao Sun"", ""source"": ""s2""}, {""id"": ""6175623"", ""name"": ""Shijie Hao"", ""source"": ""s2""}, {""id"": ""2279214329"", ""name"": ""Richang Hong"", ""source"": ""s2""}, {""id"": ""2146058658"", ""name"": ""Meng Wang"", ""source"": ""s2""}]"
f4a19e007b7ee8553413ca018d94b2195b1c9a4c,10.1109/WACV61042.2026.00672,From Darkness to Detail: Frequency-Aware SSMs for Low-Light Vision,2024,IEEE Workshop/Winter Conference on Applications of Computer Vision,Eashan Adhikarla; Kai Zhang; Gong Chen; John Nicholson; Brian D. Davison,"[{""id"": ""2123636086"", ""name"": ""Eashan Adhikarla"", ""source"": ""s2""}, {""id"": ""2335134242"", ""name"": ""Kai Zhang"", ""source"": ""s2""}, {""id"": ""2406942164"", ""name"": ""Gong Chen"", ""source"": ""s2""}, {""id"": ""2269473262"", ""name"": ""John Nicholson"", ""source"": ""s2""}, {""id"": ""2269472995"", ""name"": ""Brian D. Davison"", ""source"": ""s2""}]"
ac3f2f70ae5853d82dd08a4950c9d169a576e5b9,10.1007/s11554-024-01532-7,Real-time low-light video enhancement on smartphones,2024,Journal of Real-Time Image Processing,Yiming Zhou; Callen MacPhee; Wesley Gunawan; A. Farahani; Bahram Jalali,"[{""id"": ""2110329268"", ""name"": ""Yiming Zhou"", ""source"": ""s2""}, {""id"": ""2153711687"", ""name"": ""Callen MacPhee"", ""source"": ""s2""}, {""id"": ""2317717631"", ""name"": ""Wesley Gunawan"", ""source"": ""s2""}, {""id"": ""2307125212"", ""name"": ""A. Farahani"", ""source"": ""s2""}, {""id"": ""2223401065"", ""name"": ""Bahram Jalali"", ""source"": ""s2""}]"
138e34501e97f13ba1bd137efa50bf9952819852,10.1111/cgf.15213,Gaussian in the Dark: Real‐Time View Synthesis From Inconsistent Dark Images Using Gaussian Splatting,2024,Computer graphics forum (Print),Sheng Ye; Zhen-Hui Dong; Yubin Hu; Yu-Hui Wen; Yong-Jin Liu,"[{""id"": ""2190436787"", ""name"": ""Sheng Ye"", ""source"": ""s2""}, {""id"": ""2316666844"", ""name"": ""Zhen-Hui Dong"", ""source"": ""s2""}, {""id"": ""2112240517"", ""name"": ""Yubin Hu"", ""source"": ""s2""}, {""id"": ""2114784556"", ""name"": ""Yu-Hui Wen"", ""source"": ""s2""}, {""id"": ""2311459761"", ""name"": ""Yong-Jin Liu"", ""source"": ""s2""}]"
f71ffa51c5c62420ccedc323353188fff40ca3d0,10.1109/IROS58592.2024.10802761,Latent Disentanglement for Low Light Image Enhancement,2024,IEEE/RJS International Conference on Intelligent RObots and Systems,Zhihao Zheng; Mooi Choo Choo Chuah,"[{""id"": ""2115549646"", ""name"": ""Zhihao Zheng"", ""source"": ""s2""}, {""id"": ""144811861"", ""name"": ""Mooi Choo Choo Chuah"", ""source"": ""s2""}]"
ee154e5a6906ecae7138b664f1d96cfbcdc9e449,10.1007/s11042-024-19907-0,HCSAM-Net: multistage network with a hybrid of convolution and self-attention mechanism for low-light image enhancement,2024,Multimedia tools and applications,Jiale Chen; Qiusheng Lian; Xinyu Zhang; Dan Zhang; Yuchi Yang,"[{""id"": ""2290357890"", ""name"": ""Jiale Chen"", ""source"": ""s2""}, {""id"": ""1933741"", ""name"": ""Qiusheng Lian"", ""source"": ""s2""}, {""id"": ""2315892943"", ""name"": ""Xinyu Zhang"", ""source"": ""s2""}, {""id"": ""2268246826"", ""name"": ""Dan Zhang"", ""source"": ""s2""}, {""id"": ""153690296"", ""name"": ""Yuchi Yang"", ""source"": ""s2""}]"
0281adec15d01773593b4993019b33c055e6d403,10.1007/s11760-024-03439-z,An unsupervised low-light video enhancement network based on inter-frame consistency,2024,"Signal, Image and Video Processing",Shuyuan Wen; Wenchao Li,"[{""id"": ""2265494825"", ""name"": ""Shuyuan Wen"", ""source"": ""s2""}, {""id"": ""2265521694"", ""name"": ""Wenchao Li"", ""source"": ""s2""}]"
be5af6dbd1a138edf26f180ad7a1e1b20c4d2925,10.1016/j.compeleceng.2024.109310,Research on inshore ship detection under nighttime low-visibility environment for maritime surveillance,2024,Computers & electrical engineering,Sen Li; Xiaohua Cao; Zhigang Zhou,"[{""id"": ""2362970396"", ""name"": ""Sen Li"", ""source"": ""s2""}, {""id"": ""2276795811"", ""name"": ""Xiaohua Cao"", ""source"": ""s2""}, {""id"": ""2276817156"", ""name"": ""Zhigang Zhou"", ""source"": ""s2""}]"
e28a2008c524b93407357b401d596842851d927b,10.1109/TETCI.2024.3369858,Unsupervised Low-Light Image Enhancement via Luminance Mask and Luminance-Independent Representation Decoupling,2024,IEEE Transactions on Emerging Topics in Computational Intelligence,Bo Peng; Jia Zhang; Zhe Zhang; Qingming Huang; Li-qiong Chen; Jianjun Lei,"[{""id"": ""2054590685"", ""name"": ""Bo Peng"", ""source"": ""s2""}, {""id"": ""2271223169"", ""name"": ""Jia Zhang"", ""source"": ""s2""}, {""id"": ""2177091563"", ""name"": ""Zhe Zhang"", ""source"": ""s2""}, {""id"": ""2237597856"", ""name"": ""Qingming Huang"", ""source"": ""s2""}, {""id"": ""2155570120"", ""name"": ""Li-qiong Chen"", ""source"": ""s2""}, {""id"": ""143879230"", ""name"": ""Jianjun Lei"", ""source"": ""s2""}]"
543c8d486ccc6bb8e084f12eb1539fe417b6ac30,10.1016/j.imavis.2024.105202,MPE-DETR: A multiscale pyramid enhancement network for object detection in low-light images,2024,Image and Vision Computing,Rui Xue; Jialu Duan; Zhengwei Du,"[{""id"": ""2198770953"", ""name"": ""Rui Xue"", ""source"": ""s2""}, {""id"": ""2260650068"", ""name"": ""Jialu Duan"", ""source"": ""s2""}, {""id"": ""2198776157"", ""name"": ""Zhengwei Du"", ""source"": ""s2""}]"
5716a42ef706dcb6ad12c34fca4ec688a053baba,10.1016/j.neunet.2024.106622,Dark-DSAR: Lightweight one-step pipeline for action recognition in dark videos,2024,Neural Networks,Yuwei Yin; Miao Liu; Renjie Yang; Yuanzhong Liu; Zhigang Tu,"[{""id"": ""2315786138"", ""name"": ""Yuwei Yin"", ""source"": ""s2""}, {""id"": ""2108511234"", ""name"": ""Miao Liu"", ""source"": ""s2""}, {""id"": ""2387639781"", ""name"": ""Renjie Yang"", ""source"": ""s2""}, {""id"": ""2051276746"", ""name"": ""Yuanzhong Liu"", ""source"": ""s2""}, {""id"": ""2061178292"", ""name"": ""Zhigang Tu"", ""source"": ""s2""}]"
63359f93a81ac201778924f4f5185bd01f986688,10.3390/jimaging10080204,Optimisation of Convolution-Based Image Lightness Processing,2024,Journal of Imaging,D. Rowlands; Graham D. Finlayson,"[{""id"": ""2248611046"", ""name"": ""D. Rowlands"", ""source"": ""s2""}, {""id"": ""2256917785"", ""name"": ""Graham D. Finlayson"", ""source"": ""s2""}]"
0f05bb3f445aad94d36d62117c123813bd329b51,10.23919/CCC63176.2024.10661815,Low-Light Image Enhancement Network Based on Hierarchical Residual and Attention Mechanism,2024,Cybersecurity and Cyberforensics Conference,Shengjun Xu; Chi Nan; Huan Yang,"[{""id"": ""2321677070"", ""name"": ""Shengjun Xu"", ""source"": ""s2""}, {""id"": ""30854901"", ""name"": ""Chi Nan"", ""source"": ""s2""}, {""id"": ""2156108881"", ""name"": ""Huan Yang"", ""source"": ""s2""}]"
4c8bc85c4110461efc4eb09af9ad2b44f7f69f08,10.1007/s11760-024-03431-7,Illumination-guided semi-supervised network for low-light image enhancement jointly with denoising,2024,"Signal, Image and Video Processing",Jingzhi Ouyang; Keya Huang,"[{""id"": ""2313401071"", ""name"": ""Jingzhi Ouyang"", ""source"": ""s2""}, {""id"": ""2313617236"", ""name"": ""Keya Huang"", ""source"": ""s2""}]"
dbd742492c4ac3358e55281b29a5dfdd77c28619,10.48550/arXiv.2407.14900,AGLLDiff: Guiding Diffusion Models Towards Unsupervised Training-free Real-world Low-light Image Enhancement,2024,AAAI Conference on Artificial Intelligence,Yunlong Lin; Tian Ye; Sixiang Chen; Zhenqi Fu; Yingying Wang; Wenhao Chai; Zhaohu Xing; Lei Zhu; Xinghao Ding,"[{""id"": ""2262081005"", ""name"": ""Yunlong Lin"", ""source"": ""s2""}, {""id"": ""2280882260"", ""name"": ""Tian Ye"", ""source"": ""s2""}, {""id"": ""2111636335"", ""name"": ""Sixiang Chen"", ""source"": ""s2""}, {""id"": ""31419775"", ""name"": ""Zhenqi Fu"", ""source"": ""s2""}, {""id"": ""2261894410"", ""name"": ""Yingying Wang"", ""source"": ""s2""}, {""id"": ""2308312508"", ""name"": ""Wenhao Chai"", ""source"": ""s2""}, {""id"": ""153107262"", ""name"": ""Zhaohu Xing"", ""source"": ""s2""}, {""id"": ""2265684978"", ""name"": ""Lei Zhu"", ""source"": ""s2""}, {""id"": ""2262201427"", ""name"": ""Xinghao Ding"", ""source"": ""s2""}]"
ed1a1e556e3c685e2c8a07da244c80667dbdf610,10.1145/3700035.3700054,ASFN: An RGB-T Adaptive Selection Fusion Network for Nighttime Tracking,2024,Proceedings of the 2024 International Conference on Intelligent Perception and Pattern Recognition,Linxin Zhang; Xianglong Chen; Jinsheng Liu; Tao Yan,"[{""id"": ""2327499797"", ""name"": ""Linxin Zhang"", ""source"": ""s2""}, {""id"": ""2306139944"", ""name"": ""Xianglong Chen"", ""source"": ""s2""}, {""id"": ""2330057440"", ""name"": ""Jinsheng Liu"", ""source"": ""s2""}, {""id"": ""2106094117"", ""name"": ""Tao Yan"", ""source"": ""s2""}]"
2dde243299bb4cbc05470254ee30e83cf70d781b,10.1117/12.3035098,Dim-light image processing strategy rooted in improved dual-branch generative adversarial network,2024,International Conference on Image Processing and Artificial Intelligence,Keyi Li; Zongshou Wei,"[{""id"": ""2330053537"", ""name"": ""Keyi Li"", ""source"": ""s2""}, {""id"": ""31331817"", ""name"": ""Zongshou Wei"", ""source"": ""s2""}]"
7534645cceb13394fe2298d573401e40c913b70d,10.48550/arXiv.2407.12431,GLARE: Low Light Image Enhancement via Generative Latent Feature based Codebook Retrieval,2024,European Conference on Computer Vision,Han Zhou; Wei Dong; Xiaohong Liu; Shuaicheng Liu; Xiongkuo Min; Guangtao Zhai; Jun Chen,"[{""id"": ""2305206336"", ""name"": ""Han Zhou"", ""source"": ""s2""}, {""id"": ""2305622986"", ""name"": ""Wei Dong"", ""source"": ""s2""}, {""id"": ""2311271429"", ""name"": ""Xiaohong Liu"", ""source"": ""s2""}, {""id"": ""2311739754"", ""name"": ""Shuaicheng Liu"", ""source"": ""s2""}, {""id"": ""2246414"", ""name"": ""Xiongkuo Min"", ""source"": ""s2""}, {""id"": ""2266393212"", ""name"": ""Guangtao Zhai"", ""source"": ""s2""}, {""id"": ""2261186402"", ""name"": ""Jun Chen"", ""source"": ""s2""}]"
c4c6fa4b3c7999cd9d8c55bedbb6328d401fafba,10.1109/AVSS61716.2024.10672597,Zero Reference based Low-light Enhancement with Wavelet Optimization,2024,Advanced Video and Signal Based Surveillance,Vivek Deshmukh; A. Dukre; Ashutosh Kulkarni; Prashant W. Patil; Santosh Kumar Vipparthi; Subrahmanyam Murala; A. Gonde,"[{""id"": ""2308310942"", ""name"": ""Vivek Deshmukh"", ""source"": ""s2""}, {""id"": ""2308310785"", ""name"": ""A. Dukre"", ""source"": ""s2""}, {""id"": ""2147218269"", ""name"": ""Ashutosh Kulkarni"", ""source"": ""s2""}, {""id"": ""1430720118"", ""name"": ""Prashant W. Patil"", ""source"": ""s2""}, {""id"": ""145353981"", ""name"": ""Santosh Kumar Vipparthi"", ""source"": ""s2""}, {""id"": ""1827383"", ""name"": ""Subrahmanyam Murala"", ""source"": ""s2""}, {""id"": ""2636421"", ""name"": ""A. Gonde"", ""source"": ""s2""}]"
04ada684161f99e2a1c237887f68561dee92ac73,10.1109/ICME57554.2024.10687442,A Channel-Wise Guidance Sparse Transformer for Effective Dark Image Enhancement,2024,IEEE International Conference on Multimedia and Expo,Haiyan Jin; Yifan Shuai; Fengyuan Zuo; Haonan Su; Zhaolin Xiao; Bin Wang; Yuanlin Zhang,"[{""id"": ""2261118967"", ""name"": ""Haiyan Jin"", ""source"": ""s2""}, {""id"": ""2185687544"", ""name"": ""Yifan Shuai"", ""source"": ""s2""}, {""id"": ""2280672476"", ""name"": ""Fengyuan Zuo"", ""source"": ""s2""}, {""id"": ""2240413352"", ""name"": ""Haonan Su"", ""source"": ""s2""}, {""id"": ""2760487"", ""name"": ""Zhaolin Xiao"", ""source"": ""s2""}, {""id"": ""2152595061"", ""name"": ""Bin Wang"", ""source"": ""s2""}, {""id"": ""2292883413"", ""name"": ""Yuanlin Zhang"", ""source"": ""s2""}]"
7da6f70ecc09a2ac615d475d82e2a1d747428403,10.48550/arXiv.2407.04621,OneRestore: A Universal Restoration Framework for Composite Degradation,2024,European Conference on Computer Vision,Yu Guo; Yuan Gao; Yuxu Lu; Huilin Zhu; Ryan Wen Liu; Shengfeng He,"[{""id"": ""2310688922"", ""name"": ""Yu Guo"", ""source"": ""s2""}, {""id"": ""2244143114"", ""name"": ""Yuan Gao"", ""source"": ""s2""}, {""id"": ""121713030"", ""name"": ""Yuxu Lu"", ""source"": ""s2""}, {""id"": ""2000555299"", ""name"": ""Huilin Zhu"", ""source"": ""s2""}, {""id"": ""2268299485"", ""name"": ""Ryan Wen Liu"", ""source"": ""s2""}, {""id"": ""2310814137"", ""name"": ""Shengfeng He"", ""source"": ""s2""}]"
1ee2e797d4bafc6013d87e71a53b58df70bae4ef,10.1016/j.image.2024.117174,A modified hue and range preserving color assignment function with a component-wise saturation adjustment for color image enhancement,2024,Signal processing. Image communication,Sepideh Khormaeipour; F. Shakeri,"[{""id"": ""2312591734"", ""name"": ""Sepideh Khormaeipour"", ""source"": ""s2""}, {""id"": ""2312590610"", ""name"": ""F. Shakeri"", ""source"": ""s2""}]"
c2e9ce7ebc4789a25fc7f1bf666434ea6425c498,10.1016/j.eswa.2024.124923,A robust and real-time lane detection method in low-light scenarios to advanced driver assistance systems,2024,Expert systems with applications,Ronghui Zhang; Jingtao Peng; Wanting Gou; Yuhang Ma; Junzhou Chen; Hongyu Hu; Weihua Li; Guodong Yin; Zhiwu Li,"[{""id"": ""2152042536"", ""name"": ""Ronghui Zhang"", ""source"": ""s2""}, {""id"": ""2304309507"", ""name"": ""Jingtao Peng"", ""source"": ""s2""}, {""id"": ""2124837318"", ""name"": ""Wanting Gou"", ""source"": ""s2""}, {""id"": ""2314811604"", ""name"": ""Yuhang Ma"", ""source"": ""s2""}, {""id"": ""2282087105"", ""name"": ""Junzhou Chen"", ""source"": ""s2""}, {""id"": ""2266705952"", ""name"": ""Hongyu Hu"", ""source"": ""s2""}, {""id"": ""153021240"", ""name"": ""Weihua Li"", ""source"": ""s2""}, {""id"": ""2264175328"", ""name"": ""Guodong Yin"", ""source"": ""s2""}, {""id"": ""2299107307"", ""name"": ""Zhiwu Li"", ""source"": ""s2""}]"
16f5bd6b9a50ae08bc9e42c199881c67f72a98b4,10.1109/IJCNN60899.2024.10650361,YOLO-DS: Application of One-Stage Instance Segmentation in the Dark at Construction Sites,2024,IEEE International Joint Conference on Neural Network,Cong Zhang; Jie Shen,"[{""id"": ""2276024367"", ""name"": ""Cong Zhang"", ""source"": ""s2""}, {""id"": ""2275989034"", ""name"": ""Jie Shen"", ""source"": ""s2""}]"
138d74ccd98541688096bbafd52cb25b2d000c19,10.1109/TIACOMP64125.2024.00087,An Experiment Based Improved Image Enhancement Methods Analysis,2024,2024 First International Conference on Technological Innovations and Advance Computing (TIACOMP),Lakshmi Kumari; Neetu Mittal; Megha Modi,"[{""id"": ""2292765872"", ""name"": ""Lakshmi Kumari"", ""source"": ""s2""}, {""id"": ""6883706"", ""name"": ""Neetu Mittal"", ""source"": ""s2""}, {""id"": ""49779047"", ""name"": ""Megha Modi"", ""source"": ""s2""}]"
1cc783dd2602b095c02045c45a3a2676434f0328,10.1371/journal.pone.0300792,Exposure image correction of electrical equipment nameplate based on the LMPEC algorithm,2024,PLoS ONE,Hao Wu; Yanxi Liu; Zhongyang Jin; Yuanjie Zhou,"[{""id"": ""2360520904"", ""name"": ""Hao Wu"", ""source"": ""s2""}, {""id"": ""2237952694"", ""name"": ""Yanxi Liu"", ""source"": ""s2""}, {""id"": ""2200984558"", ""name"": ""Zhongyang Jin"", ""source"": ""s2""}, {""id"": ""2346546582"", ""name"": ""Yuanjie Zhou"", ""source"": ""s2""}]"
1cc0adaa701a077edd3a5b009dcb2ad9797c823a,10.3390/agriculture14071003,Improved Lightweight Zero-Reference Deep Curve Estimation Low-Light Enhancement Algorithm for Night-Time Cow Detection,2024,Agriculture,Zijian Yu; Yangyang Guo; Liyuan Zhang; Yi Ding; Gan Zhang; Dongyan Zhang,"[{""id"": ""2337083635"", ""name"": ""Zijian Yu"", ""source"": ""s2""}, {""id"": ""2250557927"", ""name"": ""Yangyang Guo"", ""source"": ""s2""}, {""id"": ""2308626842"", ""name"": ""Liyuan Zhang"", ""source"": ""s2""}, {""id"": ""2364938868"", ""name"": ""Yi Ding"", ""source"": ""s2""}, {""id"": ""2291694517"", ""name"": ""Gan Zhang"", ""source"": ""s2""}, {""id"": ""2291643624"", ""name"": ""Dongyan Zhang"", ""source"": ""s2""}]"
2c1fd3595737c548072762324e62518f5685b7ec,10.1007/s11042-024-19594-x,Laplacian and gaussian pyramid based multiscale fusion for nighttime image enhancement,2024,Multimedia tools and applications,Pallavi Singh; A. Bhandari,"[{""id"": ""2291444214"", ""name"": ""Pallavi Singh"", ""source"": ""s2""}, {""id"": ""2019243"", ""name"": ""A. Bhandari"", ""source"": ""s2""}]"
ac96c7f3cf2d4b18f0b2779dddce3e8361aa203f,10.1016/j.eswa.2023.122844,DedustGAN: Unpaired learning for image dedusting based on Retinex with GANs,2024,Expert systems with applications,Xianglong Meng; Jiayan Huang; Zuoyong Li; Chuansheng Wang; Shenghua Teng; Antoni Grau-Saldes,"[{""id"": ""2375859321"", ""name"": ""Xianglong Meng"", ""source"": ""s2""}, {""id"": ""2115946545"", ""name"": ""Jiayan Huang"", ""source"": ""s2""}, {""id"": ""2258422375"", ""name"": ""Zuoyong Li"", ""source"": ""s2""}, {""id"": ""2109152855"", ""name"": ""Chuansheng Wang"", ""source"": ""s2""}, {""id"": ""2677515"", ""name"": ""Shenghua Teng"", ""source"": ""s2""}, {""id"": ""2303489844"", ""name"": ""Antoni Grau-Saldes"", ""source"": ""s2""}]"
89632ceab7cb79c1e9b683c4036669c00ac997cb,10.1109/TETCI.2024.3369447,A Global Self-Attention Memristive Neural Network for Image Restoration,2024,IEEE Transactions on Emerging Topics in Computational Intelligence,Wenhao Zhang; He Xiao; Dirui Xie; Yue Zhou; Shukai Duan; Xiaofang Hu,"[{""id"": ""2291690841"", ""name"": ""Wenhao Zhang"", ""source"": ""s2""}, {""id"": ""2114210605"", ""name"": ""He Xiao"", ""source"": ""s2""}, {""id"": ""2211254189"", ""name"": ""Dirui Xie"", ""source"": ""s2""}, {""id"": ""2116451313"", ""name"": ""Yue Zhou"", ""source"": ""s2""}, {""id"": ""2269227618"", ""name"": ""Shukai Duan"", ""source"": ""s2""}, {""id"": ""47027727"", ""name"": ""Xiaofang Hu"", ""source"": ""s2""}]"
c7e424e9f36a9b9e2831beec5198419a274c392b,10.1016/j.displa.2024.102774,Blind quality assessment of night-time photos: A region selective approach,2024,Displays (Guildford),Zongxi Han; Rong Xie,"[{""id"": ""2113961851"", ""name"": ""Zongxi Han"", ""source"": ""s2""}, {""id"": ""2200263735"", ""name"": ""Rong Xie"", ""source"": ""s2""}]"
535149249a303960328e020f20e1fb851b99133f,10.3390/s24123794,Research on Unsupervised Low-Light Railway Fastener Image Enhancement Method Based on Contrastive Learning GAN,2024,Italian National Conference on Sensors,Yijie Cai; Xuehai Liu; Huoxing Li; Fei Lu; Xinghua Gu; Kang Qin,"[{""id"": ""2216665371"", ""name"": ""Yijie Cai"", ""source"": ""s2""}, {""id"": ""2337870644"", ""name"": ""Xuehai Liu"", ""source"": ""s2""}, {""id"": ""2109107007"", ""name"": ""Huoxing Li"", ""source"": ""s2""}, {""id"": ""2277250246"", ""name"": ""Fei Lu"", ""source"": ""s2""}, {""id"": ""2177521350"", ""name"": ""Xinghua Gu"", ""source"": ""s2""}, {""id"": ""2293841228"", ""name"": ""Kang Qin"", ""source"": ""s2""}]"
73bc98c437c327316b49c8fe9ee5cd8456c6590c,10.1109/AIIoT61789.2024.10578944,Preserving Details in Darkness: A VQ-VAE Based Approach with SSIM Loss for Low-Light Image Enhancement,2024,2024 IEEE World AI IoT Congress (AIIoT),Farzaneh Koohestani; Zahra Nabizadeh-ShahrBabak; Nader Karimi; S. Samavi,"[{""id"": ""2276423439"", ""name"": ""Farzaneh Koohestani"", ""source"": ""s2""}, {""id"": ""2312740156"", ""name"": ""Zahra Nabizadeh-ShahrBabak"", ""source"": ""s2""}, {""id"": ""2288318017"", ""name"": ""Nader Karimi"", ""source"": ""s2""}, {""id"": ""143837075"", ""name"": ""S. Samavi"", ""source"": ""s2""}]"
c65b73d18022bd95733888c58bfc8713ab9b3518,10.3390/computers13060134,DCTE-LLIE: A Dual Color-and-Texture-Enhancement-Based Method for Low-Light Image Enhancement,2024,De Computis,Hua Wang; Jianzhong Cao; Lei Yang; Jijiang Huang,"[{""id"": ""2287562678"", ""name"": ""Hua Wang"", ""source"": ""s2""}, {""id"": ""2152964359"", ""name"": ""Jianzhong Cao"", ""source"": ""s2""}, {""id"": ""2118929457"", ""name"": ""Lei Yang"", ""source"": ""s2""}, {""id"": ""151483379"", ""name"": ""Jijiang Huang"", ""source"": ""s2""}]"
f35573beb971d8f3549acf452250e3153c882ab1,10.48550/arXiv.2405.16105,MambaLLIE: Implicit Retinex-Aware Low Light Enhancement with Global-then-Local State Space,2024,Neural Information Processing Systems,Jiangwei Weng; Zhiqiang Yan; Ying-ji Tai; J. Qian; Jian Yang; Jun Li,"[{""id"": ""2301455592"", ""name"": ""Jiangwei Weng"", ""source"": ""s2""}, {""id"": ""2143627370"", ""name"": ""Zhiqiang Yan"", ""source"": ""s2""}, {""id"": ""13459129"", ""name"": ""Ying-ji Tai"", ""source"": ""s2""}, {""id"": ""40074541"", ""name"": ""J. Qian"", ""source"": ""s2""}, {""id"": ""2273535040"", ""name"": ""Jian Yang"", ""source"": ""s2""}, {""id"": ""2265939036"", ""name"": ""Jun Li"", ""source"": ""s2""}]"
4540ff851c63492210d96944f1c2750f064fcc0c,10.24963/ijcai.2025/238,Low-Light Video Enhancement via Spatial-Temporal Consistent Decomposition,2024,International Joint Conference on Artificial Intelligence,Xiaogang Xu; Kun Zhou; Tao Hu; Jiafei Wu; Ruixing Wang; Hao Peng; Bei Yu,"[{""id"": ""2276483420"", ""name"": ""Xiaogang Xu"", ""source"": ""s2""}, {""id"": ""2269757386"", ""name"": ""Kun Zhou"", ""source"": ""s2""}, {""id"": ""2291014998"", ""name"": ""Tao Hu"", ""source"": ""s2""}, {""id"": ""2276486864"", ""name"": ""Jiafei Wu"", ""source"": ""s2""}, {""id"": ""2303302229"", ""name"": ""Ruixing Wang"", ""source"": ""s2""}, {""id"": ""2362646460"", ""name"": ""Hao Peng"", ""source"": ""s2""}, {""id"": ""2362514661"", ""name"": ""Bei Yu"", ""source"": ""s2""}]"
43e5420583ae03d0421f133a47fe59eada235892,10.1371/journal.pone.0303696,A Retinex-based network for image enhancement in low-light environments,2024,PLoS ONE,Ji Wu; Bing Ding; Beining Zhang; Jie Ding,"[{""id"": ""2333585886"", ""name"": ""Ji Wu"", ""source"": ""s2""}, {""id"": ""2376718468"", ""name"": ""Bing Ding"", ""source"": ""s2""}, {""id"": ""2323500396"", ""name"": ""Beining Zhang"", ""source"": ""s2""}, {""id"": ""2269691445"", ""name"": ""Jie Ding"", ""source"": ""s2""}]"
d3c69517243e18db7e017cb9f26dcaa3d7e1031e,10.1109/ICETCI61221.2024.10594098,Improved Attention-based Fusion Model Integrating DnCNN and Unet for Low-Light Image Enhancement,2024,"2024 IEEE 4th International Conference on Electronic Technology, Communication and Information (ICETCI)",Yuhang Peng,"[{""id"": ""2349153100"", ""name"": ""Yuhang Peng"", ""source"": ""s2""}]"
3ac173213b682e01f554d0e48431608494acaf68,10.1007/s11263-024-02084-w,Temporally Consistent Enhancement of Low-Light Videos via Spatial-Temporal Compatible Learning,2024,International Journal of Computer Vision,Lingyu Zhu; Wenhan Yang; Baoliang Chen; Hanwei Zhu; Xiandong Meng; Shiqi Wang,"[{""id"": ""2281724124"", ""name"": ""Lingyu Zhu"", ""source"": ""s2""}, {""id"": ""2274269967"", ""name"": ""Wenhan Yang"", ""source"": ""s2""}, {""id"": ""1919597217"", ""name"": ""Baoliang Chen"", ""source"": ""s2""}, {""id"": ""151482176"", ""name"": ""Hanwei Zhu"", ""source"": ""s2""}, {""id"": ""2303545586"", ""name"": ""Xiandong Meng"", ""source"": ""s2""}, {""id"": ""2283201042"", ""name"": ""Shiqi Wang"", ""source"": ""s2""}]"
4b8401e8f6d43099a1cefda90da315d5d06344e9,10.1049/ipr2.13110,DAF-Retinex: Preserve the image detailed features and restore the reflected image,2024,IET Image Processing,Shiyu Huang; Zijun Gao; Jue Wang; Bo Li,"[{""id"": ""2308210377"", ""name"": ""Shiyu Huang"", ""source"": ""s2""}, {""id"": ""2268050385"", ""name"": ""Zijun Gao"", ""source"": ""s2""}, {""id"": ""2109763930"", ""name"": ""Jue Wang"", ""source"": ""s2""}, {""id"": ""2165247651"", ""name"": ""Bo Li"", ""source"": ""s2""}]"
af65cddbb918657abddcd25177d73f9e5f593ca2,10.1145/3685088.3685191,The Analysis of Urban Low-light Image Enhancement Algorithms,2024,Proceedings of the 2024 International Conference on Smart City and Information System,Ruiyao Wang; Rajamohan Parthasarathy,"[{""id"": ""2341172811"", ""name"": ""Ruiyao Wang"", ""source"": ""s2""}, {""id"": ""2257009921"", ""name"": ""Rajamohan Parthasarathy"", ""source"": ""s2""}]"
30d5e63de8ee196b99f95ce187a288cb2b56280a,10.1109/SIU61531.2024.10600998,Low-light Image Enhancement Using Attention Mechanisms on Edge-Connect Architecture,2024,Signal Processing and Communications Applications Conference,Muhammet Nuri Dudak; Büşra Söylemez; S. Çiftçi,"[{""id"": ""2215111325"", ""name"": ""Muhammet Nuri Dudak"", ""source"": ""s2""}, {""id"": ""2294457581"", ""name"": ""Büşra Söylemez"", ""source"": ""s2""}, {""id"": ""32656225"", ""name"": ""S. Çiftçi"", ""source"": ""s2""}]"
01daa23b1cdce9b9043a9db9a943bb29b049efb7,10.1007/978-3-031-91838-4_7,RMT-BVQA: Recurrent Memory Transformer-based Blind Video Quality Assessment for Enhanced Video Content,2024,ECCV Workshops,Tianhao Peng; Chen Feng; Duolikun Danier; Fan Zhang; David R. Bull,"[{""id"": ""2269736998"", ""name"": ""Tianhao Peng"", ""source"": ""s2""}, {""id"": ""2117346009"", ""name"": ""Chen Feng"", ""source"": ""s2""}, {""id"": ""2051683028"", ""name"": ""Duolikun Danier"", ""source"": ""s2""}, {""id"": ""2265620853"", ""name"": ""Fan Zhang"", ""source"": ""s2""}, {""id"": ""2138393856"", ""name"": ""David R. Bull"", ""source"": ""s2""}]"
fde1f92e6119cdd285eb70e08a489e098f457289,10.1007/s00371-024-03427-x,Fragrant: frequency-auxiliary guided relational attention network for low-light action recognition,2024,The Visual Computer,Wenxuan Liu; Xuemei Jia; Yihao Ju; Yakun Ju; Kui Jiang; Shifeng Wu; Luo Zhong; Xian Zhong,"[{""id"": ""1432791325"", ""name"": ""Wenxuan Liu"", ""source"": ""s2""}, {""id"": ""2100723008"", ""name"": ""Xuemei Jia"", ""source"": ""s2""}, {""id"": ""2301655459"", ""name"": ""Yihao Ju"", ""source"": ""s2""}, {""id"": ""144904672"", ""name"": ""Yakun Ju"", ""source"": ""s2""}, {""id"": ""2301686249"", ""name"": ""Kui Jiang"", ""source"": ""s2""}, {""id"": ""47403229"", ""name"": ""Shifeng Wu"", ""source"": ""s2""}, {""id"": ""2281210871"", ""name"": ""Luo Zhong"", ""source"": ""s2""}, {""id"": ""2240204468"", ""name"": ""Xian Zhong"", ""source"": ""s2""}]"
c645d41fd14d747d9446dddac7d3268bb58fdd45,10.3390/electronics13101814,A 5K Efficient Low-Light Enhancement Model by Estimating Increment between Dark Image and Transmission Map Based on Local Maximum Color Value Prior,2024,Electronics,Qikang Deng; DongWon Choo; H. Ji; Dohoon Lee,"[{""id"": ""2100612835"", ""name"": ""Qikang Deng"", ""source"": ""s2""}, {""id"": ""2300608052"", ""name"": ""DongWon Choo"", ""source"": ""s2""}, {""id"": ""2358980155"", ""name"": ""H. Ji"", ""source"": ""s2""}, {""id"": ""2271397772"", ""name"": ""Dohoon Lee"", ""source"": ""s2""}]"
dde611bfff032d9f5556b48845f464a56b11277c,10.1109/CSCWD61410.2024.10580802,Low-light Image Enhancement Algorithm Based on Improved Multi-scale Retinex with Adaptive Brightness Compensation,2024,International Conference on Computer Supported Cooperative Work in Design,Xinxin Wang; Ru Yi; Mingyang Sun; Zhaozheng Zhang,"[{""id"": ""2310648996"", ""name"": ""Xinxin Wang"", ""source"": ""s2""}, {""id"": ""2310627751"", ""name"": ""Ru Yi"", ""source"": ""s2""}, {""id"": ""2311080531"", ""name"": ""Mingyang Sun"", ""source"": ""s2""}, {""id"": ""2310757027"", ""name"": ""Zhaozheng Zhang"", ""source"": ""s2""}]"
89c966eda932d8182bd2033bd6a2fb232d4e6e7a,10.48550/arXiv.2405.03333,Light-VQA+: A Video Quality Assessment Model for Exposure Correction with Vision-Language Guidance,2024,arXiv.org,Xunchu Zhou; Xiaohong Liu; Yunlong Dong; Tengchuan Kou; Yixuan Gao; Zicheng Zhang; Chunyi Li; Haoning Wu; Guangtao Zhai,"[{""id"": ""2217414612"", ""name"": ""Xunchu Zhou"", ""source"": ""s2""}, {""id"": ""2211737291"", ""name"": ""Xiaohong Liu"", ""source"": ""s2""}, {""id"": ""2212175505"", ""name"": ""Yunlong Dong"", ""source"": ""s2""}, {""id"": ""2131091027"", ""name"": ""Tengchuan Kou"", ""source"": ""s2""}, {""id"": ""2118544238"", ""name"": ""Yixuan Gao"", ""source"": ""s2""}, {""id"": ""2116459218"", ""name"": ""Zicheng Zhang"", ""source"": ""s2""}, {""id"": ""2109738874"", ""name"": ""Chunyi Li"", ""source"": ""s2""}, {""id"": ""120155330"", ""name"": ""Haoning Wu"", ""source"": ""s2""}, {""id"": ""2266393212"", ""name"": ""Guangtao Zhai"", ""source"": ""s2""}]"
1f790b4cb07824dbba80fdf96e07de16c0688021,10.48550/arXiv.2405.03349,Retinexmamba: Retinex-based Mamba for Low-light Image Enhancement,2024,International Conference on Neural Information Processing,Jiesong Bai; Yuhao Yin; Qiyuan He; Yuanxiang Li; Xiaofeng Zhang,"[{""id"": ""2300253561"", ""name"": ""Jiesong Bai"", ""source"": ""s2""}, {""id"": ""2301176355"", ""name"": ""Yuhao Yin"", ""source"": ""s2""}, {""id"": ""2394129855"", ""name"": ""Qiyuan He"", ""source"": ""s2""}, {""id"": ""2144420776"", ""name"": ""Yuanxiang Li"", ""source"": ""s2""}, {""id"": ""2328309571"", ""name"": ""Xiaofeng Zhang"", ""source"": ""s2""}]"
d18c804bbd9925cac059ff3943b6e98865d9b5f9,10.1016/j.eswa.2024.124301,Multi-path parallel enhancement of low-light images based on multiscale spatially aware Retinex decomposition,2024,Expert systems with applications,Quan Lu; Chengwei Li; Linfei Yin,"[{""id"": ""2274925998"", ""name"": ""Quan Lu"", ""source"": ""s2""}, {""id"": ""2394624155"", ""name"": ""Chengwei Li"", ""source"": ""s2""}, {""id"": ""9152493"", ""name"": ""Linfei Yin"", ""source"": ""s2""}]"
28ede5678c292a55649fc8064eb03780b9bde80f,10.1016/j.patrec.2024.05.013,Select & Enhance: Masked-based image enhancement through tree-search theory and deep reinforcement learning,2024,Pattern Recognition Letters,Marco Cotogni; Claudio Cusano,"[{""id"": ""2265674038"", ""name"": ""Marco Cotogni"", ""source"": ""s2""}, {""id"": ""2265669375"", ""name"": ""Claudio Cusano"", ""source"": ""s2""}]"
69314b7b8499cb269d040aa33915c1b1e0f9d36f,10.1007/s10489-024-05534-7,Understanding and improving zero-reference deep curve estimation for low-light image enhancement,2024,Applied intelligence (Boston),Jiahao Wu; Dandan Zhan; Zhi Jin,"[{""id"": ""2316011150"", ""name"": ""Jiahao Wu"", ""source"": ""s2""}, {""id"": ""2133210939"", ""name"": ""Dandan Zhan"", ""source"": ""s2""}, {""id"": ""2300435939"", ""name"": ""Zhi Jin"", ""source"": ""s2""}]"
06e73d7ac69babae6dd1cdec219c662849f24192,10.1145/3663976.3663988,Low light image enhancement algorithm based on edge and colour information,2024,CVIPPR,Zhenyu Li,"[{""id"": ""2274447113"", ""name"": ""Zhenyu Li"", ""source"": ""s2""}]"
b6ed3cc2b0e4cad5e2b0ca7feeada355abef0c0e,10.1007/s00521-024-09687-x,Luminance domain-guided low-light image enhancement,2024,Neural computing & applications (Print),Yuhang Li; Chao Wang; Bing Liang; Feifan Cai; Youdong Ding,"[{""id"": ""2110539473"", ""name"": ""Yuhang Li"", ""source"": ""s2""}, {""id"": ""2144446642"", ""name"": ""Chao Wang"", ""source"": ""s2""}, {""id"": ""2180418786"", ""name"": ""Bing Liang"", ""source"": ""s2""}, {""id"": ""2203092308"", ""name"": ""Feifan Cai"", ""source"": ""s2""}, {""id"": ""2249071896"", ""name"": ""Youdong Ding"", ""source"": ""s2""}]"
643c09cf02d08cfd5b59194d905f6cc364456747,10.3390/math12081228,LLE-NET: A Low-Light Image Enhancement Algorithm Based on Curve Estimation,2024,Mathematics,Xiujie Cao; Jingjun Yu,"[{""id"": ""2297839069"", ""name"": ""Xiujie Cao"", ""source"": ""s2""}, {""id"": ""2279668138"", ""name"": ""Jingjun Yu"", ""source"": ""s2""}]"
59b109fa35c29a0de2ec37ad07963e7964a49bf5,10.1038/s41598-024-58965-0,Content-illumination coupling guided low-light image enhancement network,2024,Scientific Reports,Rui Zhao; Meilin Xie; Xubin Feng; Xiuqin Su; Huiming Zhang; Wei Yang,"[{""id"": ""2241032311"", ""name"": ""Rui Zhao"", ""source"": ""s2""}, {""id"": ""2283105060"", ""name"": ""Meilin Xie"", ""source"": ""s2""}, {""id"": ""51025015"", ""name"": ""Xubin Feng"", ""source"": ""s2""}, {""id"": ""2283643539"", ""name"": ""Xiuqin Su"", ""source"": ""s2""}, {""id"": ""2143469822"", ""name"": ""Huiming Zhang"", ""source"": ""s2""}, {""id"": ""2325918526"", ""name"": ""Wei Yang"", ""source"": ""s2""}]"
a55b7dd50bf59d4211e98ce4f1df2a732d4cd6d4,10.1007/s11042-024-19087-x,Low-light DEtection TRansformer (LDETR): object detection in low-light and adverse weather conditions,2024,Multimedia tools and applications,Alok Kumar Tiwari; M. Pattanaik; G. Sharma,"[{""id"": ""2280506119"", ""name"": ""Alok Kumar Tiwari"", ""source"": ""s2""}, {""id"": ""144168964"", ""name"": ""M. Pattanaik"", ""source"": ""s2""}, {""id"": ""2280450857"", ""name"": ""G. Sharma"", ""source"": ""s2""}]"
161182018bca245feaf662fbbbf4fab925fb9107,10.1007/s11263-024-01995-y,PIE: Physics-Inspired Low-Light Enhancement,2024,International Journal of Computer Vision,Dong Liang; Zhengyan Xu; Ling Li; Mingqiang Wei; Songcan Chen,"[{""id"": ""2292770439"", ""name"": ""Dong Liang"", ""source"": ""s2""}, {""id"": ""2295691931"", ""name"": ""Zhengyan Xu"", ""source"": ""s2""}, {""id"": ""2146625427"", ""name"": ""Ling Li"", ""source"": ""s2""}, {""id"": ""2295690600"", ""name"": ""Mingqiang Wei"", ""source"": ""s2""}, {""id"": ""2295789828"", ""name"": ""Songcan Chen"", ""source"": ""s2""}]"
934775a29e913a0a0a455d110142120871625039,10.48550/arXiv.2404.03327,DI-Retinex: Digital-Imaging Retinex Theory for Low-Light Image Enhancement,2024,arXiv.org,Shangquan Sun; Wenqi Ren; Jingyang Peng; Fenglong Song; Xiaochun Cao,"[{""id"": ""2125119000"", ""name"": ""Shangquan Sun"", ""source"": ""s2""}, {""id"": ""2265263152"", ""name"": ""Wenqi Ren"", ""source"": ""s2""}, {""id"": ""2295120922"", ""name"": ""Jingyang Peng"", ""source"": ""s2""}, {""id"": ""2274326993"", ""name"": ""Fenglong Song"", ""source"": ""s2""}, {""id"": ""2265310728"", ""name"": ""Xiaochun Cao"", ""source"": ""s2""}]"
1d8d5b7c9b95d718d8d78e001273d9c798c2f2e1,10.1109/CVPR52733.2024.01191,Motion Blur Decomposition with Cross-shutter Guidance,2024,Computer Vision and Pattern Recognition,Xiang Ji; Haiyang Jiang; Yinqiang Zheng,"[{""id"": ""2267883576"", ""name"": ""Xiang Ji"", ""source"": ""s2""}, {""id"": ""152743682"", ""name"": ""Haiyang Jiang"", ""source"": ""s2""}, {""id"": ""2242543861"", ""name"": ""Yinqiang Zheng"", ""source"": ""s2""}]"
c9ed01a2a4d93c8aef914e730e4996ba5fdfeea3,10.1016/j.knosys.2024.111779,Degraded Structure and Hue Guided Auxiliary Learning for low-light image enhancement,2024,Knowledge-Based Systems,Heming Xu; Xintong Liu; Hanwen Zhang; Xiaohe Wu; Wangmeng Zuo,"[{""id"": ""2297051352"", ""name"": ""Heming Xu"", ""source"": ""s2""}, {""id"": ""2361993114"", ""name"": ""Xintong Liu"", ""source"": ""s2""}, {""id"": ""2385421727"", ""name"": ""Hanwen Zhang"", ""source"": ""s2""}, {""id"": ""2261408604"", ""name"": ""Xiaohe Wu"", ""source"": ""s2""}, {""id"": ""2279210262"", ""name"": ""Wangmeng Zuo"", ""source"": ""s2""}]"
a2c2a5d7fcb90227c2dc4ba610ecbb293d66479c,10.1109/AINIT61980.2024.10581462,Research on Remote Sensing Image Enhancement for Complex Environment Design Field,2024,"2024 5th International Seminar on Artificial Intelligence, Networking and Information Technology (AINIT)",Na Li; Yao Liu,"[{""id"": ""2157952367"", ""name"": ""Na Li"", ""source"": ""s2""}, {""id"": ""2310860456"", ""name"": ""Yao Liu"", ""source"": ""s2""}]"
2a217feb40c0ed047dc4b29d9134e9230e085288,10.1109/ICIT58233.2024.10540891,Dual-Branch Low-Light Image Enhancement via Spatial and Multi-Scale Frequency Domain Fusion,2024,International Conference on Industrial Technology,Huaiyao Wang; Lu Chen; Zixin Guan,"[{""id"": ""2304891666"", ""name"": ""Huaiyao Wang"", ""source"": ""s2""}, {""id"": ""2305594274"", ""name"": ""Lu Chen"", ""source"": ""s2""}, {""id"": ""2402721800"", ""name"": ""Zixin Guan"", ""source"": ""s2""}]"
fc7f86c88f2b3f9b23a3c5966c470eb8613f5bf6,10.1117/12.3020944,Semantic combined lightweight transformer low light image enhancement method,2024,International Conference on Graphic and Image Processing,Hao Zhang; Hongmei Jin; Zhanli Li,"[{""id"": ""2302787661"", ""name"": ""Hao Zhang"", ""source"": ""s2""}, {""id"": ""2182115787"", ""name"": ""Hongmei Jin"", ""source"": ""s2""}, {""id"": ""2238918132"", ""name"": ""Zhanli Li"", ""source"": ""s2""}]"
35a97db1ed260df4071f93252690853675946c04,10.1007/s00530-024-01298-9,Dual-band low-light image enhancement,2024,Multimedia Systems,Aizhong Mi; Wenhui Luo; Zhanqiang Huo,"[{""id"": ""1894034"", ""name"": ""Aizhong Mi"", ""source"": ""s2""}, {""id"": ""2212920973"", ""name"": ""Wenhui Luo"", ""source"": ""s2""}, {""id"": ""2293441519"", ""name"": ""Zhanqiang Huo"", ""source"": ""s2""}]"
f779a1a0d293aca6d753cc4c6d67c1ddbc147899,10.1609/aaai.v38i5.28273,Multi-Domain Multi-Scale Diffusion Model for Low-Light Image Enhancement,2024,AAAI Conference on Artificial Intelligence,K. Shang; Mingwen Shao; Chao Wang; Yuanshuo Cheng; Shuigen Wang,"[{""id"": ""2293399989"", ""name"": ""K. Shang"", ""source"": ""s2""}, {""id"": ""2237783247"", ""name"": ""Mingwen Shao"", ""source"": ""s2""}, {""id"": ""2293588391"", ""name"": ""Chao Wang"", ""source"": ""s2""}, {""id"": ""2153514280"", ""name"": ""Yuanshuo Cheng"", ""source"": ""s2""}, {""id"": ""2311903161"", ""name"": ""Shuigen Wang"", ""source"": ""s2""}]"
6724e07e3a5837c5cc9add00d842c09de7857dc0,10.1609/aaai.v38i7.28624,Enhancing Neural Radiance Fields with Adaptive Multi-Exposure Fusion: A Bilevel Optimization Approach for Novel View Synthesis,2024,AAAI Conference on Artificial Intelligence,Yang Zou; Xingyuan Li; Zhiying Jiang; Jinyuan Liu,"[{""id"": ""2277598978"", ""name"": ""Yang Zou"", ""source"": ""s2""}, {""id"": ""2238012581"", ""name"": ""Xingyuan Li"", ""source"": ""s2""}, {""id"": ""2292303526"", ""name"": ""Zhiying Jiang"", ""source"": ""s2""}, {""id"": ""2293559619"", ""name"": ""Jinyuan Liu"", ""source"": ""s2""}]"
dd04c41b5069f89b64f8d46cdd09944ff5b6229f,10.48550/arXiv.2403.13337,Learning Novel View Synthesis from Heterogeneous Low-light Captures,2024,arXiv.org,Quan Zheng; Hao Sun; Huiyao Xu; Fanjiang Xu,"[{""id"": ""2374374914"", ""name"": ""Quan Zheng"", ""source"": ""s2""}, {""id"": ""2292353431"", ""name"": ""Hao Sun"", ""source"": ""s2""}, {""id"": ""2292737926"", ""name"": ""Huiyao Xu"", ""source"": ""s2""}, {""id"": ""2205592862"", ""name"": ""Fanjiang Xu"", ""source"": ""s2""}]"
8284839ad130ff6f803f37e8292fe4c3abad6b9c,10.24012/dumf.1395168,Edge Boosted Global Awared Low-light Image Enhancement Network,2024,DÜMF Mühendislik Dergisi,Büşra Söylemez; S. Çiftçi,"[{""id"": ""2294457581"", ""name"": ""Büşra Söylemez"", ""source"": ""s2""}, {""id"": ""32656225"", ""name"": ""S. Çiftçi"", ""source"": ""s2""}]"
b9c6588dc5165e4dbe9d8796d764d31c1556ed9c,10.48550/arXiv.2403.11220,CPA-Enhancer: Chain-of-Thought Prompted Adaptive Enhancer for Object Detection under Unknown Degradations,2024,arXiv.org,Yuwei Zhang; Yan Wu; Yanming Liu; Xinyue Peng,"[{""id"": ""2292027671"", ""name"": ""Yuwei Zhang"", ""source"": ""s2""}, {""id"": ""2431555852"", ""name"": ""Yan Wu"", ""source"": ""s2""}, {""id"": ""2328628732"", ""name"": ""Yanming Liu"", ""source"": ""s2""}, {""id"": ""2291082069"", ""name"": ""Xinyue Peng"", ""source"": ""s2""}]"
30689949aaaf655a0dcb5d4eb66957c425d93724,10.3390/agriculture14030485,An Apple Detection and Localization Method for Automated Harvesting under Adverse Light Conditions,2024,Agriculture,Guoyu Zhang; Ye Tian; Wenhan Yin; Change Zheng,"[{""id"": ""2323189165"", ""name"": ""Guoyu Zhang"", ""source"": ""s2""}, {""id"": ""2143700164"", ""name"": ""Ye Tian"", ""source"": ""s2""}, {""id"": ""2311963925"", ""name"": ""Wenhan Yin"", ""source"": ""s2""}, {""id"": ""2153619472"", ""name"": ""Change Zheng"", ""source"": ""s2""}]"
47f4e14f5353c47028bf3faf1453173162e46049,10.1007/s11063-024-11565-5,Rethinking Zero-DCE for Low-Light Image Enhancement,2024,Neural Processing Letters,Aizhong Mi; Wenhui Luo; Yingxu Qiao; Zhanqiang Huo,"[{""id"": ""1894034"", ""name"": ""Aizhong Mi"", ""source"": ""s2""}, {""id"": ""2212920973"", ""name"": ""Wenhui Luo"", ""source"": ""s2""}, {""id"": ""103972450"", ""name"": ""Yingxu Qiao"", ""source"": ""s2""}, {""id"": ""2293441519"", ""name"": ""Zhanqiang Huo"", ""source"": ""s2""}]"
343298a89b6938230e2dcfa958ce48293d5db45d,10.3389/fnins.2024.1297671,DCENet-based low-light image enhancement improved by spiking encoding and convLSTM,2024,Frontiers in Neuroscience,Xinghao Wang; Qiang Wang; Lei Zhang; Yiyang Qu; Fan Yi; Jiayang Yu; Qiuhan Liu; Ruicong Xia; Ziling Xu; Sirong Tong,"[{""id"": ""2244566885"", ""name"": ""Xinghao Wang"", ""source"": ""s2""}, {""id"": ""2244577452"", ""name"": ""Qiang Wang"", ""source"": ""s2""}, {""id"": ""2290620461"", ""name"": ""Lei Zhang"", ""source"": ""s2""}, {""id"": ""2408480683"", ""name"": ""Yiyang Qu"", ""source"": ""s2""}, {""id"": ""2290573419"", ""name"": ""Fan Yi"", ""source"": ""s2""}, {""id"": ""2244603033"", ""name"": ""Jiayang Yu"", ""source"": ""s2""}, {""id"": ""1915113309"", ""name"": ""Qiuhan Liu"", ""source"": ""s2""}, {""id"": ""1381665939"", ""name"": ""Ruicong Xia"", ""source"": ""s2""}, {""id"": ""2290632545"", ""name"": ""Ziling Xu"", ""source"": ""s2""}, {""id"": ""2290510812"", ""name"": ""Sirong Tong"", ""source"": ""s2""}]"
a3326d90ef8e0bb00a5532bc65d4ef0270cf19ce,10.1109/TCSVT.2023.3299232,SNR-Prior Guided Trajectory-Aware Transformer for Low-Light Video Enhancement,2024,IEEE transactions on circuits and systems for video technology (Print),Jing Ye; Changzhen Qiu; Zhiyong Zhang,"[{""id"": ""144030865"", ""name"": ""Jing Ye"", ""source"": ""s2""}, {""id"": ""9326186"", ""name"": ""Changzhen Qiu"", ""source"": ""s2""}, {""id"": ""2117992459"", ""name"": ""Zhiyong Zhang"", ""source"": ""s2""}]"
7c1a766f88e9cd95d0a0b6f8ad43c26c88adc8ae,10.1016/j.eswa.2024.123722,Joint low-light enhancement and deblurring with structural priors guidance,2024,Expert systems with applications,Jing Ye; Linjie Yang; Changzhen Qiu; Zhiyong Zhang,"[{""id"": ""2274013848"", ""name"": ""Jing Ye"", ""source"": ""s2""}, {""id"": ""2293361156"", ""name"": ""Linjie Yang"", ""source"": ""s2""}, {""id"": ""9326186"", ""name"": ""Changzhen Qiu"", ""source"": ""s2""}, {""id"": ""2117992459"", ""name"": ""Zhiyong Zhang"", ""source"": ""s2""}]"
b610179e3c2fb63deb20e08b55f85d3d23e0729c,10.1016/j.jvcir.2024.104133,Multi-Frequency Field Perception and Sparse Progressive Network for low-light image enhancement,2024,Journal of Visual Communication and Image Representation,Shuang Yuan; Jinjiang Li; Lu Ren; Zheng Chen,"[{""id"": ""2379614103"", ""name"": ""Shuang Yuan"", ""source"": ""s2""}, {""id"": ""2555126"", ""name"": ""Jinjiang Li"", ""source"": ""s2""}, {""id"": ""2218529854"", ""name"": ""Lu Ren"", ""source"": ""s2""}, {""id"": ""2117203134"", ""name"": ""Zheng Chen"", ""source"": ""s2""}]"
e6551abe523b4b5c7dcabdde18226395ab592c1a,10.1117/1.JEI.33.2.023020,Low-light image enhancement via multistage Laplacian feature fusion,2024,J. Electronic Imaging,Zhenbing Liu; Yingxin Huang; Ruojie Zhang; Haoxiang Lu; Wenhao Wang; Zhaoyuan Zhang,"[{""id"": ""1904697"", ""name"": ""Zhenbing Liu"", ""source"": ""s2""}, {""id"": ""2218463297"", ""name"": ""Yingxin Huang"", ""source"": ""s2""}, {""id"": ""2277152094"", ""name"": ""Ruojie Zhang"", ""source"": ""s2""}, {""id"": ""2115608321"", ""name"": ""Haoxiang Lu"", ""source"": ""s2""}, {""id"": ""2243110072"", ""name"": ""Wenhao Wang"", ""source"": ""s2""}, {""id"": ""2232743830"", ""name"": ""Zhaoyuan Zhang"", ""source"": ""s2""}]"
aec3c8ebc11830fd62fc97e61798ebae1b0c53d4,10.3390/s24051586,Restoration of UAV-Based Backlit Images for Geological Mapping of a High-Steep Slope,2024,Italian National Conference on Sensors,Tengyue Li,"[{""id"": ""1914871113"", ""name"": ""Tengyue Li"", ""source"": ""s2""}]"
b3088d114ebe135ee8d7953eb42f64c4ced914b7,10.1142/S0218001425540138,A Lightweight Low-Light Image Enhancement Network via Channel Prior and Gamma Correction,2024,International journal of pattern recognition and artificial intelligence,Shyang-En Weng; S. Miaou; Ricky Christanto,"[{""id"": ""2223933672"", ""name"": ""Shyang-En Weng"", ""source"": ""s2""}, {""id"": ""1720218"", ""name"": ""S. Miaou"", ""source"": ""s2""}, {""id"": ""3071190"", ""name"": ""Ricky Christanto"", ""source"": ""s2""}]"
af69b2bc0192a2b4959e32c57c8ed1eab0173652,10.1145/3664647.3681136,Learning Exposure Correction in Dynamic Scenes,2024,ACM Multimedia,Jin Liu; Bo Wang; Chuanming Wang; Huiyuan Fu; Huadong Ma,"[{""id"": ""2280860118"", ""name"": ""Jin Liu"", ""source"": ""s2""}, {""id"": ""2213743543"", ""name"": ""Bo Wang"", ""source"": ""s2""}, {""id"": ""2109153220"", ""name"": ""Chuanming Wang"", ""source"": ""s2""}, {""id"": ""2513605"", ""name"": ""Huiyuan Fu"", ""source"": ""s2""}, {""id"": ""2263653397"", ""name"": ""Huadong Ma"", ""source"": ""s2""}]"
281bea068ca7e3446345fd3102bd27569a67c0b5,10.1109/EEBDA60612.2024.10486027,High-Fidelity StyleGAN Inversion and Attribute Editing for Low Light Images,2024,"2024 IEEE 3rd International Conference on Electrical Engineering, Big Data and Algorithms (EEBDA)",Ling Wu; Jun Zhang,"[{""id"": ""2295912069"", ""name"": ""Ling Wu"", ""source"": ""s2""}, {""id"": ""2269054494"", ""name"": ""Jun Zhang"", ""source"": ""s2""}]"
0bb1462309d0f9a7f4d5117f592dbc7cbb249d7b,10.48550/arXiv.2402.15469,Benchmarking the Robustness of Panoptic Segmentation for Automated Driving,2024,arXiv.org,Yiting Wang; Haonan Zhao; Daniel Gummadi; M. Dianati; K. Debattista; Valentina Donzella,"[{""id"": ""2284178771"", ""name"": ""Yiting Wang"", ""source"": ""s2""}, {""id"": ""2284409012"", ""name"": ""Haonan Zhao"", ""source"": ""s2""}, {""id"": ""2275641863"", ""name"": ""Daniel Gummadi"", ""source"": ""s2""}, {""id"": ""1953808"", ""name"": ""M. Dianati"", ""source"": ""s2""}, {""id"": ""2276423748"", ""name"": ""K. Debattista"", ""source"": ""s2""}, {""id"": ""2362738993"", ""name"": ""Valentina Donzella"", ""source"": ""s2""}]"
88a31457e51bb7b23ec860582427297c454721fb,10.3390/electronics13040788,RadiantVisions: Illuminating Low-Light Imagery with a Multi-Scale Branch Network,2024,Electronics,Yu Zhang; Shan Jiang; Xiangyun Tang,"[{""id"": ""2287926217"", ""name"": ""Yu Zhang"", ""source"": ""s2""}, {""id"": ""2287783281"", ""name"": ""Shan Jiang"", ""source"": ""s2""}, {""id"": ""2287916499"", ""name"": ""Xiangyun Tang"", ""source"": ""s2""}]"
c47548a2ef73662d1aaba81aca5bbccbc70f25a3,10.1007/s13353-024-00835-6,Triticale field phenotyping using RGB camera for ear counting and yield estimation,2024,Journal of Applied Genetics,Piotr Stefański; Sajid Ullah; Przemysław Matysik; Krystyna Rybka,"[{""id"": ""2284057056"", ""name"": ""Piotr Stefański"", ""source"": ""s2""}, {""id"": ""2284051843"", ""name"": ""Sajid Ullah"", ""source"": ""s2""}, {""id"": ""89131918"", ""name"": ""Przemysław Matysik"", ""source"": ""s2""}, {""id"": ""2284058890"", ""name"": ""Krystyna Rybka"", ""source"": ""s2""}]"
42816bb24d7ebd999e5b489c6e2a9287b6d641fa,10.1080/13682199.2024.2315855,A novel method for video enhancement under low light using BFR-SEQT technique,2024,Imaging Science Journal,J. Bright Jose; R. P. Anto Kumar,"[{""id"": ""2284240314"", ""name"": ""J. Bright Jose"", ""source"": ""s2""}, {""id"": ""2284239264"", ""name"": ""R. P. Anto Kumar"", ""source"": ""s2""}]"
53c07a9eed5f07d34e7446357edaad0444b41aa3,10.1145/3731715.3733456,Troublemaker Learning for Low-Light Image Enhancement,2024,International Conference on Multimedia Retrieval,Yinghao Song; Hao Ma; Bo Yang; Yanchun Liang; H. Ge; Heow Pueh Lee; Chunguo Wu,"[{""id"": ""2370146919"", ""name"": ""Yinghao Song"", ""source"": ""s2""}, {""id"": ""2313199753"", ""name"": ""Hao Ma"", ""source"": ""s2""}, {""id"": ""2283535774"", ""name"": ""Bo Yang"", ""source"": ""s2""}, {""id"": ""2283265662"", ""name"": ""Yanchun Liang"", ""source"": ""s2""}, {""id"": ""5951184"", ""name"": ""H. Ge"", ""source"": ""s2""}, {""id"": ""2196525215"", ""name"": ""Heow Pueh Lee"", ""source"": ""s2""}, {""id"": ""1989477"", ""name"": ""Chunguo Wu"", ""source"": ""s2""}]"
15f2630e054aae73438abebf5d98c379c06f16a5,10.1145/3651671.3651761,Visual-Based Detection Method for Oil Leakage in Antarctic Power-Generation Cabin,2024,International Conference on Machine Learning and Computing,Xiaoxi Ge; Tao Wang; Kanjian Zhang,"[{""id"": ""2314452489"", ""name"": ""Xiaoxi Ge"", ""source"": ""s2""}, {""id"": ""2156018085"", ""name"": ""Tao Wang"", ""source"": ""s2""}, {""id"": ""2197323448"", ""name"": ""Kanjian Zhang"", ""source"": ""s2""}]"
08c3edb77b8869527a335d63d62e8ec86bbc33de,10.1109/TCSVT.2023.3286802,Pixel-Wise Gamma Correction Mapping for Low-Light Image Enhancement,2024,IEEE transactions on circuits and systems for video technology (Print),Xiangsheng Li; Manlu Liu; Q. Ling,"[{""id"": ""2221832747"", ""name"": ""Xiangsheng Li"", ""source"": ""s2""}, {""id"": ""47842165"", ""name"": ""Manlu Liu"", ""source"": ""s2""}, {""id"": ""40177644"", ""name"": ""Q. Ling"", ""source"": ""s2""}]"
8d061e8089b9058a6be7b9e08e81f9533f396307,10.1109/TCSVT.2023.3292940,Efficient Saliency Map Detection for Low-Light Images Based on Image Gradient,2024,IEEE transactions on circuits and systems for video technology (Print),Chun-Yi Lin; Muhamad Amirul Haq; Jiun-Han Chen; S. Ruan; E. Naroska,"[{""id"": ""2116764384"", ""name"": ""Chun-Yi Lin"", ""source"": ""s2""}, {""id"": ""101954925"", ""name"": ""Muhamad Amirul Haq"", ""source"": ""s2""}, {""id"": ""2222364174"", ""name"": ""Jiun-Han Chen"", ""source"": ""s2""}, {""id"": ""144611095"", ""name"": ""S. Ruan"", ""source"": ""s2""}, {""id"": ""1746800"", ""name"": ""E. Naroska"", ""source"": ""s2""}]"
11c52757c7dd3d50fc62fccc7971c6d3894e28d0,10.1109/TIV.2023.3347952,AiOENet: All-in-One Low-Visibility Enhancement to Improve Visual Perception for Intelligent Marine Vehicles Under Severe Weather Conditions,2024,IEEE Transactions on Intelligent Vehicles,Ryan Wen Liu; Yuxu Lu; Yu Guo; Wenqi Ren; Fenghua Zhu; Yisheng Lv,"[{""id"": ""2124017717"", ""name"": ""Ryan Wen Liu"", ""source"": ""s2""}, {""id"": ""121713030"", ""name"": ""Yuxu Lu"", ""source"": ""s2""}, {""id"": ""2143378699"", ""name"": ""Yu Guo"", ""source"": ""s2""}, {""id"": ""2276950332"", ""name"": ""Wenqi Ren"", ""source"": ""s2""}, {""id"": ""2273630436"", ""name"": ""Fenghua Zhu"", ""source"": ""s2""}, {""id"": ""2268452822"", ""name"": ""Yisheng Lv"", ""source"": ""s2""}]"
08dfdabca3e90170cc62924486b8dbe2ec9ef866,10.1109/TCE.2024.3367728,Neuromorphic Vision Restoration Network for Advanced Driver Assistance System,2024,IEEE transactions on consumer electronics,Dirui Xie; He Xiao; Xiaofang Hu; Yue Zhou; G. Zhou; Shukai Duan,"[{""id"": ""2211254189"", ""name"": ""Dirui Xie"", ""source"": ""s2""}, {""id"": ""2114210605"", ""name"": ""He Xiao"", ""source"": ""s2""}, {""id"": ""47027727"", ""name"": ""Xiaofang Hu"", ""source"": ""s2""}, {""id"": ""2116451313"", ""name"": ""Yue Zhou"", ""source"": ""s2""}, {""id"": ""31498835"", ""name"": ""G. Zhou"", ""source"": ""s2""}, {""id"": ""2269227618"", ""name"": ""Shukai Duan"", ""source"": ""s2""}]"
8e95f569c88824cf81037837aa5578aec8a061a3,10.48550/arXiv.2401.14754,"VJT: A Video Transformer on Joint Tasks of Deblurring, Low-light Enhancement and Denoising",2024,arXiv.org,Yuxiang Hui; Yang Liu; Yaofang Liu; Fan Jia; Jinshan Pan; Raymond H. Chan; Tieyong Zeng,"[{""id"": ""2281643588"", ""name"": ""Yuxiang Hui"", ""source"": ""s2""}, {""id"": ""2258961576"", ""name"": ""Yang Liu"", ""source"": ""s2""}, {""id"": ""2142860074"", ""name"": ""Yaofang Liu"", ""source"": ""s2""}, {""id"": ""2277464549"", ""name"": ""Fan Jia"", ""source"": ""s2""}, {""id"": ""2303583664"", ""name"": ""Jinshan Pan"", ""source"": ""s2""}, {""id"": ""2258962579"", ""name"": ""Raymond H. Chan"", ""source"": ""s2""}, {""id"": ""2277505260"", ""name"": ""Tieyong Zeng"", ""source"": ""s2""}]"
57bd188a43d7da2b209590402bd5aa99fb787241,10.3390/s24030772,Anomaly Detection on the Edge Using Smart Cameras under Low-Light Conditions,2024,Italian National Conference on Sensors,Yaser Abu Awwad; Omer F. Rana; Charith Perera,"[{""id"": ""2287643311"", ""name"": ""Yaser Abu Awwad"", ""source"": ""s2""}, {""id"": ""2247641509"", ""name"": ""Omer F. Rana"", ""source"": ""s2""}, {""id"": ""2121000333"", ""name"": ""Charith Perera"", ""source"": ""s2""}]"
8dc606911def4954a78817a27a13013579f2af83,10.48550/arXiv.2401.06438,Improving Low-Light Image Recognition Performance Based on Image-adaptive Learnable Module,2024,VISIGRAPP : VISAPP,Seitaro Ono; Yuka Ogino; Takahiro Toizumi; Atsushi Ito; Masato Tsukada,"[{""id"": ""2279335504"", ""name"": ""Seitaro Ono"", ""source"": ""s2""}, {""id"": ""2265077533"", ""name"": ""Yuka Ogino"", ""source"": ""s2""}, {""id"": ""2265077373"", ""name"": ""Takahiro Toizumi"", ""source"": ""s2""}, {""id"": ""2279337594"", ""name"": ""Atsushi Ito"", ""source"": ""s2""}, {""id"": ""2264787303"", ""name"": ""Masato Tsukada"", ""source"": ""s2""}]"
3fac8c15bdf162f61ed5afe5b0f8439971bde0cf,10.1109/IDCIoT59759.2024.10467387,Image Recognition in Low-Light Conditions with Deep Learning Model,2024,2024 2nd International Conference on Intelligent Data Communication Technologies and Internet of Things (IDCIoT),R. Balakrishnan; Ruchira Rawat; Sathish Kannan; W. Pate; Harshal Pati; S. Rajkumar,"[{""id"": ""2292767320"", ""name"": ""R. Balakrishnan"", ""source"": ""s2""}, {""id"": ""35676331"", ""name"": ""Ruchira Rawat"", ""source"": ""s2""}, {""id"": ""2292750155"", ""name"": ""Sathish Kannan"", ""source"": ""s2""}, {""id"": ""143851610"", ""name"": ""W. Pate"", ""source"": ""s2""}, {""id"": ""2292749577"", ""name"": ""Harshal Pati"", ""source"": ""s2""}, {""id"": ""2292757113"", ""name"": ""S. Rajkumar"", ""source"": ""s2""}]"
eb8dd8e17871392c469826eae8713c3e11a5985f,10.1109/WACV57701.2024.00575,LIVENet: A novel network for real-world low-light image denoising and enhancement,2024,IEEE Workshop/Winter Conference on Applications of Computer Vision,D. Makwana; Gayatri S Deshmukh; Onkar Susladkar; Sparsh Mittal; S. R.,"[{""id"": ""2077569514"", ""name"": ""D. Makwana"", ""source"": ""s2""}, {""id"": ""119582522"", ""name"": ""Gayatri S Deshmukh"", ""source"": ""s2""}, {""id"": ""2149412487"", ""name"": ""Onkar Susladkar"", ""source"": ""s2""}, {""id"": ""2262215176"", ""name"": ""Sparsh Mittal"", ""source"": ""s2""}, {""id"": ""2279428520"", ""name"": ""S. R."", ""source"": ""s2""}]"
d33b99720363883e745adeba9b078d4d630c9514,10.1016/j.cviu.2024.103930,PPformer: Using pixel-wise and patch-wise cross-attention for low-light image enhancement,2024,Computer Vision and Image Understanding,Jiachen Dang; Yong Zhong; Xiaolin Qin,"[{""id"": ""2339471830"", ""name"": ""Jiachen Dang"", ""source"": ""s2""}, {""id"": ""2258070450"", ""name"": ""Yong Zhong"", ""source"": ""s2""}, {""id"": ""2268725569"", ""name"": ""Xiaolin Qin"", ""source"": ""s2""}]"
6526b69c1a527a46da195b6e79fc00dcbb5d8334,10.1016/j.jvcir.2024.104050,Contextual recovery network for low-light image enhancement with texture recovery,2024,Journal of Visual Communication and Image Representation,Zhen Wang; Xiaohuan Zhang,"[{""id"": ""2118453658"", ""name"": ""Zhen Wang"", ""source"": ""s2""}, {""id"": ""2108583832"", ""name"": ""Xiaohuan Zhang"", ""source"": ""s2""}]"
3e0aec5cfbab04c311abbb3e65c465aaf0afc36b,10.18280/ts.400634,Augmenting Face Detection in Extremely Low-Light CCTV Footage Using the EDCE Enhancement Model,2023,Traitement du signal,S. Sony Priya; R. Minu,"[{""id"": ""2277374246"", ""name"": ""S. Sony Priya"", ""source"": ""s2""}, {""id"": ""2348646213"", ""name"": ""R. Minu"", ""source"": ""s2""}]"
3251bb694e36894db161ba552739ac494adbb83a,10.1007/s11760-023-02927-y,Attention-based multi-scale recursive residual network for low-light image enhancement,2023,"Signal, Image and Video Processing",Kaidi Wang; Yuanlin Zheng; Kaiyang Liao; Haiwen Liu; Bangyong Sun,"[{""id"": ""2277145169"", ""name"": ""Kaidi Wang"", ""source"": ""s2""}, {""id"": ""65787202"", ""name"": ""Yuanlin Zheng"", ""source"": ""s2""}, {""id"": ""2971452"", ""name"": ""Kaiyang Liao"", ""source"": ""s2""}, {""id"": ""2258583395"", ""name"": ""Haiwen Liu"", ""source"": ""s2""}, {""id"": ""2258321506"", ""name"": ""Bangyong Sun"", ""source"": ""s2""}]"
74bb8f44d963dda6cba41fd7e5f89fd9654529aa,10.1007/s00371-024-03452-w,A non-uniform low-light image enhancement method with multi-scale attention transformer and luminance consistency loss,2023,The Visual Computer,Xiao Fang; Xin Gao; Baofeng Li; Feng Zhai; Yu Qin; Zhihang Meng; Jiansheng Lu; Chun Xiao,"[{""id"": ""2276991612"", ""name"": ""Xiao Fang"", ""source"": ""s2""}, {""id"": ""2321262054"", ""name"": ""Xin Gao"", ""source"": ""s2""}, {""id"": ""48218713"", ""name"": ""Baofeng Li"", ""source"": ""s2""}, {""id"": ""2256852764"", ""name"": ""Feng Zhai"", ""source"": ""s2""}, {""id"": ""2276963896"", ""name"": ""Yu Qin"", ""source"": ""s2""}, {""id"": ""2256860810"", ""name"": ""Zhihang Meng"", ""source"": ""s2""}, {""id"": ""2268723013"", ""name"": ""Jiansheng Lu"", ""source"": ""s2""}, {""id"": ""2268598145"", ""name"": ""Chun Xiao"", ""source"": ""s2""}]"
410edab7ceab90a315df3e7f405e1039c3bddd39,10.1109/iThings-GreenCom-CPSCom-SmartData-Cybermatics60724.2023.00065,Patch-Based Transformer for Low-Light Image Enhancement,2023,"2023 IEEE International Conferences on Internet of Things (iThings) and IEEE Green Computing & Communications (GreenCom) and IEEE Cyber, Physical & Social Computing (CPSCom) and IEEE Smart Data (SmartData) and IEEE Congress on Cybermatics (Cybermatics)",Yu Zhang; Shan Jiang; Xiangyun Tang,"[{""id"": ""2287926217"", ""name"": ""Yu Zhang"", ""source"": ""s2""}, {""id"": ""2287783281"", ""name"": ""Shan Jiang"", ""source"": ""s2""}, {""id"": ""2287916499"", ""name"": ""Xiangyun Tang"", ""source"": ""s2""}]"
bd253d46a5f76653623fea4eab514c491131a1ee,10.1109/ICSAI61474.2023.10423325,Dynamic Residual Illuminating Network for Low-Light Image Enhancement,2023,International Conference on Systems and Informatics,Xueyang Zhong; Haihui Wang; Yanpu Chen,"[{""id"": ""2332538610"", ""name"": ""Xueyang Zhong"", ""source"": ""s2""}, {""id"": ""2283508460"", ""name"": ""Haihui Wang"", ""source"": ""s2""}, {""id"": ""2283521937"", ""name"": ""Yanpu Chen"", ""source"": ""s2""}]"
ca39b7afedd3cfedc558ab09a8b92e7a242d31f5,10.48550/arXiv.2312.10109,Enlighten-Your-Voice: When Multimodal Meets Zero-shot Low-light Image Enhancement,2023,arXiv.org,Xiaofeng Zhang; Zishan Xu; Hao Tang; Chaochen Gu; Wei Chen; Shanying Zhu; Xinping Guan,"[{""id"": ""2257953748"", ""name"": ""Xiaofeng Zhang"", ""source"": ""s2""}, {""id"": ""2258090051"", ""name"": ""Zishan Xu"", ""source"": ""s2""}, {""id"": ""2275194660"", ""name"": ""Hao Tang"", ""source"": ""s2""}, {""id"": ""2253450209"", ""name"": ""Chaochen Gu"", ""source"": ""s2""}, {""id"": ""2154942699"", ""name"": ""Wei Chen"", ""source"": ""s2""}, {""id"": ""2160533297"", ""name"": ""Shanying Zhu"", ""source"": ""s2""}, {""id"": ""2066614902"", ""name"": ""Xinping Guan"", ""source"": ""s2""}]"
a923cdda361ca3d147494355112d2350e3628382,10.3390/electronics12245022,Real-Time Low-Light Imaging in Space Based on the Fusion of Spatial and Frequency Domains,2023,Electronics,Jiaxin Wu; Haifeng Zhang; Biao Li; Jiaxin Duan; Qianxi Li; Zeyu He; Jianzhong Cao; Hao Wang,"[{""id"": ""2267015115"", ""name"": ""Jiaxin Wu"", ""source"": ""s2""}, {""id"": ""2181571727"", ""name"": ""Haifeng Zhang"", ""source"": ""s2""}, {""id"": ""2274910584"", ""name"": ""Biao Li"", ""source"": ""s2""}, {""id"": ""2266888433"", ""name"": ""Jiaxin Duan"", ""source"": ""s2""}, {""id"": ""2256779819"", ""name"": ""Qianxi Li"", ""source"": ""s2""}, {""id"": ""2274916829"", ""name"": ""Zeyu He"", ""source"": ""s2""}, {""id"": ""2267034784"", ""name"": ""Jianzhong Cao"", ""source"": ""s2""}, {""id"": ""2256769585"", ""name"": ""Hao Wang"", ""source"": ""s2""}]"
c799930bc727d1e891a578dd7001a3d7e1380957,10.48550/arXiv.2312.09093,Aleth-NeRF: Illumination Adaptive NeRF with Concealing Field Assumption,2023,AAAI Conference on Artificial Intelligence,Ziteng Cui; Lin Gu; Xiao Sun; Xianzheng Ma; Yu Qiao; Tatsuya Harada,"[{""id"": ""2152101108"", ""name"": ""Ziteng Cui"", ""source"": ""s2""}, {""id"": ""2261518797"", ""name"": ""Lin Gu"", ""source"": ""s2""}, {""id"": ""2273669927"", ""name"": ""Xiao Sun"", ""source"": ""s2""}, {""id"": ""2261892326"", ""name"": ""Xianzheng Ma"", ""source"": ""s2""}, {""id"": ""2266467340"", ""name"": ""Yu Qiao"", ""source"": ""s2""}, {""id"": ""2256612994"", ""name"": ""Tatsuya Harada"", ""source"": ""s2""}]"
4f49411957fe84682c2da677c2d832dd6904b4b6,10.1049/ipr2.13004,Forest nighttime image enhancement based on improved SCI light estimation and reflection optimization,2023,IET Image Processing,Xian Zhang; Yanfeng Li; Hanyue Zhang,"[{""id"": ""2108304020"", ""name"": ""Xian Zhang"", ""source"": ""s2""}, {""id"": ""2275033194"", ""name"": ""Yanfeng Li"", ""source"": ""s2""}, {""id"": ""2274868012"", ""name"": ""Hanyue Zhang"", ""source"": ""s2""}]"
cc86713f40a34b62aeea625230e2995295eece86,10.1109/HDIS60872.2023.10499557,Deep Learning Strategies for Addressing Anomalous Exposure in Image Processing: The FARDBUNet Approach,2023,2023 International Conference on High Performance Big Data and Intelligent Systems (HDIS),Qi Zhou; Kai Yang; Zunwang Ke; Gang Wang; Yugui Zhang; Yizhen Jia; Fengcai Cao; Junxiao Ma; Changlin Liu; Kaijie Zhang; Min Wu,"[{""id"": ""2297146736"", ""name"": ""Qi Zhou"", ""source"": ""s2""}, {""id"": ""2297064507"", ""name"": ""Kai Yang"", ""source"": ""s2""}, {""id"": ""2014735862"", ""name"": ""Zunwang Ke"", ""source"": ""s2""}, {""id"": ""2297314711"", ""name"": ""Gang Wang"", ""source"": ""s2""}, {""id"": ""2297060382"", ""name"": ""Yugui Zhang"", ""source"": ""s2""}, {""id"": ""2297431855"", ""name"": ""Yizhen Jia"", ""source"": ""s2""}, {""id"": ""2297024863"", ""name"": ""Fengcai Cao"", ""source"": ""s2""}, {""id"": ""2297139395"", ""name"": ""Junxiao Ma"", ""source"": ""s2""}, {""id"": ""2297217008"", ""name"": ""Changlin Liu"", ""source"": ""s2""}, {""id"": ""2297373826"", ""name"": ""Kaijie Zhang"", ""source"": ""s2""}, {""id"": ""2149348420"", ""name"": ""Min Wu"", ""source"": ""s2""}]"
c05d4f44ead1df35fff17b6e06f8eeeb668d7b5a,10.1109/ICRA55743.2025.11127546,LDM-ISP: Enhancing Neural ISP for Low Light with Latent Diffusion Models,2023,IEEE International Conference on Robotics and Automation,Qiang Wen; Zhefan Rao; Yazhou Xing; Qifeng Chen,"[{""id"": ""2269459289"", ""name"": ""Qiang Wen"", ""source"": ""s2""}, {""id"": ""2261750244"", ""name"": ""Zhefan Rao"", ""source"": ""s2""}, {""id"": ""2072727444"", ""name"": ""Yazhou Xing"", ""source"": ""s2""}, {""id"": ""2269692452"", ""name"": ""Qifeng Chen"", ""source"": ""s2""}]"
0c291c421fb11b5b27e2d3526efb2353d88c27a8,,Test-Time Degradation Adaptation for Open-Set Image Restoration,2023,International Conference on Machine Learning,Yuanbiao Gou; Haiyu Zhao; Boyun Li; Xinyan Xiao; Xi Peng,"[{""id"": ""1781457837"", ""name"": ""Yuanbiao Gou"", ""source"": ""s2""}, {""id"": ""2271570535"", ""name"": ""Haiyu Zhao"", ""source"": ""s2""}, {""id"": ""150044582"", ""name"": ""Boyun Li"", ""source"": ""s2""}, {""id"": ""2269770258"", ""name"": ""Xinyan Xiao"", ""source"": ""s2""}, {""id"": ""2269759322"", ""name"": ""Xi Peng"", ""source"": ""s2""}]"
77d2914fad72f335708ae8917558ad2d8a30cf9c,10.1109/CVPR52733.2024.01204,Boosting Object Detection with Zero-Shot Day-Night Domain Adaptation,2023,Computer Vision and Pattern Recognition,Zhipeng Du; Miaojing Shi; Jiankang Deng,"[{""id"": ""2180661093"", ""name"": ""Zhipeng Du"", ""source"": ""s2""}, {""id"": ""2283110033"", ""name"": ""Miaojing Shi"", ""source"": ""s2""}, {""id"": ""2269769487"", ""name"": ""Jiankang Deng"", ""source"": ""s2""}]"
f5ac9f12c7a58c0c48f497ccd6789cbf2d9a59fc,10.1016/j.iot.2023.101054,LEGAN: A low-light image enhancement generative adversarial network for industrial internet of smart-cameras,2023,Internet of Things,Jing Tao; Junliang Wang; Peng Zhang; Jie Zhang; Kai-Leung Yung; Andrew W. H. Ip,"[{""id"": ""2218896520"", ""name"": ""Jing Tao"", ""source"": ""s2""}, {""id"": ""46584628"", ""name"": ""Junliang Wang"", ""source"": ""s2""}, {""id"": ""2374290319"", ""name"": ""Peng Zhang"", ""source"": ""s2""}, {""id"": ""2262092430"", ""name"": ""Jie Zhang"", ""source"": ""s2""}, {""id"": ""2193369847"", ""name"": ""Kai-Leung Yung"", ""source"": ""s2""}, {""id"": ""2284517762"", ""name"": ""Andrew W. H. Ip"", ""source"": ""s2""}]"
44572ecd0b7dc88da5c96ca857ab809dacaed77e,10.1016/j.displa.2023.102550,"LEES-Net: Fast, lightweight unsupervised curve estimation network for low-light image enhancement and exposure suppression",2023,Displays (Guildford),Xuanhe Li; Rui He; Jian Wu; Hu Yan; Xianfeng Chen,"[{""id"": ""2266001395"", ""name"": ""Xuanhe Li"", ""source"": ""s2""}, {""id"": ""2260455216"", ""name"": ""Rui He"", ""source"": ""s2""}, {""id"": ""2260728198"", ""name"": ""Jian Wu"", ""source"": ""s2""}, {""id"": ""2249195924"", ""name"": ""Hu Yan"", ""source"": ""s2""}, {""id"": ""2282950088"", ""name"": ""Xianfeng Chen"", ""source"": ""s2""}]"
1680490c18fb88ebb45bc3e2321ccc842fb04c5f,10.1109/JSYST.2023.3262593,Efficient Contrast Adjustment and Fusion Method for Underexposed Images in Industrial Cyber-Physical Systems,2023,IEEE Systems Journal,Ziaur Rahman; M. Aamir; Zafar Ali; Abdul Khader Jilani Saudagar; Abdullah Altameem; K. Muhammad,"[{""id"": ""145760130"", ""name"": ""Ziaur Rahman"", ""source"": ""s2""}, {""id"": ""2147469944"", ""name"": ""M. Aamir"", ""source"": ""s2""}, {""id"": ""2143648228"", ""name"": ""Zafar Ali"", ""source"": ""s2""}, {""id"": ""2788046"", ""name"": ""Abdul Khader Jilani Saudagar"", ""source"": ""s2""}, {""id"": ""1403869508"", ""name"": ""Abdullah Altameem"", ""source"": ""s2""}, {""id"": ""134260245"", ""name"": ""K. Muhammad"", ""source"": ""s2""}]"
ff8232aa426d53d90bd083c691218e46257b5ea1,10.1007/s13042-023-01983-7,Efficient low-light image enhancement with model parameters scaled down to 0.02M,2023,International Journal of Machine Learning and Cybernetics,Shaoliang Yang; Dongming Zhou,"[{""id"": ""2162395521"", ""name"": ""Shaoliang Yang"", ""source"": ""s2""}, {""id"": ""2153594632"", ""name"": ""Dongming Zhou"", ""source"": ""s2""}]"
e1b03b050240e6a6c710eb11193f97b8c07a461c,10.1109/CAC59555.2023.10450804,Two-Stage Low-Light Image Enhancement Method Based on Generating Saturation-Corrected Reference Images,2023,ACM Cloud and Autonomic Computing Conference,Weilin Yi; Changhui Hu; Zhen Wang,"[{""id"": ""2222786115"", ""name"": ""Weilin Yi"", ""source"": ""s2""}, {""id"": ""2257389126"", ""name"": ""Changhui Hu"", ""source"": ""s2""}, {""id"": ""2144787261"", ""name"": ""Zhen Wang"", ""source"": ""s2""}]"
1a9d04868074845eb3a38caa5c5807d4b372a2ed,10.1109/CAC59555.2023.10451820,SPANet—Sparse Convolutional Pyramid Attention Network for Grasping Detection in Low-Light Conditions,2023,ACM Cloud and Autonomic Computing Conference,Kun Zhang; Qinghua Li; Kaiyue Liu; Mengyao Zhang; Xuyang Wang; Chao Feng,"[{""id"": ""2292209926"", ""name"": ""Kun Zhang"", ""source"": ""s2""}, {""id"": ""2108492563"", ""name"": ""Qinghua Li"", ""source"": ""s2""}, {""id"": ""2263481510"", ""name"": ""Kaiyue Liu"", ""source"": ""s2""}, {""id"": ""2292593221"", ""name"": ""Mengyao Zhang"", ""source"": ""s2""}, {""id"": ""2264352213"", ""name"": ""Xuyang Wang"", ""source"": ""s2""}, {""id"": ""2117344819"", ""name"": ""Chao Feng"", ""source"": ""s2""}]"
ef189445cd5b1aa7b531f81a6366b854a8192d98,10.1038/s41598-023-46693-w,A depth iterative illumination estimation network for low-light image enhancement based on retinex theory,2023,Scientific Reports,Yongqiang Chen; Chenglin Wen; Weifeng Liu; Wei He,"[{""id"": ""2245331388"", ""name"": ""Yongqiang Chen"", ""source"": ""s2""}, {""id"": ""2238106022"", ""name"": ""Chenglin Wen"", ""source"": ""s2""}, {""id"": ""2258306407"", ""name"": ""Weifeng Liu"", ""source"": ""s2""}, {""id"": ""2244412699"", ""name"": ""Wei He"", ""source"": ""s2""}]"
6667597ad1c3310fbbb0afd501fa94103b153e08,10.3390/electronics12224556,A Roadheader Positioning Method Based on Multi-Sensor Fusion,2023,Electronics,Haoran Wang; Zhenglong Li; Hongwei Wang; Wenyan Cao; Fujing Zhang; Yuheng Wang,"[{""id"": ""2125123823"", ""name"": ""Haoran Wang"", ""source"": ""s2""}, {""id"": ""2145367383"", ""name"": ""Zhenglong Li"", ""source"": ""s2""}, {""id"": ""2266008826"", ""name"": ""Hongwei Wang"", ""source"": ""s2""}, {""id"": ""2265799989"", ""name"": ""Wenyan Cao"", ""source"": ""s2""}, {""id"": ""2224144111"", ""name"": ""Fujing Zhang"", ""source"": ""s2""}, {""id"": ""2224060448"", ""name"": ""Yuheng Wang"", ""source"": ""s2""}]"
3011f420df87f85d2b477cd66d88b02d87772837,10.1007/s11042-023-17527-8,TCPCNet: a transformer-CNN parallel cooperative network for low-light image enhancement,2023,Multimedia tools and applications,Wanjun Zhang; Yujie Ding; Miaohui Zhang; Yonghua Zhang; Lvchen Cao; Ziqing Huang; Jun Wang,"[{""id"": ""2213866940"", ""name"": ""Wanjun Zhang"", ""source"": ""s2""}, {""id"": ""2266136792"", ""name"": ""Yujie Ding"", ""source"": ""s2""}, {""id"": ""2249455099"", ""name"": ""Miaohui Zhang"", ""source"": ""s2""}, {""id"": ""2210479199"", ""name"": ""Yonghua Zhang"", ""source"": ""s2""}, {""id"": ""2266359800"", ""name"": ""Lvchen Cao"", ""source"": ""s2""}, {""id"": ""2249123239"", ""name"": ""Ziqing Huang"", ""source"": ""s2""}, {""id"": ""2250713079"", ""name"": ""Jun Wang"", ""source"": ""s2""}]"
df9fa85d1674879e648e62126743cd8dc1e19841,10.48550/arXiv.2311.02995,Zero-Shot Enhancement of Low-Light Image Based on Retinex Decomposition,2023,arXiv.org,Wenchao Li; Bangshu Xiong; Qiaofeng Ou; Xiaoyun Long; Jinhao Zhu; Jiabao Chen; Shuyuan Wen,"[{""id"": ""2265521694"", ""name"": ""Wenchao Li"", ""source"": ""s2""}, {""id"": ""2265489543"", ""name"": ""Bangshu Xiong"", ""source"": ""s2""}, {""id"": ""2261011"", ""name"": ""Qiaofeng Ou"", ""source"": ""s2""}, {""id"": ""2150017862"", ""name"": ""Xiaoyun Long"", ""source"": ""s2""}, {""id"": ""2265666097"", ""name"": ""Jinhao Zhu"", ""source"": ""s2""}, {""id"": ""2265518764"", ""name"": ""Jiabao Chen"", ""source"": ""s2""}, {""id"": ""2265494825"", ""name"": ""Shuyuan Wen"", ""source"": ""s2""}]"
7aaf9d1ef4891f70aa25aaa073857ac699c4f48f,10.1016/j.eswa.2023.122427,MWA-MNN: Multi-patch Wavelet Attention Memristive Neural Network for image restoration,2023,Expert systems with applications,Dirui Xie; He Xiao; Yue Zhou; Shukai Duan; Xiaofang Hu,"[{""id"": ""2211254189"", ""name"": ""Dirui Xie"", ""source"": ""s2""}, {""id"": ""2114210605"", ""name"": ""He Xiao"", ""source"": ""s2""}, {""id"": ""2116451313"", ""name"": ""Yue Zhou"", ""source"": ""s2""}, {""id"": ""2159433014"", ""name"": ""Shukai Duan"", ""source"": ""s2""}, {""id"": ""47027727"", ""name"": ""Xiaofang Hu"", ""source"": ""s2""}]"
38d72d1c03f81e0a78802bde3d675e7909f39132,10.1016/j.engappai.2023.107003,A Semi-Supervised Network Framework for low-light image enhancement,2023,Engineering applications of artificial intelligence,Jin Chen; Yong Wang; Yujuan Han,"[{""id"": ""2108458965"", ""name"": ""Jin Chen"", ""source"": ""s2""}, {""id"": ""2237392111"", ""name"": ""Yong Wang"", ""source"": ""s2""}, {""id"": ""2112896698"", ""name"": ""Yujuan Han"", ""source"": ""s2""}]"
176a31e61a636165362322cc1d070b100f16e8d3,10.1016/j.engappai.2023.106925,BOLD-net: Brightness enhancement for old images using deep curve estimation and attention modules,2023,Engineering applications of artificial intelligence,Arshiana Shamir; N. Park; Bumshik Lee,"[{""id"": ""2192209672"", ""name"": ""Arshiana Shamir"", ""source"": ""s2""}, {""id"": ""2052429129"", ""name"": ""N. Park"", ""source"": ""s2""}, {""id"": ""2672583"", ""name"": ""Bumshik Lee"", ""source"": ""s2""}]"
a1e8a799b8784bb688ff7a823baeaf3a55bea0d9,10.1016/j.jvcir.2023.103978,Multi-scale dynamic fusion for correcting uneven illumination images,2023,Journal of Visual Communication and Image Representation,Junyu Fan; Jinjiang Li; Lu Ren; Zheng Chen,"[{""id"": ""2198876207"", ""name"": ""Junyu Fan"", ""source"": ""s2""}, {""id"": ""2555126"", ""name"": ""Jinjiang Li"", ""source"": ""s2""}, {""id"": ""2218529854"", ""name"": ""Lu Ren"", ""source"": ""s2""}, {""id"": ""2117203134"", ""name"": ""Zheng Chen"", ""source"": ""s2""}]"
803825f36c2d0d23f75b53388ac9f1d6c11825d0,10.1117/1.OE.62.11.118101,ARODNet: adaptive rain image enhancement object detection network for autonomous driving in adverse weather conditions,2023,Optical Engineering: The Journal of SPIE,Yongsheng Qiu; Yuanyao Lu; Yuantao Wang; Haiyang Jiang,"[{""id"": ""47604559"", ""name"": ""Yongsheng Qiu"", ""source"": ""s2""}, {""id"": ""2266200183"", ""name"": ""Yuanyao Lu"", ""source"": ""s2""}, {""id"": ""2203021722"", ""name"": ""Yuantao Wang"", ""source"": ""s2""}, {""id"": ""2266241316"", ""name"": ""Haiyang Jiang"", ""source"": ""s2""}]"
bb8fcd46ff93316dfc3d79b0fc7a5c015d492d73,10.1109/APSIPAASC58517.2023.10317339,Low-light is More Than Darkness: An Empirical Study on Illumination Types and Enhancement Methods,2023,Asia-Pacific Signal and Information Processing Association Annual Summit and Conference,Hui Sze Liew; Y. P. Loh; Simying Ong,"[{""id"": ""2267654584"", ""name"": ""Hui Sze Liew"", ""source"": ""s2""}, {""id"": ""34676974"", ""name"": ""Y. P. Loh"", ""source"": ""s2""}, {""id"": ""33567862"", ""name"": ""Simying Ong"", ""source"": ""s2""}]"
93a9ba0330764f84d862cce08da0499f74bd03fa,10.1007/s13042-023-01991-7,RDMA: low-light image enhancement based on retinex decomposition and multi-scale adjustment,2023,International Journal of Machine Learning and Cybernetics,Jiafeng Li; Shuai Hao; Tianshuo Li; Li Zhuo; Jing Zhang,"[{""id"": ""3117925"", ""name"": ""Jiafeng Li"", ""source"": ""s2""}, {""id"": ""47595917"", ""name"": ""Shuai Hao"", ""source"": ""s2""}, {""id"": ""2259268733"", ""name"": ""Tianshuo Li"", ""source"": ""s2""}, {""id"": ""2105909391"", ""name"": ""Li Zhuo"", ""source"": ""s2""}, {""id"": ""2260279898"", ""name"": ""Jing Zhang"", ""source"": ""s2""}]"
d0078ff59184a3ca422bbbc16fb76b4a60bb382b,10.1109/IECON51785.2023.10312449,Unsupervised Low Light Enhancement Method with Inherent Diffuse Map,2023,Annual Conference of the IEEE Industrial Electronics Society,Wei Wang; Chaobing Zheng,"[{""id"": ""2158626214"", ""name"": ""Wei Wang"", ""source"": ""s2""}, {""id"": ""24329943"", ""name"": ""Chaobing Zheng"", ""source"": ""s2""}]"
940134448d1bc596b2e79a7a1e4ff0653ac2a3ea,10.1109/ICIP49359.2023.10222311,DLEN: Deep Laplacian Enhancement Networks for Low-Light Images,2023,International Conference on Information Photonics,Xinjie Wei; Kan Chang; Guiqing Li; Mengyuan Huang; Qingpao Qin,"[{""id"": ""2226310405"", ""name"": ""Xinjie Wei"", ""source"": ""s2""}, {""id"": ""2217958366"", ""name"": ""Kan Chang"", ""source"": ""s2""}, {""id"": ""2238134221"", ""name"": ""Guiqing Li"", ""source"": ""s2""}, {""id"": ""2112586477"", ""name"": ""Mengyuan Huang"", ""source"": ""s2""}, {""id"": ""2210509112"", ""name"": ""Qingpao Qin"", ""source"": ""s2""}]"
36694b981f73eb4c96b4a0166afb8fdcdbfd4c98,10.1109/ICCVW60793.2023.00237,LightNet: Generative Model for Enhancement of Low-Light Images,2023,2023 IEEE/CVF International Conference on Computer Vision Workshops (ICCVW),Chaitra Desai; Nikhil Neelkanth Akalwadi; Amogh Joshi; Sampada Malagi; Chinmayee Mandi; R. Tabib; Ujwala Patil; Uma Mudenagudi,"[{""id"": ""32173170"", ""name"": ""Chaitra Desai"", ""source"": ""s2""}, {""id"": ""2268207680"", ""name"": ""Nikhil Neelkanth Akalwadi"", ""source"": ""s2""}, {""id"": ""2276533020"", ""name"": ""Amogh Joshi"", ""source"": ""s2""}, {""id"": ""2268207014"", ""name"": ""Sampada Malagi"", ""source"": ""s2""}, {""id"": ""2276529634"", ""name"": ""Chinmayee Mandi"", ""source"": ""s2""}, {""id"": ""9141151"", ""name"": ""R. Tabib"", ""source"": ""s2""}, {""id"": ""148268483"", ""name"": ""Ujwala Patil"", ""source"": ""s2""}, {""id"": ""2938896"", ""name"": ""Uma Mudenagudi"", ""source"": ""s2""}]"
f47ec81f6fac8aaca3afb1f109205754d66e1fcd,10.1109/ICCV51070.2023.00974,Coherent Event Guided Low-Light Video Enhancement,2023,IEEE International Conference on Computer Vision,Jinxiu Liang; Yixin Yang; Boyu Li; Peiqi Duan; Yong Xu; Boxin Shi,"[{""id"": ""2118674813"", ""name"": ""Jinxiu Liang"", ""source"": ""s2""}, {""id"": ""2265716567"", ""name"": ""Yixin Yang"", ""source"": ""s2""}, {""id"": ""2265682272"", ""name"": ""Boyu Li"", ""source"": ""s2""}, {""id"": ""2265682931"", ""name"": ""Peiqi Duan"", ""source"": ""s2""}, {""id"": ""2265799628"", ""name"": ""Yong Xu"", ""source"": ""s2""}, {""id"": ""2273929993"", ""name"": ""Boxin Shi"", ""source"": ""s2""}]"
7043818c120a0a8313418fbd7eacf753f85efa90,10.1109/ICCV51070.2023.01183,Dancing in the Dark: A Benchmark towards General Low-light Video Enhancement,2023,IEEE International Conference on Computer Vision,Huiyuan Fu; Wenkai Zheng; Xicong Wang; Jiaxuan Wang; Heng Zhang; Huadong Ma,"[{""id"": ""2513605"", ""name"": ""Huiyuan Fu"", ""source"": ""s2""}, {""id"": ""2186746235"", ""name"": ""Wenkai Zheng"", ""source"": ""s2""}, {""id"": ""2271362374"", ""name"": ""Xicong Wang"", ""source"": ""s2""}, {""id"": ""2271359439"", ""name"": ""Jiaxuan Wang"", ""source"": ""s2""}, {""id"": ""2271866730"", ""name"": ""Heng Zhang"", ""source"": ""s2""}, {""id"": ""2263653397"", ""name"": ""Huadong Ma"", ""source"": ""s2""}]"
fda40305a1ad8f88cf2e67795e7edcd7a0e91276,10.1016/j.jksuci.2023.101814,BrightsightNet: A lightweight progressive low-light image enhancement network and its application in “Rainbow” maglev train,2023,Journal of King Saud University: Computer and Information Sciences,Zhichao Chen; Jie Yang; Chong Yang,"[{""id"": ""2262790719"", ""name"": ""Zhichao Chen"", ""source"": ""s2""}, {""id"": ""2263258061"", ""name"": ""Jie Yang"", ""source"": ""s2""}, {""id"": ""2260907960"", ""name"": ""Chong Yang"", ""source"": ""s2""}]"
1b137a0e5699c2e27eefd17009ddd2b8df4c347c,10.1016/j.knosys.2023.111099,ULBPNet: Low-light image enhancement using U-shaped lightening back-projection,2023,Knowledge-Based Systems,Jun Young Park; Cheol Woo Park; I. Eom,"[{""id"": ""2369288915"", ""name"": ""Jun Young Park"", ""source"": ""s2""}, {""id"": ""2140588967"", ""name"": ""Cheol Woo Park"", ""source"": ""s2""}, {""id"": ""3260798"", ""name"": ""I. Eom"", ""source"": ""s2""}]"
db79931458fc4ea5361cc7e64f3063b1a1b3210e,10.3390/s23208442,Image Restoration via Low-Illumination to Normal-Illumination Networks Based on Retinex Theory,2023,Italian National Conference on Sensors,C. Wen; Ting Nie; Mingxuan Li; Xiaofeng Wang; Liang Huang,"[{""id"": ""2068036068"", ""name"": ""C. Wen"", ""source"": ""s2""}, {""id"": ""47476066"", ""name"": ""Ting Nie"", ""source"": ""s2""}, {""id"": ""2258417102"", ""name"": ""Mingxuan Li"", ""source"": ""s2""}, {""id"": ""2258446554"", ""name"": ""Xiaofeng Wang"", ""source"": ""s2""}, {""id"": ""2109047463"", ""name"": ""Liang Huang"", ""source"": ""s2""}]"
061b8595446b7ac6ae21403a81531de07c94cf17,10.1016/j.cag.2023.10.016,Relevance gradient descent for parameter optimization of image enhancement,2023,Computers & graphics,Y. Rao; Yuling Yi; O. T. Nartey; Saeed Ullah Jan,"[{""id"": ""2240329584"", ""name"": ""Y. Rao"", ""source"": ""s2""}, {""id"": ""2146876592"", ""name"": ""Yuling Yi"", ""source"": ""s2""}, {""id"": ""1391407625"", ""name"": ""O. T. Nartey"", ""source"": ""s2""}, {""id"": ""2314221897"", ""name"": ""Saeed Ullah Jan"", ""source"": ""s2""}]"
9f490ac5529a7e3a0ee5d5df77add2817f3d6df2,10.1109/ITSC57777.2023.10421803,The Effect of Camera Data Degradation Factors on Panoptic Segmentation for Automated Driving,2023,2023 IEEE 26th International Conference on Intelligent Transportation Systems (ITSC),Yiting Wang; Haonan Zhao; K. Debattista; Valentina Donzella,"[{""id"": ""2284178771"", ""name"": ""Yiting Wang"", ""source"": ""s2""}, {""id"": ""2284409012"", ""name"": ""Haonan Zhao"", ""source"": ""s2""}, {""id"": ""2276423748"", ""name"": ""K. Debattista"", ""source"": ""s2""}, {""id"": ""2362738993"", ""name"": ""Valentina Donzella"", ""source"": ""s2""}]"
027b0fcd3c0559824ff4cfa47f9d280d9e5d8926,10.1145/3627377.3627438,Semi-supervised learning with CNN for low-light images enhancement,2023,ICBDT,Yanzhi Fan; Haozhe Jia; Xin Wei; Qiguo Cao; Yingfeng Wang; Sen Xiang,"[{""id"": ""2308241522"", ""name"": ""Yanzhi Fan"", ""source"": ""s2""}, {""id"": ""2269784443"", ""name"": ""Haozhe Jia"", ""source"": ""s2""}, {""id"": ""2269749335"", ""name"": ""Xin Wei"", ""source"": ""s2""}, {""id"": ""2269462319"", ""name"": ""Qiguo Cao"", ""source"": ""s2""}, {""id"": ""2269704838"", ""name"": ""Yingfeng Wang"", ""source"": ""s2""}, {""id"": ""2269461907"", ""name"": ""Sen Xiang"", ""source"": ""s2""}]"
38bfbfa14c8e90c2080c565e5d6883ad3b2db104,10.1109/EIECS59936.2023.10434282,Low-light Road Target Detection based on Lightweight Generative Adversarial Networks,2023,2023 3rd International Conference on Electronic Information Engineering and Computer Science (EIECS),Xiaowei Wei; Saisai Yu; Shuqing He,"[{""id"": ""2197785017"", ""name"": ""Xiaowei Wei"", ""source"": ""s2""}, {""id"": ""2284952650"", ""name"": ""Saisai Yu"", ""source"": ""s2""}, {""id"": ""2290008759"", ""name"": ""Shuqing He"", ""source"": ""s2""}]"
c3d9e9aeddfc887c01fcf504d70db15255b23a35,10.3390/electronics12183907,DBENet: Dual-Branch Brightness Enhancement Fusion Network for Low-Light Image Enhancement,2023,Electronics,Yongqiang Chen; Chenglin Wen; Weifeng Liu; Wei He,"[{""id"": ""2245331388"", ""name"": ""Yongqiang Chen"", ""source"": ""s2""}, {""id"": ""2238106022"", ""name"": ""Chenglin Wen"", ""source"": ""s2""}, {""id"": ""1732108"", ""name"": ""Weifeng Liu"", ""source"": ""s2""}, {""id"": ""2244412699"", ""name"": ""Wei He"", ""source"": ""s2""}]"
a8a230fa18d904176af58ad40aad971543adb0f0,10.1109/TITS.2024.3359755,Double Domain Guided Real-Time Low-Light Image Enhancement for Ultra-High-Definition Transportation Surveillance,2023,IEEE transactions on intelligent transportation systems (Print),Jingxiang Qu; R. W. Liu; Yuan Gao; Yu Guo; Fenghua Zhu; Fei Wang,"[{""id"": ""2189470689"", ""name"": ""Jingxiang Qu"", ""source"": ""s2""}, {""id"": ""3136503"", ""name"": ""R. W. Liu"", ""source"": ""s2""}, {""id"": ""2244143114"", ""name"": ""Yuan Gao"", ""source"": ""s2""}, {""id"": ""2143378699"", ""name"": ""Yu Guo"", ""source"": ""s2""}, {""id"": ""2242533246"", ""name"": ""Fenghua Zhu"", ""source"": ""s2""}, {""id"": ""2274447159"", ""name"": ""Fei Wang"", ""source"": ""s2""}]"
9cdb56c7c1024204c3fc2087b6e9870bda0a6176,10.1109/ICASSP49660.2025.10888283,DEFormer: DCT-driven Enhancement Transformer for Low-light Image and Dark Vision,2023,"IEEE International Conference on Acoustics, Speech, and Signal Processing",Xiangchen Yin; Zhenda Yu; Xin Gao; Ran Ju; Xiao Sun; Xinyu Zhang,"[{""id"": ""2240802580"", ""name"": ""Xiangchen Yin"", ""source"": ""s2""}, {""id"": ""2239467883"", ""name"": ""Zhenda Yu"", ""source"": ""s2""}, {""id"": ""2239459437"", ""name"": ""Xin Gao"", ""source"": ""s2""}, {""id"": ""33687539"", ""name"": ""Ran Ju"", ""source"": ""s2""}, {""id"": ""2318258797"", ""name"": ""Xiao Sun"", ""source"": ""s2""}, {""id"": ""120070100"", ""name"": ""Xinyu Zhang"", ""source"": ""s2""}]"
474edb68077a94617570173012fda2e61f2c4dee,10.1007/s11082-023-05224-7,Sub-network modeling and integration for low-light enhancement of aerial images,2023,Optical and quantum electronics,G. Uganya; C. H. S. Devi; Abhay Chaturvedi; B. Shankar; J. V. N. Ramesh; Ajmeera Kiran,"[{""id"": ""2329274003"", ""name"": ""G. Uganya"", ""source"": ""s2""}, {""id"": ""2359251284"", ""name"": ""C. H. S. Devi"", ""source"": ""s2""}, {""id"": ""2238567994"", ""name"": ""Abhay Chaturvedi"", ""source"": ""s2""}, {""id"": ""2252450266"", ""name"": ""B. Shankar"", ""source"": ""s2""}, {""id"": ""2211558308"", ""name"": ""J. V. N. Ramesh"", ""source"": ""s2""}, {""id"": ""144652286"", ""name"": ""Ajmeera Kiran"", ""source"": ""s2""}]"
b6f811568a3d46afa22d4aba47f46a13e04731cb,10.1109/ICCV51070.2023.01154,Empowering Low-Light Image Enhancer through Customized Learnable Priors,2023,IEEE International Conference on Computer Vision,Naishan Zheng; Man Zhou; Yanmeng Dong; Xiangyu Rui; Jie Huang; Chongyi Li; Fengmei Zhao,"[{""id"": ""104219880"", ""name"": ""Naishan Zheng"", ""source"": ""s2""}, {""id"": ""2121684731"", ""name"": ""Man Zhou"", ""source"": ""s2""}, {""id"": ""2237962719"", ""name"": ""Yanmeng Dong"", ""source"": ""s2""}, {""id"": ""2056920436"", ""name"": ""Xiangyu Rui"", ""source"": ""s2""}, {""id"": ""2110284557"", ""name"": ""Jie Huang"", ""source"": ""s2""}, {""id"": ""2237956540"", ""name"": ""Chongyi Li"", ""source"": ""s2""}, {""id"": ""2152335165"", ""name"": ""Fengmei Zhao"", ""source"": ""s2""}]"
1e4b9fb2efa19a026c644665abfab70c4215508c,10.48550/arXiv.2309.01627,Cross-Consistent Deep Unfolding Network for Adaptive All-In-One Video Restoration,2023,arXiv.org,Yuanshuo Cheng; Mingwen Shao; Yecong Wan; Lixu Zhang; W. Zuo; Deyu Meng,"[{""id"": ""2153514280"", ""name"": ""Yuanshuo Cheng"", ""source"": ""s2""}, {""id"": ""2237783247"", ""name"": ""Mingwen Shao"", ""source"": ""s2""}, {""id"": ""2147200675"", ""name"": ""Yecong Wan"", ""source"": ""s2""}, {""id"": ""2222925195"", ""name"": ""Lixu Zhang"", ""source"": ""s2""}, {""id"": ""1724520"", ""name"": ""W. Zuo"", ""source"": ""s2""}, {""id"": ""2237802857"", ""name"": ""Deyu Meng"", ""source"": ""s2""}]"
837b385de43ad6701753d058dbe122a9a7bd416e,10.48550/arXiv.2309.01183,Holistic Dynamic Frequency Transformer for Image Fusion and Exposure Correction,2023,Information Fusion,Xiaoke Shang; Gehui Li; Zhiying Jiang; Shaomin Zhang; Nai Ding; Jinyuan Liu,"[{""id"": ""2237813973"", ""name"": ""Xiaoke Shang"", ""source"": ""s2""}, {""id"": ""2237952104"", ""name"": ""Gehui Li"", ""source"": ""s2""}, {""id"": ""3109913"", ""name"": ""Zhiying Jiang"", ""source"": ""s2""}, {""id"": ""2116576639"", ""name"": ""Shaomin Zhang"", ""source"": ""s2""}, {""id"": ""2237813761"", ""name"": ""Nai Ding"", ""source"": ""s2""}, {""id"": ""2108510456"", ""name"": ""Jinyuan Liu"", ""source"": ""s2""}]"
ea2aba7ac6a556cb541564af11ae794e5301e518,10.1145/3581783.3612436,Fearless Luminance Adaptation: A Macro-Micro-Hierarchical Transformer for Exposure Correction,2023,ACM Multimedia,Gehui Li; Jinyuan Liu; Long Ma; Zhiying Jiang; Xin-Yue Fan; Risheng Liu,"[{""id"": ""2237952104"", ""name"": ""Gehui Li"", ""source"": ""s2""}, {""id"": ""2108510456"", ""name"": ""Jinyuan Liu"", ""source"": ""s2""}, {""id"": ""1732160"", ""name"": ""Long Ma"", ""source"": ""s2""}, {""id"": ""3109913"", ""name"": ""Zhiying Jiang"", ""source"": ""s2""}, {""id"": ""2117800366"", ""name"": ""Xin-Yue Fan"", ""source"": ""s2""}, {""id"": ""34469457"", ""name"": ""Risheng Liu"", ""source"": ""s2""}]"
ac73dc53da782a988f78125785bea3c8334923d1,10.3390/s23187763,A Survey of Deep Learning-Based Low-Light Image Enhancement,2023,Italian National Conference on Sensors,Zhen Tian; Peixin Qu; Jielin Li; Yukun Sun; Guohou Li; Zheng Liang; W. Zhang,"[{""id"": ""2117804765"", ""name"": ""Zhen Tian"", ""source"": ""s2""}, {""id"": ""36060293"", ""name"": ""Peixin Qu"", ""source"": ""s2""}, {""id"": ""2148947747"", ""name"": ""Jielin Li"", ""source"": ""s2""}, {""id"": ""2324211263"", ""name"": ""Yukun Sun"", ""source"": ""s2""}, {""id"": ""2108466535"", ""name"": ""Guohou Li"", ""source"": ""s2""}, {""id"": ""2194606464"", ""name"": ""Zheng Liang"", ""source"": ""s2""}, {""id"": ""143715293"", ""name"": ""W. Zhang"", ""source"": ""s2""}]"
2753e3b0e5ed29a5694976b75ac024ce4c5388c0,10.1088/1742-6596/2589/1/012007,Low illumination image enhancement based on attention mechanism and global illumination estimation,2023,Journal of Physics: Conference Series,Linshuai Shen; Weimin Wei; Tao Chen,"[{""id"": ""2246732324"", ""name"": ""Linshuai Shen"", ""source"": ""s2""}, {""id"": ""2591043"", ""name"": ""Weimin Wei"", ""source"": ""s2""}, {""id"": ""2285247023"", ""name"": ""Tao Chen"", ""source"": ""s2""}]"
3a2abefcec3dfd33d6f1ea17f6cf086d140b22ad,10.1117/1.JEI.32.5.053018,Low-illumination image contrast enhancement using adaptive gamma correction and deep learning model for person identification and verification,2023,J. Electronic Imaging,Suresh Tommandru; Domnic Sandanam,"[{""id"": ""2051746729"", ""name"": ""Suresh Tommandru"", ""source"": ""s2""}, {""id"": ""152318934"", ""name"": ""Domnic Sandanam"", ""source"": ""s2""}]"
fd636be3bf691d63a7394f5fbb1f81cf018a2f43,10.1038/s41598-023-40899-8,Low-light image enhancement via adaptive frequency decomposition network,2023,Scientific Reports,Xiwen Liang; Xiaoyan Chen; Keying Ren; Xia Miao; Zhihui Chen; Yutao Jin,"[{""id"": ""51291599"", ""name"": ""Xiwen Liang"", ""source"": ""s2""}, {""id"": ""2143799176"", ""name"": ""Xiaoyan Chen"", ""source"": ""s2""}, {""id"": ""2158202544"", ""name"": ""Keying Ren"", ""source"": ""s2""}, {""id"": ""2158202576"", ""name"": ""Xia Miao"", ""source"": ""s2""}, {""id"": ""2157177905"", ""name"": ""Zhihui Chen"", ""source"": ""s2""}, {""id"": ""2154182385"", ""name"": ""Yutao Jin"", ""source"": ""s2""}]"
5b72b515490e0a8b0e48efe52142821812604b50,10.1016/j.dsp.2024.104802,CDAN: Convolutional Dense Attention-guided Network for Low-light Image Enhancement,2023,Digit. Signal Process.,Hossein Shakibania; Sina Raoufi; H. Khotanlou,"[{""id"": ""2232780861"", ""name"": ""Hossein Shakibania"", ""source"": ""s2""}, {""id"": ""2232781030"", ""name"": ""Sina Raoufi"", ""source"": ""s2""}, {""id"": ""2264128"", ""name"": ""H. Khotanlou"", ""source"": ""s2""}]"
1e08bac0be006183efd104693af5011e080672da,10.3390/jmse11081625,Multi-Feature Fusion-Guided Low-Visibility Image Enhancement for Maritime Surveillance,2023,Journal of Marine Science and Engineering,Wenbo Zhou; Bin Li; Guo-Feng Luo,"[{""id"": ""2337800531"", ""name"": ""Wenbo Zhou"", ""source"": ""s2""}, {""id"": ""2185910798"", ""name"": ""Bin Li"", ""source"": ""s2""}, {""id"": ""2269991404"", ""name"": ""Guo-Feng Luo"", ""source"": ""s2""}]"
8074a3b01a78034d23db339ca89373693211072f,10.1109/ICCUBEA58933.2023.10392067,Attention U-Net for Low Light Image Enhancement,2023,International Conference on Computing Communication Control and automation,S. Bendre; Shovin Kaul; Shubhodiya Ghosh; Sneha Pujari; Deepa Mahajan; Varsha Bendre,"[{""id"": ""2309514984"", ""name"": ""S. Bendre"", ""source"": ""s2""}, {""id"": ""2280605820"", ""name"": ""Shovin Kaul"", ""source"": ""s2""}, {""id"": ""2280903998"", ""name"": ""Shubhodiya Ghosh"", ""source"": ""s2""}, {""id"": ""2154646309"", ""name"": ""Sneha Pujari"", ""source"": ""s2""}, {""id"": ""2357351767"", ""name"": ""Deepa Mahajan"", ""source"": ""s2""}, {""id"": ""2295007041"", ""name"": ""Varsha Bendre"", ""source"": ""s2""}]"
72040a1cf65787d7236fa49a0550f01ae8c18f0c,10.1109/ICCV51070.2023.01119,SYENet: A Simple Yet Effective Network for Multiple Low-Level Vision Tasks with Real-time Performance on Mobile Device,2023,IEEE International Conference on Computer Vision,Weiran Gou; Ziyao Yi; Yan Xiang; Shaoqing Li; Zibin Liu; Dehui Kong; Ke Xu,"[{""id"": ""2229834485"", ""name"": ""Weiran Gou"", ""source"": ""s2""}, {""id"": ""9733944"", ""name"": ""Ziyao Yi"", ""source"": ""s2""}, {""id"": ""2223778244"", ""name"": ""Yan Xiang"", ""source"": ""s2""}, {""id"": ""2156638692"", ""name"": ""Shaoqing Li"", ""source"": ""s2""}, {""id"": ""2190291532"", ""name"": ""Zibin Liu"", ""source"": ""s2""}, {""id"": ""1515883521"", ""name"": ""Dehui Kong"", ""source"": ""s2""}, {""id"": ""2117101322"", ""name"": ""Ke Xu"", ""source"": ""s2""}]"
f5ced410680b9a5070e606ea9765581addfebd3d,10.1145/3616013,A Collaborative Learning-based Urban Low-light Small-target Face Image Enhancement Method,2023,ACM transactions on sensor networks,Zheng Wu; Kehua Guo; Liwei Wang; Min Hu; Sheng Ren,"[{""id"": ""2210244397"", ""name"": ""Zheng Wu"", ""source"": ""s2""}, {""id"": ""1808299"", ""name"": ""Kehua Guo"", ""source"": ""s2""}, {""id"": ""2210261748"", ""name"": ""Liwei Wang"", ""source"": ""s2""}, {""id"": ""2093566373"", ""name"": ""Min Hu"", ""source"": ""s2""}, {""id"": ""2075290131"", ""name"": ""Sheng Ren"", ""source"": ""s2""}]"
4f90e5d708e3a9c1c02b3fd7af184e9889d813ac,10.1145/3581783.3611933,FastLLVE: Real-Time Low-Light Video Enhancement with Intensity-Aware Look-Up Table,2023,ACM Multimedia,Wenhao Li; Guangyang Wu; Wenyi Wang; Peiran Ren; Xiaohong Liu,"[{""id"": ""2108770289"", ""name"": ""Wenhao Li"", ""source"": ""s2""}, {""id"": ""153204485"", ""name"": ""Guangyang Wu"", ""source"": ""s2""}, {""id"": ""47825380"", ""name"": ""Wenyi Wang"", ""source"": ""s2""}, {""id"": ""3246404"", ""name"": ""Peiran Ren"", ""source"": ""s2""}, {""id"": ""2211737291"", ""name"": ""Xiaohong Liu"", ""source"": ""s2""}]"
ba1ad159f8bfa0f9a6b2fe94326c13658e6174d1,10.1007/s00371-023-03039-x,SCDet: decoupling discriminative representation for dark object detection via supervised contrastive learning,2023,The Visual Computer,Tongxu Lin; Guoheng Huang; Xiaochen Yuan; Guo Zhong; Xiaocong Huang; Chi-Man Pun,"[{""id"": ""2220777913"", ""name"": ""Tongxu Lin"", ""source"": ""s2""}, {""id"": ""2376100"", ""name"": ""Guoheng Huang"", ""source"": ""s2""}, {""id"": ""2179621872"", ""name"": ""Xiaochen Yuan"", ""source"": ""s2""}, {""id"": ""2198727784"", ""name"": ""Guo Zhong"", ""source"": ""s2""}, {""id"": ""2214796301"", ""name"": ""Xiaocong Huang"", ""source"": ""s2""}, {""id"": ""145956876"", ""name"": ""Chi-Man Pun"", ""source"": ""s2""}]"
f1cb56a1e715e90e9e5bde84485d5b3f680ea812,10.1109/TIP.2024.3420797,Enhancing Low-Light Light Field Images With a Deep Compensation Unfolding Network,2023,IEEE Transactions on Image Processing,Xianqiang Lyu; Junhui Hou,"[{""id"": ""2004173843"", ""name"": ""Xianqiang Lyu"", ""source"": ""s2""}, {""id"": ""40630305"", ""name"": ""Junhui Hou"", ""source"": ""s2""}]"
e464ec8421fcdfb43d6f67a6c3fa0d89b2031164,10.1109/TIP.2023.3301332,Unsupervised Low-Light Video Enhancement With Spatial-Temporal Co-Attention Transformer,2023,IEEE Transactions on Image Processing,Xiaoqian Lv; Shengping Zhang; Chenyang Wang; Weigang Zhang; H. Yao; Qingming Huang,"[{""id"": ""2112411035"", ""name"": ""Xiaoqian Lv"", ""source"": ""s2""}, {""id"": ""1761159"", ""name"": ""Shengping Zhang"", ""source"": ""s2""}, {""id"": ""2109502294"", ""name"": ""Chenyang Wang"", ""source"": ""s2""}, {""id"": ""2108142645"", ""name"": ""Weigang Zhang"", ""source"": ""s2""}, {""id"": ""1720100"", ""name"": ""H. Yao"", ""source"": ""s2""}, {""id"": ""1689702"", ""name"": ""Qingming Huang"", ""source"": ""s2""}]"
6080a62b313bae259b1aef6e600eae9e667e9533,10.1109/MWSCAS57524.2023.10406144,FPGA Implementation of Dehazing Model Based Low-Light Image Enhancement Algorithm,2023,Midwest Symposium on Circuits and Systems,Bharat Bhushan Upadhyay; K. Sarawadekar,"[{""id"": ""2064069612"", ""name"": ""Bharat Bhushan Upadhyay"", ""source"": ""s2""}, {""id"": ""144633454"", ""name"": ""K. Sarawadekar"", ""source"": ""s2""}]"
9ef08479be1df9787f6542a860aedfb1e7316e04,10.1016/j.bspc.2023.104874,Non-contact human respiratory rate measurement under dark environments by low-light video enhancement,2023,Biomedical Signal Processing and Control,Haipeng Wang; Shuai Zhang,"[{""id"": ""1897728715"", ""name"": ""Haipeng Wang"", ""source"": ""s2""}, {""id"": ""2108432177"", ""name"": ""Shuai Zhang"", ""source"": ""s2""}]"
be2b7423d744749572797026fb3318ffc8021f05,10.48550/arXiv.2308.00591,Visibility Enhancement for Low-light Hazy Scenarios,2023,arXiv.org,Chaoqun Zhuang; Yunfei Liu; Sijia Wen; Feng Lu,"[{""id"": ""101722863"", ""name"": ""Chaoqun Zhuang"", ""source"": ""s2""}, {""id"": ""47908555"", ""name"": ""Yunfei Liu"", ""source"": ""s2""}, {""id"": ""2206692"", ""name"": ""Sijia Wen"", ""source"": ""s2""}, {""id"": ""1388864077"", ""name"": ""Feng Lu"", ""source"": ""s2""}]"
59b0b38fa068a29c0a8cf1bf9f927196257b2ad2,10.1016/j.cag.2023.08.004,Multi-Resolution Edge-aware Lighting Enhancement Network,2023,Computers & graphics,Wenyong Gong; Wenzhu Chen; Zhongwei Yu; Xiaohua Xie,"[{""id"": ""3307072"", ""name"": ""Wenyong Gong"", ""source"": ""s2""}, {""id"": ""2109078473"", ""name"": ""Wenzhu Chen"", ""source"": ""s2""}, {""id"": ""2302530808"", ""name"": ""Zhongwei Yu"", ""source"": ""s2""}, {""id"": ""46397019"", ""name"": ""Xiaohua Xie"", ""source"": ""s2""}]"
84cf4cee91148c408593032be37f261214c369fb,10.3390/s23167306,A Zero-Shot Low Light Image Enhancement Method Integrating Gating Mechanism,2023,Italian National Conference on Sensors,Junhao Tian; Jianwei Zhang,"[{""id"": ""2175750276"", ""name"": ""Junhao Tian"", ""source"": ""s2""}, {""id"": ""36062319"", ""name"": ""Jianwei Zhang"", ""source"": ""s2""}]"
ba5744f935523e3fa44fa6dc989f1331ca63aa9d,10.3390/e25081201,A Low-Illumination Enhancement Method Based on Structural Layer and Detail Layer,2023,Entropy,W. Ge; Le Zhang; Weida Zhan; Jiale Wang; Depeng Zhu; Yang Hong,"[{""id"": ""2276074860"", ""name"": ""W. Ge"", ""source"": ""s2""}, {""id"": ""2309294410"", ""name"": ""Le Zhang"", ""source"": ""s2""}, {""id"": ""2066339511"", ""name"": ""Weida Zhan"", ""source"": ""s2""}, {""id"": ""2109656315"", ""name"": ""Jiale Wang"", ""source"": ""s2""}, {""id"": ""32402125"", ""name"": ""Depeng Zhu"", ""source"": ""s2""}, {""id"": ""2194028417"", ""name"": ""Yang Hong"", ""source"": ""s2""}]"
239a9ab24ee6de059b84a72b7e0fc21ef98181a7,10.1145/3603165.3607375,MoEnlight: Energy-efficient and self-adaptive Low-light Video Stream Enhancement on Mobile Devices,2023,ACM Turing Celebration Conference,Sicong Liu; Xiaocheng Li; Zimu Zhou; Bin Guo; Yuan Xu; Zhiwen Yu,"[{""id"": ""2155857286"", ""name"": ""Sicong Liu"", ""source"": ""s2""}, {""id"": ""2181651024"", ""name"": ""Xiaocheng Li"", ""source"": ""s2""}, {""id"": ""2246189563"", ""name"": ""Zimu Zhou"", ""source"": ""s2""}, {""id"": ""2209648697"", ""name"": ""Bin Guo"", ""source"": ""s2""}, {""id"": ""2145139708"", ""name"": ""Yuan Xu"", ""source"": ""s2""}, {""id"": ""2256618"", ""name"": ""Zhiwen Yu"", ""source"": ""s2""}]"
d7ccab17a627d32d090c0af4823d6f2e1ce35038,10.1007/s11042-023-16207-x,Unevenly illuminated image distortion correction using brightness perception and chromatic luminance,2023,Multimedia tools and applications,Manish Kumar; A. Bhandari; Manvi Jha,"[{""id"": ""2166624481"", ""name"": ""Manish Kumar"", ""source"": ""s2""}, {""id"": ""2019243"", ""name"": ""A. Bhandari"", ""source"": ""s2""}, {""id"": ""2131301990"", ""name"": ""Manvi Jha"", ""source"": ""s2""}]"
d7f4f1935faa3d4f5d98103efd0a2a215d79a030,10.23919/CCC58697.2023.10240033,A Modern Physical GAN for Unsupervised Low-Light Image Enhancement via Illumination Estimation,2023,Cybersecurity and Cyberforensics Conference,Tong Liu; Wenda Xu; Yufeng Liu; Siyuan Liu; Xiaolu Chen,"[{""id"": ""2243379302"", ""name"": ""Tong Liu"", ""source"": ""s2""}, {""id"": ""2298880547"", ""name"": ""Wenda Xu"", ""source"": ""s2""}, {""id"": ""2108845271"", ""name"": ""Yufeng Liu"", ""source"": ""s2""}, {""id"": ""2243428378"", ""name"": ""Siyuan Liu"", ""source"": ""s2""}, {""id"": ""2292664333"", ""name"": ""Xiaolu Chen"", ""source"": ""s2""}]"
eaeed27b6be6886649b3fd5f06085020b9fa031b,10.48550/arXiv.2307.10953,PE-YOLO: Pyramid Enhancement Network for Dark Object Detection,2023,International Conference on Artificial Neural Networks,Xi Yin; Zhen Yu; Zetao Fei; Wen Lv; Xinchen Gao,"[{""id"": ""2147421661"", ""name"": ""Xi Yin"", ""source"": ""s2""}, {""id"": ""143884267"", ""name"": ""Zhen Yu"", ""source"": ""s2""}, {""id"": ""2151381542"", ""name"": ""Zetao Fei"", ""source"": ""s2""}, {""id"": ""2184812353"", ""name"": ""Wen Lv"", ""source"": ""s2""}, {""id"": ""2156258152"", ""name"": ""Xinchen Gao"", ""source"": ""s2""}]"
a2dd0ce5e61161e008d36b1b56c4a12842a8c70e,10.48550/arXiv.2307.09104,Division Gets Better: Learning Brightness-Aware and Detail-Sensitive Representations for Low-Light Image Enhancement,2023,Knowledge-Based Systems,Huake Wang; Xiaoyang Yan; Xingsong Hou; Junhui Li; Yujie Dun; Kaibing Zhang,"[{""id"": ""153469646"", ""name"": ""Huake Wang"", ""source"": ""s2""}, {""id"": ""2223950230"", ""name"": ""Xiaoyang Yan"", ""source"": ""s2""}, {""id"": ""1837363"", ""name"": ""Xingsong Hou"", ""source"": ""s2""}, {""id"": ""2144510593"", ""name"": ""Junhui Li"", ""source"": ""s2""}, {""id"": ""3126881"", ""name"": ""Yujie Dun"", ""source"": ""s2""}, {""id"": ""1723685"", ""name"": ""Kaibing Zhang"", ""source"": ""s2""}]"
df224376c4514ea5f781a4aa104a297054347d23,10.3390/electronics12143089,Research on Improved YOLOv5 for Low-Light Environment Object Detection,2023,Electronics,Junchang Wang; Peng Yang; Yuansheng Liu; Duo Shang; Xin Hui; Jinho Song; Xuehui Chen,"[{""id"": ""2031695"", ""name"": ""Junchang Wang"", ""source"": ""s2""}, {""id"": ""2292940288"", ""name"": ""Peng Yang"", ""source"": ""s2""}, {""id"": ""2143862667"", ""name"": ""Yuansheng Liu"", ""source"": ""s2""}, {""id"": ""2223787717"", ""name"": ""Duo Shang"", ""source"": ""s2""}, {""id"": ""2223781491"", ""name"": ""Xin Hui"", ""source"": ""s2""}, {""id"": ""2223880555"", ""name"": ""Jinho Song"", ""source"": ""s2""}, {""id"": ""2199252142"", ""name"": ""Xuehui Chen"", ""source"": ""s2""}]"
00aa073b0eec68863a81fbd114886c28efa42f1b,10.1109/ICCV51070.2023.01143,ExposureDiffusion: Learning to Expose for Low-light Image Enhancement,2023,IEEE International Conference on Computer Vision,Yufei Wang; Yi Yu; Wenhan Yang; Lanqing Guo; Lap-Pui Chau; A. Kot; B. Wen,"[{""id"": ""2108111745"", ""name"": ""Yufei Wang"", ""source"": ""s2""}, {""id"": ""2182655452"", ""name"": ""Yi Yu"", ""source"": ""s2""}, {""id"": ""1898172"", ""name"": ""Wenhan Yang"", ""source"": ""s2""}, {""id"": ""13559584"", ""name"": ""Lanqing Guo"", ""source"": ""s2""}, {""id"": ""145662587"", ""name"": ""Lap-Pui Chau"", ""source"": ""s2""}, {""id"": ""1711097"", ""name"": ""A. Kot"", ""source"": ""s2""}, {""id"": ""1766554"", ""name"": ""B. Wen"", ""source"": ""s2""}]"
2c13ce79922126d33eeab1a40c1e15c8a9d89c2d,10.3390/app13148148,Improved Retinex-Theory-Based Low-Light Image Enhancement Algorithm,2023,Applied Sciences,Jiarui Wang; Han-jiao Wang; Yu Sun; Jie Yang,"[{""id"": ""2295270986"", ""name"": ""Jiarui Wang"", ""source"": ""s2""}, {""id"": ""2334436201"", ""name"": ""Han-jiao Wang"", ""source"": ""s2""}, {""id"": ""2168600643"", ""name"": ""Yu Sun"", ""source"": ""s2""}, {""id"": ""34463165"", ""name"": ""Jie Yang"", ""source"": ""s2""}]"
0feaf9992a05764f3f1a689ad46757a7ba20cf93,10.1109/ICSIP57908.2023.10270950,Targeted Module Design In Low-light Image Enhancement,2023,IEEE International Conference on Signal and Image Processing,Junhao Chen; Meng Zhang,"[{""id"": ""2256837609"", ""name"": ""Junhao Chen"", ""source"": ""s2""}, {""id"": ""2371141264"", ""name"": ""Meng Zhang"", ""source"": ""s2""}]"
68fc10aa814d2927963f20609117e935c8da7e0c,10.1109/ICARM58088.2023.10218913,A Three-Stage Low-Illumination Image Enhancement Method Based on Feature Refining and Its Application in Inspection Robot for High-Voltage Substation Room,2023,International Conference on Advanced Robotics and Mechatronics,Bosi Fu; Hongguang Wang; Yong Jiang; Yifeng Song,"[{""id"": ""2075409552"", ""name"": ""Bosi Fu"", ""source"": ""s2""}, {""id"": ""2125018715"", ""name"": ""Hongguang Wang"", ""source"": ""s2""}, {""id"": ""145859336"", ""name"": ""Yong Jiang"", ""source"": ""s2""}, {""id"": ""2740647"", ""name"": ""Yifeng Song"", ""source"": ""s2""}]"
ea7a7b44ea7f801475d1d86f198facb2e114bef1,10.1109/ICCCNT56998.2023.10308027,A Sequential Model of Neural Networks for Low Light Image Enhancement,2023,International Conference on Computing Communication and Networking Technologies,Naveen Kumar Ashok; S. T. R,"[{""id"": ""2268073959"", ""name"": ""Naveen Kumar Ashok"", ""source"": ""s2""}, {""id"": ""2268076749"", ""name"": ""S. T. R"", ""source"": ""s2""}]"
4e7e1a42c0d5a8b6766fa12d2341d3cff7ebb6d2,10.24132/jwscg.2023.2,ALIVE: Adaptive-Chromaticity for Interactive Low-light Image and Video Enhancement,2023,Journal of WSCG,Sumit Shekhar,"[{""id"": ""35223379"", ""name"": ""Sumit Shekhar"", ""source"": ""s2""}]"
219fc61eacfd11aef565328ca40949a07fda25d1,10.48550/arXiv.2306.16782,Low-Light Enhancement in the Frequency Domain,2023,arXiv.org,In The; Frequency Domain; Hao Chen; Zhi Jin,"[{""id"": ""2085948203"", ""name"": ""In The"", ""source"": ""s2""}, {""id"": ""2220830170"", ""name"": ""Frequency Domain"", ""source"": ""s2""}, {""id"": ""2051536212"", ""name"": ""Hao Chen"", ""source"": ""s2""}, {""id"": ""2111471831"", ""name"": ""Zhi Jin"", ""source"": ""s2""}]"
e7b8fa2281f00ccba1f17589f3bf7b3cfa64f58b,10.1117/12.2680479,DRA-Net: densely residual attention based low-light image enhancement,2023,International Conference on Graphic and Image Processing,Sami Ul Rehman; Ammar Hawbani; Xingfu Wang; Muhammad Hamza; Liang Zhao; Saeed H. Alsamhi; Majjed Al-Qatf,"[{""id"": ""2220645647"", ""name"": ""Sami Ul Rehman"", ""source"": ""s2""}, {""id"": ""3132704"", ""name"": ""Ammar Hawbani"", ""source"": ""s2""}, {""id"": ""2144802055"", ""name"": ""Xingfu Wang"", ""source"": ""s2""}, {""id"": ""1615108183"", ""name"": ""Muhammad Hamza"", ""source"": ""s2""}, {""id"": ""144000223"", ""name"": ""Liang Zhao"", ""source"": ""s2""}, {""id"": ""2220640967"", ""name"": ""Saeed H. Alsamhi"", ""source"": ""s2""}, {""id"": ""1411261544"", ""name"": ""Majjed Al-Qatf"", ""source"": ""s2""}]"
1956f7770663fc45d9035278e39eb14fefcdd76a,10.1609/aaai.v37i3.25486,Polarization-Aware Low-Light Image Enhancement,2023,AAAI Conference on Artificial Intelligence,Chu Zhou; Minggui Teng; Youwei Lyu; Si Li; Chao Xu; Boxin Shi,"[{""id"": ""1491265213"", ""name"": ""Chu Zhou"", ""source"": ""s2""}, {""id"": ""1557343782"", ""name"": ""Minggui Teng"", ""source"": ""s2""}, {""id"": ""1381102412"", ""name"": ""Youwei Lyu"", ""source"": ""s2""}, {""id"": ""2118155941"", ""name"": ""Si Li"", ""source"": ""s2""}, {""id"": ""2190472895"", ""name"": ""Chao Xu"", ""source"": ""s2""}, {""id"": ""35580784"", ""name"": ""Boxin Shi"", ""source"": ""s2""}]"
0f308833cd365c09d36e51f290bf3316c2d587df,10.1007/s11760-023-02661-5,Edge-aware image smoothing via weighted sparse gradient reconstruction,2023,"Signal, Image and Video Processing",Lanling Zeng; Yucheng Chen; Yang Yang; Zhigeng Pan,"[{""id"": ""2100791"", ""name"": ""Lanling Zeng"", ""source"": ""s2""}, {""id"": ""1519043401"", ""name"": ""Yucheng Chen"", ""source"": ""s2""}, {""id"": ""2152915963"", ""name"": ""Yang Yang"", ""source"": ""s2""}, {""id"": ""2069544453"", ""name"": ""Zhigeng Pan"", ""source"": ""s2""}]"
751ae8997220dcbe9d24b90dcc23088ff3fb3753,10.1109/IJCNN54540.2023.10190996,Learning Hierarchical Semantic Information for Efficient Low-Light Image Enhancement,2023,IEEE International Joint Conference on Neural Network,Wenfeng Huang; Xiangyun Liao; Yinling Qian; W. Jia,"[{""id"": ""2158105217"", ""name"": ""Wenfeng Huang"", ""source"": ""s2""}, {""id"": ""2930922"", ""name"": ""Xiangyun Liao"", ""source"": ""s2""}, {""id"": ""2278482"", ""name"": ""Yinling Qian"", ""source"": ""s2""}, {""id"": ""1714410"", ""name"": ""W. Jia"", ""source"": ""s2""}]"
1206c494a6f562a16a82b7eff8b595294361860d,10.48550/arXiv.2306.10286,Enlighten-Anything: When Segment Anything Model Meets Low-Light Image Enhancement,2023,arXiv.org,Qihan Zhao; Xiaofeng Zhang; Hao Tang; Chaochen Gu; Shanying Zhu,"[{""id"": ""2268376879"", ""name"": ""Qihan Zhao"", ""source"": ""s2""}, {""id"": ""2144525229"", ""name"": ""Xiaofeng Zhang"", ""source"": ""s2""}, {""id"": ""145462888"", ""name"": ""Hao Tang"", ""source"": ""s2""}, {""id"": ""5494837"", ""name"": ""Chaochen Gu"", ""source"": ""s2""}, {""id"": ""2160533297"", ""name"": ""Shanying Zhu"", ""source"": ""s2""}]"
5393dbfbd8444ed60d948df3cd698b2f1cfe686c,10.48550/arXiv.2306.07083,LUT-GCE: Lookup Table Global Curve Estimation for Fast Low-light Image Enhancement,2023,arXiv.org,Chang-Hao Wu; Jiangxin Dong; Jinhui Tang,"[{""id"": ""2146290048"", ""name"": ""Chang-Hao Wu"", ""source"": ""s2""}, {""id"": ""3367248"", ""name"": ""Jiangxin Dong"", ""source"": ""s2""}, {""id"": ""152949418"", ""name"": ""Jinhui Tang"", ""source"": ""s2""}]"
f30bda8ca6e82a9de253ba797189bd134c55c4df,,"Large, Complex, and Realistic Safety Clothing and Helmet Detection: Dataset and Method",2023,,Fusheng Yu; Xiaoping Wang; Jiang Li; Shaojin Wu; Jun-jie Zhang; Zhigang Zeng,"[{""id"": ""2219022512"", ""name"": ""Fusheng Yu"", ""source"": ""s2""}, {""id"": ""2144674712"", ""name"": ""Xiaoping Wang"", ""source"": ""s2""}, {""id"": ""2118505917"", ""name"": ""Jiang Li"", ""source"": ""s2""}, {""id"": ""2204169104"", ""name"": ""Shaojin Wu"", ""source"": ""s2""}, {""id"": ""2155570238"", ""name"": ""Jun-jie Zhang"", ""source"": ""s2""}, {""id"": ""2150468817"", ""name"": ""Zhigang Zeng"", ""source"": ""s2""}]"
15216cd6148e5f88258c160d7204688941cb9d5b,10.1088/1742-6596/2478/6/062022,Low-light image enhancement based on simulated multi-exposure fusion,2023,"Journal of Physics, Conference Series",Yongcheng Han; Wenwen Zhang; Weiji He,"[{""id"": ""48386441"", ""name"": ""Yongcheng Han"", ""source"": ""s2""}, {""id"": ""2108037429"", ""name"": ""Wenwen Zhang"", ""source"": ""s2""}, {""id"": ""21659648"", ""name"": ""Weiji He"", ""source"": ""s2""}]"
d61724f51b33e52e434a66f69b3b20f5a92b61ed,10.1109/CVPR52729.2023.02131,Learning a Simple Low-Light Image Enhancer from Paired Low-Light Instances,2023,Computer Vision and Pattern Recognition,Zhenqi Fu; Yan Yang; Xiaotong Tu; Yue Huang; Xinghao Ding; Kai-Kuang Ma,"[{""id"": ""31419775"", ""name"": ""Zhenqi Fu"", ""source"": ""s2""}, {""id"": ""2108850820"", ""name"": ""Yan Yang"", ""source"": ""s2""}, {""id"": ""30693423"", ""name"": ""Xiaotong Tu"", ""source"": ""s2""}, {""id"": ""1950637"", ""name"": ""Yue Huang"", ""source"": ""s2""}, {""id"": ""2713947"", ""name"": ""Xinghao Ding"", ""source"": ""s2""}, {""id"": ""10212005"", ""name"": ""Kai-Kuang Ma"", ""source"": ""s2""}]"
963e564405b948ebb77a24e0f1e5e8bda10acfc8,10.1109/CVPRW59228.2023.00158,NTIRE 2023 Quality Assessment of Video Enhancement Challenge,2023,2023 IEEE/CVF Conference on Computer Vision and Pattern Recognition Workshops (CVPRW),Xiaohong Liu; Xiongkuo Min; Wei Sun; Yulun Zhang; K. Zhang; R. Timofte; Guangtao Zhai; Yixuan Gao; Y. Cao; Tengchuan Kou; Yunlong Dong; Ziheng Jia; Yilin Li; Wei Wu; Shuming Hu; Sibin Deng; PengXiang Xiao; Ying Chen; Kai Li; Kaiqin Zhao; Kun Yuan; Ming-hui Sun; Heng Cong; Hao Wang; Lingzhi Fu; Yusheng Zhang; Rongyu Zhang; Hang Shi; Qihang Xu; Longan Xiao; Zhiliang Ma; Mirko Agarla; Luigi Celona; C. Rota; R. Schettini; Zhiwei Huang; Yanan Li; Xiaotao Wang; Lei Lei; Hongye Liu; Wei Hong; Ironhead Chuang; Allen Lin; Drake Guan; I-Ying Chen; Kae Lou; Willy Huang; Ya-Hui Tasi; Yvonne S. Kao; Haotian Fan; F. Kong; Shiqi Zhou; Hao Liu; Yuecheng Lai; Shan-guang Chen; Wenqi Wang; Haoning Wu; Chaofeng Chen; Chu-Feng Zhu; Zekun Guo; Shiling Zhao; Haibing Yin; Hongkui Wang; H. Meftah; Sid Ahmed Fezza; W. Hamidouche; Olivier Déforges; Te Shi; Azadeh Mansouri; Hossein Motamednia; Amirhossein Bakhtiari; Ahmad Mahmoudi Aznaveh,"[{""id"": ""2211737291"", ""name"": ""Xiaohong Liu"", ""source"": ""s2""}, {""id"": ""2246414"", ""name"": ""Xiongkuo Min"", ""source"": ""s2""}, {""id"": ""2153198409"", ""name"": ""Wei Sun"", ""source"": ""s2""}, {""id"": ""2410227"", ""name"": ""Yulun Zhang"", ""source"": ""s2""}, {""id"": ""144110274"", ""name"": ""K. Zhang"", ""source"": ""s2""}, {""id"": ""1732855"", ""name"": ""R. Timofte"", ""source"": ""s2""}, {""id"": ""144826390"", ""name"": ""Guangtao Zhai"", ""source"": ""s2""}, {""id"": ""2118544238"", ""name"": ""Yixuan Gao"", ""source"": ""s2""}, {""id"": ""2112823820"", ""name"": ""Y. Cao"", ""source"": ""s2""}, {""id"": ""2131091027"", ""name"": ""Tengchuan Kou"", ""source"": ""s2""}, {""id"": ""2115459224"", ""name"": ""Yunlong Dong"", ""source"": ""s2""}, {""id"": ""122560540"", ""name"": ""Ziheng Jia"", ""source"": ""s2""}, {""id"": ""2223971161"", ""name"": ""Yilin Li"", ""source"": ""s2""}, {""id"": ""2118256981"", ""name"": ""Wei Wu"", ""source"": ""s2""}, {""id"": ""2222705791"", ""name"": ""Shuming Hu"", ""source"": ""s2""}, {""id"": ""31182714"", ""name"": ""Sibin Deng"", ""source"": ""s2""}, {""id"": ""2069589540"", ""name"": ""PengXiang Xiao"", ""source"": ""s2""}, {""id"": ""47558464"", ""name"": ""Ying Chen"", ""source"": ""s2""}, {""id"": ""2158259770"", ""name"": ""Kai Li"", ""source"": ""s2""}, {""id"": ""2213492775"", ""name"": ""Kaiqin Zhao"", ""source"": ""s2""}, {""id"": ""2147397710"", ""name"": ""Kun Yuan"", ""source"": ""s2""}, {""id"": ""2023912529"", ""name"": ""Ming-hui Sun"", ""source"": ""s2""}, {""id"": ""2179020991"", ""name"": ""Heng Cong"", ""source"": ""s2""}, {""id"": ""48016595"", ""name"": ""Hao Wang"", ""source"": ""s2""}, {""id"": ""1955819"", ""name"": ""Lingzhi Fu"", ""source"": ""s2""}, {""id"": ""2108051131"", ""name"": ""Yusheng Zhang"", ""source"": ""s2""}, {""id"": ""46752954"", ""name"": ""Rongyu Zhang"", ""source"": ""s2""}, {""id"": ""2292056539"", ""name"": ""Hang Shi"", ""source"": ""s2""}, {""id"": ""2173071993"", ""name"": ""Qihang Xu"", ""source"": ""s2""}, {""id"": ""2243925292"", ""name"": ""Longan Xiao"", ""source"": ""s2""}, {""id"": ""46953803"", ""name"": ""Zhiliang Ma"", ""source"": ""s2""}, {""id"": ""1913622627"", ""name"": ""Mirko Agarla"", ""source"": ""s2""}, {""id"": ""3390122"", ""name"": ""Luigi Celona"", ""source"": ""s2""}, {""id"": ""50759199"", ""name"": ""C. Rota"", ""source"": ""s2""}, {""id"": ""143940718"", ""name"": ""R. Schettini"", ""source"": ""s2""}, {""id"": ""2156500629"", ""name"": ""Zhiwei Huang"", ""source"": ""s2""}, {""id"": ""2143100474"", ""name"": ""Yanan Li"", ""source"": ""s2""}, {""id"": ""2108031895"", ""name"": ""Xiaotao Wang"", ""source"": ""s2""}, {""id"": ""2066703241"", ""name"": ""Lei Lei"", ""source"": ""s2""}, {""id"": ""153803765"", ""name"": ""Hongye Liu"", ""source"": ""s2""}, {""id"": ""12549768"", ""name"": ""Wei Hong"", ""source"": ""s2""}, {""id"": ""2223970878"", ""name"": ""Ironhead Chuang"", ""source"": ""s2""}, {""id"": ""2054898424"", ""name"": ""Allen Lin"", ""source"": ""s2""}, {""id"": ""2223970404"", ""name"": ""Drake Guan"", ""source"": ""s2""}, {""id"": ""46952591"", ""name"": ""I-Ying Chen"", ""source"": ""s2""}, {""id"": ""2223951699"", ""name"": ""Kae Lou"", ""source"": ""s2""}, {""id"": ""2223972551"", ""name"": ""Willy Huang"", ""source"": ""s2""}, {""id"": ""2093374314"", ""name"": ""Ya-Hui Tasi"", ""source"": ""s2""}, {""id"": ""2104311354"", ""name"": ""Yvonne S. Kao"", ""source"": ""s2""}, {""id"": ""2072838160"", ""name"": ""Haotian Fan"", ""source"": ""s2""}, {""id"": ""12497187"", ""name"": ""F. Kong"", ""source"": ""s2""}, {""id"": ""2110990030"", ""name"": ""Shiqi Zhou"", ""source"": ""s2""}, {""id"": ""2143856718"", ""name"": ""Hao Liu"", ""source"": ""s2""}, {""id"": ""2179636683"", ""name"": ""Yuecheng Lai"", ""source"": ""s2""}, {""id"": ""2144337190"", ""name"": ""Shan-guang Chen"", ""source"": ""s2""}, {""id"": ""2134824679"", ""name"": ""Wenqi Wang"", ""source"": ""s2""}, {""id"": ""120155330"", ""name"": ""Haoning Wu"", ""source"": ""s2""}, {""id"": ""2145764593"", ""name"": ""Chaofeng Chen"", ""source"": ""s2""}, {""id"": ""2206847308"", ""name"": ""Chu-Feng Zhu"", ""source"": ""s2""}, {""id"": ""11634793"", ""name"": ""Zekun Guo"", ""source"": ""s2""}, {""id"": ""2211894502"", ""name"": ""Shiling Zhao"", ""source"": ""s2""}, {""id"": ""39738500"", ""name"": ""Haibing Yin"", ""source"": ""s2""}, {""id"": ""2200085409"", ""name"": ""Hongkui Wang"", ""source"": ""s2""}, {""id"": ""2183483709"", ""name"": ""H. Meftah"", ""source"": ""s2""}, {""id"": ""2657624"", ""name"": ""Sid Ahmed Fezza"", ""source"": ""s2""}, {""id"": ""1931304"", ""name"": ""W. Hamidouche"", ""source"": ""s2""}, {""id"": ""2168252641"", ""name"": ""Olivier Déforges"", ""source"": ""s2""}, {""id"": ""1717095713"", ""name"": ""Te Shi"", ""source"": ""s2""}, {""id"": ""2972300"", ""name"": ""Azadeh Mansouri"", ""source"": ""s2""}, {""id"": ""1752954873"", ""name"": ""Hossein Motamednia"", ""source"": ""s2""}, {""id"": ""31176012"", ""name"": ""Amirhossein Bakhtiari"", ""source"": ""s2""}, {""id"": ""2757076"", ""name"": ""Ahmad Mahmoudi Aznaveh"", ""source"": ""s2""}]"
148f6aaf7b3c43945ea16373b2ac31840e0d890b,10.1109/CVPR52729.2023.01739,DNF: Decouple and Feedback Network for Seeing in the Dark,2023,Computer Vision and Pattern Recognition,Xin Jin; Linghao Han; Z. Li; Chunle Guo; Z. Chai; Chongyi Li,"[{""id"": ""2228232936"", ""name"": ""Xin Jin"", ""source"": ""s2""}, {""id"": ""2118503811"", ""name"": ""Linghao Han"", ""source"": ""s2""}, {""id"": ""1700892"", ""name"": ""Z. Li"", ""source"": ""s2""}, {""id"": ""18158517"", ""name"": ""Chunle Guo"", ""source"": ""s2""}, {""id"": ""2233160728"", ""name"": ""Z. Chai"", ""source"": ""s2""}, {""id"": ""2185949399"", ""name"": ""Chongyi Li"", ""source"": ""s2""}]"
bc786ceae3f1f9ae072d10c76169dac2fc0ce647,10.1109/CVPR52729.2023.01738,You Do Not Need Additional Priors or Regularizers in Retinex-Based Low-Light Image Enhancement,2023,Computer Vision and Pattern Recognition,Huiyuan Fu; Wenkai Zheng; Xiangyu Meng; X. Wang; Chuanming Wang; Huadong Ma,"[{""id"": ""2513605"", ""name"": ""Huiyuan Fu"", ""source"": ""s2""}, {""id"": ""2186746235"", ""name"": ""Wenkai Zheng"", ""source"": ""s2""}, {""id"": ""2150590394"", ""name"": ""Xiangyu Meng"", ""source"": ""s2""}, {""id"": ""47119537"", ""name"": ""X. Wang"", ""source"": ""s2""}, {""id"": ""2109153220"", ""name"": ""Chuanming Wang"", ""source"": ""s2""}, {""id"": ""144258295"", ""name"": ""Huadong Ma"", ""source"": ""s2""}]"
83baf7f47df80af97927ac09399a7d37ed6b7daa,10.1145/3603781.3603911,A Dark Transformation-Equivariant Algorithm for Dark Object Detection,2023,"International Conferences on Computing, Networks and Internet of Things",Tongxu Lin; Junyu Lin; Jingchao Wang; Zhengnan Deng; Guoheng Huang,"[{""id"": ""2220777913"", ""name"": ""Tongxu Lin"", ""source"": ""s2""}, {""id"": ""2110809173"", ""name"": ""Junyu Lin"", ""source"": ""s2""}, {""id"": ""2110124127"", ""name"": ""Jingchao Wang"", ""source"": ""s2""}, {""id"": ""2225133541"", ""name"": ""Zhengnan Deng"", ""source"": ""s2""}, {""id"": ""2376100"", ""name"": ""Guoheng Huang"", ""source"": ""s2""}]"
d31dec2c881a5239743f331a721548e98a2d4998,10.1109/TCSVT.2023.3343696,Learning a Single Convolutional Layer Model for Low Light Image Enhancement,2023,IEEE transactions on circuits and systems for video technology (Print),Yuantong Zhang; Baoxin Teng; Daiqin Yang; Zhenzhong Chen; Haichuan Ma; Gang Li; Wenpeng Ding,"[{""id"": ""2145783565"", ""name"": ""Yuantong Zhang"", ""source"": ""s2""}, {""id"": ""2218135206"", ""name"": ""Baoxin Teng"", ""source"": ""s2""}, {""id"": ""33413258"", ""name"": ""Daiqin Yang"", ""source"": ""s2""}, {""id"": ""48354614"", ""name"": ""Zhenzhong Chen"", ""source"": ""s2""}, {""id"": ""35282551"", ""name"": ""Haichuan Ma"", ""source"": ""s2""}, {""id"": ""143736623"", ""name"": ""Gang Li"", ""source"": ""s2""}, {""id"": ""1737451"", ""name"": ""Wenpeng Ding"", ""source"": ""s2""}]"
96e1e100cd3967124d435f84a59f56bee087d992,10.48550/arXiv.2305.10974,MonoTDP: Twin Depth Perception for Monocular 3D Object Detection in Adverse Scenes,2023,arXiv.org,Xingyuan Li; Jingyuan Liu; Yixin Lei; Long Ma; Xin-Yue Fan; Risheng Liu,"[{""id"": ""50080463"", ""name"": ""Xingyuan Li"", ""source"": ""s2""}, {""id"": ""46700596"", ""name"": ""Jingyuan Liu"", ""source"": ""s2""}, {""id"": ""2217461066"", ""name"": ""Yixin Lei"", ""source"": ""s2""}, {""id"": ""1732160"", ""name"": ""Long Ma"", ""source"": ""s2""}, {""id"": ""2117800366"", ""name"": ""Xin-Yue Fan"", ""source"": ""s2""}, {""id"": ""34469457"", ""name"": ""Risheng Liu"", ""source"": ""s2""}]"
f107c3d6fad9c7ec0ab089f8f55f64eb6d45aa1c,10.1109/CVPRW59228.2023.00445,FLIGHT Mode On: A Feather-Light Network for Low-Light Image Enhancement,2023,2023 IEEE/CVF Conference on Computer Vision and Pattern Recognition Workshops (CVPRW),Mustafa Ozcan; Hamza Ergezer; Mustafa Ayazoglu,"[{""id"": ""46735404"", ""name"": ""Mustafa Ozcan"", ""source"": ""s2""}, {""id"": ""1980641"", ""name"": ""Hamza Ergezer"", ""source"": ""s2""}, {""id"": ""2614944"", ""name"": ""Mustafa Ayazoglu"", ""source"": ""s2""}]"
9f184d5bc2ebe2df0483c1cd3d55f88577f7b5f8,,"Advancing Unsupervised Low-light Image Enhancement: Noise Estimation, Illumination Interpolation, and Self-Regulation",2023,,Xiao-Fang Liu; Jiaxin Gao; Xin-Yue Fan; Risheng Liu,"[{""id"": ""2110752940"", ""name"": ""Xiao-Fang Liu"", ""source"": ""s2""}, {""id"": ""2170969324"", ""name"": ""Jiaxin Gao"", ""source"": ""s2""}, {""id"": ""2117800366"", ""name"": ""Xin-Yue Fan"", ""source"": ""s2""}, {""id"": ""34469457"", ""name"": ""Risheng Liu"", ""source"": ""s2""}]"
70ddb64e489c8a602ff75bb586e82610d023f793,10.1145/3581783.3611923,Light-VQA: A Multi-Dimensional Quality Assessment Model for Low-Light Video Enhancement,2023,ACM Multimedia,Yunlong Dong; Xiaohong Liu; Yixuan Gao; Xunchu Zhou; Tao Tan; Guangtao Zhai,"[{""id"": ""2198525074"", ""name"": ""Yunlong Dong"", ""source"": ""s2""}, {""id"": ""2211737291"", ""name"": ""Xiaohong Liu"", ""source"": ""s2""}, {""id"": ""2118544238"", ""name"": ""Yixuan Gao"", ""source"": ""s2""}, {""id"": ""2217414612"", ""name"": ""Xunchu Zhou"", ""source"": ""s2""}, {""id"": ""2184837813"", ""name"": ""Tao Tan"", ""source"": ""s2""}, {""id"": ""144826390"", ""name"": ""Guangtao Zhai"", ""source"": ""s2""}]"
4b8e6e3ea62938aad65470b03db87b6f98456029,10.1007/s00371-023-02883-1,FBGAN: multi-scale feature aggregation combined with boosting strategy for low-light image enhancement,2023,The Visual Computer,Bin Jiang; Renjun Wang; Jiawu Dai; Qiao Li; Weiyuan Zeng,"[{""id"": ""2182893942"", ""name"": ""Bin Jiang"", ""source"": ""s2""}, {""id"": ""2051262277"", ""name"": ""Renjun Wang"", ""source"": ""s2""}, {""id"": ""145618711"", ""name"": ""Jiawu Dai"", ""source"": ""s2""}, {""id"": ""2108511746"", ""name"": ""Qiao Li"", ""source"": ""s2""}, {""id"": ""2150082567"", ""name"": ""Weiyuan Zeng"", ""source"": ""s2""}]"
0c7f9187fa2ede5c9111262a0b30e5da608f2cc9,10.3389/fmars.2023.1133881,ULL-SLAM: underwater low-light enhancement for the front-end of visual SLAM,2023,Frontiers in Marine Science,Zhichao Xin; Zhe Wang; Zhibin Yu; Bing Zheng,"[{""id"": ""145781081"", ""name"": ""Zhichao Xin"", ""source"": ""s2""}, {""id"": ""2108196160"", ""name"": ""Zhe Wang"", ""source"": ""s2""}, {""id"": ""144803009"", ""name"": ""Zhibin Yu"", ""source"": ""s2""}, {""id"": ""49721778"", ""name"": ""Bing Zheng"", ""source"": ""s2""}]"
24771591bcd6d97acfd55d85d4197768dbadc47b,10.1117/12.2674697,Cycle-enhance: low-light image enhancement based on CycleGan,2023,"International Conference on Electronic Information Engineering, Big Data and Computer Technology",Yu Zhou; Yanjie Wang; Wenbing Cai,"[{""id"": ""2110633040"", ""name"": ""Yu Zhou"", ""source"": ""s2""}, {""id"": ""2143472997"", ""name"": ""Yanjie Wang"", ""source"": ""s2""}, {""id"": ""2209404865"", ""name"": ""Wenbing Cai"", ""source"": ""s2""}]"
6fe79476857ed052c88499132d586967db142bf0,10.1016/j.compind.2023.103862,An adaptive image enhancement approach for safety monitoring robot under insufficient illumination condition,2023,Computers in industry (Print),Jikun Wang; Weixiang Liang; Jiangang Yang; Shizheng Wang; Zhixin Yang,"[{""id"": ""2167476542"", ""name"": ""Jikun Wang"", ""source"": ""s2""}, {""id"": ""6643699"", ""name"": ""Weixiang Liang"", ""source"": ""s2""}, {""id"": ""2109760899"", ""name"": ""Jiangang Yang"", ""source"": ""s2""}, {""id"": ""2238072288"", ""name"": ""Shizheng Wang"", ""source"": ""s2""}, {""id"": ""2109740645"", ""name"": ""Zhixin Yang"", ""source"": ""s2""}]"
dd6280b57dfadb29e93dd22bbc6ea75384708e35,10.1016/j.dsp.2023.104071,Spatio-temporal propagation and reconstruction for low-light video enhancement,2023,Digit. Signal Process.,Jing Ye; Changzhen Qiu; Zhiyong Zhang,"[{""id"": ""144030865"", ""name"": ""Jing Ye"", ""source"": ""s2""}, {""id"": ""9326186"", ""name"": ""Changzhen Qiu"", ""source"": ""s2""}, {""id"": ""2117992459"", ""name"": ""Zhiyong Zhang"", ""source"": ""s2""}]"
adae17b1e23b5f666b83650d5384a8c72b388666,10.1117/12.2671262,RRANet: low-light image enhancement based on Retinex theory and residual attention,2023,International Conference on Artificial Intelligence and Computer Engineering (ICAICE 2022),Hanyu Du; Yan Wei; Baoxiang Tang,"[{""id"": ""2213786298"", ""name"": ""Hanyu Du"", ""source"": ""s2""}, {""id"": ""2112599289"", ""name"": ""Yan Wei"", ""source"": ""s2""}, {""id"": ""1571690765"", ""name"": ""Baoxiang Tang"", ""source"": ""s2""}]"
794d844d4d72fda2c09acc42a007bf34de98155f,10.1109/ICSP58490.2023.10248827,Research on contrast enhancement algorithm of crop image based on improved camera response,2023,International Conference on the Software Process,Yuxin Jiang; Ying Cuan,"[{""id"": ""2243911677"", ""name"": ""Yuxin Jiang"", ""source"": ""s2""}, {""id"": ""49161275"", ""name"": ""Ying Cuan"", ""source"": ""s2""}]"
a748907d04abc4b8068ccee23a2e004820434141,10.1155/2023/8600543,Artificial Intelligence-Based Digital Media Design Effect Enhancement Mechanism,2023,Advances in Multimedia,Pu Zhao,"[{""id"": ""2204579423"", ""name"": ""Pu Zhao"", ""source"": ""s2""}]"
99df19b0f791b6a713e3e391813187e48f55f66d,10.3390/electronics12081887,Unsupervised Image Enhancement Method Based on Attention Map Network Guidance and Attention Mechanism,2023,Electronics,Mengfei Wu; Taiji Lan; X. Xue; Xin Xu,"[{""id"": ""2406048376"", ""name"": ""Mengfei Wu"", ""source"": ""s2""}, {""id"": ""121507422"", ""name"": ""Taiji Lan"", ""source"": ""s2""}, {""id"": ""9129343"", ""name"": ""X. Xue"", ""source"": ""s2""}, {""id"": ""2211729345"", ""name"": ""Xin Xu"", ""source"": ""s2""}]"
83761e5a30c114046c0fa09fc63d98aed7ae4119,10.1109/TIP.2023.3266171,Multi-Branch and Progressive Network for Low-Light Image Enhancement,2023,IEEE Transactions on Image Processing,Kaibing Zhang; Cheng Yuan; Jie Li; Xinbo Gao; Minqi Li,"[{""id"": ""1723685"", ""name"": ""Kaibing Zhang"", ""source"": ""s2""}, {""id"": ""2214535114"", ""name"": ""Cheng Yuan"", ""source"": ""s2""}, {""id"": ""49298718"", ""name"": ""Jie Li"", ""source"": ""s2""}, {""id"": ""2164214077"", ""name"": ""Xinbo Gao"", ""source"": ""s2""}, {""id"": ""2154747009"", ""name"": ""Minqi Li"", ""source"": ""s2""}]"
6199031bc9492a584f740f6c0d0c66cb39c273d7,10.1117/12.2673316,Adaptive RetinexNet and fusion strategy for low-intensity image enhancement,2023,"Conference on Computer Vision, Application, and Algorithm",Xuehui Yin; Qiaoyu Chen; Gerile Tu,"[{""id"": ""2713266"", ""name"": ""Xuehui Yin"", ""source"": ""s2""}, {""id"": ""2887565"", ""name"": ""Qiaoyu Chen"", ""source"": ""s2""}, {""id"": ""2058828437"", ""name"": ""Gerile Tu"", ""source"": ""s2""}]"
9c54a2b0819f2c8db0ee2ccec8fc245559249d96,10.3233/JIFS-222644,Opt2Ada: an universal method for single-image low-light enhancement,2023,Journal of Intelligent & Fuzzy Systems,Xiaoyong Guo; Kai Zhang; Jiahan Peng; Xiaoyan Chen; G. Guo,"[{""id"": ""2146370322"", ""name"": ""Xiaoyong Guo"", ""source"": ""s2""}, {""id"": ""2174637329"", ""name"": ""Kai Zhang"", ""source"": ""s2""}, {""id"": ""2175757666"", ""name"": ""Jiahan Peng"", ""source"": ""s2""}, {""id"": ""2143799959"", ""name"": ""Xiaoyan Chen"", ""source"": ""s2""}, {""id"": ""103132268"", ""name"": ""G. Guo"", ""source"": ""s2""}]"
5549dc3ceff07561d9fb59610c0f78c71617901a,10.1109/CVPR52729.2023.00958,Generative Diffusion Prior for Unified Image Restoration and Enhancement,2023,Computer Vision and Pattern Recognition,Ben Fei; Zhaoyang Lyu; Liang Pan; Junzhe Zhang; Weidong Yang; Tian-jian Luo; Bo Zhang; Bo Dai,"[{""id"": ""2197075824"", ""name"": ""Ben Fei"", ""source"": ""s2""}, {""id"": ""119937438"", ""name"": ""Zhaoyang Lyu"", ""source"": ""s2""}, {""id"": ""50379842"", ""name"": ""Liang Pan"", ""source"": ""s2""}, {""id"": ""2352693588"", ""name"": ""Junzhe Zhang"", ""source"": ""s2""}, {""id"": ""2158065044"", ""name"": ""Weidong Yang"", ""source"": ""s2""}, {""id"": ""2068287693"", ""name"": ""Tian-jian Luo"", ""source"": ""s2""}, {""id"": ""2141897317"", ""name"": ""Bo Zhang"", ""source"": ""s2""}, {""id"": ""144445937"", ""name"": ""Bo Dai"", ""source"": ""s2""}]"
75c1fa217844b92a49698b367b7376a6bbd9017a,10.1016/j.compbiomed.2023.106961,Deep polyp image enhancement using region of interest with paired supervision,2023,Comput. Biol. Medicine,Dongjin Huang; Jinhuan Liu; Yongsheng Shi; Canlin Li; Wenbing Tang,"[{""id"": ""3034852"", ""name"": ""Dongjin Huang"", ""source"": ""s2""}, {""id"": ""48210695"", ""name"": ""Jinhuan Liu"", ""source"": ""s2""}, {""id"": ""49593197"", ""name"": ""Yongsheng Shi"", ""source"": ""s2""}, {""id"": ""1929706"", ""name"": ""Canlin Li"", ""source"": ""s2""}, {""id"": ""2116723937"", ""name"": ""Wenbing Tang"", ""source"": ""s2""}]"
bcae27bff6d24f2350ea113437a70af2bff36448,10.1016/j.eswa.2023.120271,Multi-scene image enhancement based on multi-channel illumination estimation,2023,Expert systems with applications,Runxing Zhao; Zhiwen Wang; Wu Guo; Canlong Zhang,"[{""id"": ""2193365759"", ""name"": ""Runxing Zhao"", ""source"": ""s2""}, {""id"": ""47197188"", ""name"": ""Zhiwen Wang"", ""source"": ""s2""}, {""id"": ""2112285356"", ""name"": ""Wu Guo"", ""source"": ""s2""}, {""id"": ""7924036"", ""name"": ""Canlong Zhang"", ""source"": ""s2""}]"
e81fdcb882f23006b2ebcf7ff46481860dfecb89,10.1109/CVPR52729.2023.00075,Human Pose Estimation in Extremely Low-Light Conditions,2023,Computer Vision and Pattern Recognition,Sohyun Lee; Jaesung Rim; Boseung Jeong; Geon-Yeong Kim; Byungju Woo; Haechan Lee; Sung-Jin Cho; Suha Kwak,"[{""id"": ""2161506615"", ""name"": ""Sohyun Lee"", ""source"": ""s2""}, {""id"": ""2005324875"", ""name"": ""Jaesung Rim"", ""source"": ""s2""}, {""id"": ""2124963484"", ""name"": ""Boseung Jeong"", ""source"": ""s2""}, {""id"": ""2157689053"", ""name"": ""Geon-Yeong Kim"", ""source"": ""s2""}, {""id"": ""2212287594"", ""name"": ""Byungju Woo"", ""source"": ""s2""}, {""id"": ""2142350"", ""name"": ""Haechan Lee"", ""source"": ""s2""}, {""id"": ""2180744"", ""name"": ""Sung-Jin Cho"", ""source"": ""s2""}, {""id"": ""2483916"", ""name"": ""Suha Kwak"", ""source"": ""s2""}]"
0ad975bd74e9beee0fca0c85fba1b292ad14b5bc,10.1007/s11042-023-15147-w,Unsupervised learning based dual-branch fusion low-light image enhancement,2023,Multimedia tools and applications,Guang Han; Yu Zhou; Fanyu Zeng,"[{""id"": ""2067642054"", ""name"": ""Guang Han"", ""source"": ""s2""}, {""id"": ""2110633195"", ""name"": ""Yu Zhou"", ""source"": ""s2""}, {""id"": ""2054265308"", ""name"": ""Fanyu Zeng"", ""source"": ""s2""}]"
bb7ec65955f5390537cc320c9e95c6df815c0908,10.1145/3594315.3594338,Semi-supervised Zero-Shot Learning in Retinex decomposition-based Low-Light Image Enhancement,2023,International Conference on Computing and Artificial Intelligence,Jieyu Pang; F. Yu; Ronggang Wang,"[{""id"": ""2211970962"", ""name"": ""Jieyu Pang"", ""source"": ""s2""}, {""id"": ""2212061665"", ""name"": ""F. Yu"", ""source"": ""s2""}, {""id"": ""2155887982"", ""name"": ""Ronggang Wang"", ""source"": ""s2""}]"
097a500b7c22a9b13b16272982627f03c8a295ed,10.1109/CVPRW59228.2023.00152,VDPVE: VQA Dataset for Perceptual Video Enhancement,2023,2023 IEEE/CVF Conference on Computer Vision and Pattern Recognition Workshops (CVPRW),Yixuan Gao; Y. Cao; Tengchuan Kou; Wei Sun; Yunlong Dong; Xiaohong Liu; Xiongkuo Min; Guangtao Zhai,"[{""id"": ""2118544238"", ""name"": ""Yixuan Gao"", ""source"": ""s2""}, {""id"": ""2112823820"", ""name"": ""Y. Cao"", ""source"": ""s2""}, {""id"": ""2131091027"", ""name"": ""Tengchuan Kou"", ""source"": ""s2""}, {""id"": ""2153198409"", ""name"": ""Wei Sun"", ""source"": ""s2""}, {""id"": ""2212175505"", ""name"": ""Yunlong Dong"", ""source"": ""s2""}, {""id"": ""2211737291"", ""name"": ""Xiaohong Liu"", ""source"": ""s2""}, {""id"": ""2246414"", ""name"": ""Xiongkuo Min"", ""source"": ""s2""}, {""id"": ""144826390"", ""name"": ""Guangtao Zhai"", ""source"": ""s2""}]"
3d0ea7cabbc6e7e103db0b8fef30865fa196595d,10.1109/TCSVT.2023.3290351,Unsupervised HDR Image and Video Tone Mapping via Contrastive Learning,2023,IEEE transactions on circuits and systems for video technology (Print),Cong Cao; Huanjing Yue; Xin Liu; Jingyu Yang,"[{""id"": ""2064669295"", ""name"": ""Cong Cao"", ""source"": ""s2""}, {""id"": ""1779338"", ""name"": ""Huanjing Yue"", ""source"": ""s2""}, {""id"": ""2146075325"", ""name"": ""Xin Liu"", ""source"": ""s2""}, {""id"": ""2135970340"", ""name"": ""Jingyu Yang"", ""source"": ""s2""}]"
42754ad2b7b2193b4d8e3d067808cea8913869c4,10.1109/ICCV51070.2023.01149,Retinexformer: One-stage Retinex-based Transformer for Low-light Image Enhancement,2023,IEEE International Conference on Computer Vision,Yuanhao Cai; Hao Bian; Jing Lin; Haoqian Wang; R. Timofte; Yulun Zhang,"[{""id"": null, ""name"": ""Yuanhao Cai"", ""source"": ""s2""}, {""id"": ""2000465451"", ""name"": ""Hao Bian"", ""source"": ""s2""}, {""id"": ""2118747385"", ""name"": ""Jing Lin"", ""source"": ""s2""}, {""id"": ""2143410777"", ""name"": ""Haoqian Wang"", ""source"": ""s2""}, {""id"": ""1732855"", ""name"": ""R. Timofte"", ""source"": ""s2""}, {""id"": ""2410227"", ""name"": ""Yulun Zhang"", ""source"": ""s2""}]"
a16a3cd92d147b2caaf41b20aa28b8b36188ae70,10.48550/arXiv.2303.05807,Aleth-NeRF: Low-light Condition View Synthesis with Concealing Fields,2023,arXiv.org,Ziteng Cui; Lin Gu; Xiao Sun; Y. Qiao; Tatsuya Harada,"[{""id"": ""2152101108"", ""name"": ""Ziteng Cui"", ""source"": ""s2""}, {""id"": ""151484085"", ""name"": ""Lin Gu"", ""source"": ""s2""}, {""id"": ""2112349534"", ""name"": ""Xiao Sun"", ""source"": ""s2""}, {""id"": ""145858545"", ""name"": ""Y. Qiao"", ""source"": ""s2""}, {""id"": ""2147394803"", ""name"": ""Tatsuya Harada"", ""source"": ""s2""}]"
aa854eafdf69e9fb03d910f92643482e9eabb348,10.3389/fphy.2023.1147031,Real-world low-light image enhancement via domain-gap aware framework and reverse domain-distance guided strategy,2023,Frontiers of Physics,Yong Chen; Meiyong Huang; Huanlin Liu; Kaixin Shao; Jinliang Zhang,"[{""id"": ""2115838049"", ""name"": ""Yong Chen"", ""source"": ""s2""}, {""id"": ""2156270196"", ""name"": ""Meiyong Huang"", ""source"": ""s2""}, {""id"": ""15387819"", ""name"": ""Huanlin Liu"", ""source"": ""s2""}, {""id"": ""2187587678"", ""name"": ""Kaixin Shao"", ""source"": ""s2""}, {""id"": ""2187871821"", ""name"": ""Jinliang Zhang"", ""source"": ""s2""}]"
1d1da801165468852e73c68f31b477755b7db3ee,10.1145/3594409.3594411,Maritime Low-light Image Enhancement by Joint En-decoder Architecture and Feature Enhancement Network,2023,International Conferences on Innovation in Artificial Intelligence,Mengwei Bao; Jiaying Du; Xiaoqi Hu; Lei He; Hong Ji; Yue Wu,"[{""id"": ""2180418293"", ""name"": ""Mengwei Bao"", ""source"": ""s2""}, {""id"": ""2159186102"", ""name"": ""Jiaying Du"", ""source"": ""s2""}, {""id"": ""47027665"", ""name"": ""Xiaoqi Hu"", ""source"": ""s2""}, {""id"": ""2218864244"", ""name"": ""Lei He"", ""source"": ""s2""}, {""id"": ""2072975696"", ""name"": ""Hong Ji"", ""source"": ""s2""}, {""id"": ""72500970"", ""name"": ""Yue Wu"", ""source"": ""s2""}]"
dcc5c60d824ab9b439dae7379993b27cfd330eca,10.1016/j.bspc.2022.104450,Multi-level GAN based enhanced CT scans for liver cancer diagnosis,2023,Biomedical Signal Processing and Control,R. Khan; Yigang Luo; Fang-Xiang Wu,"[{""id"": ""32402902"", ""name"": ""R. Khan"", ""source"": ""s2""}, {""id"": ""6230167"", ""name"": ""Yigang Luo"", ""source"": ""s2""}, {""id"": ""2116490191"", ""name"": ""Fang-Xiang Wu"", ""source"": ""s2""}]"
6ca2082d4182247ac7a6f682380db39ea22ed821,10.1016/j.dsp.2023.103993,Pseudo-Retinex decomposition-based unsupervised underwater image enhancement and beyond,2023,Digit. Signal Process.,Zhen Shen; Haiyong Xu; G. Jiang; Mei Yu; Baozhen Du; Ting Luo; Zhongjie Zhu,"[{""id"": ""2111638621"", ""name"": ""Zhen Shen"", ""source"": ""s2""}, {""id"": ""9127505"", ""name"": ""Haiyong Xu"", ""source"": ""s2""}, {""id"": ""145775490"", ""name"": ""G. Jiang"", ""source"": ""s2""}, {""id"": ""145231572"", ""name"": ""Mei Yu"", ""source"": ""s2""}, {""id"": ""2064619418"", ""name"": ""Baozhen Du"", ""source"": ""s2""}, {""id"": ""2068287539"", ""name"": ""Ting Luo"", ""source"": ""s2""}, {""id"": ""3335867"", ""name"": ""Zhongjie Zhu"", ""source"": ""s2""}]"
82427b4e10b6a2ae105cd3a17fffa01a580c1053,10.1016/j.displa.2023.102432,No-reference quality assessment for low-light image enhancement: Subjective and objective methods,2023,Displays (Guildford),Weitao Lin; Yuxuan Wu; Lishi Xu; Weiling Chen; Tiesong Zhao; Hongan Wei,"[{""id"": ""48150186"", ""name"": ""Weitao Lin"", ""source"": ""s2""}, {""id"": ""2136736164"", ""name"": ""Yuxuan Wu"", ""source"": ""s2""}, {""id"": ""2212881367"", ""name"": ""Lishi Xu"", ""source"": ""s2""}, {""id"": ""150336548"", ""name"": ""Weiling Chen"", ""source"": ""s2""}, {""id"": ""2043147"", ""name"": ""Tiesong Zhao"", ""source"": ""s2""}, {""id"": ""2115312829"", ""name"": ""Hongan Wei"", ""source"": ""s2""}]"
c4d652597e9996d238524d3ecee7762750667ea2,10.3390/photonics10020198,Low-Illumination Image Enhancement Based on Deep Learning Techniques: A Brief Review,2023,Photonics,Hao Tang; Hongyu Zhu; Linfeng Fei; Tingwei Wang; Yichao Cao; Chao Xie,"[{""id"": null, ""name"": ""Hao Tang"", ""source"": ""s2""}, {""id"": ""2149669716"", ""name"": ""Hongyu Zhu"", ""source"": ""s2""}, {""id"": ""2205900248"", ""name"": ""Linfeng Fei"", ""source"": ""s2""}, {""id"": ""2155391146"", ""name"": ""Tingwei Wang"", ""source"": ""s2""}, {""id"": ""2160469"", ""name"": ""Yichao Cao"", ""source"": ""s2""}, {""id"": ""2064757396"", ""name"": ""Chao Xie"", ""source"": ""s2""}]"
2006fc919a3443e0f8cb003f64c921bf4e51eb1d,10.5954/icarob.2023.ps3,Enhancement methodology for low light image,2023,Proceedings of International Conference on Artificial Life and Robotics,Xiwen Liang; Xiaoyan Chen,"[{""id"": ""51291599"", ""name"": ""Xiwen Liang"", ""source"": ""s2""}, {""id"": ""2143799176"", ""name"": ""Xiaoyan Chen"", ""source"": ""s2""}]"
a4bda0fe52774fca9a6d9f57bb1cf3a090ad3087,10.5954/icarob.2023.os31-4,A lightweight low-light image enhancement network,2023,Proceedings of International Conference on Artificial Life and Robotics,Yutao Jin; Xiaoyan Chen; Xiwen Liang,"[{""id"": ""2154182385"", ""name"": ""Yutao Jin"", ""source"": ""s2""}, {""id"": ""2143799176"", ""name"": ""Xiaoyan Chen"", ""source"": ""s2""}, {""id"": ""51291599"", ""name"": ""Xiwen Liang"", ""source"": ""s2""}]"
273aa9f144c73996e551c216d3c164d60c9087b5,10.1109/OTCON56053.2023.10113961,Self-supervised learning based low light image enhancement using convolutional neural networks,2023,2022 OPJU International Technology Conference on Emerging Technologies for Sustainable Development (OTCON),U. Hari; A. Bevi,"[{""id"": ""144459904"", ""name"": ""U. Hari"", ""source"": ""s2""}, {""id"": ""2288196488"", ""name"": ""A. Bevi"", ""source"": ""s2""}]"
76016897db0ef4642aa78716329179b48cbfad26,10.1371/journal.pone.0281093,Underwater low-light enhancement network based on bright channel prior and attention mechanism,2023,PLoS ONE,Zhangjing Zheng; Xixia Huang; Le Wang,"[{""id"": ""2115548986"", ""name"": ""Zhangjing Zheng"", ""source"": ""s2""}, {""id"": ""2108800686"", ""name"": ""Xixia Huang"", ""source"": ""s2""}, {""id"": ""2116229679"", ""name"": ""Le Wang"", ""source"": ""s2""}]"
46ff67f95be89461ca28654e201fe5f7366a3f65,10.1109/TII.2022.3185660,Single-Exposure Optical Measurement of Highly Reflective Surfaces via Deep Sinusoidal Prior for Complex Equipment Production,2023,IEEE Transactions on Industrial Informatics,Jing Zhang; Bin Luo; Fu-Bing Li; Xingman Niu; Qican Zhang; Yajun Wang; Xiangcheng Chen,"[{""id"": ""47538862"", ""name"": ""Jing Zhang"", ""source"": ""s2""}, {""id"": ""2174116032"", ""name"": ""Bin Luo"", ""source"": ""s2""}, {""id"": ""2149811258"", ""name"": ""Fu-Bing Li"", ""source"": ""s2""}, {""id"": ""2174088210"", ""name"": ""Xingman Niu"", ""source"": ""s2""}, {""id"": ""3181359"", ""name"": ""Qican Zhang"", ""source"": ""s2""}, {""id"": ""2170509327"", ""name"": ""Yajun Wang"", ""source"": ""s2""}, {""id"": ""2117897"", ""name"": ""Xiangcheng Chen"", ""source"": ""s2""}]"
39c30274eace407639ab24b7eb4b95d7f4299fe7,10.1088/1742-6596/2425/1/012027,A low-light image enhancement method based on AUDD-GAN,2023,Journal of Physics: Conference Series,Longyang Zhao; Xinran Li; Ruimin Meng,"[{""id"": ""2158087382"", ""name"": ""Longyang Zhao"", ""source"": ""s2""}, {""id"": ""1502860194"", ""name"": ""Xinran Li"", ""source"": ""s2""}, {""id"": ""2157962111"", ""name"": ""Ruimin Meng"", ""source"": ""s2""}]"
c25859009ec95aecb4c716b76ffa9729ac82633a,10.1016/j.jfranklin.2023.02.023,A lightweight object detection network in low-light conditions based on depthwise separable pyramid network and attention mechanism on embedded platforms,2023,Journal of the Franklin Institute,Kun Ren; Qingyang Tao; Honggui Han,"[{""id"": ""47995952"", ""name"": ""Kun Ren"", ""source"": ""s2""}, {""id"": ""2004240084"", ""name"": ""Qingyang Tao"", ""source"": ""s2""}, {""id"": ""2210608212"", ""name"": ""Honggui Han"", ""source"": ""s2""}]"
074f212b957ebdb68130b1cb3dedf8382bc80a6a,10.1109/ICPECA56706.2023.10075845,Back-projection Residual Low-light Image Enhancement Network with Color Correction Matrix,2023,"2023 IEEE 3rd International Conference on Power, Electronics and Computer Applications (ICPECA)",Ke Chen; Chengyi Cao,"[{""id"": ""32811782"", ""name"": ""Ke Chen"", ""source"": ""s2""}, {""id"": ""2151197087"", ""name"": ""Chengyi Cao"", ""source"": ""s2""}]"
1c8d1e374f19a46a95ebf3550ccd58002a57097f,10.3389/fmed.2023.1061357,A two-stage framework for optical coherence tomography angiography image quality improvement,2023,Frontiers in Medicine,Juan Cao; Zihao Xu; Mengjia Xu; Yuhui Ma; Yitian Zhao,"[{""id"": ""2109829383"", ""name"": ""Juan Cao"", ""source"": ""s2""}, {""id"": ""2117883323"", ""name"": ""Zihao Xu"", ""source"": ""s2""}, {""id"": ""34632443"", ""name"": ""Mengjia Xu"", ""source"": ""s2""}, {""id"": ""143976354"", ""name"": ""Yuhui Ma"", ""source"": ""s2""}, {""id"": ""1956017"", ""name"": ""Yitian Zhao"", ""source"": ""s2""}]"
f766ecfe23a0a515d721a3e464be08af9a0bc2d2,10.48550/arXiv.2301.06269,DarkVision: A Benchmark for Low-light Image/Video Perception,2023,arXiv.org,Bo Zhang; Yuchen Guo; Runzhao Yang; Zhihong Zhang; Jiayi Xie; J. Suo; Qionghai Dai,"[{""id"": ""2155611061"", ""name"": ""Bo Zhang"", ""source"": ""s2""}, {""id"": ""2366320459"", ""name"": ""Yuchen Guo"", ""source"": ""s2""}, {""id"": ""2162083988"", ""name"": ""Runzhao Yang"", ""source"": ""s2""}, {""id"": ""2144436679"", ""name"": ""Zhihong Zhang"", ""source"": ""s2""}, {""id"": ""1491234743"", ""name"": ""Jiayi Xie"", ""source"": ""s2""}, {""id"": ""144036068"", ""name"": ""J. Suo"", ""source"": ""s2""}, {""id"": ""1491800101"", ""name"": ""Qionghai Dai"", ""source"": ""s2""}]"
d639129ba6f047f61e8c8c0883cd301279ff06f5,10.48550/arXiv.2301.05434,LVRNet: Lightweight Image Restoration for Aerial Images under Low Visibility,2023,AAAI Conference on Artificial Intelligence,Esha Pahwa; Achleshwar Luthra; Pratik Narang,"[{""id"": ""2141800564"", ""name"": ""Esha Pahwa"", ""source"": ""s2""}, {""id"": ""2120424496"", ""name"": ""Achleshwar Luthra"", ""source"": ""s2""}, {""id"": ""3120689"", ""name"": ""Pratik Narang"", ""source"": ""s2""}]"
92aeaaeea146b2e7e3851d84104f188a9451cc93,10.48550/arXiv.2301.04422,"Optical Flow for Autonomous Driving: Applications, Challenges and Improvements",2023,Autonomous Vehicles and Machines,Shihao Shen; Louis Kerofsky; S. Yogamani,"[{""id"": ""2072819892"", ""name"": ""Shihao Shen"", ""source"": ""s2""}, {""id"": ""143834054"", ""name"": ""Louis Kerofsky"", ""source"": ""s2""}, {""id"": ""2601522"", ""name"": ""S. Yogamani"", ""source"": ""s2""}]"
44ab8f0d84f827b15683d8b8b1a6fca314fdab64,10.1016/j.engappai.2022.105632,LACN: A lightweight attention-guided ConvNeXt network for low-light image enhancement,2023,Engineering applications of artificial intelligence,Saijie Fan; Wei Liang; Derui Ding; Hui Yu,"[{""id"": ""2191770028"", ""name"": ""Saijie Fan"", ""source"": ""s2""}, {""id"": ""2113675770"", ""name"": ""Wei Liang"", ""source"": ""s2""}, {""id"": ""1795716"", ""name"": ""Derui Ding"", ""source"": ""s2""}, {""id"": ""2188997984"", ""name"": ""Hui Yu"", ""source"": ""s2""}]"
789bb24875fdd971c659edb32ead3b9499574c54,10.1109/WACV56688.2023.00409,Semi-Supervised Learning for Low-light Image Restoration through Quality Assisted Pseudo-Labeling,2023,IEEE Workshop/Winter Conference on Applications of Computer Vision,Sameer Malik; R. Soundararajan,"[{""id"": ""2000484626"", ""name"": ""Sameer Malik"", ""source"": ""s2""}, {""id"": ""2510315"", ""name"": ""R. Soundararajan"", ""source"": ""s2""}]"
44cf871041edd76e240010662cc5c07e08ab7d69,10.1016/j.patrec.2022.11.029,Learning to recover lost details from the dark,2023,Pattern Recognition Letters,Maomei Liu; Lei Tang; Sheng Zhong; Hangzai Luo; Jinye Peng,"[{""id"": ""2112251403"", ""name"": ""Maomei Liu"", ""source"": ""s2""}, {""id"": ""2110241927"", ""name"": ""Lei Tang"", ""source"": ""s2""}, {""id"": ""2053864035"", ""name"": ""Sheng Zhong"", ""source"": ""s2""}, {""id"": ""1704919"", ""name"": ""Hangzai Luo"", ""source"": ""s2""}, {""id"": ""145457904"", ""name"": ""Jinye Peng"", ""source"": ""s2""}]"
80f112fb6858203a2e09ce65d83d8e6f968819a6,10.1007/s00138-022-01365-z,LDNet: low-light image enhancement with joint lighting and denoising,2022,Machine Vision and Applications,Yuhang Li; Tianyanshi Liu; Jiaxin Fan; Youdong Ding,"[{""id"": ""2110539473"", ""name"": ""Yuhang Li"", ""source"": ""s2""}, {""id"": ""2198626685"", ""name"": ""Tianyanshi Liu"", ""source"": ""s2""}, {""id"": ""2151840486"", ""name"": ""Jiaxin Fan"", ""source"": ""s2""}, {""id"": ""1987649"", ""name"": ""Youdong Ding"", ""source"": ""s2""}]"
a3157a662e7bef5bfaf23da8f8a7bd04c92bc9ce,10.48550/arXiv.2212.11484,SALVE: Self-supervised Adaptive Low-light Video Enhancement,2022,APSIPA Transactions on Signal and Information Processing,Z. Azizi; Ct Kuo,"[{""id"": ""2093084617"", ""name"": ""Z. Azizi"", ""source"": ""s2""}, {""id"": ""103085831"", ""name"": ""Ct Kuo"", ""source"": ""s2""}]"
a7819e639ebe52b10bc5fc972ba9f4eb347a70ac,10.1007/s11063-022-11107-x,Pre-denoising 3D Multi-scale Fusion Attention Network for Low-Light Enhancement,2022,Neural Processing Letters,Hegui Zhu; Ziwei Zhang; Luyang Wang; Tian Geng; Xiangde Zhang,"[{""id"": ""2565254"", ""name"": ""Hegui Zhu"", ""source"": ""s2""}, {""id"": ""48806258"", ""name"": ""Ziwei Zhang"", ""source"": ""s2""}, {""id"": ""2170435"", ""name"": ""Luyang Wang"", ""source"": ""s2""}, {""id"": ""2197905590"", ""name"": ""Tian Geng"", ""source"": ""s2""}, {""id"": ""3153945"", ""name"": ""Xiangde Zhang"", ""source"": ""s2""}]"
c8d722907113595adb1b89bf0d3305b6bb334929,10.48550/arXiv.2212.10772,Low-Light Image and Video Enhancement: A Comprehensive Survey and Beyond,2022,arXiv.org,Shen Zheng; Yi Ma; Jinqian Pan; Chang-Tien Lu; Gaurav Gupta,"[{""id"": ""2111074015"", ""name"": ""Shen Zheng"", ""source"": ""s2""}, {""id"": ""2146276895"", ""name"": ""Yi Ma"", ""source"": ""s2""}, {""id"": ""2176149839"", ""name"": ""Jinqian Pan"", ""source"": ""s2""}, {""id"": ""1752590"", ""name"": ""Chang-Tien Lu"", ""source"": ""s2""}, {""id"": ""2104357582"", ""name"": ""Gaurav Gupta"", ""source"": ""s2""}]"
fe5f1760fceee44846998e0714f50df8b5e9f154,10.1109/BigData55660.2022.10021069,LLU-Swin: Low-Light Image Enhancement with U-shaped Swin Transformer,2022,2022 IEEE International Conference on Big Data (Big Data),Lijiang Shao; Wenjin Wang; Shiguo Huang; Xiaolin Li,"[{""id"": ""2366748298"", ""name"": ""Lijiang Shao"", ""source"": ""s2""}, {""id"": ""2117833431"", ""name"": ""Wenjin Wang"", ""source"": ""s2""}, {""id"": ""9303289"", ""name"": ""Shiguo Huang"", ""source"": ""s2""}, {""id"": ""2108674259"", ""name"": ""Xiaolin Li"", ""source"": ""s2""}]"
3d61d6fe03e9309fb2c0d735242c7bc50afd6caa,10.1109/ICAC3N56670.2022.10074024,Low-Light Image Enhancement Using Multi-Branch Deep Fusion Enhancement Network,2022,"2022 4th International Conference on Advances in Computing, Communication Control and Networking (ICAC3N)",Akshat Agarwal; Mohit Kumar Agarwal; Aditya Shankar; Anil Singh Parihar,"[{""id"": ""50714373"", ""name"": ""Akshat Agarwal"", ""source"": ""s2""}, {""id"": ""2212895011"", ""name"": ""Mohit Kumar Agarwal"", ""source"": ""s2""}, {""id"": ""2212898809"", ""name"": ""Aditya Shankar"", ""source"": ""s2""}, {""id"": ""2268072935"", ""name"": ""Anil Singh Parihar"", ""source"": ""s2""}]"
37a9809cb3d0eb91d2379796f4cf719bcf5b4223,10.1145/3579895.3579908,Low-light Image Enhancement via Unsupervised Progressive Fusion Network,2022,"International Conference on Network, Communication and Computing",Hengxuan Li; Zhanqiang Huo; Yingxu Qiao,"[{""id"": ""2214305109"", ""name"": ""Hengxuan Li"", ""source"": ""s2""}, {""id"": ""1816039841"", ""name"": ""Zhanqiang Huo"", ""source"": ""s2""}, {""id"": ""103972450"", ""name"": ""Yingxu Qiao"", ""source"": ""s2""}]"
594946ec524e6ea9715322f0a0f81ce942876eda,10.1109/ROBIO55434.2022.10011870,Toward the Resilient SLAM in Adverse Illumination Environments with Learning-based Image Transformation,2022,IEEE International Conference on Robotics and Biomimetics,Xu Zhao; Zhaohong Liao; X. Wu; Chenyang Li; Jingwei Chen; Z. Gao,"[{""id"": ""2118490525"", ""name"": ""Xu Zhao"", ""source"": ""s2""}, {""id"": ""2201678636"", ""name"": ""Zhaohong Liao"", ""source"": ""s2""}, {""id"": ""48661704"", ""name"": ""X. Wu"", ""source"": ""s2""}, {""id"": ""2188996842"", ""name"": ""Chenyang Li"", ""source"": ""s2""}, {""id"": ""2280952394"", ""name"": ""Jingwei Chen"", ""source"": ""s2""}, {""id"": ""3198851"", ""name"": ""Z. Gao"", ""source"": ""s2""}]"
eae27e409d1fddf1c60fee2df55982c466faad5e,10.1109/ICFTIC57696.2022.10075183,Attention-guided multi-scale illumination estimation for low-light image enhancement,2022,2022 4th International Conference on Frontiers Technology of Information and Computer (ICFTIC),Baoxiang Tang; Hanyu Du; Yao Tan,"[{""id"": ""1571690765"", ""name"": ""Baoxiang Tang"", ""source"": ""s2""}, {""id"": ""2213786298"", ""name"": ""Hanyu Du"", ""source"": ""s2""}, {""id"": ""2158336351"", ""name"": ""Yao Tan"", ""source"": ""s2""}]"
903a4f43f0653b420d12cfe1c27b0d54befecf19,10.1016/j.neucom.2022.12.007,A deep thermal-guided approach for effective low-light visible image enhancement,2022,Neurocomputing,Yanpeng Cao; Xi Tong; Fan Wang; Jiangxin Yang; Yanlong Cao; Sabin Tiberius Strat; C. Tisse,"[{""id"": ""3245182"", ""name"": ""Yanpeng Cao"", ""source"": ""s2""}, {""id"": ""2068202152"", ""name"": ""Xi Tong"", ""source"": ""s2""}, {""id"": ""49451350"", ""name"": ""Fan Wang"", ""source"": ""s2""}, {""id"": ""2491927"", ""name"": ""Jiangxin Yang"", ""source"": ""s2""}, {""id"": ""2035529"", ""name"": ""Yanlong Cao"", ""source"": ""s2""}, {""id"": ""2850020"", ""name"": ""Sabin Tiberius Strat"", ""source"": ""s2""}, {""id"": ""3433637"", ""name"": ""C. Tisse"", ""source"": ""s2""}]"
fcd0287b91d3d878d97453ade8276dbd3fb1653b,10.2139/ssrn.4194700,BrightFormer: A transformer to brighten the image,2022,Computers & graphics,Yong Wang; Bo Li; Xi Yuan,"[{""id"": ""2153952645"", ""name"": ""Yong Wang"", ""source"": ""s2""}, {""id"": null, ""name"": ""Bo Li"", ""source"": ""s2""}, {""id"": ""2159318207"", ""name"": ""Xi Yuan"", ""source"": ""s2""}]"
8f3561dd77356cb2e929456e90525990f21898c4,10.1109/TCSVT.2022.3195996,EFINet: Restoration for Low-Light Images via Enhancement-Fusion Iterative Network,2022,IEEE transactions on circuits and systems for video technology (Print),Chunxiao Liu; Fanding Wu; Xun Wang,"[{""id"": ""2107927047"", ""name"": ""Chunxiao Liu"", ""source"": ""s2""}, {""id"": ""2167734431"", ""name"": ""Fanding Wu"", ""source"": ""s2""}, {""id"": ""2115535644"", ""name"": ""Xun Wang"", ""source"": ""s2""}]"
87fd9755ab0b158da51a26974b1619c6e7ab2fe1,10.1109/EUC57774.2022.00017,Rep-Enhancer: Re-parameterizing Neural Network for Real-time Low-light Enhancement in Visual Maritime Surveillance,2022,IFIP International Conference on Embedded and Ubiquitous Computing,Xijing Li; Yuxu Lu; Yu Guo; Jingxiang Qu; Ryan Wen Liu,"[{""id"": ""2369639921"", ""name"": ""Xijing Li"", ""source"": ""s2""}, {""id"": ""121713030"", ""name"": ""Yuxu Lu"", ""source"": ""s2""}, {""id"": ""2143378699"", ""name"": ""Yu Guo"", ""source"": ""s2""}, {""id"": ""2189470689"", ""name"": ""Jingxiang Qu"", ""source"": ""s2""}, {""id"": ""2268299485"", ""name"": ""Ryan Wen Liu"", ""source"": ""s2""}]"
e9a8ffb2575e4991e8dd1b7337d89022003a4c93,10.3390/agriculture12122067,Low Illumination Soybean Plant Reconstruction and Trait Perception,2022,Agriculture,Yourui Huang; Yuwen Liu; Tao Han; Shanyong Xu; Jiahao Fu,"[{""id"": ""46598871"", ""name"": ""Yourui Huang"", ""source"": ""s2""}, {""id"": ""2136355493"", ""name"": ""Yuwen Liu"", ""source"": ""s2""}, {""id"": ""2117899081"", ""name"": ""Tao Han"", ""source"": ""s2""}, {""id"": ""2148667420"", ""name"": ""Shanyong Xu"", ""source"": ""s2""}, {""id"": ""41097944"", ""name"": ""Jiahao Fu"", ""source"": ""s2""}]"
555b2d78d93fc9119f9e20c676b0764b1f20a178,10.1109/TCSVT.2022.3190916,LVE-S2D: Low-Light Video Enhancement From Static to Dynamic,2022,IEEE transactions on circuits and systems for video technology (Print),Bo Peng; Xuanyu Zhang; Jianjun Lei; Zhe Zhang; N. Ling; Qingming Huang,"[{""id"": ""2054590685"", ""name"": ""Bo Peng"", ""source"": ""s2""}, {""id"": ""2118400564"", ""name"": ""Xuanyu Zhang"", ""source"": ""s2""}, {""id"": ""143879230"", ""name"": ""Jianjun Lei"", ""source"": ""s2""}, {""id"": ""2177091563"", ""name"": ""Zhe Zhang"", ""source"": ""s2""}, {""id"": ""144515403"", ""name"": ""N. Ling"", ""source"": ""s2""}, {""id"": ""1689702"", ""name"": ""Qingming Huang"", ""source"": ""s2""}]"
be61c1cbe9fd4168c9c0ba969b47d0840c08b71c,10.1145/3569464,AdaEnlight,2022,Proceedings of the ACM on Interactive Mobile Wearable and Ubiquitous Technologies,Sicong Liu; Xiaocheng Li; Zimu Zhou; Bin Guo; Mengsu Zhang; Haocheng Shen; Zhiwen Yu,"[{""id"": ""2155857286"", ""name"": ""Sicong Liu"", ""source"": ""s2""}, {""id"": ""2181651024"", ""name"": ""Xiaocheng Li"", ""source"": ""s2""}, {""id"": ""2735715"", ""name"": ""Zimu Zhou"", ""source"": ""s2""}, {""id"": ""145066132"", ""name"": ""Bin Guo"", ""source"": ""s2""}, {""id"": ""2153207393"", ""name"": ""Mengsu Zhang"", ""source"": ""s2""}, {""id"": ""2192858528"", ""name"": ""Haocheng Shen"", ""source"": ""s2""}, {""id"": ""2256618"", ""name"": ""Zhiwen Yu"", ""source"": ""s2""}]"
a611ed7e40c9c5cd35bc61d1ca2a55dc37caf55e,10.1007/s13042-022-01716-2,Near-infrared fusion for deep lightness enhancement,2022,International Journal of Machine Learning and Cybernetics,Linbo Wang; Tao Wang; Deyun Yang; Xianyong Fang; Shaohua Wan,"[{""id"": ""2108522201"", ""name"": ""Linbo Wang"", ""source"": ""s2""}, {""id"": ""48470152"", ""name"": ""Tao Wang"", ""source"": ""s2""}, {""id"": ""2111180991"", ""name"": ""Deyun Yang"", ""source"": ""s2""}, {""id"": ""3126828"", ""name"": ""Xianyong Fang"", ""source"": ""s2""}, {""id"": ""49725227"", ""name"": ""Shaohua Wan"", ""source"": ""s2""}]"
db262fef5aab6cc2178b045cd8b6913800179461,10.1109/CAC57257.2022.10055984,An Repairing Algorithm for Infrared Video Brightness Mutation Based on Information Entropy,2022,ACM Cloud and Autonomic Computing Conference,Zhiqiang Feng; Xiaogang Wang; Yang Wei; Mingrui Liu; Zewei Lian,"[{""id"": ""2113908830"", ""name"": ""Zhiqiang Feng"", ""source"": ""s2""}, {""id"": ""31843833"", ""name"": ""Xiaogang Wang"", ""source"": ""s2""}, {""id"": ""2186351239"", ""name"": ""Yang Wei"", ""source"": ""s2""}, {""id"": ""2374924413"", ""name"": ""Mingrui Liu"", ""source"": ""s2""}, {""id"": ""2172252560"", ""name"": ""Zewei Lian"", ""source"": ""s2""}]"
44c829585625d5105b949092218e889f4f7f18c0,10.48550/arXiv.2211.09206,Learning to Kindle the Starlight,2022,arXiv.org,Yu Yuan; Jiaqi Wu; Lindong Wang; Zhongliang Jing; H. Leung; Shuyuan Zhu; Han Pan,"[{""id"": ""2161609114"", ""name"": ""Yu Yuan"", ""source"": ""s2""}, {""id"": ""2110435150"", ""name"": ""Jiaqi Wu"", ""source"": ""s2""}, {""id"": ""2108565992"", ""name"": ""Lindong Wang"", ""source"": ""s2""}, {""id"": ""2111777743"", ""name"": ""Zhongliang Jing"", ""source"": ""s2""}, {""id"": ""2144755904"", ""name"": ""H. Leung"", ""source"": ""s2""}, {""id"": ""1719428"", ""name"": ""Shuyuan Zhu"", ""source"": ""s2""}, {""id"": ""30331802"", ""name"": ""Han Pan"", ""source"": ""s2""}]"
d732660a118717e8d43e76044a18a8c92946dd2c,10.1109/ICCV51070.2023.01182,DynamicISP: Dynamically Controlled Image Signal Processor for Image Recognition,2022,IEEE International Conference on Computer Vision,Masakazu Yoshimura; Junji Otsuka; Atsushi Irie; T. Ohashi,"[{""id"": ""1516952123"", ""name"": ""Masakazu Yoshimura"", ""source"": ""s2""}, {""id"": ""2106282542"", ""name"": ""Junji Otsuka"", ""source"": ""s2""}, {""id"": ""47275565"", ""name"": ""Atsushi Irie"", ""source"": ""s2""}, {""id"": ""3358605"", ""name"": ""T. Ohashi"", ""source"": ""s2""}]"
9ce1a2a06ce537099a4e8639590cb921d3ee0f73,10.1117/1.JEI.31.6.063050,Low-light image enhancement via multistage feature fusion network,2022,J. Electronic Imaging,Mingming Tan; Jiayi Fan; Guodong Fan; Min Gan,"[{""id"": ""2190124500"", ""name"": ""Mingming Tan"", ""source"": ""s2""}, {""id"": ""2151840354"", ""name"": ""Jiayi Fan"", ""source"": ""s2""}, {""id"": ""2093184672"", ""name"": ""Guodong Fan"", ""source"": ""s2""}, {""id"": ""2024537593"", ""name"": ""Min Gan"", ""source"": ""s2""}]"
ecd2356afe95d60324861dd4eb7b09f71587e031,10.54097/fcis.v1i3.2242,A Survey of Low-light Image Enhancement,2022,Frontiers in Computing and Intelligent Systems,Weiqiang Liu; Penghui Zhao; Xiangying Song; Bo Zhang,"[{""id"": ""2163947273"", ""name"": ""Weiqiang Liu"", ""source"": ""s2""}, {""id"": ""8049880"", ""name"": ""Penghui Zhao"", ""source"": ""s2""}, {""id"": ""2191280481"", ""name"": ""Xiangying Song"", ""source"": ""s2""}, {""id"": null, ""name"": ""Bo Zhang"", ""source"": ""s2""}]"
c21e8df43264315ad100daac5ae90c43e2e1f64b,10.1109/CVPR52729.2023.01346,Rawgment: Noise-Accounted RAW Augmentation Enables Recognition in a Wide Variety of Environments,2022,Computer Vision and Pattern Recognition,Masakazu Yoshimura; Junji Otsuka; Atsushi Irie; T. Ohashi,"[{""id"": ""1516952123"", ""name"": ""Masakazu Yoshimura"", ""source"": ""s2""}, {""id"": ""2106282542"", ""name"": ""Junji Otsuka"", ""source"": ""s2""}, {""id"": ""47275565"", ""name"": ""Atsushi Irie"", ""source"": ""s2""}, {""id"": ""3358605"", ""name"": ""T. Ohashi"", ""source"": ""s2""}]"
771539c080e184b28bb34ec01a4352f9783dfd86,10.1109/ICDSCA56264.2022.9987832,Attention-based Deep Pyramidal Network for Low-light Image Enhancement,2022,2022 IEEE 2nd International Conference on Data Science and Computer Application (ICDSCA),Xiaodong Zhang; Yifei Wang,"[{""id"": ""1686594"", ""name"": ""Xiaodong Zhang"", ""source"": ""s2""}, {""id"": ""2115569318"", ""name"": ""Yifei Wang"", ""source"": ""s2""}]"
1b0de22e55b92add718b6b05f99075aa4d2223a5,10.3390/s22218244,FDMLNet: A Frequency-Division and Multiscale Learning Network for Enhancing Low-Light Image,2022,Italian National Conference on Sensors,Haoxiang Lu; Junming Gong; Zhenbing Liu; Rushi Lan; Xipeng Pan,"[{""id"": ""2115608321"", ""name"": ""Haoxiang Lu"", ""source"": ""s2""}, {""id"": ""2112954091"", ""name"": ""Junming Gong"", ""source"": ""s2""}, {""id"": ""1904697"", ""name"": ""Zhenbing Liu"", ""source"": ""s2""}, {""id"": ""36034272"", ""name"": ""Rushi Lan"", ""source"": ""s2""}, {""id"": ""9371863"", ""name"": ""Xipeng Pan"", ""source"": ""s2""}]"
8cefa2f0a23501345134aafd9c75e16a523f9e04,10.1109/AHPCAI57455.2022.10087566,Low-light image enhancement model based on self-calibration illumination and color adjustment,2022,"2022 2nd International Conference on Algorithms, High Performance Computing and Artificial Intelligence (AHPCAI)",Guiwen Zhang; Qishen Li; Qiufeng Li; Taida Wu,"[{""id"": ""8673557"", ""name"": ""Guiwen Zhang"", ""source"": ""s2""}, {""id"": ""2108107216"", ""name"": ""Qishen Li"", ""source"": ""s2""}, {""id"": ""2154487963"", ""name"": ""Qiufeng Li"", ""source"": ""s2""}, {""id"": ""2160104490"", ""name"": ""Taida Wu"", ""source"": ""s2""}]"
4cdf30bb87f654317c327487209da9f2a6b8c7cc,10.1145/3503161.3548135,ChebyLighter: Optimal Curve Estimation for Low-light Image Enhancement,2022,ACM Multimedia,Jinwang Pan; Deming Zhai; Yuanchao Bai; Junjun Jiang; Debin Zhao; Xianming Liu,"[{""id"": ""2187371905"", ""name"": ""Jinwang Pan"", ""source"": ""s2""}, {""id"": ""2431195"", ""name"": ""Deming Zhai"", ""source"": ""s2""}, {""id"": ""2876022"", ""name"": ""Yuanchao Bai"", ""source"": ""s2""}, {""id"": ""2141510194"", ""name"": ""Junjun Jiang"", ""source"": ""s2""}, {""id"": ""1725937"", ""name"": ""Debin Zhao"", ""source"": ""s2""}, {""id"": ""2110655701"", ""name"": ""Xianming Liu"", ""source"": ""s2""}]"
b34eda58cf5904ea269f12407cc848f6fbfd5d51,10.1145/3503161.3548325,An Image-to-video Model for Real-Time Video Enhancement,2022,ACM Multimedia,Dongyu She; Kun Xu,"[{""id"": ""22631231"", ""name"": ""Dongyu She"", ""source"": ""s2""}, {""id"": ""144968846"", ""name"": ""Kun Xu"", ""source"": ""s2""}]"
37b108653979f570ce2cf148776d99624f8e7277,10.1145/3503161.3548259,Best of Both Worlds: See and Understand Clearly in the Dark,2022,ACM Multimedia,Xinwei Xue; Jia He; Long Ma; Yi Wang; Xin Fan; Risheng Liu,"[{""id"": ""32797485"", ""name"": ""Xinwei Xue"", ""source"": ""s2""}, {""id"": ""2444492079"", ""name"": ""Jia He"", ""source"": ""s2""}, {""id"": ""1732160"", ""name"": ""Long Ma"", ""source"": ""s2""}, {""id"": ""87042015"", ""name"": ""Yi Wang"", ""source"": ""s2""}, {""id"": ""144309189"", ""name"": ""Xin Fan"", ""source"": ""s2""}, {""id"": ""34469457"", ""name"": ""Risheng Liu"", ""source"": ""s2""}]"
258d49edb97b80237b66c540df91b70abe2f985b,10.1145/3503161.3548359,Structure- and Texture-Aware Learning for Low-Light Image Enhancement,2022,ACM Multimedia,Jinghao Zhang; Jie Huang; Mingde Yao; Man Zhou; Fengmei Zhao,"[{""id"": ""2108045911"", ""name"": ""Jinghao Zhang"", ""source"": ""s2""}, {""id"": ""2110284557"", ""name"": ""Jie Huang"", ""source"": ""s2""}, {""id"": ""1420016726"", ""name"": ""Mingde Yao"", ""source"": ""s2""}, {""id"": ""2121684731"", ""name"": ""Man Zhou"", ""source"": ""s2""}, {""id"": ""2152335165"", ""name"": ""Fengmei Zhao"", ""source"": ""s2""}]"
55cb27032405c5105542ff094e95ba41b9ad6c26,10.48550/arXiv.2210.04290,Low Light Video Enhancement by Learning on Static Videos with Cross-Frame Attention,2022,British Machine Vision Conference,Shivam Chhirolya; Sameer Malik; R. Soundararajan,"[{""id"": ""2187298719"", ""name"": ""Shivam Chhirolya"", ""source"": ""s2""}, {""id"": ""2000484626"", ""name"": ""Sameer Malik"", ""source"": ""s2""}, {""id"": ""2510315"", ""name"": ""R. Soundararajan"", ""source"": ""s2""}]"
427f5e326ed18749425be956d8d159b24003a10a,10.1109/ITSC55140.2022.9921977,Fast Deep Multi-patch Progressive Network for Low-light Image Enhancement in Intelligent Transportation Systems,2022,2022 IEEE 25th International Conference on Intelligent Transportation Systems (ITSC),Yuxu Lu; Yu Guo; Yanhong Huang; F. Zhu; Xianjun Hu; R. W. Liu,"[{""id"": ""121713030"", ""name"": ""Yuxu Lu"", ""source"": ""s2""}, {""id"": ""2143378699"", ""name"": ""Yu Guo"", ""source"": ""s2""}, {""id"": ""2183513064"", ""name"": ""Yanhong Huang"", ""source"": ""s2""}, {""id"": ""7526783"", ""name"": ""F. Zhu"", ""source"": ""s2""}, {""id"": ""2109790733"", ""name"": ""Xianjun Hu"", ""source"": ""s2""}, {""id"": ""3136503"", ""name"": ""R. W. Liu"", ""source"": ""s2""}]"
0342bb8c7d11364e5383dcc01f5e522bd2050778,10.1109/WACV56688.2023.00180,PSENet: Progressive Self-Enhancement Network for Unsupervised Extreme-Light Image Enhancement,2022,IEEE Workshop/Winter Conference on Applications of Computer Vision,Hue Nguyen; D. Tran; Khoi Duc Minh Nguyen; Rang Nguyen,"[{""id"": ""2392595137"", ""name"": ""Hue Nguyen"", ""source"": ""s2""}, {""id"": ""2186824333"", ""name"": ""D. Tran"", ""source"": ""s2""}, {""id"": ""144295869"", ""name"": ""Khoi Duc Minh Nguyen"", ""source"": ""s2""}, {""id"": ""2316559179"", ""name"": ""Rang Nguyen"", ""source"": ""s2""}]"
6712a5afb85875d70af91dc1e54f8ea8e8561e44,10.1109/IAEAC54830.2022.9929796,The Low-light Image Enhancement Method Based on Improved LSID Algorithm,2022,"IEEE Advanced Information Technology, Electronic and Automation Control Conference",Jinbao Yang; Zhimin Yuan; Shilei Li; Jiasheng Wang,"[{""id"": ""2864169"", ""name"": ""Jinbao Yang"", ""source"": ""s2""}, {""id"": ""2112340345"", ""name"": ""Zhimin Yuan"", ""source"": ""s2""}, {""id"": ""2145340413"", ""name"": ""Shilei Li"", ""source"": ""s2""}, {""id"": ""2110144752"", ""name"": ""Jiasheng Wang"", ""source"": ""s2""}]"
3f62c7cefd7eec3ecf51ce39f041a49ade381c07,10.1007/s11042-022-13830-y,Effective low-light image enhancement with multiscale and context learning network,2022,Multimedia tools and applications,Qiao Li; Bin Jiang; Xiaochen Bo; Chao Yang; Xu Wu,"[{""id"": ""2108511746"", ""name"": ""Qiao Li"", ""source"": ""s2""}, {""id"": ""145942580"", ""name"": ""Bin Jiang"", ""source"": ""s2""}, {""id"": ""2060165174"", ""name"": ""Xiaochen Bo"", ""source"": ""s2""}, {""id"": ""1637066875"", ""name"": ""Chao Yang"", ""source"": ""s2""}, {""id"": ""2186958197"", ""name"": ""Xu Wu"", ""source"": ""s2""}]"
1fa8e24a043a937860dbbe8cb6b6c2212b0a1bad,10.1016/j.sigpro.2022.108821,A comprehensive experiment-based review of low-light image enhancement methods and benchmarking low-light image quality assessment,2022,Signal Processing,M. T. Rasheed; D. Shi; Hufsa Khan,"[{""id"": ""34999535"", ""name"": ""M. T. Rasheed"", ""source"": ""s2""}, {""id"": ""1887263"", ""name"": ""D. Shi"", ""source"": ""s2""}, {""id"": ""2147395983"", ""name"": ""Hufsa Khan"", ""source"": ""s2""}]"
756f2e7d2420effe49480e6f712864e7fde8c3ec,10.1109/AIAM57466.2022.00114,Water leakage detection and its application of turbine floor equipment based on MaskRCNN,2022,International Conference on Artificial Intelligence and Advanced Manufacturing,Yuquan Zhou; Zuliang Huang; Xin Liu; Jifan Ouyang; Menglong Hou; Xichang Cai,"[{""id"": ""49454937"", ""name"": ""Yuquan Zhou"", ""source"": ""s2""}, {""id"": ""2370727485"", ""name"": ""Zuliang Huang"", ""source"": ""s2""}, {""id"": ""2120100298"", ""name"": ""Xin Liu"", ""source"": ""s2""}, {""id"": ""2148467674"", ""name"": ""Jifan Ouyang"", ""source"": ""s2""}, {""id"": ""2205234367"", ""name"": ""Menglong Hou"", ""source"": ""s2""}, {""id"": ""2107159051"", ""name"": ""Xichang Cai"", ""source"": ""s2""}]"
af162347f8db180f9c9a7e5b09a8902a77d25ff1,10.3724/sp.j.1089.2022.19719,Global-Local Generation Adversarial Learning Based Low-Light Image Enhancement,2022,Journal of Computer-Aided Design &amp; Computer Graphics,Zizheng Sun; Huihui Song; Jiaqing Fan; Qingshan Liu,"[{""id"": ""2181083714"", ""name"": ""Zizheng Sun"", ""source"": ""s2""}, {""id"": ""2163097"", ""name"": ""Huihui Song"", ""source"": ""s2""}, {""id"": ""51254451"", ""name"": ""Jiaqing Fan"", ""source"": ""s2""}, {""id"": ""2145921875"", ""name"": ""Qingshan Liu"", ""source"": ""s2""}]"
5d3f0c764497e40f170dfda75b7c22c2da5213b7,10.1109/smartcloud55982.2022.00028,Night Fatigue Driving Detection Algorithm based on Lightweight Zero-DCE,2022,International Conference on Smart Cloud,ZhanTi Ll; Ni Jia; Hongmei Jin,"[{""id"": ""2190859298"", ""name"": ""ZhanTi Ll"", ""source"": ""s2""}, {""id"": ""144681848"", ""name"": ""Ni Jia"", ""source"": ""s2""}, {""id"": ""2182115787"", ""name"": ""Hongmei Jin"", ""source"": ""s2""}]"
54e432ae5a319ceee6bbd3369c4459a078eb8ff6,10.48550/arXiv.2209.07937,DPFNet: A Dual-branch Dilated Network with Phase-aware Fourier Convolution for Low-light Image Enhancement,2022,arXiv.org,Yunliang Zhuang; Zhuoran Zheng; Chengzhi Lyu,"[{""id"": ""2152482431"", ""name"": ""Yunliang Zhuang"", ""source"": ""s2""}, {""id"": ""1490932987"", ""name"": ""Zhuoran Zheng"", ""source"": ""s2""}, {""id"": ""47660429"", ""name"": ""Chengzhi Lyu"", ""source"": ""s2""}]"
c70003575790daa4db6d60b5844a25896105e5d2,10.3390/rs14184608,An Empirical Study on Retinex Methods for Low-Light Image Enhancement,2022,Remote Sensing,M. T. Rasheed; Guiyu Guo; D. Shi; Hufsa Khan; Xiaochun Cheng,"[{""id"": ""34999535"", ""name"": ""M. T. Rasheed"", ""source"": ""s2""}, {""id"": ""2185280629"", ""name"": ""Guiyu Guo"", ""source"": ""s2""}, {""id"": ""1887263"", ""name"": ""D. Shi"", ""source"": ""s2""}, {""id"": ""2147395983"", ""name"": ""Hufsa Khan"", ""source"": ""s2""}, {""id"": ""2149477853"", ""name"": ""Xiaochun Cheng"", ""source"": ""s2""}]"
718da40b0c22fcce6d4f7dc7df1e021a8563cb78,10.48550/arXiv.2209.06823,DEANet: Decomposition Enhancement and Adjustment Network for Low-Light Image Enhancement,2022,Tsinghua Science and Technology,Yonglong Jiang; L. Li; Yuan Xue; Hongbing Ma,"[{""id"": ""2185025897"", ""name"": ""Yonglong Jiang"", ""source"": ""s2""}, {""id"": ""37498905"", ""name"": ""L. Li"", ""source"": ""s2""}, {""id"": ""2114920342"", ""name"": ""Yuan Xue"", ""source"": ""s2""}, {""id"": ""2408757"", ""name"": ""Hongbing Ma"", ""source"": ""s2""}]"
e71a83fe0ab89965f79ba48c0741c7ca2c52483c,10.1117/1.JEI.31.6.062009,Deep learning model for person identification and verification on low illumination images,2022,J. Electronic Imaging,Suresh Tommandru; Domnic Sandanam,"[{""id"": ""2051746729"", ""name"": ""Suresh Tommandru"", ""source"": ""s2""}, {""id"": ""152318934"", ""name"": ""Domnic Sandanam"", ""source"": ""s2""}]"
fe2c8ba86581e4c7f263c7e0541d4616e486e570,10.1109/TIP.2023.3297412,LRT: An Efficient Low-Light Restoration Transformer for Dark Light Field Images,2022,IEEE Transactions on Image Processing,Shansi Zhang; Nan Meng; E. Lam,"[{""id"": ""2116577885"", ""name"": ""Shansi Zhang"", ""source"": ""s2""}, {""id"": ""2267595889"", ""name"": ""Nan Meng"", ""source"": ""s2""}, {""id"": ""1725389"", ""name"": ""E. Lam"", ""source"": ""s2""}]"
ad694777050bd12297871229fe8842ab32aa938e,10.1016/j.eswa.2022.118920,Reference-free low-light image enhancement by associating hierarchical wavelet representations,2022,Expert systems with applications,Xiaojun Yang; J. Gong; Liang Wu; Zhijing Yang; Yukai Shi; F. Nie,"[{""id"": ""2112085727"", ""name"": ""Xiaojun Yang"", ""source"": ""s2""}, {""id"": ""2314104141"", ""name"": ""J. Gong"", ""source"": ""s2""}, {""id"": ""2218810019"", ""name"": ""Liang Wu"", ""source"": ""s2""}, {""id"": ""1840050"", ""name"": ""Zhijing Yang"", ""source"": ""s2""}, {""id"": ""3435583"", ""name"": ""Yukai Shi"", ""source"": ""s2""}, {""id"": ""144962210"", ""name"": ""F. Nie"", ""source"": ""s2""}]"
bd33c01584d858421900ae42d426a5f1065d0c94,10.3390/electronics11172750,A More Effective Zero-DCE Variant: Zero-DCE Tiny,2022,Electronics,Weiwen Mu; Huixiang Liu; Wen-Bin Chen; Yiqun Wang,"[{""id"": ""2183969553"", ""name"": ""Weiwen Mu"", ""source"": ""s2""}, {""id"": ""48447323"", ""name"": ""Huixiang Liu"", ""source"": ""s2""}, {""id"": ""2109910513"", ""name"": ""Wen-Bin Chen"", ""source"": ""s2""}, {""id"": ""2253807193"", ""name"": ""Yiqun Wang"", ""source"": ""s2""}]"
de4c5dde7a5daf062a37ec1a45d13f1a9a3e1d30,10.3390/s22186799,Low-Light Image Enhancement Using Photometric Alignment with Hierarchy Pyramid Network,2022,Italian National Conference on Sensors,Jing Ye; Xintao Chen; Changzhen Qiu; Zhiyong Zhang,"[{""id"": ""144030865"", ""name"": ""Jing Ye"", ""source"": ""s2""}, {""id"": ""2348594179"", ""name"": ""Xintao Chen"", ""source"": ""s2""}, {""id"": ""9326186"", ""name"": ""Changzhen Qiu"", ""source"": ""s2""}, {""id"": ""2117992459"", ""name"": ""Zhiyong Zhang"", ""source"": ""s2""}]"
1fb289a98fd604da4556b6d34fb14ec319c92017,10.3390/s22186904,Low-Light Image Enhancement Using Hybrid Deep-Learning and Mixed-Norm Loss Functions,2022,Italian National Conference on Sensors,Jong-Geun Oh; Min-Cheol Hong,"[{""id"": ""2839262"", ""name"": ""Jong-Geun Oh"", ""source"": ""s2""}, {""id"": ""3689350"", ""name"": ""Min-Cheol Hong"", ""source"": ""s2""}]"
fdc33899b1d25c3de9145effa8dbcf632488ce02,10.1117/1.JEI.31.5.053001,Two-stage low-light image enhancement network with an attention mechanism and cross-stage connection,2022,J. Electronic Imaging,B. Kuang; Zhibin Zhang,"[{""id"": ""2374013354"", ""name"": ""B. Kuang"", ""source"": ""s2""}, {""id"": ""2109459759"", ""name"": ""Zhibin Zhang"", ""source"": ""s2""}]"
1f3ec24de0dc32db3e3d9ef67c75c3dc8b5ca7a2,10.1109/ICCGIV57403.2022.00035,A low-light image enhancement method based on atmospheric scattering model,2022,"2022 2nd International Conference on Computer Graphics, Image and Virtualization (ICCGIV)",Weiqiang Liu; Penghui Zhao; Bo Zhang; Wei Xuan,"[{""id"": ""2163947273"", ""name"": ""Weiqiang Liu"", ""source"": ""s2""}, {""id"": ""8049880"", ""name"": ""Penghui Zhao"", ""source"": ""s2""}, {""id"": ""2208118873"", ""name"": ""Bo Zhang"", ""source"": ""s2""}, {""id"": ""2067466160"", ""name"": ""Wei Xuan"", ""source"": ""s2""}]"
ced29f18591a969b55d97fe28cf8ac92847259ea,10.1007/s10489-022-04013-1,Low-light image enhancement with geometrical sparse representation,2022,Applied intelligence (Boston),Jin Tan; Taiping Zhang; Linchang Zhao; Darong Huang; Zhenyuan Zhang,"[{""id"": ""2115409536"", ""name"": ""Jin Tan"", ""source"": ""s2""}, {""id"": ""2168621361"", ""name"": ""Taiping Zhang"", ""source"": ""s2""}, {""id"": ""46586650"", ""name"": ""Linchang Zhao"", ""source"": ""s2""}, {""id"": ""39252973"", ""name"": ""Darong Huang"", ""source"": ""s2""}, {""id"": ""2109338702"", ""name"": ""Zhenyuan Zhang"", ""source"": ""s2""}]"
157dba30d6496a003c537338850938bd67015548,10.1186/s43593-022-00034-y,VEViD: Vision Enhancement via Virtual diffraction and coherent Detection,2022,eLight,B. Jalali; Callen MacPhee,"[{""id"": ""48368645"", ""name"": ""B. Jalali"", ""source"": ""s2""}, {""id"": ""2153711687"", ""name"": ""Callen MacPhee"", ""source"": ""s2""}]"
15837a406a4f6859ca89b1cbbd7b391464164195,10.48550/arXiv.2208.11014,Low-Light Video Enhancement with Synthetic Event Guidance,2022,AAAI Conference on Artificial Intelligence,Lin Liu; Junfeng An; Jianzhuang Liu; Shanxin Yuan; Xiangyu Chen; Wen-gang Zhou; Houqiang Li; Yanfeng Wang; Qi Tian,"[{""id"": ""2146017850"", ""name"": ""Lin Liu"", ""source"": ""s2""}, {""id"": ""2105619735"", ""name"": ""Junfeng An"", ""source"": ""s2""}, {""id"": ""2144167531"", ""name"": ""Jianzhuang Liu"", ""source"": ""s2""}, {""id"": ""3325819"", ""name"": ""Shanxin Yuan"", ""source"": ""s2""}, {""id"": ""2143735670"", ""name"": ""Xiangyu Chen"", ""source"": ""s2""}, {""id"": ""38272296"", ""name"": ""Wen-gang Zhou"", ""source"": ""s2""}, {""id"": ""2108508109"", ""name"": ""Houqiang Li"", ""source"": ""s2""}, {""id"": ""2108846176"", ""name"": ""Yanfeng Wang"", ""source"": ""s2""}, {""id"": ""2056268330"", ""name"": ""Qi Tian"", ""source"": ""s2""}]"
fd89c53b99021c225d1093a4ae6d42e1763bc839,10.1007/s00521-022-07612-8,Multi-scale error feedback network for low-light image enhancement,2022,Neural computing & applications (Print),Yi Qian; Zetao Jiang; Yuting He; Shaoqin Zhang; Shenming Jiang,"[{""id"": ""2114899381"", ""name"": ""Yi Qian"", ""source"": ""s2""}, {""id"": ""8324588"", ""name"": ""Zetao Jiang"", ""source"": ""s2""}, {""id"": ""2347905253"", ""name"": ""Yuting He"", ""source"": ""s2""}, {""id"": ""2116577895"", ""name"": ""Shaoqin Zhang"", ""source"": ""s2""}, {""id"": ""103202096"", ""name"": ""Shenming Jiang"", ""source"": ""s2""}]"
1a25ce96e5aed9b6dc5a32923c47cc0f63619839,10.1109/ICPR56361.2022.9956143,Attention-based Broad Self-guided Network for Low-light Image Enhancement,2022,International Conference on Pattern Recognition,Zilong Chen; Yaling Liang; Minghui Du,"[{""id"": ""2117098500"", ""name"": ""Zilong Chen"", ""source"": ""s2""}, {""id"": ""9260001"", ""name"": ""Yaling Liang"", ""source"": ""s2""}, {""id"": ""31866339"", ""name"": ""Minghui Du"", ""source"": ""s2""}]"
f28dfc49e79bb92e30caa380ad7af223e565eef8,10.1155/2022/4942420,End-to-End Retinex-Based Illumination Attention Low-Light Enhancement Network for Autonomous Driving at Night,2022,Computational Intelligence and Neuroscience,Ruini Zhao; Yi Han; Jian Zhao,"[{""id"": ""4320115"", ""name"": ""Ruini Zhao"", ""source"": ""s2""}, {""id"": ""2112846484"", ""name"": ""Yi Han"", ""source"": ""s2""}, {""id"": ""71425092"", ""name"": ""Jian Zhao"", ""source"": ""s2""}]"
c1015c63444d6c3c897eed3fa4ea6e14e80e063b,10.1109/PRAI55851.2022.9904137,Low-Light Image Enhancement Algorithm Based on Multi-scale Concat Convolutional Neural Network,2022,2022 5th International Conference on Pattern Recognition and Artificial Intelligence (PRAI),Weiqiang Liu; Penghui Zhao; Xuan Wei; Bo Zhang,"[{""id"": ""2163947273"", ""name"": ""Weiqiang Liu"", ""source"": ""s2""}, {""id"": ""8049880"", ""name"": ""Penghui Zhao"", ""source"": ""s2""}, {""id"": ""2183459526"", ""name"": ""Xuan Wei"", ""source"": ""s2""}, {""id"": null, ""name"": ""Bo Zhang"", ""source"": ""s2""}]"
b7bd98728826f3b03ed0279d8b7419ab43154008,10.3389/fmars.2022.921492,Lighting the darkness in the sea: A deep learning model for underwater image enhancement,2022,Frontiers in Marine Science,Yaofeng Xie; Zhibin Yu; Xiao Yu; Bing Zheng,"[{""id"": ""2154871178"", ""name"": ""Yaofeng Xie"", ""source"": ""s2""}, {""id"": ""144803009"", ""name"": ""Zhibin Yu"", ""source"": ""s2""}, {""id"": ""2139766305"", ""name"": ""Xiao Yu"", ""source"": ""s2""}, {""id"": ""49721778"", ""name"": ""Bing Zheng"", ""source"": ""s2""}]"
6c1c540b53af6fe0e43345b80262b1ff39616a63,10.3390/rs14163985,3D Convolutional Neural Network for Low-Light Image Sequence Enhancement in SLAM,2022,Remote Sensing,Yizhuo Quan; D. Fu; Yuan-Shing Chang; Chengbo Wang,"[{""id"": ""2181974897"", ""name"": ""Yizhuo Quan"", ""source"": ""s2""}, {""id"": ""2087819248"", ""name"": ""D. Fu"", ""source"": ""s2""}, {""id"": ""120586583"", ""name"": ""Yuan-Shing Chang"", ""source"": ""s2""}, {""id"": ""50096924"", ""name"": ""Chengbo Wang"", ""source"": ""s2""}]"
583bca4bf4378f49e2c54f5a72bd61539cb24615,10.1109/AIIPCC57291.2022.00064,Pyramid Structure-Based Context Aggregation Detail Restoration Low-illumination Image Enhancement Network,2022,"International Conferences on Artificial Intelligence, Information Processing and Cloud Computing",Chao Xu; Penghao He; Ying Yu,"[{""id"": ""2190472895"", ""name"": ""Chao Xu"", ""source"": ""s2""}, {""id"": ""2153239652"", ""name"": ""Penghao He"", ""source"": ""s2""}, {""id"": ""144894799"", ""name"": ""Ying Yu"", ""source"": ""s2""}]"
a306601eebec19a298ecf091e93c122b8285ce6d,10.1016/j.neucom.2022.08.042,Single low-light image brightening using learning-based intensity mapping,2022,Neurocomputing,Xiaochen Wang; Ruimin Hu; Xin Xu,"[{""id"": ""1753693970"", ""name"": ""Xiaochen Wang"", ""source"": ""s2""}, {""id"": ""2067789404"", ""name"": ""Ruimin Hu"", ""source"": ""s2""}, {""id"": ""2152777417"", ""name"": ""Xin Xu"", ""source"": ""s2""}]"
5ea86acad766c14521e7b09f79489cd2b2f3f756,10.3390/s22166126,Low-Light Image Enhancement Based on Constraint Low-Rank Approximation Retinex Model,2022,Italian National Conference on Sensors,Xuesong Li; Jianrun Shang; Wenhao Song; Jinyong Chen; Guisheng Zhang; Jinfeng Pan,"[{""id"": ""2130338179"", ""name"": ""Xuesong Li"", ""source"": ""s2""}, {""id"": ""2169354371"", ""name"": ""Jianrun Shang"", ""source"": ""s2""}, {""id"": ""2181978196"", ""name"": ""Wenhao Song"", ""source"": ""s2""}, {""id"": ""38263545"", ""name"": ""Jinyong Chen"", ""source"": ""s2""}, {""id"": ""1959445256"", ""name"": ""Guisheng Zhang"", ""source"": ""s2""}, {""id"": ""49106674"", ""name"": ""Jinfeng Pan"", ""source"": ""s2""}]"
69f5442492cbd8108db1bc3cd7384483cf01155f,10.23919/CCC55666.2022.9901774,IBE-Net: Low-Light Image Enhancement Based on Image Brightness Estimation,2022,Cybersecurity and Cyberforensics Conference,Yuzhu Xie; Manlu Liu; Kang Yang; Hongwei Liu,"[{""id"": ""2118596417"", ""name"": ""Yuzhu Xie"", ""source"": ""s2""}, {""id"": ""47842165"", ""name"": ""Manlu Liu"", ""source"": ""s2""}, {""id"": ""2118048420"", ""name"": ""Kang Yang"", ""source"": ""s2""}, {""id"": ""2115371119"", ""name"": ""Hongwei Liu"", ""source"": ""s2""}]"
04630916d18775e6495fe9b4581008e4a18f6c07,10.48550/arXiv.2207.10564,Unsupervised Night Image Enhancement: When Layer Decomposition Meets Light-Effects Suppression,2022,European Conference on Computer Vision,Yeying Jin; Wenhan Yang; R. Tan,"[{""id"": ""2141507823"", ""name"": ""Yeying Jin"", ""source"": ""s2""}, {""id"": ""1898172"", ""name"": ""Wenhan Yang"", ""source"": ""s2""}, {""id"": ""1726720"", ""name"": ""R. Tan"", ""source"": ""s2""}]"
8bb4324c831a80f113b4316f3fa0b146c54c741c,10.1109/TNNLS.2022.3190880,DRLIE: Flexible Low-Light Image Enhancement via Disentangled Representations,2022,IEEE Transactions on Neural Networks and Learning Systems,Linfeng Tang; Jiayi Ma; Hao Zhang; Xiaojie Guo,"[{""id"": ""2153720741"", ""name"": ""Linfeng Tang"", ""source"": ""s2""}, {""id"": ""8555475"", ""name"": ""Jiayi Ma"", ""source"": ""s2""}, {""id"": null, ""name"": ""Hao Zhang"", ""source"": ""s2""}, {""id"": ""33465926"", ""name"": ""Xiaojie Guo"", ""source"": ""s2""}]"
f25148c5cb6266a147706c5e1ead6b2785472a95,10.1007/s11760-023-02850-2,KinD-LCE: curve estimation and Retinex Fusion on low-light image,2022,"Signal, Image and Video Processing",Xiaochun Lei; Junlin Xie; Zetao Jiang; W. Mai; Zhaoting Gong; Chang Lu; Linjun Lu; Ziqi Shan,"[{""id"": ""2072811844"", ""name"": ""Xiaochun Lei"", ""source"": ""s2""}, {""id"": ""2109935984"", ""name"": ""Junlin Xie"", ""source"": ""s2""}, {""id"": ""8324588"", ""name"": ""Zetao Jiang"", ""source"": ""s2""}, {""id"": ""114913938"", ""name"": ""W. Mai"", ""source"": ""s2""}, {""id"": ""2165478115"", ""name"": ""Zhaoting Gong"", ""source"": ""s2""}, {""id"": ""2149468656"", ""name"": ""Chang Lu"", ""source"": ""s2""}, {""id"": ""18840047"", ""name"": ""Linjun Lu"", ""source"": ""s2""}, {""id"": ""2176866256"", ""name"": ""Ziqi Shan"", ""source"": ""s2""}]"
e64440b53317fa8b5b800f238d500d586ae5e17f,10.48550/arXiv.2207.01797,Deep Parametric 3D Filters for Joint Video Denoising and Illumination Enhancement in Video Super Resolution,2022,AAAI Conference on Artificial Intelligence,Xiaogang Xu; Ruixing Wang; Chi-Wing Fu; Jiaya Jia,"[{""id"": ""2027354611"", ""name"": ""Xiaogang Xu"", ""source"": ""s2""}, {""id"": ""2108666491"", ""name"": ""Ruixing Wang"", ""source"": ""s2""}, {""id"": ""144856288"", ""name"": ""Chi-Wing Fu"", ""source"": ""s2""}, {""id"": ""1729056"", ""name"": ""Jiaya Jia"", ""source"": ""s2""}]"
7df78b66f9f07b5985f1eba23442db0d9b49a671,10.1117/1.JEI.31.4.043050,Fractal pyramid low-light image enhancement network with illumination information,2022,J. Electronic Imaging,Ting Sun; Guodong Fan; Min Gan,"[{""id"": ""144395946"", ""name"": ""Ting Sun"", ""source"": ""s2""}, {""id"": ""2093184672"", ""name"": ""Guodong Fan"", ""source"": ""s2""}, {""id"": ""2024537593"", ""name"": ""Min Gan"", ""source"": ""s2""}]"
c1890fda11e05f3eaea539e069b3c6cf678e5004,10.24963/ijcai.2022/245,Hierarchical Bilevel Learning with Architecture and Loss Search for Hadamard-based Image Restoration,2022,International Joint Conference on Artificial Intelligence,Guijing Zhu; Long Ma; Xin Fan; Risheng Liu,"[{""id"": ""2153724721"", ""name"": ""Guijing Zhu"", ""source"": ""s2""}, {""id"": ""1732160"", ""name"": ""Long Ma"", ""source"": ""s2""}, {""id"": ""144309189"", ""name"": ""Xin Fan"", ""source"": ""s2""}, {""id"": ""34469457"", ""name"": ""Risheng Liu"", ""source"": ""s2""}]"
ed47dac3380bd78dd710802b4c26218552672e3e,10.1117/12.2639474,Multi-scale low-light image enhancement by fusing dense residual blocks,2022,Other Conferences,Ting Sun; Lingling Fu; Yuanbo Tan,"[{""id"": ""2113204269"", ""name"": ""Ting Sun"", ""source"": ""s2""}, {""id"": ""2175354696"", ""name"": ""Lingling Fu"", ""source"": ""s2""}, {""id"": ""2004222234"", ""name"": ""Yuanbo Tan"", ""source"": ""s2""}]"
bb4d60647e9be65b18ebddb8a67298fa12a34d1e,10.1049/ipr2.12571,Attention-based multi-channel feature fusion enhancement network to process low-light images,2022,IET Image Processing,Xintao Xu; Jinjiang Li; Zhen Hua; Linwei Fan,"[{""id"": ""47158580"", ""name"": ""Xintao Xu"", ""source"": ""s2""}, {""id"": ""2555126"", ""name"": ""Jinjiang Li"", ""source"": ""s2""}, {""id"": ""144278699"", ""name"": ""Zhen Hua"", ""source"": ""s2""}, {""id"": ""31431421"", ""name"": ""Linwei Fan"", ""source"": ""s2""}]"
06209a3580874a97ac930adbfe9eb2b62bcf4766,10.1109/ICRAS55217.2022.9842021,Joint Contrast Enhancement and Noise Suppression of Low-light Images Via Deep Learning,2022,2022 6th International Conference on Robotics and Automation Sciences (ICRAS),Yuan Gao; Yijie Zheng; Jianlong Su; Mengwei Bao,"[{""id"": ""2118635326"", ""name"": ""Yuan Gao"", ""source"": ""s2""}, {""id"": ""2164842755"", ""name"": ""Yijie Zheng"", ""source"": ""s2""}, {""id"": ""2176165956"", ""name"": ""Jianlong Su"", ""source"": ""s2""}, {""id"": ""2180418293"", ""name"": ""Mengwei Bao"", ""source"": ""s2""}]"
a73a84c642bcc126e3a91942716695a98826a86e,10.48550/arXiv.2206.01334,Long Scale Error Control in Low Light Image and Video Enhancement Using Equivariance,2022,arXiv.org,Sara Aghajanzadeh; David A. Forsyth,"[{""id"": ""94297661"", ""name"": ""Sara Aghajanzadeh"", ""source"": ""s2""}, {""id"": ""121068894"", ""name"": ""David A. Forsyth"", ""source"": ""s2""}]"
52373fbe5accece0f72b8e28f52a0dda7513e70d,10.1088/1742-6596/2281/1/012017,Low-light Image Enhancement Algorithm Based on Exposure Prediction and Hybrid Feature Weighted Fusion Strategy,2022,"Journal of Physics, Conference Series",Yanming Hui; Jue Wang; Yingyi Shi; Bo Li,"[{""id"": ""2172174907"", ""name"": ""Yanming Hui"", ""source"": ""s2""}, {""id"": ""2109763930"", ""name"": ""Jue Wang"", ""source"": ""s2""}, {""id"": ""30878206"", ""name"": ""Yingyi Shi"", ""source"": ""s2""}, {""id"": ""2155883252"", ""name"": ""Bo Li"", ""source"": ""s2""}]"
9734317bec70f0c887792ebf0d4651a6e9ac9065,10.1109/CVPR52688.2022.01232,Optimal LED Spectral Multiplexing for NIR2RGB Translation,2022,Computer Vision and Pattern Recognition,Lei Liu; Yuze Chen; Junchi Yan; Yinqiang Zheng,"[{""id"": ""2152043755"", ""name"": ""Lei Liu"", ""source"": ""s2""}, {""id"": ""2109199867"", ""name"": ""Yuze Chen"", ""source"": ""s2""}, {""id"": ""3063894"", ""name"": ""Junchi Yan"", ""source"": ""s2""}, {""id"": ""2037259"", ""name"": ""Yinqiang Zheng"", ""source"": ""s2""}]"
e44f4b12e68bdce691a779993ff6bc386e514dad,10.1117/12.2623046,Algorithm for creating a single image of the cutting machine processing field and automated object detection when cutting parts,2022,Defense + Commercial Sensing,E. Semenishchev; S. Agaian; A. Zelensky; Dmitry Orlov; Marina Zdanova; V. Voronin,"[{""id"": ""51504102"", ""name"": ""E. Semenishchev"", ""source"": ""s2""}, {""id"": ""8973902"", ""name"": ""S. Agaian"", ""source"": ""s2""}, {""id"": ""51477368"", ""name"": ""A. Zelensky"", ""source"": ""s2""}, {""id"": ""2060117873"", ""name"": ""Dmitry Orlov"", ""source"": ""s2""}, {""id"": ""121378960"", ""name"": ""Marina Zdanova"", ""source"": ""s2""}, {""id"": ""51162043"", ""name"": ""V. Voronin"", ""source"": ""s2""}]"
312a2b9a9a2b11fb87f9d83958ab23adfd158f1d,10.1117/1.JEI.31.4.041213,Diverse image enhancer for complex underexposed image,2022,J. Electronic Imaging,Ziaur Rahman; Zafar Ali; Inayat Khan; M. I. Uddin; Yurong Guan; Zhihua Hu,"[{""id"": ""2067838715"", ""name"": ""Ziaur Rahman"", ""source"": ""s2""}, {""id"": ""2143648228"", ""name"": ""Zafar Ali"", ""source"": ""s2""}, {""id"": ""2151457788"", ""name"": ""Inayat Khan"", ""source"": ""s2""}, {""id"": ""1717097509"", ""name"": ""M. I. Uddin"", ""source"": ""s2""}, {""id"": ""2069570743"", ""name"": ""Yurong Guan"", ""source"": ""s2""}, {""id"": ""2111296949"", ""name"": ""Zhihua Hu"", ""source"": ""s2""}]"
a0bd9b23713ed53bc63adab678be2c165a1358f5,,You Only Need 90K Parameters to Adapt Light: a Light Weight Transformer for Image Enhancement and Exposure Correction,2022,British Machine Vision Conference,Ziteng Cui; Kunchang Li; Lin Gu; Sheng Su; Peng Gao; Zhengkai Jiang; Y. Qiao; Tatsuya Harada,"[{""id"": ""2152101108"", ""name"": ""Ziteng Cui"", ""source"": ""s2""}, {""id"": ""2115468491"", ""name"": ""Kunchang Li"", ""source"": ""s2""}, {""id"": ""151484085"", ""name"": ""Lin Gu"", ""source"": ""s2""}, {""id"": ""2066629681"", ""name"": ""Sheng Su"", ""source"": ""s2""}, {""id"": ""144740494"", ""name"": ""Peng Gao"", ""source"": ""s2""}, {""id"": ""50676465"", ""name"": ""Zhengkai Jiang"", ""source"": ""s2""}, {""id"": ""2059129841"", ""name"": ""Y. Qiao"", ""source"": ""s2""}, {""id"": ""2147394803"", ""name"": ""Tatsuya Harada"", ""source"": ""s2""}]"
adc4675e0b10bf8eb983aadf3cb0965a83c91af8,10.1016/j.patcog.2022.109249,TreEnhance: A tree search method for low-light image enhancement,2022,Pattern Recognition,Marco Cotogni; C. Cusano,"[{""id"": ""1885493"", ""name"": ""Marco Cotogni"", ""source"": ""s2""}, {""id"": ""1686808"", ""name"": ""C. Cusano"", ""source"": ""s2""}]"
38957f326545d3c24cb04c84c27c69e6aa0ff2a3,10.48550/arXiv.2205.08615,Towards Robust Low Light Image Enhancement,2022,arXiv.org,Sara Aghajanzadeh; David A. Forsyth,"[{""id"": ""94297661"", ""name"": ""Sara Aghajanzadeh"", ""source"": ""s2""}, {""id"": ""121068894"", ""name"": ""David A. Forsyth"", ""source"": ""s2""}]"
4fb310163e2486690c60c6c4ab863c0da26ad2fc,10.3390/s22103667,Super-Pixel Guided Low-Light Images Enhancement with Features Restoration,2022,Italian National Conference on Sensors,Xiaoming Liu; Yan Yang; Yuanhong Zhong; Dong Xiong; Zhiyong Huang,"[{""id"": ""2111120293"", ""name"": ""Xiaoming Liu"", ""source"": ""s2""}, {""id"": ""2108849557"", ""name"": ""Yan Yang"", ""source"": ""s2""}, {""id"": ""47240328"", ""name"": ""Yuanhong Zhong"", ""source"": ""s2""}, {""id"": ""2064884724"", ""name"": ""Dong Xiong"", ""source"": ""s2""}, {""id"": ""2156500367"", ""name"": ""Zhiyong Huang"", ""source"": ""s2""}]"
4deeb0b3078d0fb2145bd146869df0a018f9ac11,10.1117/1.JEI.31.3.033013,SIHRNet: a fully convolutional network for single image highlight removal with a real-world dataset,2022,J. Electronic Imaging,Xucheng Wang; Chenning Tao; X. Tao; Zhenrong Zheng,"[{""id"": ""2312415418"", ""name"": ""Xucheng Wang"", ""source"": ""s2""}, {""id"": ""103477948"", ""name"": ""Chenning Tao"", ""source"": ""s2""}, {""id"": ""145834668"", ""name"": ""X. Tao"", ""source"": ""s2""}, {""id"": ""34792302"", ""name"": ""Zhenrong Zheng"", ""source"": ""s2""}]"
e57991f9ab598a2568bcc34c67d464af47168de3,10.1109/ICAECT54875.2022.9808011,Improving the Accuracy of Object Detection in Low Light Conditions using Multiple Retinex Theory-based Image Enhancement Algorithms,2022,"2022 Second International Conference on Advances in Electrical, Computing, Communication and Sustainable Technologies (ICAECT)",Aaryan Agrawal; Namrata Jadhav; Ayush Gaur; Shiwani Jeswani; Abhay Kshirsagar,"[{""id"": ""2153760430"", ""name"": ""Aaryan Agrawal"", ""source"": ""s2""}, {""id"": ""2066002310"", ""name"": ""Namrata Jadhav"", ""source"": ""s2""}, {""id"": ""2164778908"", ""name"": ""Ayush Gaur"", ""source"": ""s2""}, {""id"": ""2174391434"", ""name"": ""Shiwani Jeswani"", ""source"": ""s2""}, {""id"": ""50789368"", ""name"": ""Abhay Kshirsagar"", ""source"": ""s2""}]"
a4a036206e928c39946c0dd600f747434b9d8df2,10.1371/journal.pone.0282674,Semi-supervised atmospheric component learning in low-light image problem,2022,PLoS ONE,Masud An Nur Islam Fahim; Nazmus Saqib; H. Jung,"[{""id"": ""20934220"", ""name"": ""Masud An Nur Islam Fahim"", ""source"": ""s2""}, {""id"": ""2008191597"", ""name"": ""Nazmus Saqib"", ""source"": ""s2""}, {""id"": ""1915287313"", ""name"": ""H. Jung"", ""source"": ""s2""}]"
46fd372ed9c3df70d806bb1f9504cb7ce799ad8e,10.1109/ICSP54964.2022.9778650,NRNet: Retinex Decomposition with Realistic Noise,2022,International Conference on the Software Process,Liye Song; Jindan Yang; Li Li; Jishen Peng,"[{""id"": ""19198244"", ""name"": ""Liye Song"", ""source"": ""s2""}, {""id"": ""2166449993"", ""name"": ""Jindan Yang"", ""source"": ""s2""}, {""id"": ""2166286078"", ""name"": ""Li Li"", ""source"": ""s2""}, {""id"": ""153179279"", ""name"": ""Jishen Peng"", ""source"": ""s2""}]"
99ea0553cdc5b1b74a421f50a72006569463d8a0,10.48550/arXiv.2204.01795,Lightweight HDR Camera ISP for Robust Perception in Dynamic Illumination Conditions via Fourier Adversarial Networks,2022,British Machine Vision Conference,Pranjay Shyam; S. S. Sengar; Kuk-Jin Yoon; Kyung-soo Kim,"[{""id"": ""1924559935"", ""name"": ""Pranjay Shyam"", ""source"": ""s2""}, {""id"": ""5294077"", ""name"": ""S. S. Sengar"", ""source"": ""s2""}, {""id"": ""51182421"", ""name"": ""Kuk-Jin Yoon"", ""source"": ""s2""}, {""id"": ""2109327860"", ""name"": ""Kyung-soo Kim"", ""source"": ""s2""}]"
ace1a6b59b6e7d0579b778757a56f95d9d0a34c6,10.1016/j.cag.2022.04.002,Combining attention mechanism and Retinex model to enhance low-light images,2022,Computers & graphics,Yong Wang; Jin Chen; Yujuan Han; Duoqian Miao,"[{""id"": ""2157288214"", ""name"": ""Yong Wang"", ""source"": ""s2""}, {""id"": ""2108458965"", ""name"": ""Jin Chen"", ""source"": ""s2""}, {""id"": ""2112896698"", ""name"": ""Yujuan Han"", ""source"": ""s2""}, {""id"": ""145166399"", ""name"": ""Duoqian Miao"", ""source"": ""s2""}]"
5b1e8d6217d8cd580e1aeb5fef03391642ed5058,10.1088/1742-6596/2258/1/012003,Interactive and Fast Low-Light Image Enhancement Algo-rithm and Application,2022,"Journal of Physics, Conference Series",Yang-Bo Shi; Xiaopo Wu; Ming Zhu,"[{""id"": ""103615575"", ""name"": ""Yang-Bo Shi"", ""source"": ""s2""}, {""id"": ""2107999270"", ""name"": ""Xiaopo Wu"", ""source"": ""s2""}, {""id"": ""143821153"", ""name"": ""Ming Zhu"", ""source"": ""s2""}]"
5e0002dd64849265e97b424c06d19972dee81575,10.1117/1.OE.61.4.040901,Low-light image enhancement based on deep learning: a survey,2022,Optical Engineering: The Journal of SPIE,Yong Wang; Wenjie Xie; Hongqi Liu,"[{""id"": ""2153954532"", ""name"": ""Yong Wang"", ""source"": ""s2""}, {""id"": ""2113722134"", ""name"": ""Wenjie Xie"", ""source"": ""s2""}, {""id"": ""2155225739"", ""name"": ""Hongqi Liu"", ""source"": ""s2""}]"
d694e3145d796f814a7ea28a1194f86c67bbada4,10.1007/s00530-022-00913-x,Exemplar-guided low-light image enhancement,2022,Multimedia Systems,Yang-Bo Shi; Xiaopo Wu; Binquan Wang; Ming Zhu,"[{""id"": ""103615575"", ""name"": ""Yang-Bo Shi"", ""source"": ""s2""}, {""id"": ""2107999270"", ""name"": ""Xiaopo Wu"", ""source"": ""s2""}, {""id"": ""46270252"", ""name"": ""Binquan Wang"", ""source"": ""s2""}, {""id"": ""2152183919"", ""name"": ""Ming Zhu"", ""source"": ""s2""}]"
e99b75a8f607feade9cf820f2fa645a10a6f9063,10.48550/arXiv.2203.04889,Low-light Image and Video Enhancement via Selective Manipulation of Chromaticity,2022,arXiv.org,Sumit Shekhar; M. Reimann; Amir Semmo; S. Pasewaldt; J. Dollner; Matthias Trapp,"[{""id"": ""35223379"", ""name"": ""Sumit Shekhar"", ""source"": ""s2""}, {""id"": ""51151622"", ""name"": ""M. Reimann"", ""source"": ""s2""}, {""id"": ""2961653"", ""name"": ""Amir Semmo"", ""source"": ""s2""}, {""id"": ""2343715"", ""name"": ""S. Pasewaldt"", ""source"": ""s2""}, {""id"": ""150142805"", ""name"": ""J. Dollner"", ""source"": ""s2""}, {""id"": ""3008227"", ""name"": ""Matthias Trapp"", ""source"": ""s2""}]"
badaa1e63db1e7581ace5891199d4b8c25043279,10.1145/3495258,Deep Illumination-Enhanced Face Super-Resolution Network for Low-Light Images,2022,ACM Trans. Multim. Comput. Commun. Appl.,Kehua Guo; Min Hu; Sheng Ren; Fangfang Li; Jian Zhang; Haifu Guo; Xiaoyan Kui,"[{""id"": ""1808299"", ""name"": ""Kehua Guo"", ""source"": ""s2""}, {""id"": ""2093566373"", ""name"": ""Min Hu"", ""source"": ""s2""}, {""id"": ""2075290131"", ""name"": ""Sheng Ren"", ""source"": ""s2""}, {""id"": ""2146330227"", ""name"": ""Fangfang Li"", ""source"": ""s2""}, {""id"": ""2155127340"", ""name"": ""Jian Zhang"", ""source"": ""s2""}, {""id"": ""2110878108"", ""name"": ""Haifu Guo"", ""source"": ""s2""}, {""id"": ""2157632957"", ""name"": ""Xiaoyan Kui"", ""source"": ""s2""}]"
e0e0245a316263915ccd9e53eaa9c0d5be181ac1,10.3389/fnbot.2022.837208,Attention-Guided Multi-Scale Feature Fusion Network for Low-Light Image Enhancement,2022,Frontiers in Neurorobotics,He Cui; Jinjiang Li; Zhen Hua; Linwei Fan,"[{""id"": ""2152200853"", ""name"": ""He Cui"", ""source"": ""s2""}, {""id"": ""2555126"", ""name"": ""Jinjiang Li"", ""source"": ""s2""}, {""id"": ""144278699"", ""name"": ""Zhen Hua"", ""source"": ""s2""}, {""id"": ""31431421"", ""name"": ""Linwei Fan"", ""source"": ""s2""}]"
9ff56ca80cc8108cc0324ce4c03368ebf0f986b4,10.1109/ICNLP55136.2022.00027,A Self-regularized Low-light Image Enhancement Based on the Brightness Information,2022,ICON,Weihua Liu; Yansong Xue; Yao Tang; Aijing Sun,"[{""id"": ""2144380729"", ""name"": ""Weihua Liu"", ""source"": ""s2""}, {""id"": ""2380459782"", ""name"": ""Yansong Xue"", ""source"": ""s2""}, {""id"": ""2185612200"", ""name"": ""Yao Tang"", ""source"": ""s2""}, {""id"": ""2185500162"", ""name"": ""Aijing Sun"", ""source"": ""s2""}]"
636a4a220efd62d78095aca373e16a97432d1277,10.1145/3529836.3529927,Reparameterizing Residual Unit for Real-time Maritime Low-light image Enhancement,2022,International Conference on Machine Learning and Computing,Zonglin Li,"[{""id"": ""2296404"", ""name"": ""Zonglin Li"", ""source"": ""s2""}]"
a65b53e8d98b2f3b89d406c5f4be9e17ec649f2b,10.1145/3529836.3529909,Attention-guided Multiple Receptive Field Residual Block for Single Low-light Image Enhancement,2022,International Conference on Machine Learning and Computing,Wen-Zheng Xu; Haibo Wan; Xue Li,"[{""id"": ""2152922116"", ""name"": ""Wen-Zheng Xu"", ""source"": ""s2""}, {""id"": ""2304315118"", ""name"": ""Haibo Wan"", ""source"": ""s2""}, {""id"": ""2116384005"", ""name"": ""Xue Li"", ""source"": ""s2""}]"
66c42ddcbe1318deb1c68ac6fbb97b91e308b0e6,10.1145/3529836.3529919,Deep-learning Based Denoising and Enhancement in Video Image of Approach Channel,2022,International Conference on Machine Learning and Computing,Han Jiao; Peng Yuan; Jiao Liu; Xujie Ren; Jufu Zhang,"[{""id"": ""2070114689"", ""name"": ""Han Jiao"", ""source"": ""s2""}, {""id"": ""2069400058"", ""name"": ""Peng Yuan"", ""source"": ""s2""}, {""id"": ""2244576570"", ""name"": ""Jiao Liu"", ""source"": ""s2""}, {""id"": ""2087673915"", ""name"": ""Xujie Ren"", ""source"": ""s2""}, {""id"": ""26504826"", ""name"": ""Jufu Zhang"", ""source"": ""s2""}]"
7e0e9863a91e6de1a0b9497a18f25ed9c8dd18c6,10.1007/s00371-022-02402-8,FLA-Net: multi-stage modular network for low-light image enhancement,2022,The Visual Computer,Nana Yu; Jinjiang Li; Zhen Hua,"[{""id"": ""2010378588"", ""name"": ""Nana Yu"", ""source"": ""s2""}, {""id"": ""2555126"", ""name"": ""Jinjiang Li"", ""source"": ""s2""}, {""id"": ""144278699"", ""name"": ""Zhen Hua"", ""source"": ""s2""}]"
8411b32a2df053414d381c8c6c4ba5591e7a7006,10.1109/TNNLS.2023.3289626,Low-Light Image Enhancement by Retinex-Based Algorithm Unrolling and Adjustment,2022,IEEE Transactions on Neural Networks and Learning Systems,Xinyi Liu; Qi Xie; Qian Zhao; Hong Qang; Deyu Meng,"[{""id"": ""100683845"", ""name"": ""Xinyi Liu"", ""source"": ""s2""}, {""id"": ""2055457999"", ""name"": ""Qi Xie"", ""source"": ""s2""}, {""id"": ""46317290"", ""name"": ""Qian Zhao"", ""source"": ""s2""}, {""id"": ""2154421497"", ""name"": ""Hong Qang"", ""source"": ""s2""}, {""id"": ""1803714"", ""name"": ""Deyu Meng"", ""source"": ""s2""}]"
be3b1b0a2eeddba876580da707105820782672f1,10.1007/978-3-031-20068-7_33,LEDNet: Joint Low-light Enhancement and Deblurring in the Dark,2022,European Conference on Computer Vision,Shangchen Zhou; Chongyi Li; Chen Change Loy,"[{""id"": ""7523259"", ""name"": ""Shangchen Zhou"", ""source"": ""s2""}, {""id"": ""2698424"", ""name"": ""Chongyi Li"", ""source"": ""s2""}, {""id"": ""1717179"", ""name"": ""Chen Change Loy"", ""source"": ""s2""}]"
81dafff94bd1bd5c714a2cc46705dec6255f09ad,10.1109/ACCESS.2023.3292114,Quality Assessment of Low-Light Restored Images: A Subjective Study and an Unsupervised Model,2022,IEEE Access,V. Kannan; Sameer Malik; Nithin C Babu; R. Soundararajan,"[{""id"": ""71251079"", ""name"": ""V. Kannan"", ""source"": ""s2""}, {""id"": ""2000484626"", ""name"": ""Sameer Malik"", ""source"": ""s2""}, {""id"": ""2204851002"", ""name"": ""Nithin C Babu"", ""source"": ""s2""}, {""id"": ""2510315"", ""name"": ""R. Soundararajan"", ""source"": ""s2""}]"
55a83f888f3652939846367dee47a27e02f6c0d6,10.1016/j.patcog.2022.108580,Deep face recognition for dim images,2022,Pattern Recognition,Yu-Hsuan Huang; Homer H. Chen,"[{""id"": ""34847043"", ""name"": ""Yu-Hsuan Huang"", ""source"": ""s2""}, {""id"": ""144734955"", ""name"": ""Homer H. Chen"", ""source"": ""s2""}]"
339bf5d1ac299ffd0c2a7ce7fff8cb481489b30e,10.1007/s11760-021-02093-z,Low-light image enhancement based on normal-light image degradation,2022,"Signal, Image and Video Processing",Bai Zhao; Xiaoling Gong; Jian Wang; Lingchao Zhao,"[{""id"": ""2138171954"", ""name"": ""Bai Zhao"", ""source"": ""s2""}, {""id"": ""49832330"", ""name"": ""Xiaoling Gong"", ""source"": ""s2""}, {""id"": ""2152765441"", ""name"": ""Jian Wang"", ""source"": ""s2""}, {""id"": ""2146089755"", ""name"": ""Lingchao Zhao"", ""source"": ""s2""}]"
d0b3a4d841a37e326ff5c48438d95644b7d4cd73,10.1109/TCYB.2021.3140202,Deep Perceptual Image Enhancement Network for Exposure Restoration,2022,IEEE Transactions on Cybernetics,K. Panetta; Shreyas Kamath K. M.; S. P. Rao; S. Agaian,"[{""id"": ""1693757"", ""name"": ""K. Panetta"", ""source"": ""s2""}, {""id"": ""2220170311"", ""name"": ""Shreyas Kamath K. M."", ""source"": ""s2""}, {""id"": ""145983446"", ""name"": ""S. P. Rao"", ""source"": ""s2""}, {""id"": ""8973902"", ""name"": ""S. Agaian"", ""source"": ""s2""}]"
ac394ec14017a81e3ddfcfbd518d9bcf7d376f45,,Linear Array Network for Low-light Image Enhancement,2022,arXiv.org,Keqi Wang; Ziteng Cui; G. Wu; Zhuang Yin; Yuhua Qian,"[{""id"": ""2124619255"", ""name"": ""Keqi Wang"", ""source"": ""s2""}, {""id"": ""2152101108"", ""name"": ""Ziteng Cui"", ""source"": ""s2""}, {""id"": ""144395124"", ""name"": ""G. Wu"", ""source"": ""s2""}, {""id"": ""2212680255"", ""name"": ""Zhuang Yin"", ""source"": ""s2""}, {""id"": ""2087074282"", ""name"": ""Yuhua Qian"", ""source"": ""s2""}]"
c5621a1dda6bf4da9da0572cd5752346d4ffb9f7,10.1145/3517077.3517087,Multi-scale Deep Curve Estimation for Low-light Image Enhancement,2022,International Conference on Multimedia and Image Processing,Xin Zhang; Xia Wang; Gangcheng Jiao; Ye Yang; Hongchang Cheng; Bo Yan,"[{""id"": ""2149174373"", ""name"": ""Xin Zhang"", ""source"": ""s2""}, {""id"": ""2108224422"", ""name"": ""Xia Wang"", ""source"": ""s2""}, {""id"": ""2058180863"", ""name"": ""Gangcheng Jiao"", ""source"": ""s2""}, {""id"": ""2116730046"", ""name"": ""Ye Yang"", ""source"": ""s2""}, {""id"": ""30749027"", ""name"": ""Hongchang Cheng"", ""source"": ""s2""}, {""id"": ""2075431604"", ""name"": ""Bo Yan"", ""source"": ""s2""}]"
80b7aed63bf99bb52b309c054f8271acae056052,10.1007/s00521-021-06836-4,Low-light image enhancement network with decomposition and adaptive information fusion,2022,Neural computing & applications (Print),Hegui Zhu; Kai Wang; Ziwei Zhang; Yuelin Liu; Wuming Jiang,"[{""id"": ""2117693876"", ""name"": ""Hegui Zhu"", ""source"": ""s2""}, {""id"": ""37833805"", ""name"": ""Kai Wang"", ""source"": ""s2""}, {""id"": ""48806258"", ""name"": ""Ziwei Zhang"", ""source"": ""s2""}, {""id"": ""2119035218"", ""name"": ""Yuelin Liu"", ""source"": ""s2""}, {""id"": ""2116857011"", ""name"": ""Wuming Jiang"", ""source"": ""s2""}]"
8897a6bd835c8254b5acad5ecd5fd68babd83a9b,10.1109/ICCE53296.2022.9730551,Simultaneous Brightness and Contrast Enhancement Using Derived Inputs and Residual Squeeze Network,2022,IEEE International Conference on Consumer Electronics,Sangjae Ahn; Joongchol Shin; Heunseung Lim; Hayoon Kim; J. Paik,"[{""id"": ""2159005227"", ""name"": ""Sangjae Ahn"", ""source"": ""s2""}, {""id"": ""66442217"", ""name"": ""Joongchol Shin"", ""source"": ""s2""}, {""id"": ""66440069"", ""name"": ""Heunseung Lim"", ""source"": ""s2""}, {""id"": ""2109594074"", ""name"": ""Hayoon Kim"", ""source"": ""s2""}, {""id"": ""144155678"", ""name"": ""J. Paik"", ""source"": ""s2""}]"
3337cadc962fefd09344ed90a44cf30951841fa7,10.1109/TIP.2022.3140610,Towards Low Light Enhancement With RAW Images,2021,IEEE Transactions on Image Processing,Haofeng Huang; Wenhan Yang; Yueyu Hu; Jiaying Liu; Ling-yu Duan,"[{""id"": ""48186372"", ""name"": ""Haofeng Huang"", ""source"": ""s2""}, {""id"": ""1898172"", ""name"": ""Wenhan Yang"", ""source"": ""s2""}, {""id"": ""9956463"", ""name"": ""Yueyu Hu"", ""source"": ""s2""}, {""id"": ""41127426"", ""name"": ""Jiaying Liu"", ""source"": ""s2""}, {""id"": ""7667912"", ""name"": ""Ling-yu Duan"", ""source"": ""s2""}]"
02465bd3a371cd40a8d13eda92f9e97f8adeb25b,10.1007/s00371-023-02769-2,Invertible network for unpaired low-light image enhancement,2021,The Visual Computer,Jize Zhang; Haolin Wang; Xiaohe Wu; W. Zuo,"[{""id"": ""2107967251"", ""name"": ""Jize Zhang"", ""source"": ""s2""}, {""id"": ""2264450769"", ""name"": ""Haolin Wang"", ""source"": ""s2""}, {""id"": ""39637222"", ""name"": ""Xiaohe Wu"", ""source"": ""s2""}, {""id"": ""1724520"", ""name"": ""W. Zuo"", ""source"": ""s2""}]"
06218b57a3f5ea5bbf2f634387c973c0b04bb9b5,,Attention based Broadly Self-guided Network for Low light Image Enhancement,2021,arXiv.org,Zilong Chen; Yaling Liang; Minghui Du,"[{""id"": ""2117098500"", ""name"": ""Zilong Chen"", ""source"": ""s2""}, {""id"": ""9260001"", ""name"": ""Yaling Liang"", ""source"": ""s2""}, {""id"": ""31866339"", ""name"": ""Minghui Du"", ""source"": ""s2""}]"
ea5d05313d1dc354191518dcf0a39f784857d800,10.1117/12.2625322,Research on the application of low-light enhancement methods in radiographic inspection pretreatment,2021,Other Conferences,Xinyuan Lin; Haining Liu; F. Zhao; Yan Sun,"[{""id"": ""51093474"", ""name"": ""Xinyuan Lin"", ""source"": ""s2""}, {""id"": ""2379257967"", ""name"": ""Haining Liu"", ""source"": ""s2""}, {""id"": ""2152340469"", ""name"": ""F. Zhao"", ""source"": ""s2""}, {""id"": ""2152598061"", ""name"": ""Yan Sun"", ""source"": ""s2""}]"
f4ebeb3e9186a1686485b7e1d1320a3760302c6c,,Snapshot HDR Video Construction Using Coded Mask,2021,arXiv.org,Masheal Alghamdi; Qiang Fu; Ali K. Thabet; W. Heidrich,"[{""id"": ""113377683"", ""name"": ""Masheal Alghamdi"", ""source"": ""s2""}, {""id"": ""2113771721"", ""name"": ""Qiang Fu"", ""source"": ""s2""}, {""id"": ""35869086"", ""name"": ""Ali K. Thabet"", ""source"": ""s2""}, {""id"": ""1752192"", ""name"": ""W. Heidrich"", ""source"": ""s2""}]"
f801cac0a33d27e0090f3f86e4bbde913bdc8b2c,10.1016/J.SIGPRO.2021.108280,Single low-light image enhancer using Taylor expansion and fully dynamic convolution,2021,Signal Processing,Chenggang Dai; Z. Guan; Ming-xing Lin,"[{""id"": ""153566066"", ""name"": ""Chenggang Dai"", ""source"": ""s2""}, {""id"": ""46731399"", ""name"": ""Z. Guan"", ""source"": ""s2""}, {""id"": ""7827836"", ""name"": ""Ming-xing Lin"", ""source"": ""s2""}]"
14639e07771c0ade381b0e2c9ce26eba98ee48a4,10.1016/J.SIGPRO.2021.108279,An effective decomposition-enhancement method to restore light field images captured in the dark,2021,Signal Processing,Shansi Zhang; E. Lam,"[{""id"": ""2116577885"", ""name"": ""Shansi Zhang"", ""source"": ""s2""}, {""id"": ""1725389"", ""name"": ""E. Lam"", ""source"": ""s2""}]"
29a0d3b40d2bf476c87e683c0cbf900118a72cbc,10.1145/3469877.3497691,Dedark+Detection: A Hybrid Scheme for Object Detection under Low-light Surveillance,2021,ACM Multimedia Asia,Xiaolei Luo; S. Xiang; Yingfeng Wang; Qiong Liu; You Yang; Kejun Wu,"[{""id"": ""2202631031"", ""name"": ""Xiaolei Luo"", ""source"": ""s2""}, {""id"": ""35533565"", ""name"": ""S. Xiang"", ""source"": ""s2""}, {""id"": ""2269704838"", ""name"": ""Yingfeng Wang"", ""source"": ""s2""}, {""id"": ""47362438"", ""name"": ""Qiong Liu"", ""source"": ""s2""}, {""id"": ""47796278"", ""name"": ""You Yang"", ""source"": ""s2""}, {""id"": ""2109009499"", ""name"": ""Kejun Wu"", ""source"": ""s2""}]"
ab51965f2c74df14fb8a5cdd920138720c24577f,10.3390/mi12121458,Progressive Two-Stage Network for Low-Light Image Enhancement,2021,Micromachines,Yanpeng Sun; Zhanyou Chang; Yong Zhao; Zhen Hua; Sirui Li,"[{""id"": ""3235703"", ""name"": ""Yanpeng Sun"", ""source"": ""s2""}, {""id"": ""2146468674"", ""name"": ""Zhanyou Chang"", ""source"": ""s2""}, {""id"": ""2151270267"", ""name"": ""Yong Zhao"", ""source"": ""s2""}, {""id"": ""144278699"", ""name"": ""Zhen Hua"", ""source"": ""s2""}, {""id"": ""2143204577"", ""name"": ""Sirui Li"", ""source"": ""s2""}]"
1215a49a50fcb7ca2f2518b246e4b65dd93c5b7f,10.1109/TPAMI.2021.3130302,Optical Flow in the Dark,2021,IEEE Transactions on Pattern Analysis and Machine Intelligence,Mingfang Zhang; Yinqiang Zheng; Feng Lu,"[{""id"": ""2290240304"", ""name"": ""Mingfang Zhang"", ""source"": ""s2""}, {""id"": ""2247926612"", ""name"": ""Yinqiang Zheng"", ""source"": ""s2""}, {""id"": ""2151233362"", ""name"": ""Feng Lu"", ""source"": ""s2""}]"
26ebc50e2aada008b5683c6f30e9d4b20b8c5c59,10.1145/3457905,Perceptual Quality Assessment of Low-light Image Enhancement,2021,ACM Trans. Multim. Comput. Commun. Appl.,Guangtao Zhai; Wei Sun; Xiongkuo Min; Jiantao Zhou,"[{""id"": ""144826390"", ""name"": ""Guangtao Zhai"", ""source"": ""s2""}, {""id"": ""2153198409"", ""name"": ""Wei Sun"", ""source"": ""s2""}, {""id"": ""2246414"", ""name"": ""Xiongkuo Min"", ""source"": ""s2""}, {""id"": ""2388685450"", ""name"": ""Jiantao Zhou"", ""source"": ""s2""}]"
e5e6eeb44a753e14c580be22ec033c6519b87208,10.1016/j.image.2021.116466,Low-light image enhancement via deep Retinex decomposition and bilateral learning,2021,Signal processing. Image communication,Xiaoqian Lv; Yujing Sun; Jun Zhang; F. Jiang; Shengping Zhang,"[{""id"": ""2112411035"", ""name"": ""Xiaoqian Lv"", ""source"": ""s2""}, {""id"": ""2130286531"", ""name"": ""Yujing Sun"", ""source"": ""s2""}, {""id"": ""2155662657"", ""name"": ""Jun Zhang"", ""source"": ""s2""}, {""id"": ""144999037"", ""name"": ""F. Jiang"", ""source"": ""s2""}, {""id"": ""1761159"", ""name"": ""Shengping Zhang"", ""source"": ""s2""}]"
6c7b45948cc6a3673f6b81ed8499187fd99d30e4,10.1016/J.IMAGE.2021.116433,A low light natural image statistical model for joint contrast enhancement and denoising,2021,Signal processing. Image communication,Sameer Malik; R. Soundararajan,"[{""id"": ""2000484626"", ""name"": ""Sameer Malik"", ""source"": ""s2""}, {""id"": ""2510315"", ""name"": ""R. Soundararajan"", ""source"": ""s2""}]"
c533abed3537170019ec85b89859aa1ad61dab4d,10.1109/ICAICE54393.2021.00158,Discriminative Feature Extraction and Enhancement Network for Low-Light Image,2021,2021 2nd International Conference on Artificial Intelligence and Computer Engineering (ICAICE),Jiazhen Zu; Yongxia Zhou; Le Chen; Chao Dai,"[{""id"": ""2173371625"", ""name"": ""Jiazhen Zu"", ""source"": ""s2""}, {""id"": ""2145493439"", ""name"": ""Yongxia Zhou"", ""source"": ""s2""}, {""id"": ""2146072894"", ""name"": ""Le Chen"", ""source"": ""s2""}, {""id"": ""2055020811"", ""name"": ""Chao Dai"", ""source"": ""s2""}]"
8deddc94c70cc74290faa50119c47850a1ce9c93,,An Effective Image Restorer: Denoising and Luminance Adjustment for Low-photon-count Imaging,2021,arXiv.org,Shansi Zhang; E. Lam,"[{""id"": ""2116577885"", ""name"": ""Shansi Zhang"", ""source"": ""s2""}, {""id"": ""1725389"", ""name"": ""E. Lam"", ""source"": ""s2""}]"
49d6f4b40b5440f5a603481f91a1ca7390e96bc1,10.1017/S0373463321000783,Lightweight deep network-enabled real-time low-visibility enhancement for promoting vessel detection in maritime video surveillance,2021,Journal of navigation,Yu Guo; Yuxu Lu; Ryan Wen Liu,"[{""id"": ""2143378699"", ""name"": ""Yu Guo"", ""source"": ""s2""}, {""id"": ""121713030"", ""name"": ""Yuxu Lu"", ""source"": ""s2""}, {""id"": ""2124017717"", ""name"": ""Ryan Wen Liu"", ""source"": ""s2""}]"
3f451f7785a232ac0e0fc97ff353f7381c8c971a,10.1109/ICEMI52946.2021.9679556,Research on Pedestrian Target Recognition Algorithm in Low Light Environment,2021,IEEE International Conference on Electronic Measurement & Instruments,Qiang Ning; Hanlei Lu; Xin Shi; Zhengli Leng; Pengjie Qin,"[{""id"": ""3333257"", ""name"": ""Qiang Ning"", ""source"": ""s2""}, {""id"": ""2218136097"", ""name"": ""Hanlei Lu"", ""source"": ""s2""}, {""id"": ""2148375991"", ""name"": ""Xin Shi"", ""source"": ""s2""}, {""id"": ""2125340856"", ""name"": ""Zhengli Leng"", ""source"": ""s2""}, {""id"": ""51013608"", ""name"": ""Pengjie Qin"", ""source"": ""s2""}]"
3d49c3cc2c176b634c374bea5cdc36644e4afb30,10.5244/c.35.91,Separating Content and Style for Unsupervised Image-to-Image Translation,2021,British Machine Vision Conference,Yunfei Liu; Haofei Wang; Yang Yue; Feng Lu,"[{""id"": ""47908555"", ""name"": ""Yunfei Liu"", ""source"": ""s2""}, {""id"": ""2038517164"", ""name"": ""Haofei Wang"", ""source"": ""s2""}, {""id"": ""2105585115"", ""name"": ""Yang Yue"", ""source"": ""s2""}, {""id"": ""1388864077"", ""name"": ""Feng Lu"", ""source"": ""s2""}]"
bada86bb3f96f2c9cb1cc17aa4809df14ffca9d8,10.5244/c.35.317,NOD: Taking a Closer Look at Detection under Extreme Low-Light Conditions with Night Object Detection Dataset,2021,British Machine Vision Conference,Igor Morawski; Yu-An Chen; Yu-sheng Lin; Winston H. Hsu,"[{""id"": ""1740758571"", ""name"": ""Igor Morawski"", ""source"": ""s2""}, {""id"": ""2144036304"", ""name"": ""Yu-An Chen"", ""source"": ""s2""}, {""id"": ""2107930640"", ""name"": ""Yu-sheng Lin"", ""source"": ""s2""}, {""id"": ""1716836"", ""name"": ""Winston H. Hsu"", ""source"": ""s2""}]"
a53414b469892bdf5c6d91db42d36b1f399b7290,10.1016/j.patcog.2023.109602.,SurroundNet: Towards Effective Low-Light Image Enhancement,2021,Pattern Recognition,Fei Zhou; Xin Sun; Junyu Dong; Haoran Zhao; Xiao Xiang Zhu,"[{""id"": ""2114903214"", ""name"": ""Fei Zhou"", ""source"": ""s2""}, {""id"": ""144326521"", ""name"": ""Xin Sun"", ""source"": ""s2""}, {""id"": ""1964397"", ""name"": ""Junyu Dong"", ""source"": ""s2""}, {""id"": ""50981688"", ""name"": ""Haoran Zhao"", ""source"": ""s2""}, {""id"": ""2125159330"", ""name"": ""Xiao Xiang Zhu"", ""source"": ""s2""}]"
542fd7fd8b0a68ecf174099a0887425d0ef706a1,10.1016/J.NEUCOM.2021.05.074,Learning to restore light fields under low-light imaging,2021,Neurocomputing,Shansi Zhang; E. Lam,"[{""id"": ""2116577885"", ""name"": ""Shansi Zhang"", ""source"": ""s2""}, {""id"": ""1725389"", ""name"": ""E. Lam"", ""source"": ""s2""}]"
ecd75c730c71f83d206f0a63393fef2d1e6af495,10.1007/978-3-031-15934-3_24,TSN-CA: A Two-Stage Network with Channel Attention for Low-Light Image Enhancement,2021,International Conference on Artificial Neural Networks,Xinxu Wei; Xian-Shi Zhang; Shisen Wang; Yanlin Huang; Yongjie Li,"[{""id"": ""2128378378"", ""name"": ""Xinxu Wei"", ""source"": ""s2""}, {""id"": ""2108002784"", ""name"": ""Xian-Shi Zhang"", ""source"": ""s2""}, {""id"": ""2116301680"", ""name"": ""Shisen Wang"", ""source"": ""s2""}, {""id"": ""2145434848"", ""name"": ""Yanlin Huang"", ""source"": ""s2""}, {""id"": ""2110515159"", ""name"": ""Yongjie Li"", ""source"": ""s2""}]"
a6c47c2d5964c038b779f00bf888b3ff11cbea38,,DA-DRN: Degradation-Aware Deep Retinex Network for Low-Light Image Enhancement,2021,arXiv.org,Xinxu Wei; Xian-Shi Zhang; Shisen Wang; Cheng Cheng; Yanlin Huang; Kaifu Yang; Yongjie Li,"[{""id"": ""2128378378"", ""name"": ""Xinxu Wei"", ""source"": ""s2""}, {""id"": ""2108002784"", ""name"": ""Xian-Shi Zhang"", ""source"": ""s2""}, {""id"": ""2116301680"", ""name"": ""Shisen Wang"", ""source"": ""s2""}, {""id"": ""2116394502"", ""name"": ""Cheng Cheng"", ""source"": ""s2""}, {""id"": ""2145434848"", ""name"": ""Yanlin Huang"", ""source"": ""s2""}, {""id"": ""2105451"", ""name"": ""Kaifu Yang"", ""source"": ""s2""}, {""id"": ""2110515159"", ""name"": ""Yongjie Li"", ""source"": ""s2""}]"
07d060ad91ec4cc73a1f1b615bfea57df859d298,10.1109/WACVW54805.2022.00064,Semantic-Guided Zero-Shot Learning for Low-Light Image/Video Enhancement,2021,2022 IEEE/CVF Winter Conference on Applications of Computer Vision Workshops (WACVW),Shen Zheng; Gaurav Gupta,"[{""id"": ""2111075146"", ""name"": ""Shen Zheng"", ""source"": ""s2""}, {""id"": ""2104357582"", ""name"": ""Gaurav Gupta"", ""source"": ""s2""}]"
07a2c2abc485bc163985ae0a82d53cad5ba38a87,10.1109/ICCV48922.2021.00255,Multitask AET with Orthogonal Tangent Regularity for Dark Object Detection,2021,IEEE International Conference on Computer Vision,Ziteng Cui; Guo-Jun Qi; Lin Gu; Shaodi You; Zenghui Zhang; T. Harada,"[{""id"": ""2152101108"", ""name"": ""Ziteng Cui"", ""source"": ""s2""}, {""id"": ""2272096"", ""name"": ""Guo-Jun Qi"", ""source"": ""s2""}, {""id"": ""151484085"", ""name"": ""Lin Gu"", ""source"": ""s2""}, {""id"": ""2941564"", ""name"": ""Shaodi You"", ""source"": ""s2""}, {""id"": ""1882137"", ""name"": ""Zenghui Zhang"", ""source"": ""s2""}, {""id"": ""1790553"", ""name"": ""T. Harada"", ""source"": ""s2""}]"
4b04338ace0331af97392029aca6cb6203da9411,10.1109/tcsvt.2020.3044887,Decomposition Makes Better Rain Removal: An Improved Attention-Guided Deraining Network,2021,IEEE transactions on circuits and systems for video technology (Print),Kui Jiang; Zhongyuan Wang; Peng Yi; Chen Chen; Zhen Han; T. Lu; Baojin Huang; Junjun Jiang,"[{""id"": ""51360637"", ""name"": ""Kui Jiang"", ""source"": ""s2""}, {""id"": ""38655501"", ""name"": ""Zhongyuan Wang"", ""source"": ""s2""}, {""id"": ""145526138"", ""name"": ""Peng Yi"", ""source"": ""s2""}, {""id"": ""2141809280"", ""name"": ""Chen Chen"", ""source"": ""s2""}, {""id"": ""144725609"", ""name"": ""Zhen Han"", ""source"": ""s2""}, {""id"": ""144530671"", ""name"": ""T. Lu"", ""source"": ""s2""}, {""id"": ""1581795258"", ""name"": ""Baojin Huang"", ""source"": ""s2""}, {""id"": ""1708439"", ""name"": ""Junjun Jiang"", ""source"": ""s2""}]"
bbf6a608ca7ff1bf5543f8970b18a6eec56c3ffb,10.1016/j.displa.2021.102091,An improved image enhancement framework based on multiple attention mechanism,2021,Displays (Guildford),Qili Chen; Junfang Fan; Wenbai Chen,"[{""id"": ""1923607"", ""name"": ""Qili Chen"", ""source"": ""s2""}, {""id"": ""21100178"", ""name"": ""Junfang Fan"", ""source"": ""s2""}, {""id"": ""2624059"", ""name"": ""Wenbai Chen"", ""source"": ""s2""}]"
914e29068503742eb2407ec9fd651371dbe72dc0,10.1109/ICCV48922.2021.00956,Seeing Dynamic Scene in the Dark: A High-Quality Video Dataset with Mechatronic Alignment,2021,IEEE International Conference on Computer Vision,Ruixing Wang; Xiaogang Xu; Chi-Wing Fu; Jiangbo Lu; Bei Yu; Jiaya Jia,"[{""id"": ""2108666491"", ""name"": ""Ruixing Wang"", ""source"": ""s2""}, {""id"": ""2027354611"", ""name"": ""Xiaogang Xu"", ""source"": ""s2""}, {""id"": ""144856288"", ""name"": ""Chi-Wing Fu"", ""source"": ""s2""}, {""id"": ""1715148"", ""name"": ""Jiangbo Lu"", ""source"": ""s2""}, {""id"": ""2121417136"", ""name"": ""Bei Yu"", ""source"": ""s2""}, {""id"": ""1729056"", ""name"": ""Jiaya Jia"", ""source"": ""s2""}]"
3591c4040b5ea1fa27dc936621997fd53e6c8483,10.1109/ICIP42928.2021.9506781,Integration-and-Diffusion Network for Low-Light Image Enhancement,2021,International Conference on Information Photonics,Pengliang Tang; Xiaoqiang Guo; Guodong Ju; Liangheng Shen; Aidong Men,"[{""id"": ""9505602"", ""name"": ""Pengliang Tang"", ""source"": ""s2""}, {""id"": ""150343737"", ""name"": ""Xiaoqiang Guo"", ""source"": ""s2""}, {""id"": ""151485737"", ""name"": ""Guodong Ju"", ""source"": ""s2""}, {""id"": ""151472426"", ""name"": ""Liangheng Shen"", ""source"": ""s2""}, {""id"": ""1736046"", ""name"": ""Aidong Men"", ""source"": ""s2""}]"
23964a91d992f67f7d3df9dbd5c32e7650cad357,10.1109/JPROC.2023.3338272,Computational Imaging and Artificial Intelligence: The Next Revolution of Mobile Vision,2021,Proceedings of the IEEE,J. Suo; Weihang Zhang; Jin Gong; Xin Yuan; D. Brady; Qionghai Dai,"[{""id"": ""144036068"", ""name"": ""J. Suo"", ""source"": ""s2""}, {""id"": ""2108075709"", ""name"": ""Weihang Zhang"", ""source"": ""s2""}, {""id"": ""2108317342"", ""name"": ""Jin Gong"", ""source"": ""s2""}, {""id"": ""2115844400"", ""name"": ""Xin Yuan"", ""source"": ""s2""}, {""id"": ""1741299"", ""name"": ""D. Brady"", ""source"": ""s2""}, {""id"": ""144954808"", ""name"": ""Qionghai Dai"", ""source"": ""s2""}]"
4abede791129ff4eb42b91c9b1091c27f432114d,10.1609/aaai.v36i3.20162,Low-Light Image Enhancement with Normalizing Flow,2021,AAAI Conference on Artificial Intelligence,Yufei Wang; Renjie Wan; Wenhan Yang; Haoliang Li; Lap-Pui Chau; A. Kot,"[{""id"": ""2143696239"", ""name"": ""Yufei Wang"", ""source"": ""s2""}, {""id"": ""8306685"", ""name"": ""Renjie Wan"", ""source"": ""s2""}, {""id"": ""1898172"", ""name"": ""Wenhan Yang"", ""source"": ""s2""}, {""id"": ""2310649374"", ""name"": ""Haoliang Li"", ""source"": ""s2""}, {""id"": ""145662587"", ""name"": ""Lap-Pui Chau"", ""source"": ""s2""}, {""id"": ""1711097"", ""name"": ""A. Kot"", ""source"": ""s2""}]"
16dc3a506604dee601a1664c9c00ea6cac06e2e9,10.1155/2021/2030142,Contrast and Synthetic Multiexposure Fusion for Image Enhancement,2021,Computational Intelligence and Neuroscience,M. Albahar,"[{""id"": ""11469407"", ""name"": ""M. Albahar"", ""source"": ""s2""}]"
5c4338b06355c7d83f74c7d91ae2c12db6e318b0,10.1007/s00371-021-02289-x,AEMS: an attention enhancement network of modules stacking for lowlight image enhancement,2021,The Visual Computer,Miao Li; Li Zhao; Dongming Zhou; Rencan Nie; Yanyu Liu; Yixue Wei,"[{""id"": ""2143545067"", ""name"": ""Miao Li"", ""source"": ""s2""}, {""id"": ""2157761799"", ""name"": ""Li Zhao"", ""source"": ""s2""}, {""id"": ""3041495"", ""name"": ""Dongming Zhou"", ""source"": ""s2""}, {""id"": ""6019653"", ""name"": ""Rencan Nie"", ""source"": ""s2""}, {""id"": ""2108219360"", ""name"": ""Yanyu Liu"", ""source"": ""s2""}, {""id"": ""2156252783"", ""name"": ""Yixue Wei"", ""source"": ""s2""}]"
321126c4eca954e45f5621a8ef652112f0c677f3,10.1007/978-981-16-2422-3_41,Comprehensive View of Low Light Image/Video Enhancement Centred on Deep Learning,2021,Intelligent Sustainable Systems,C. Anitha; R. M. S. Kumar,"[{""id"": ""2140036201"", ""name"": ""C. Anitha"", ""source"": ""s2""}, {""id"": ""2218120686"", ""name"": ""R. M. S. Kumar"", ""source"": ""s2""}]"
70a6caba2b7f22c24637b67409180bdaefed3b67,10.1109/TIP.2022.3180213,CERL: A Unified Optimization Framework for Light Enhancement With Realistic Noise,2021,IEEE Transactions on Image Processing,Zeyuan Chen; Yifan Jiang; Dong Liu; Zhangyang Wang,"[{""id"": ""5478513"", ""name"": ""Zeyuan Chen"", ""source"": ""s2""}, {""id"": null, ""name"": ""Yifan Jiang"", ""source"": ""s2""}, {""id"": ""2152508413"", ""name"": ""Dong Liu"", ""source"": ""s2""}, {""id"": ""2969311"", ""name"": ""Zhangyang Wang"", ""source"": ""s2""}]"
cbf15028424913e7febaefb5f984950d7941af10,10.3390/s21154986,Low-Light Image Enhancement Based on Multi-Path Interaction,2021,Italian National Conference on Sensors,Bai Zhao; Xiaoling Gong; Jian Wang; Lingchao Zhao,"[{""id"": ""2138171954"", ""name"": ""Bai Zhao"", ""source"": ""s2""}, {""id"": ""49832330"", ""name"": ""Xiaoling Gong"", ""source"": ""s2""}, {""id"": ""2152765441"", ""name"": ""Jian Wang"", ""source"": ""s2""}, {""id"": ""2146089755"", ""name"": ""Lingchao Zhao"", ""source"": ""s2""}]"
7463f2040642f5e426eaf1749ac28503e138deb9,10.1109/IJCNN52387.2021.9533511,RGNET: A Two-stage Low-light Image Enhancement Network Without Paired Supervision,2021,IEEE International Joint Conference on Neural Network,Ruowang Chang; Qiong Song; Yuehuang Wang,"[{""id"": ""2130582777"", ""name"": ""Ruowang Chang"", ""source"": ""s2""}, {""id"": ""40476980"", ""name"": ""Qiong Song"", ""source"": ""s2""}, {""id"": ""102316900"", ""name"": ""Yuehuang Wang"", ""source"": ""s2""}]"
5e248e17a769c9eb491409e93d4f76f05972bb0b,10.36227/TECHRXIV.14887917.V1,Block Based Enhancement using Deep Learning for Conversion of Low Resolution AVS Video to High Resolution HEVC Video,2021,,Rizwan Qureshi; Mehmood Nawaz,"[{""id"": ""40702132"", ""name"": ""Rizwan Qureshi"", ""source"": ""s2""}, {""id"": ""38317000"", ""name"": ""Mehmood Nawaz"", ""source"": ""s2""}]"
593e2c7517fbf86c6b0bb0e73adcb383b77ea282,10.1109/ICME51207.2021.9428324,Underexposed Image Enhancement via Unsupervised Feature Attention Network,2021,IEEE International Conference on Multimedia and Expo,Fengji Ma; Haitao Li,"[{""id"": ""2068197386"", ""name"": ""Fengji Ma"", ""source"": ""s2""}, {""id"": ""2108590281"", ""name"": ""Haitao Li"", ""source"": ""s2""}]"
cfb4160bab74b7d17d9cf5ae79387f00917dc8e4,10.1109/ICME51207.2021.9428268,Collaborative Reflectance-And-Illumination Learning For High-Efficient Low-Light Image Enhancement,2021,IEEE International Conference on Multimedia and Expo,Guijing Zhu; Long Ma; Risheng Liu; Xin Fan; Zhongxuan Luo,"[{""id"": ""2153724721"", ""name"": ""Guijing Zhu"", ""source"": ""s2""}, {""id"": ""1732160"", ""name"": ""Long Ma"", ""source"": ""s2""}, {""id"": ""34469457"", ""name"": ""Risheng Liu"", ""source"": ""s2""}, {""id"": ""144309189"", ""name"": ""Xin Fan"", ""source"": ""s2""}, {""id"": ""145865683"", ""name"": ""Zhongxuan Luo"", ""source"": ""s2""}]"
adce6e69b9d71f75afe75d0912d05266176cbd6f,,BLNet: A Fast Deep Learning Framework for Low-Light Image Enhancement with Noise Removal and Color Restoration,2021,arXiv.org,Xinxu Wei; Xian-Shi Zhang; Shisen Wang; Cheng Cheng; Yanlin Huang; Kaifu Yang; Yongjie Li,"[{""id"": ""2128378378"", ""name"": ""Xinxu Wei"", ""source"": ""s2""}, {""id"": ""2108002784"", ""name"": ""Xian-Shi Zhang"", ""source"": ""s2""}, {""id"": ""2116301680"", ""name"": ""Shisen Wang"", ""source"": ""s2""}, {""id"": ""2116394196"", ""name"": ""Cheng Cheng"", ""source"": ""s2""}, {""id"": ""2145434848"", ""name"": ""Yanlin Huang"", ""source"": ""s2""}, {""id"": ""2105451"", ""name"": ""Kaifu Yang"", ""source"": ""s2""}, {""id"": ""2110515159"", ""name"": ""Yongjie Li"", ""source"": ""s2""}]"
6901507cbaaa2fca80ac1ced76c40217a6850568,10.1016/j.jvcir.2022.103712,R2RNet: Low-light Image Enhancement via Real-low to Real-normal Network,2021,Journal of Visual Communication and Image Representation,Jiang Hai; Zhu Xuan; Ren Yang; Yutong Hao; Fengzhu Zou; Fang-Ju Lin; Songchen Han,"[{""id"": ""2062987065"", ""name"": ""Jiang Hai"", ""source"": ""s2""}, {""id"": ""2055832379"", ""name"": ""Zhu Xuan"", ""source"": ""s2""}, {""id"": ""46781563"", ""name"": ""Ren Yang"", ""source"": ""s2""}, {""id"": ""95694208"", ""name"": ""Yutong Hao"", ""source"": ""s2""}, {""id"": ""2115474401"", ""name"": ""Fengzhu Zou"", ""source"": ""s2""}, {""id"": ""2113698470"", ""name"": ""Fang-Ju Lin"", ""source"": ""s2""}, {""id"": ""2664450"", ""name"": ""Songchen Han"", ""source"": ""s2""}]"
ad439243c402ca67ed07c747f32e63a26d9b7f12,10.1117/12.2597933,Human visual system deep learning enhancement algorithm based on optimization of physical information similarity,2021,Other Conferences,Hangying Zhang; Liangcai Cao; Feng Yang,"[{""id"": ""51240627"", ""name"": ""Hangying Zhang"", ""source"": ""s2""}, {""id"": ""2800947"", ""name"": ""Liangcai Cao"", ""source"": ""s2""}, {""id"": ""2115412215"", ""name"": ""Feng Yang"", ""source"": ""s2""}]"
e1e61b97a444d4039650eaa2a55e3da40deba40c,,NLHD: A Pixel-Level Non-Local Retinex Model for Low-Light Image Enhancement,2021,arXiv.org,H. Hou; Yingkun Hou; Yuxuan Shi; Benzheng Wei; Jun Xu,"[{""id"": ""2064684650"", ""name"": ""H. Hou"", ""source"": ""s2""}, {""id"": ""1828559"", ""name"": ""Yingkun Hou"", ""source"": ""s2""}, {""id"": ""1753219181"", ""name"": ""Yuxuan Shi"", ""source"": ""s2""}, {""id"": ""39212924"", ""name"": ""Benzheng Wei"", ""source"": ""s2""}, {""id"": ""2150636112"", ""name"": ""Jun Xu"", ""source"": ""s2""}]"
7c0f1366b4cb803ef4ebad7ef665bfbee6e54ea2,10.1109/CVPR46437.2021.00493,Learning Temporal Consistency for Low Light Video Enhancement from Single Images,2021,Computer Vision and Pattern Recognition,Fan Zhang; Yu Li; Shaodi You; Ying Fu,"[{""id"": ""2153304421"", ""name"": ""Fan Zhang"", ""source"": ""s2""}, {""id"": ""2116609876"", ""name"": ""Yu Li"", ""source"": ""s2""}, {""id"": ""2941564"", ""name"": ""Shaodi You"", ""source"": ""s2""}, {""id"": ""143728560"", ""name"": ""Ying Fu"", ""source"": ""s2""}]"
4b2e85ad840949335c432f65635740631c9b1209,10.1109/CVPRW53098.2021.00093,Guidance Network with Staged Learning for Image enhancement,2021,2021 IEEE/CVF Conference on Computer Vision and Pattern Recognition Workshops (CVPRW),Luming Liang; Ilya Zharkov; Faezeh Amjadi; Hamid Reza Vaezi Joze; V. Pradeep,"[{""id"": ""46225943"", ""name"": ""Luming Liang"", ""source"": ""s2""}, {""id"": ""15623770"", ""name"": ""Ilya Zharkov"", ""source"": ""s2""}, {""id"": ""31749007"", ""name"": ""Faezeh Amjadi"", ""source"": ""s2""}, {""id"": ""3227254"", ""name"": ""Hamid Reza Vaezi Joze"", ""source"": ""s2""}, {""id"": ""3811436"", ""name"": ""V. Pradeep"", ""source"": ""s2""}]"
10ab15c5fd4e2d16df23cbb94567ab60b911c956,10.1109/CVPR46437.2021.00987,Seeing in Extra Darkness Using a Deep-Red Flash,2021,Computer Vision and Pattern Recognition,J. Xiong; Jian Wang; W. Heidrich; S. Nayar,"[{""id"": ""3058286"", ""name"": ""J. Xiong"", ""source"": ""s2""}, {""id"": ""2152766744"", ""name"": ""Jian Wang"", ""source"": ""s2""}, {""id"": ""1752192"", ""name"": ""W. Heidrich"", ""source"": ""s2""}, {""id"": ""1750470"", ""name"": ""S. Nayar"", ""source"": ""s2""}]"
fc3246c125f0124eb2aa139e670e41c4d558e04b,10.1109/CVPR46437.2021.00077,Debiased Subjective Assessment of Real-World Image Enhancement,2021,Computer Vision and Pattern Recognition,Peibei Cao; Zhangyang Wang; Kede Ma,"[{""id"": ""30621191"", ""name"": ""Peibei Cao"", ""source"": ""s2""}, {""id"": ""2156070723"", ""name"": ""Zhangyang Wang"", ""source"": ""s2""}, {""id"": ""2233269"", ""name"": ""Kede Ma"", ""source"": ""s2""}]"
7b38b0b0231bc31e0564a9db00ba7c2adb2ba90d,10.1016/j.image.2022.116839,Gated fusion network for SAO filter and inter frame prediction in Versatile Video Coding,2021,Signal processing. Image communication,Shiba Kuanar; D. Mahapatra; V. Athitsos; Fellow Ieee K.R Rao,"[{""id"": ""51256107"", ""name"": ""Shiba Kuanar"", ""source"": ""s2""}, {""id"": ""143784265"", ""name"": ""D. Mahapatra"", ""source"": ""s2""}, {""id"": ""1720747"", ""name"": ""V. Athitsos"", ""source"": ""s2""}, {""id"": ""2265914637"", ""name"": ""Fellow Ieee K.R Rao"", ""source"": ""s2""}]"
d57c2d0d3ab6e8a3beec4e491277f3b587ea4ec8,10.1109/ICICCS51141.2021.9432150,Edge Guided Low-Light Image Enhancement,2021,International Conference Intelligent Computing and Control Systems,Deepanshu Rana; Kanishk Jayant Lal; A. Parihar,"[{""id"": ""2058749502"", ""name"": ""Deepanshu Rana"", ""source"": ""s2""}, {""id"": ""2057095953"", ""name"": ""Kanishk Jayant Lal"", ""source"": ""s2""}, {""id"": ""14456434"", ""name"": ""A. Parihar"", ""source"": ""s2""}]"
89a01466201390a474d0c77b5b379a29396b951b,10.1007/s11831-021-09587-6,A Comprehensive Overview of Image Enhancement Techniques,2021,Archives of Computational Methods in Engineering,Yunliang Qi; Zhen Yang; Wenhao Sun; Meng Lou; Jing Lian; Wenwei Zhao; Xiangyu Deng; Yide Ma,"[{""id"": ""9273627"", ""name"": ""Yunliang Qi"", ""source"": ""s2""}, {""id"": ""2149232984"", ""name"": ""Zhen Yang"", ""source"": ""s2""}, {""id"": ""145180813"", ""name"": ""Wenhao Sun"", ""source"": ""s2""}, {""id"": ""2263420682"", ""name"": ""Meng Lou"", ""source"": ""s2""}, {""id"": ""1561165594"", ""name"": ""Jing Lian"", ""source"": ""s2""}, {""id"": ""2118226427"", ""name"": ""Wenwei Zhao"", ""source"": ""s2""}, {""id"": ""49077385"", ""name"": ""Xiangyu Deng"", ""source"": ""s2""}, {""id"": ""1756244"", ""name"": ""Yide Ma"", ""source"": ""s2""}]"
22731d2a9fdb26684f04ad3864b21bf83dd5c03e,10.1109/TPAMI.2021.3126387,Low-Light Image and Video Enhancement Using Deep Learning: A Survey,2021,IEEE Transactions on Pattern Analysis and Machine Intelligence,Chongyi Li; Chunle Guo; Linghao Han; Jun Jiang; Mingg-Ming Cheng; Jinwei Gu; Chen Change Loy,"[{""id"": ""2698424"", ""name"": ""Chongyi Li"", ""source"": ""s2""}, {""id"": ""18158517"", ""name"": ""Chunle Guo"", ""source"": ""s2""}, {""id"": ""2118503811"", ""name"": ""Linghao Han"", ""source"": ""s2""}, {""id"": ""2107975681"", ""name"": ""Jun Jiang"", ""source"": ""s2""}, {""id"": ""1557350184"", ""name"": ""Mingg-Ming Cheng"", ""source"": ""s2""}, {""id"": ""143785523"", ""name"": ""Jinwei Gu"", ""source"": ""s2""}, {""id"": ""1717179"", ""name"": ""Chen Change Loy"", ""source"": ""s2""}]"
18c41def7bdc96eadaff89f293104c592d879f70,10.1007/s11554-021-01104-z,Real-time automotive night-vision system for drivers to inhibit headlight glare of the oncoming vehicles and enhance road visibility,2021,Journal of Real-Time Image Processing,Gouranga Mandal; Diptendu Bhattacharya; Parthasarathi De,"[{""id"": ""46172142"", ""name"": ""Gouranga Mandal"", ""source"": ""s2""}, {""id"": ""36513717"", ""name"": ""Diptendu Bhattacharya"", ""source"": ""s2""}, {""id"": ""47409063"", ""name"": ""Parthasarathi De"", ""source"": ""s2""}]"
0089ddc1aa4e63209595fbf59b0f7d4e3238db01,10.1364/JOSAA.410316,Deep image enhancement for ill light imaging.,2021,Journal of The Optical Society of America A-optics Image Science and Vision,Rizwan Khan; You Yang; Qiong Liu; Jialie Shen; Bing Li,"[{""id"": ""2151235680"", ""name"": ""Rizwan Khan"", ""source"": ""s2""}, {""id"": ""47796278"", ""name"": ""You Yang"", ""source"": ""s2""}, {""id"": ""1794500"", ""name"": ""Qiong Liu"", ""source"": ""s2""}, {""id"": ""38203359"", ""name"": ""Jialie Shen"", ""source"": ""s2""}, {""id"": ""2156071808"", ""name"": ""Bing Li"", ""source"": ""s2""}]"
1273093508b47eb854f358b740d3fea09a4b558c,10.1109/ICBAIE52039.2021.9389960,Attention-Based Multi-Branch Network for Low-Light Image Enhancement,2021,"2021 IEEE 2nd International Conference on Big Data, Artificial Intelligence and Internet of Things Engineering (ICBAIE)",Yingjie Jiao; Xiangtao Zheng; Xiaoqiang Lu,"[{""id"": ""2149629629"", ""name"": ""Yingjie Jiao"", ""source"": ""s2""}, {""id"": ""2263014"", ""name"": ""Xiangtao Zheng"", ""source"": ""s2""}, {""id"": ""7828998"", ""name"": ""Xiaoqiang Lu"", ""source"": ""s2""}]"
50b0c71a317d450330a36dac8ed962da10022399,10.1609/aaai.v36i1.19992,Degrade is Upgrade: Learning Degradation for Low-light Image Enhancement,2021,AAAI Conference on Artificial Intelligence,Kui Jiang; Zhongyuan Wang; Zheng Wang; Peng Yi; Xiao Wang; Yansheng Qiu; Chen Chen; Chia-Wen Lin,"[{""id"": ""51360637"", ""name"": ""Kui Jiang"", ""source"": ""s2""}, {""id"": ""38655501"", ""name"": ""Zhongyuan Wang"", ""source"": ""s2""}, {""id"": ""40072305"", ""name"": ""Zheng Wang"", ""source"": ""s2""}, {""id"": ""145526138"", ""name"": ""Peng Yi"", ""source"": ""s2""}, {""id"": ""2118451533"", ""name"": ""Xiao Wang"", ""source"": ""s2""}, {""id"": ""2087352809"", ""name"": ""Yansheng Qiu"", ""source"": ""s2""}, {""id"": ""2141809280"", ""name"": ""Chen Chen"", ""source"": ""s2""}, {""id"": ""46246806"", ""name"": ""Chia-Wen Lin"", ""source"": ""s2""}]"
d5514a59d3721f15d161c26a284f629d8f37f0d5,10.1049/IPR2.12173,AMBCR: Low-light image enhancement via attention guided multi-branch construction and Retinex theory,2021,IET Image Processing,Miao Li; Dongming Zhou; Rencan Nie; Shidong Xie; Yanyu Liu,"[{""id"": ""2143545067"", ""name"": ""Miao Li"", ""source"": ""s2""}, {""id"": ""3041495"", ""name"": ""Dongming Zhou"", ""source"": ""s2""}, {""id"": ""6019653"", ""name"": ""Rencan Nie"", ""source"": ""s2""}, {""id"": ""2087648313"", ""name"": ""Shidong Xie"", ""source"": ""s2""}, {""id"": ""2108219360"", ""name"": ""Yanyu Liu"", ""source"": ""s2""}]"
078958642cc4e5fd915ca2dce3b9d5c14dd6df27,10.1109/TIP.2021.3062184,Band Representation-Based Semi-Supervised Low-Light Image Enhancement: Bridging the Gap Between Signal Fidelity and Perceptual Quality,2021,IEEE Transactions on Image Processing,Wenhan Yang; Shiqi Wang; Yuming Fang; Y. Wanga; Jiaying Liu,"[{""id"": ""1898172"", ""name"": ""Wenhan Yang"", ""source"": ""s2""}, {""id"": null, ""name"": ""Shiqi Wang"", ""source"": ""s2""}, {""id"": ""4639656"", ""name"": ""Yuming Fang"", ""source"": ""s2""}, {""id"": ""1397146654"", ""name"": ""Y. Wanga"", ""source"": ""s2""}, {""id"": ""41127426"", ""name"": ""Jiaying Liu"", ""source"": ""s2""}]"
35fce9473e1ba34e97e91bcd85e30b6af6cf7ab6,10.1109/TPAMI.2021.3063604,Learning to Enhance Low-Light Image via Zero-Reference Deep Curve Estimation,2021,IEEE Transactions on Pattern Analysis and Machine Intelligence,Chongyi Li; Chunle Guo; Chen Change Loy,"[{""id"": ""2698424"", ""name"": ""Chongyi Li"", ""source"": ""s2""}, {""id"": ""18158517"", ""name"": ""Chunle Guo"", ""source"": ""s2""}, {""id"": ""1717179"", ""name"": ""Chen Change Loy"", ""source"": ""s2""}]"
b95b2cff003beadd98019316c9526669e7ec8670,10.1145/3457682.3457729,Low Light Image Enhancement in USV Imaging System Via U-Net and Attention Mechanism,2021,International Conference on Machine Learning and Computing,Sheng Zhang; Tianxiao Cai; Yihang Chen,"[{""id"": ""2155924079"", ""name"": ""Sheng Zhang"", ""source"": ""s2""}, {""id"": ""2089564397"", ""name"": ""Tianxiao Cai"", ""source"": ""s2""}, {""id"": ""2116614162"", ""name"": ""Yihang Chen"", ""source"": ""s2""}]"
95d6b205c7f40ffa1d27278214dea3078768e072,10.1145/3458380.3458387,Deep Learning-Enabled Low-light Image Enhancement In Maritime Video Surveillance,2021,International Conference on Digital Signal Processing,Wenbo Yang; Zhouheng Ge; Ryan Wen Liu,"[{""id"": ""2129467299"", ""name"": ""Wenbo Yang"", ""source"": ""s2""}, {""id"": ""2130348717"", ""name"": ""Zhouheng Ge"", ""source"": ""s2""}, {""id"": ""2364546752"", ""name"": ""Ryan Wen Liu"", ""source"": ""s2""}]"
e7a082f98edde5007db9f74908ea9ca0fa6ae078,10.1007/s12652-021-02930-6,Real-time fast low-light vision enhancement for driver during driving at night,2021,Journal of Ambient Intelligence and Humanized Computing,Gouranga Mandal; Diptendu Bhattacharya; Parthasarathi De,"[{""id"": ""46172142"", ""name"": ""Gouranga Mandal"", ""source"": ""s2""}, {""id"": ""36513717"", ""name"": ""Diptendu Bhattacharya"", ""source"": ""s2""}, {""id"": ""47409063"", ""name"": ""Parthasarathi De"", ""source"": ""s2""}]"
55279c1d4b3a8bc557179e5aa41dfb2d60280b72,10.1016/J.INS.2020.09.066,A novel multi-scale fusion framework for detail-preserving low-light image enhancement,2021,Information Sciences,Yadong Xu; Cheng Yang; Beibei Sun; Xiaoan Yan; Minglong Chen,"[{""id"": ""72514806"", ""name"": ""Yadong Xu"", ""source"": ""s2""}, {""id"": ""2154169858"", ""name"": ""Cheng Yang"", ""source"": ""s2""}, {""id"": ""1878700707"", ""name"": ""Beibei Sun"", ""source"": ""s2""}, {""id"": ""120456578"", ""name"": ""Xiaoan Yan"", ""source"": ""s2""}, {""id"": ""2107982035"", ""name"": ""Minglong Chen"", ""source"": ""s2""}]"
a302e89ba5249bbc8afe7e09916ab8bca87cc961,10.1109/Confluence51648.2021.9377195,A Comparative Study on CNN based Low-light Image Enhancement,2021,Confluence,Kanishk Jayant Lal; Deepanshu Rana; A. Parihar,"[{""id"": ""2057095953"", ""name"": ""Kanishk Jayant Lal"", ""source"": ""s2""}, {""id"": ""2058749502"", ""name"": ""Deepanshu Rana"", ""source"": ""s2""}, {""id"": ""14456434"", ""name"": ""A. Parihar"", ""source"": ""s2""}]"
92b21e2e940564e1e8f088d81b8a878c29d31ce7,10.1117/12.2589358,Extreme low-light image enhancement using deep neural network,2021,International Conference on Graphic and Image Processing,Ming Xu; Hongping Li; Jian Chen,"[{""id"": ""2152759762"", ""name"": ""Ming Xu"", ""source"": ""s2""}, {""id"": ""2256306950"", ""name"": ""Hongping Li"", ""source"": ""s2""}, {""id"": ""2155523973"", ""name"": ""Jian Chen"", ""source"": ""s2""}]"
9068ed5080657594e2ebe7db0fffbcdc33d9890b,10.1007/s11042-020-10310-z,Enhanced network optimized generative adversarial network for image enhancement,2021,Multimedia tools and applications,Lingyu Yan; Jia-Run Fu; Chunzhi Wang; Z. Ye; Hongwe Chen; H. Ling,"[{""id"": ""3281646"", ""name"": ""Lingyu Yan"", ""source"": ""s2""}, {""id"": ""134161039"", ""name"": ""Jia-Run Fu"", ""source"": ""s2""}, {""id"": ""1824201"", ""name"": ""Chunzhi Wang"", ""source"": ""s2""}, {""id"": ""2082775"", ""name"": ""Z. Ye"", ""source"": ""s2""}, {""id"": ""1390823158"", ""name"": ""Hongwe Chen"", ""source"": ""s2""}, {""id"": ""144125487"", ""name"": ""H. Ling"", ""source"": ""s2""}]"
ef11f84c6cce12bbce40d7a49643f8cf4c0511f8,10.1007/s11263-020-01418-8,Benchmarking Low-Light Image Enhancement and Beyond,2021,International Journal of Computer Vision,Jiaying Liu; Dejia Xu; Wenhan Yang; Minhao Fan; Haofeng Huang,"[{""id"": ""41127426"", ""name"": ""Jiaying Liu"", ""source"": ""s2""}, {""id"": ""1575684088"", ""name"": ""Dejia Xu"", ""source"": ""s2""}, {""id"": ""1898172"", ""name"": ""Wenhan Yang"", ""source"": ""s2""}, {""id"": ""1993384690"", ""name"": ""Minhao Fan"", ""source"": ""s2""}, {""id"": ""48186372"", ""name"": ""Haofeng Huang"", ""source"": ""s2""}]"
b27cf66a5b0f08a6822e2c22f33768a823359134,10.1109/ICPR48806.2021.9413235,Video Lightening with Dedicated CNN Architecture,2021,International Conference on Pattern Recognition,Li-Wen Wang; W. Siu; Zhi-Song Liu; Chu-Tak Li; D. Lun,"[{""id"": ""1837949044"", ""name"": ""Li-Wen Wang"", ""source"": ""s2""}, {""id"": ""144250750"", ""name"": ""W. Siu"", ""source"": ""s2""}, {""id"": ""3382725"", ""name"": ""Zhi-Song Liu"", ""source"": ""s2""}, {""id"": ""153228223"", ""name"": ""Chu-Tak Li"", ""source"": ""s2""}, {""id"": ""1731962"", ""name"": ""D. Lun"", ""source"": ""s2""}]"
71761f84fc683fbff8b0ab9c0496c67960c7b9d8,10.1007/s10489-020-02119-y,Low-light image enhancement based on multi-illumination estimation,2021,Applied intelligence (Boston),Xiaomei Feng; Jinjiang Li; Zhen Hua; Fan Zhang,"[{""id"": ""2149115937"", ""name"": ""Xiaomei Feng"", ""source"": ""s2""}, {""id"": ""2555126"", ""name"": ""Jinjiang Li"", ""source"": ""s2""}, {""id"": ""144278699"", ""name"": ""Zhen Hua"", ""source"": ""s2""}, {""id"": ""2153307863"", ""name"": ""Fan Zhang"", ""source"": ""s2""}]"
24f4a32cd5fe4fd6102521ac15601a013e118330,10.3390/s21010286,Low-Illumination Image Enhancement in the Space Environment Based on the DC-WGAN Algorithm,2021,Italian National Conference on Sensors,Minglu Zhang; Yan Zhang; Zhihong Jiang; Xiaoling Lv; Ce Guo,"[{""id"": ""2215383412"", ""name"": ""Minglu Zhang"", ""source"": ""s2""}, {""id"": ""2152819929"", ""name"": ""Yan Zhang"", ""source"": ""s2""}, {""id"": ""144703692"", ""name"": ""Zhihong Jiang"", ""source"": ""s2""}, {""id"": ""50085385"", ""name"": ""Xiaoling Lv"", ""source"": ""s2""}, {""id"": ""2109933827"", ""name"": ""Ce Guo"", ""source"": ""s2""}]"
b1cc558ad16cea03925ad44d3bbecad2b372f91e,10.3390/rs13010062,RSCNN: A CNN-Based Method to Enhance Low-Light Remote-Sensing Images,2020,Remote Sensing,Linshu Hu; Mengjiao Qin; Feng Zhang; Zhenhong Du; Ren-yi Liu,"[{""id"": ""1576126786"", ""name"": ""Linshu Hu"", ""source"": ""s2""}, {""id"": ""10800912"", ""name"": ""Mengjiao Qin"", ""source"": ""s2""}, {""id"": ""2158118770"", ""name"": ""Feng Zhang"", ""source"": ""s2""}, {""id"": ""3223068"", ""name"": ""Zhenhong Du"", ""source"": ""s2""}, {""id"": ""50268261"", ""name"": ""Ren-yi Liu"", ""source"": ""s2""}]"
c8c80e1ca3a216443956a1592c8ec4c41fbb65b6,10.1109/ICRA48506.2021.9561051,UMLE: Unsupervised Multi-discriminator Network for Low Light Enhancement,2020,IEEE International Conference on Robotics and Automation,Yangyang Qu; Kai Chen; Chao Liu; Y. Ou,"[{""id"": ""1490774329"", ""name"": ""Yangyang Qu"", ""source"": ""s2""}, {""id"": null, ""name"": ""Kai Chen"", ""source"": ""s2""}, {""id"": ""2152505971"", ""name"": ""Chao Liu"", ""source"": ""s2""}, {""id"": ""144897720"", ""name"": ""Y. Ou"", ""source"": ""s2""}]"
f15eefe3d76c6b35eed9700101281fd53d955f78,,LEUGAN: Low-Light Image Enhancement by Unsupervised Generative Attentional Networks,2020,arXiv.org,Yangyang Qu; Chao Liu; Y. Ou,"[{""id"": ""1490774329"", ""name"": ""Yangyang Qu"", ""source"": ""s2""}, {""id"": ""2152505971"", ""name"": ""Chao Liu"", ""source"": ""s2""}, {""id"": ""144897720"", ""name"": ""Y. Ou"", ""source"": ""s2""}]"
e9fdd987df2fd005fa975c1f8c9f6d5119a914c3,10.1109/VCIP49819.2020.9301830,DEN: Disentanglement and Enhancement Networks for Low Illumination Images,2020,Visual Communications and Image Processing,Nelson Chong Ngee Bow; Vu-Hoang Tran; Punchok Kerdsiri; Y. P. Loh; Ching-Chun Huang,"[{""id"": ""1644833955"", ""name"": ""Nelson Chong Ngee Bow"", ""source"": ""s2""}, {""id"": ""66170693"", ""name"": ""Vu-Hoang Tran"", ""source"": ""s2""}, {""id"": ""2044360149"", ""name"": ""Punchok Kerdsiri"", ""source"": ""s2""}, {""id"": ""34676974"", ""name"": ""Y. P. Loh"", ""source"": ""s2""}, {""id"": ""2110522996"", ""name"": ""Ching-Chun Huang"", ""source"": ""s2""}]"
f20896b018c60830042dd59e5008b1ec90a35ea9,10.1049/iet-ipr.2020.1129,Comprehensive evaluation of image enhancement for unsupervised image description and matching,2020,IET Image Processing,M. Lecca; A. Torresani; Fabio Remondino,"[{""id"": ""2558075"", ""name"": ""M. Lecca"", ""source"": ""s2""}, {""id"": ""114629786"", ""name"": ""A. Torresani"", ""source"": ""s2""}, {""id"": ""2515916"", ""name"": ""Fabio Remondino"", ""source"": ""s2""}]"
6895c7626c3f35a0df209d07300bdfe6092589f4,10.1145/3449301.3449318,Deep Learning Based Low-light Enhancement and Noise Suppression in USV Imaging System,2020,International Conference on Robotics and Artificial Intelligence,Peizheng Li; Caofei Luo; Fumin Wu; Jianan Zheng; Sainan Ma,"[{""id"": ""9524051"", ""name"": ""Peizheng Li"", ""source"": ""s2""}, {""id"": ""2109613421"", ""name"": ""Caofei Luo"", ""source"": ""s2""}, {""id"": ""2257430477"", ""name"": ""Fumin Wu"", ""source"": ""s2""}, {""id"": ""2118456149"", ""name"": ""Jianan Zheng"", ""source"": ""s2""}, {""id"": ""16697757"", ""name"": ""Sainan Ma"", ""source"": ""s2""}]"
34330fa3bc18b70c2db67c6084b73832d979cb83,,Privacy-Preserving Pose Estimation for Human-Robot Interaction,2020,arXiv.org,Youya Xia; Yifan Tang; Yuhan Hu; Guy Hoffman,"[{""id"": ""51427799"", ""name"": ""Youya Xia"", ""source"": ""s2""}, {""id"": ""2115421242"", ""name"": ""Yifan Tang"", ""source"": ""s2""}, {""id"": ""49994805"", ""name"": ""Yuhan Hu"", ""source"": ""s2""}, {""id"": ""145666784"", ""name"": ""Guy Hoffman"", ""source"": ""s2""}]"
d548c202e5187773e16552ffcb185cdda95d4681,10.1145/3436369.3437422,A Zero-DCE-Based Low-Light Image Enhancement Algorithm for Urban Roads,2020,International Conferences on Computing and Pattern Recognition,Qian Gao; Pengyu Liu; Shanji Chen; K. Jia,"[{""id"": ""2087604988"", ""name"": ""Qian Gao"", ""source"": ""s2""}, {""id"": ""2127218"", ""name"": ""Pengyu Liu"", ""source"": ""s2""}, {""id"": ""2144336292"", ""name"": ""Shanji Chen"", ""source"": ""s2""}, {""id"": ""2027757"", ""name"": ""K. Jia"", ""source"": ""s2""}]"
76e3a73e4829bf30042c879091cd2228720eb8ab,10.1007/s10489-020-01923-w,An automatic framework for endoscopic image restoration and enhancement,2020,Applied intelligence (Boston),M. Asif; Lei Chen; Hong Song; Jian Yang; Alejandro F Frangi,"[{""id"": ""2102543426"", ""name"": ""M. Asif"", ""source"": ""s2""}, {""id"": ""40342912"", ""name"": ""Lei Chen"", ""source"": ""s2""}, {""id"": ""144569490"", ""name"": ""Hong Song"", ""source"": ""s2""}, {""id"": ""13524601"", ""name"": ""Jian Yang"", ""source"": ""s2""}, {""id"": ""1681129"", ""name"": ""Alejandro F Frangi"", ""source"": ""s2""}]"
d86d02b7e1bfebfa0155d7960c81bce17953d2c5,10.1145/3394171.3413757,Integrating Semantic Segmentation and Retinex Model for Low-Light Image Enhancement,2020,ACM Multimedia,Minhao Fan; Wenjing Wang; Wenhan Yang; Jiaying Liu,"[{""id"": ""1993384690"", ""name"": ""Minhao Fan"", ""source"": ""s2""}, {""id"": ""49337008"", ""name"": ""Wenjing Wang"", ""source"": ""s2""}, {""id"": ""1898172"", ""name"": ""Wenhan Yang"", ""source"": ""s2""}, {""id"": ""41127426"", ""name"": ""Jiaying Liu"", ""source"": ""s2""}]"
031a98f672593c33f62121b1ec4e5e49f5edf525,10.1117/12.2573925,An accurate low-light object detection method based on pyramid networks,2020,SPIE/COS Photonics Asia,Qingyang Tao; Kun Ren; Bo-Si Feng; Xuejin Gao,"[{""id"": ""2004240084"", ""name"": ""Qingyang Tao"", ""source"": ""s2""}, {""id"": ""47995952"", ""name"": ""Kun Ren"", ""source"": ""s2""}, {""id"": ""9568987"", ""name"": ""Bo-Si Feng"", ""source"": ""s2""}, {""id"": ""2139136409"", ""name"": ""Xuejin Gao"", ""source"": ""s2""}]"
e982634bc96c870390198b7bca7b7834f4518e1d,10.1007/978-3-030-59713-9_64,Cycle Structure and Illumination Constrained GAN for Medical Image Enhancement,2020,International Conference on Medical Image Computing and Computer-Assisted Intervention,Yuhui Ma; Yonghuai Liu; Jun Cheng; Yalin Zheng; Morteza Ghahremani; Honghan Chen; Jiang Liu; Yitian Zhao,"[{""id"": ""143976354"", ""name"": ""Yuhui Ma"", ""source"": ""s2""}, {""id"": ""152891407"", ""name"": ""Yonghuai Liu"", ""source"": ""s2""}, {""id"": ""50995454"", ""name"": ""Jun Cheng"", ""source"": ""s2""}, {""id"": ""1696306"", ""name"": ""Yalin Zheng"", ""source"": ""s2""}, {""id"": ""1522002795"", ""name"": ""Morteza Ghahremani"", ""source"": ""s2""}, {""id"": ""2108476156"", ""name"": ""Honghan Chen"", ""source"": ""s2""}, {""id"": ""38620434"", ""name"": ""Jiang Liu"", ""source"": ""s2""}, {""id"": ""1956017"", ""name"": ""Yitian Zhao"", ""source"": ""s2""}]"
7b187d09619571b68551feb9246f312b78747676,10.1145/3423323.3423411,A Generative Adversarial Approach with Residual Learning for Dust and Scratches Artifacts Removal,2020,Proceedings of the 2nd Workshop on Structuring and Understanding of Multimedia heritAge Contents,Ionut Mironica,"[{""id"": ""1759152"", ""name"": ""Ionut Mironica"", ""source"": ""s2""}]"
291f85f8f93d4378c92a239ad3716d3b1b2eee7f,10.1007/s10044-020-00908-2,Low-light enhancement based on an improved simplified Retinex model via fast illumination map refinement,2020,Pattern Analysis and Applications,Shijie Hao; Xuyang Han; Youming Zhang; Lei Xu,"[{""id"": ""6175623"", ""name"": ""Shijie Hao"", ""source"": ""s2""}, {""id"": ""48506198"", ""name"": ""Xuyang Han"", ""source"": ""s2""}, {""id"": ""2142599008"", ""name"": ""Youming Zhang"", ""source"": ""s2""}, {""id"": ""2112281536"", ""name"": ""Lei Xu"", ""source"": ""s2""}]"
1fe8a4f2b542d9f9a0c0eb68821aa400910660cc,10.23919/ICCAS50221.2020.9268426,Retaining Image Feature Matching Performance Under Low Light Conditions,2020,"International Conference on Control, Automation and Systems",Pranjay Shyam; Antyanta Bangunharcana; Kyung-soo Kim,"[{""id"": ""1924559935"", ""name"": ""Pranjay Shyam"", ""source"": ""s2""}, {""id"": ""1922394497"", ""name"": ""Antyanta Bangunharcana"", ""source"": ""s2""}, {""id"": ""2109327860"", ""name"": ""Kyung-soo Kim"", ""source"": ""s2""}]"
0cd6395bafc71a0273d6a9e379296d25afdf9b37,10.5244/c.34.196,DALE : Dark Region-Aware Low-light Image Enhancement,2020,British Machine Vision Conference,Dokyeong Kwon; Guisik Kim; Junseok Kwon,"[{""id"": ""2052326441"", ""name"": ""Dokyeong Kwon"", ""source"": ""s2""}, {""id"": ""9758954"", ""name"": ""Guisik Kim"", ""source"": ""s2""}, {""id"": ""31158891"", ""name"": ""Junseok Kwon"", ""source"": ""s2""}]"
5746980ffaa72c237a9f54fc4f4c5cc67200ce1f,,Low-Light Maritime Image Enhancement with Regularized Illumination Optimization and Deep Noise Suppression,2020,arXiv.org,Yu Guo; Yuxu Lu; R. W. Liu; Meifang Yang; K. Chui,"[{""id"": ""2143378699"", ""name"": ""Yu Guo"", ""source"": ""s2""}, {""id"": ""121713030"", ""name"": ""Yuxu Lu"", ""source"": ""s2""}, {""id"": ""3136503"", ""name"": ""R. W. Liu"", ""source"": ""s2""}, {""id"": ""1443734899"", ""name"": ""Meifang Yang"", ""source"": ""s2""}, {""id"": ""2057073046"", ""name"": ""K. Chui"", ""source"": ""s2""}]"
f3f73da45cf960fa3fc1174ac410e5b99bbe112f,10.1109/ACCESS.2020.3015217,Low-Light Image Enhancement With Regularized Illumination Optimization and Deep Noise Suppression,2020,IEEE Access,Yu Guo; Yuxu Lu; R. W. Liu; Meifang Yang; K. Chui,"[{""id"": ""2143378699"", ""name"": ""Yu Guo"", ""source"": ""s2""}, {""id"": ""121713030"", ""name"": ""Yuxu Lu"", ""source"": ""s2""}, {""id"": ""3136503"", ""name"": ""R. W. Liu"", ""source"": ""s2""}, {""id"": ""1443734899"", ""name"": ""Meifang Yang"", ""source"": ""s2""}, {""id"": ""1977592"", ""name"": ""K. Chui"", ""source"": ""s2""}]"
7546b0ec52a6ee1e4260a8124c8a2afec214d427,10.1007/978-3-030-58601-0_7,Low Light Video Enhancement Using Synthetic Data Produced with an Intermediate Domain Mapping,2020,European Conference on Computer Vision,Danai Triantafyllidou; S. Moran; Steven G. McDonagh; Sarah Parisot; G. Slabaugh,"[{""id"": ""7172565"", ""name"": ""Danai Triantafyllidou"", ""source"": ""s2""}, {""id"": ""47852085"", ""name"": ""S. Moran"", ""source"": ""s2""}, {""id"": ""40513205"", ""name"": ""Steven G. McDonagh"", ""source"": ""s2""}, {""id"": ""3349497"", ""name"": ""Sarah Parisot"", ""source"": ""s2""}, {""id"": ""7622560"", ""name"": ""G. Slabaugh"", ""source"": ""s2""}]"
c7808b1bf495d7104258fbcbf3e26cc0bfcf8628,10.1109/TIP.2020.3008396,Lightening Network for Low-Light Image Enhancement,2020,IEEE Transactions on Image Processing,Li-Wen Wang; Zhi-Song Liu; W. Siu; D. Lun,"[{""id"": ""1837949044"", ""name"": ""Li-Wen Wang"", ""source"": ""s2""}, {""id"": ""3382725"", ""name"": ""Zhi-Song Liu"", ""source"": ""s2""}, {""id"": ""144250750"", ""name"": ""W. Siu"", ""source"": ""s2""}, {""id"": ""1731962"", ""name"": ""D. Lun"", ""source"": ""s2""}]"
38972b708e114552a6d3a9edd151a3d12c1483cb,10.1109/ICME46284.2020.9102816,Learning To See Faces In The Dark,2020,IEEE International Conference on Multimedia and Expo,Xin Ding; R. Hu,"[{""id"": ""1720691712"", ""name"": ""Xin Ding"", ""source"": ""s2""}, {""id"": ""144328091"", ""name"": ""R. Hu"", ""source"": ""s2""}]"
4233c268034f8b409cb5f77794b6ab2b3486a226,10.1109/icme46284.2020.9102962,Zero-Shot Restoration of Underexposed Images via Robust Retinex Decomposition,2020,IEEE International Conference on Multimedia and Expo,Anqi Zhu; Lin Zhang; Ying Shen; Yong Ma; Shengjie Zhao; Yicong Zhou,"[{""id"": ""2054793691"", ""name"": ""Anqi Zhu"", ""source"": ""s2""}, {""id"": ""2143834929"", ""name"": ""Lin Zhang"", ""source"": ""s2""}, {""id"": ""143822680"", ""name"": ""Ying Shen"", ""source"": ""s2""}, {""id"": ""2122482757"", ""name"": ""Yong Ma"", ""source"": ""s2""}, {""id"": ""47601434"", ""name"": ""Shengjie Zhao"", ""source"": ""s2""}, {""id"": ""3049217"", ""name"": ""Yicong Zhou"", ""source"": ""s2""}]"
43c09a9d8a631942371c998eaf606294275bccc8,10.1109/TIP.2021.3125394,Burst Photography for Learning to Enhance Extremely Dark Images,2020,IEEE Transactions on Image Processing,Ahmet Serdar Karadeniz; Erkut Erdem; Aykut Erdem,"[{""id"": ""1486490787"", ""name"": ""Ahmet Serdar Karadeniz"", ""source"": ""s2""}, {""id"": ""152330322"", ""name"": ""Erkut Erdem"", ""source"": ""s2""}, {""id"": ""14364286"", ""name"": ""Aykut Erdem"", ""source"": ""s2""}]"
01a44aede8e6fba7f7d7a520b79b9fc6ec8d89c7,10.1109/cvpr42600.2020.00678,Optical Flow in the Dark,2020,Computer Vision and Pattern Recognition,Yinqiang Zheng; Mingfang Zhang; Feng Lu,"[{""id"": ""2037259"", ""name"": ""Yinqiang Zheng"", ""source"": ""s2""}, {""id"": ""2290240304"", ""name"": ""Mingfang Zhang"", ""source"": ""s2""}, {""id"": ""1388864077"", ""name"": ""Feng Lu"", ""source"": ""s2""}]"
9342a3f3328419a3574ac665d0cf9d264a7f52b5,10.1145/3394171.3413925,Fast Enhancement for Non-Uniform Illumination Images using Light-weight CNNs,2020,ACM Multimedia,Feifan Lv; Bo Liu; Feng Lu,"[{""id"": ""51290122"", ""name"": ""Feifan Lv"", ""source"": ""s2""}, {""id"": null, ""name"": ""Bo Liu"", ""source"": ""s2""}, {""id"": ""1388864077"", ""name"": ""Feng Lu"", ""source"": ""s2""}]"
74f38e6667f52e6104ca65f51fe535df3e0c03ac,10.1109/TPAMI.2020.3045882,Map-Guided Curriculum Domain Adaptation and Uncertainty-Aware Evaluation for Semantic Nighttime Image Segmentation,2020,IEEE Transactions on Pattern Analysis and Machine Intelligence,Christos Sakaridis; Dengxin Dai; L. Van Gool,"[{""id"": ""7593607"", ""name"": ""Christos Sakaridis"", ""source"": ""s2""}, {""id"": ""1778526"", ""name"": ""Dengxin Dai"", ""source"": ""s2""}, {""id"": ""134339866"", ""name"": ""L. Van Gool"", ""source"": ""s2""}]"
6fcccca02671b9e4bd6a832bb8fec49c0da55979,10.1109/TMI.2020.3043495,Modeling and Enhancing Low-Quality Retinal Fundus Images,2020,IEEE Transactions on Medical Imaging,Ziyi Shen; H. Fu; Jianbing Shen; Ling Shao,"[{""id"": ""2182388"", ""name"": ""Ziyi Shen"", ""source"": ""s2""}, {""id"": ""1929093"", ""name"": ""H. Fu"", ""source"": ""s2""}, {""id"": ""145953515"", ""name"": ""Jianbing Shen"", ""source"": ""s2""}, {""id"": ""144082425"", ""name"": ""Ling Shao"", ""source"": ""s2""}]"
b7eedc4671785072a0b444a5bb85ff8fa1ed50a6,,Understanding and Correcting Low-quality Retinal Fundus Images for Clinical Analysis,2020,arXiv.org,Ziyi Shen; H. Fu; Jianbing Shen; Ling Shao,"[{""id"": ""2182388"", ""name"": ""Ziyi Shen"", ""source"": ""s2""}, {""id"": ""1929093"", ""name"": ""H. Fu"", ""source"": ""s2""}, {""id"": ""145953515"", ""name"": ""Jianbing Shen"", ""source"": ""s2""}, {""id"": ""144082425"", ""name"": ""Ling Shao"", ""source"": ""s2""}]"
09118b44e9fdb94e8768b5ae139c1c9a4576d0de,10.1109/ACCESS.2020.2992749,An Experiment-Based Review of Low-Light Image Enhancement Methods,2020,IEEE Access,Wencheng Wang; Xiaojin Wu; Xiaohui Yuan; Zairui Gao,"[{""id"": ""2120372506"", ""name"": ""Wencheng Wang"", ""source"": ""s2""}, {""id"": ""50171677"", ""name"": ""Xiaojin Wu"", ""source"": ""s2""}, {""id"": ""2115844515"", ""name"": ""Xiaohui Yuan"", ""source"": ""s2""}, {""id"": ""2913158"", ""name"": ""Zairui Gao"", ""source"": ""s2""}]"
a3989ae2dec26e111845943605b35a25fa910246,10.1109/ICICCS48265.2020.9120901,Enhancement and Tampering Detection for Surveillance System,2020,International Conference Intelligent Computing and Control Systems,Sunita Sahu; Nirav Motwani; Aakanksha Talreja; Naman Varyomalani; Kunal Kundnani,"[{""id"": ""25617146"", ""name"": ""Sunita Sahu"", ""source"": ""s2""}, {""id"": ""1753741419"", ""name"": ""Nirav Motwani"", ""source"": ""s2""}, {""id"": ""1753741417"", ""name"": ""Aakanksha Talreja"", ""source"": ""s2""}, {""id"": ""1753739110"", ""name"": ""Naman Varyomalani"", ""source"": ""s2""}, {""id"": ""1753739100"", ""name"": ""Kunal Kundnani"", ""source"": ""s2""}]"
f734658a32e3604041cd2d203c7606bcec343806,10.1016/j.ijleo.2020.164260,Color and white balancing in low-light image enhancement,2020,,M. Iqbal; S. Ali; M. Riaz; A. Ghafoor; Attiq Ahmad,"[{""id"": ""1860890327"", ""name"": ""M. Iqbal"", ""source"": ""s2""}, {""id"": ""2197444"", ""name"": ""S. Ali"", ""source"": ""s2""}, {""id"": ""33485006"", ""name"": ""M. Riaz"", ""source"": ""s2""}, {""id"": ""93065262"", ""name"": ""A. Ghafoor"", ""source"": ""s2""}, {""id"": ""9438679"", ""name"": ""Attiq Ahmad"", ""source"": ""s2""}]"
09a1b81906d6aabc19180d2b983ec96c7e20a8e4,10.1109/ACCESS.2020.2988767,Low Light Image Enhancement Network With Attention Mechanism and Retinex Model,2020,IEEE Access,Wei Huang; Yifeng Zhu; Rui Huang,"[{""id"": ""2152491604"", ""name"": ""Wei Huang"", ""source"": ""s2""}, {""id"": ""1390861158"", ""name"": ""Yifeng Zhu"", ""source"": ""s2""}, {""id"": ""2140385915"", ""name"": ""Rui Huang"", ""source"": ""s2""}]"
874f1251353f98bd096cade10848c82907aaa1f9,10.1007/s00371-020-01838-0,Structure revealing of low-light images using wavelet transform based on fractional-order denoising and multiscale decomposition,2020,The Visual Computer,Ziaur Rahman; Yifei Pu; M. Aamir; Samad Wali,"[{""id"": ""145760130"", ""name"": ""Ziaur Rahman"", ""source"": ""s2""}, {""id"": ""7805040"", ""name"": ""Yifei Pu"", ""source"": ""s2""}, {""id"": ""2147469944"", ""name"": ""M. Aamir"", ""source"": ""s2""}, {""id"": ""104452537"", ""name"": ""Samad Wali"", ""source"": ""s2""}]"
75ba306e914aad8f82b27b66ebaacec146e19518,10.1609/AAAI.V34I07.6843,An Integrated Enhancement Solution for 24-hour Colorful Imaging,2020,AAAI Conference on Artificial Intelligence,Feifan Lv; Yinqiang Zheng; Yicheng Li; Feng Lu,"[{""id"": ""51290122"", ""name"": ""Feifan Lv"", ""source"": ""s2""}, {""id"": ""2037259"", ""name"": ""Yinqiang Zheng"", ""source"": ""s2""}, {""id"": ""2155180560"", ""name"": ""Yicheng Li"", ""source"": ""s2""}, {""id"": ""1388864077"", ""name"": ""Feng Lu"", ""source"": ""s2""}]"
cc8826c93dffe1e0118cbe7e04dc8fb243afe001,10.1609/AAAI.V34I07.7013,EEMEFN: Low-Light Image Enhancement via Edge-Enhanced Multi-Exposure Fusion Network,2020,AAAI Conference on Artificial Intelligence,Minfeng Zhu; Pingbo Pan; Wei Chen; Yi Yang,"[{""id"": ""145314938"", ""name"": ""Minfeng Zhu"", ""source"": ""s2""}, {""id"": ""1991108"", ""name"": ""Pingbo Pan"", ""source"": ""s2""}, {""id"": ""2283009"", ""name"": ""Wei Chen"", ""source"": ""s2""}, {""id"": ""2143686040"", ""name"": ""Yi Yang"", ""source"": ""s2""}]"
32d8dd63e74c1f6740a5a6bd37ba8b994e635ea1,,Burst Denoising of Dark Images,2020,arXiv.org,Ahmet Serdar Karadeniz; Erkut Erdem; Aykut Erdem,"[{""id"": ""1486490787"", ""name"": ""Ahmet Serdar Karadeniz"", ""source"": ""s2""}, {""id"": ""152330322"", ""name"": ""Erkut Erdem"", ""source"": ""s2""}, {""id"": ""14364286"", ""name"": ""Aykut Erdem"", ""source"": ""s2""}]"
e8b471623a666bf77e303896424f29a62a31e50f,10.1145/3338533.3366584,An Adaptive Dark Region Detail Enhancement Method for Low-light Images,2019,ACM Multimedia Asia,Wengang Cheng; Caiyun Guo; Haitao Hu,"[{""id"": ""3073008"", ""name"": ""Wengang Cheng"", ""source"": ""s2""}, {""id"": ""2109795159"", ""name"": ""Caiyun Guo"", ""source"": ""s2""}, {""id"": ""47864619"", ""name"": ""Haitao Hu"", ""source"": ""s2""}]"
c41aacb6a0b5f6b501dbaf20e2cbea380c427ad9,10.1109/CVPRW50498.2020.00261,Color-wise Attention Network for Low-light Image Enhancement,2019,2020 IEEE/CVF Conference on Computer Vision and Pattern Recognition Workshops (CVPRW),Yousef Atoum; Mao Ye; Liu Ren; Ying Tai; Xiaoming Liu,"[{""id"": ""2447931"", ""name"": ""Yousef Atoum"", ""source"": ""s2""}, {""id"": ""144560364"", ""name"": ""Mao Ye"", ""source"": ""s2""}, {""id"": ""145645852"", ""name"": ""Liu Ren"", ""source"": ""s2""}, {""id"": ""144970872"", ""name"": ""Ying Tai"", ""source"": ""s2""}, {""id"": ""2108960018"", ""name"": ""Xiaoming Liu"", ""source"": ""s2""}]"
381c650d2c5cba76c28626e6e31cb2e55d4cf452,10.1007/978-3-030-31723-2_19,An Effective Network with ConvLSTM for Low-Light Image Enhancement,2019,Chinese Conference on Pattern Recognition and Computer Vision,Yixin Xiang; Ying Fu; Lei Zhang; Hua Huang,"[{""id"": ""2147246448"", ""name"": ""Yixin Xiang"", ""source"": ""s2""}, {""id"": ""143728560"", ""name"": ""Ying Fu"", ""source"": ""s2""}, {""id"": ""2152827674"", ""name"": ""Lei Zhang"", ""source"": ""s2""}, {""id"": ""143814264"", ""name"": ""Hua Huang"", ""source"": ""s2""}]"
3d402f1ef2185695a33ca0a6cc21985f4dea4b3e,10.1145/3343031.3350994,Illumination-Invariant Person Re-Identification,2019,ACM Multimedia,Yukun Huang; Zhengjun Zha; Xueyang Fu; Wei Zhang,"[{""id"": null, ""name"": ""Yukun Huang"", ""source"": ""s2""}, {""id"": ""143962510"", ""name"": ""Zhengjun Zha"", ""source"": ""s2""}, {""id"": ""3061449"", ""name"": ""Xueyang Fu"", ""source"": ""s2""}, {""id"": null, ""name"": ""Wei Zhang"", ""source"": ""s2""}]"
a5d043c17ff9b9ae4bd11762bfef27790fada58d,10.1109/ICCV.2019.00742,Learning to See Moving Objects in the Dark,2019,IEEE International Conference on Computer Vision,Haiyang Jiang; Yinqiang Zheng,"[{""id"": ""152743682"", ""name"": ""Haiyang Jiang"", ""source"": ""s2""}, {""id"": ""2037259"", ""name"": ""Yinqiang Zheng"", ""source"": ""s2""}]"
c46503888ad5838ec044f9ca0cf8616d94e43c91,10.1109/ICCV.2019.00328,Seeing Motion in the Dark,2019,IEEE International Conference on Computer Vision,Chen Chen; Qifeng Chen; M. Do; V. Koltun,"[{""id"": null, ""name"": ""Chen Chen"", ""source"": ""s2""}, {""id"": ""143832240"", ""name"": ""Qifeng Chen"", ""source"": ""s2""}, {""id"": ""1834451"", ""name"": ""M. Do"", ""source"": ""s2""}, {""id"": ""145231047"", ""name"": ""V. Koltun"", ""source"": ""s2""}]"
68dec8d0c97827ce1a943152e6620b8e300d568e,10.1007/s11263-021-01466-8,Attention Guided Low-Light Image Enhancement with a Large Scale Low-Light Simulation Dataset,2019,International Journal of Computer Vision,Feifan Lv; Yu Li; Feng Lu,"[{""id"": ""51290122"", ""name"": ""Feifan Lv"", ""source"": ""s2""}, {""id"": ""2116609876"", ""name"": ""Yu Li"", ""source"": ""s2""}, {""id"": ""1388864077"", ""name"": ""Feng Lu"", ""source"": ""s2""}]"
3151ee4de6bf67ccba9b29565053720113ffaa85,,Attention-guided Low-light Image Enhancement,2019,arXiv.org,Feifan Lv; Feng Lu,"[{""id"": ""51290122"", ""name"": ""Feifan Lv"", ""source"": ""s2""}, {""id"": ""1388864077"", ""name"": ""Feng Lu"", ""source"": ""s2""}]"
f71f45dd3ab3133495de23a06fdd58240694b227,10.1109/ICMEW.2019.00054,Low-Light Image Enhancement with Attention and Multi-level Feature Fusion,2019,2019 IEEE International Conference on Multimedia & Expo Workshops (ICMEW),Lei Wang; Guangtao Fu; Zhuqing Jiang; Guodong Ju; Aidong Men,"[{""id"": ""2152504244"", ""name"": ""Lei Wang"", ""source"": ""s2""}, {""id"": ""152329766"", ""name"": ""Guangtao Fu"", ""source"": ""s2""}, {""id"": ""3334296"", ""name"": ""Zhuqing Jiang"", ""source"": ""s2""}, {""id"": ""151485737"", ""name"": ""Guodong Ju"", ""source"": ""s2""}, {""id"": ""1736046"", ""name"": ""Aidong Men"", ""source"": ""s2""}]"
5e4bc76fb2a00151e43aee7fd2f49ef527486634,10.1109/ICCV.2019.00747,Guided Curriculum Model Adaptation and Uncertainty-Aware Evaluation for Semantic Nighttime Image Segmentation,2019,IEEE International Conference on Computer Vision,Christos Sakaridis; Dengxin Dai; L. Gool,"[{""id"": ""7593607"", ""name"": ""Christos Sakaridis"", ""source"": ""s2""}, {""id"": ""1778526"", ""name"": ""Dengxin Dai"", ""source"": ""s2""}, {""id"": ""1681236"", ""name"": ""L. Gool"", ""source"": ""s2""}]"
1b22dc72a185489c26b940d97a8a1e70046c6347,10.14569/ijacsa.2026.0170151,EnGMHE: Enhanced Geometric Mean Histogram Equalization for Low-Light Image Enhancement,2026,International Journal of Advanced Computer Science and Applications,Rawan I. Zaghloul; H. Hiary,"[{""id"": ""39515587"", ""name"": ""Rawan I. Zaghloul"", ""source"": ""s2""}, {""id"": ""2833822"", ""name"": ""H. Hiary"", ""source"": ""s2""}]"
765cb21b150a6ce44cd68a3d63a0cb27a754a531,10.1109/ACCESS.2026.3681020,Development of Optimized Adaptive Multiscale Retinex Deep Learning Model for Image Enhancement,2026,IEEE Access,Lakshmi Kumari; Neetu Mittal; Megha Modi,"[{""id"": ""2292765872"", ""name"": ""Lakshmi Kumari"", ""source"": ""s2""}, {""id"": ""2281348097"", ""name"": ""Neetu Mittal"", ""source"": ""s2""}, {""id"": ""49779047"", ""name"": ""Megha Modi"", ""source"": ""s2""}]"
151f27d2468e4c1e864179e00110409aa8a17086,10.1016/j.patcog.2026.113332,Spatio-temporal collaborative optimization for event-guided low-light video enhancement,2026,Pattern Recognition,Zishu Yao; Xiang-Xiang Su; Shengning Zhou; Guangyu Zhu; Guodong Fan; Jing Chen,"[{""id"": ""2279605523"", ""name"": ""Zishu Yao"", ""source"": ""s2""}, {""id"": ""2217865111"", ""name"": ""Xiang-Xiang Su"", ""source"": ""s2""}, {""id"": ""2338975548"", ""name"": ""Shengning Zhou"", ""source"": ""s2""}, {""id"": ""2114036784"", ""name"": ""Guangyu Zhu"", ""source"": ""s2""}, {""id"": ""2298760903"", ""name"": ""Guodong Fan"", ""source"": ""s2""}, {""id"": ""2266734868"", ""name"": ""Jing Chen"", ""source"": ""s2""}]"
02e7e508eed1f8f7c29e01a9186d8a21a68c1c45,10.1109/ACCESS.2026.3665009,HVR-SSLE: Hierarchical Visual Reasoning for Self-Supervised Low-Light Image Enhancement,2026,IEEE Access,DongWon Choo; Qikang Deng; Taewon Park; Dohoon Lee,"[{""id"": ""2300608052"", ""name"": ""DongWon Choo"", ""source"": ""s2""}, {""id"": ""2100612835"", ""name"": ""Qikang Deng"", ""source"": ""s2""}, {""id"": ""2071934705"", ""name"": ""Taewon Park"", ""source"": ""s2""}, {""id"": ""2271397772"", ""name"": ""Dohoon Lee"", ""source"": ""s2""}]"
4cadf40ef9a0feb0ff04d952fc0feca6fcaabd20,10.1109/TMM.2026.3651020,Optimizing a 4D Lookup Table for Low-Light Video Enhancement via Wavelet Priori,2026,IEEE transactions on multimedia,Jinhong He; Minglong Xue; Wenhai Wang; Mingliang Zhou,"[{""id"": ""2278779333"", ""name"": ""Jinhong He"", ""source"": ""s2""}, {""id"": ""2239994043"", ""name"": ""Minglong Xue"", ""source"": ""s2""}, {""id"": ""2278582110"", ""name"": ""Wenhai Wang"", ""source"": ""s2""}, {""id"": ""2269261255"", ""name"": ""Mingliang Zhou"", ""source"": ""s2""}]"
bf44eccefca3018b155bd446d3d927d3e380860e,10.3788/lop251956,基于Zero-GDCE的低照度图像增强算法,2026,Laser &amp; Optoelectronics Progress,王蔓菁 Wang Manjing; 徐锋 Xu Feng; 刘满禄 Liu Manlu,"[{""id"": ""2430904868"", ""name"": ""王蔓菁 Wang Manjing"", ""source"": ""s2""}, {""id"": ""2128105503"", ""name"": ""徐锋 Xu Feng"", ""source"": ""s2""}, {""id"": ""2430906737"", ""name"": ""刘满禄 Liu Manlu"", ""source"": ""s2""}]"
a92e237f4ac5abf368880edfbb7a43605bfe59a9,10.1016/j.displa.2026.103542,RS-SLAM: A visual SLAM system suitable for low-light environments,2026,Displays (Guildford),Peng Peng; Xiaohua Wang; Sukai Xiong; Yuanshuai Yao; Xiaoyu Fan; Jiacheng Qi,"[{""id"": ""2072676837"", ""name"": ""Peng Peng"", ""source"": ""s2""}, {""id"": ""2109072867"", ""name"": ""Xiaohua Wang"", ""source"": ""s2""}, {""id"": ""2437589381"", ""name"": ""Sukai Xiong"", ""source"": ""s2""}, {""id"": ""2437919306"", ""name"": ""Yuanshuai Yao"", ""source"": ""s2""}, {""id"": ""2117802276"", ""name"": ""Xiaoyu Fan"", ""source"": ""s2""}, {""id"": ""2381078975"", ""name"": ""Jiacheng Qi"", ""source"": ""s2""}]"
b63ccd32c80e397d699181c8fea2db797e5e133c,10.1109/ACCESS.2026.3719936,Robust Low-Light Pedestrian Detection via Optimized Zero-DCE and YOLOv8,2026,IEEE Access,Dingnan Zhang; Enqi Yue; Boyang Liu; Dongsheng Wu,"[{""id"": ""1628910029"", ""name"": ""Dingnan Zhang"", ""source"": ""s2""}, {""id"": ""2429596107"", ""name"": ""Enqi Yue"", ""source"": ""s2""}, {""id"": ""2156643027"", ""name"": ""Boyang Liu"", ""source"": ""s2""}, {""id"": ""2398753821"", ""name"": ""Dongsheng Wu"", ""source"": ""s2""}]"
9c3b52669616cbd41e2932ab384d741130d8276c,10.1109/TIM.2024.3497140,FFENet: Learning Frequency Features for Low-Light Enhancement,2025,IEEE Transactions on Instrumentation and Measurement,Zhenbing Liu; Junming Gong; Haoxiang Lu; Xipeng Pan; Rushi Lan,"[{""id"": ""1904697"", ""name"": ""Zhenbing Liu"", ""source"": ""s2""}, {""id"": ""2112954091"", ""name"": ""Junming Gong"", ""source"": ""s2""}, {""id"": ""2115608321"", ""name"": ""Haoxiang Lu"", ""source"": ""s2""}, {""id"": ""2269767787"", ""name"": ""Xipeng Pan"", ""source"": ""s2""}, {""id"": ""122211566"", ""name"": ""Rushi Lan"", ""source"": ""s2""}]"
7265909b89a644cc5e8358199d2f3b9ab88bf01f,10.32604/cmc.2024.059000,Unsupervised Low-Light Image Enhancement Based on Explicit Denoising and Knowledge Distillation,2025,Comput. Mater. Continua,Xianming Liu; Xinzhe Wang; Wenkai Zhang; Hao Zhang; Xiaoyu Guo; Shuiwang Li,"[{""id"": ""2330970874"", ""name"": ""Xianming Liu"", ""source"": ""s2""}, {""id"": ""2324669721"", ""name"": ""Xinzhe Wang"", ""source"": ""s2""}, {""id"": ""2306076894"", ""name"": ""Wenkai Zhang"", ""source"": ""s2""}, {""id"": ""2310367327"", ""name"": ""Hao Zhang"", ""source"": ""s2""}, {""id"": ""2310332664"", ""name"": ""Xiaoyu Guo"", ""source"": ""s2""}, {""id"": ""2335423467"", ""name"": ""Shuiwang Li"", ""source"": ""s2""}]"
243fadf15a6c0132ba271547cab121cf685cde2a,10.3788/aos241732,眼科手术显微镜低照度图像实时增强算法,2025,Acta Optica Sinica,郭泰龙 Guo Tailong; 蔡怀宇 Cai Huaiyu; 汪. Wang Yi; 陈晓冬 Chen Xiaodong,"[{""id"": ""2349035994"", ""name"": ""郭泰龙 Guo Tailong"", ""source"": ""s2""}, {""id"": ""2127880050"", ""name"": ""蔡怀宇 Cai Huaiyu"", ""source"": ""s2""}, {""id"": ""2128264902"", ""name"": ""汪. Wang Yi"", ""source"": ""s2""}, {""id"": ""2127906353"", ""name"": ""陈晓冬 Chen Xiaodong"", ""source"": ""s2""}]"
61c22db16057e89730abec8ae94f75549354b6d1,10.3788/lop241669,层分解抑制彩色光晕的低光图像增强,2025,Laser &amp; Optoelectronics Progress,朱天鑫 Zhu Tianxin; 陈春梅 Chen Chunmei; 刘桂华 Liu Guihua; 袁玲玲 Yuan Lingling; 张宇寒 Zhang Yuhan,"[{""id"": ""2350701904"", ""name"": ""朱天鑫 Zhu Tianxin"", ""source"": ""s2""}, {""id"": ""2269581630"", ""name"": ""陈春梅 Chen Chunmei"", ""source"": ""s2""}, {""id"": ""2133655828"", ""name"": ""刘桂华 Liu Guihua"", ""source"": ""s2""}, {""id"": ""2341063811"", ""name"": ""袁玲玲 Yuan Lingling"", ""source"": ""s2""}, {""id"": ""2261859258"", ""name"": ""张宇寒 Zhang Yuhan"", ""source"": ""s2""}]"
fed62a4f250fbda97d875636fec49d4178ccb9f5,10.1109/TCI.2025.3544070,RLNet: Reshaping Learning Network for Accurate Low-Light Light Field Image Enhancement,2025,IEEE Transactions on Computational Imaging,Xingzheng Wang; Jiahao Lin; Kaiqiang Chen; Wenhao Huang; Zixuan Wang; Yuanlong Deng,"[{""id"": ""2289802165"", ""name"": ""Xingzheng Wang"", ""source"": ""s2""}, {""id"": ""2346892660"", ""name"": ""Jiahao Lin"", ""source"": ""s2""}, {""id"": ""2266798493"", ""name"": ""Kaiqiang Chen"", ""source"": ""s2""}, {""id"": ""2267127994"", ""name"": ""Wenhao Huang"", ""source"": ""s2""}, {""id"": ""2266724069"", ""name"": ""Zixuan Wang"", ""source"": ""s2""}, {""id"": ""2302333100"", ""name"": ""Yuanlong Deng"", ""source"": ""s2""}]"
410c93f92fd20d4f75bc5e0fc255e95d2fcfe54f,10.1109/ACCESS.2025.3558574,LLD-YOLO: A Low-Light Object Detection Algorithm Based on Dynamic Weighted Fusion of Shallow and Deep Features,2025,IEEE Access,Wenhao Cai; Yajun Chen; Xiaoyang Qiu; Meiqi Niu; Jianying Li,"[{""id"": ""2317975996"", ""name"": ""Wenhao Cai"", ""source"": ""s2""}, {""id"": ""2206429769"", ""name"": ""Yajun Chen"", ""source"": ""s2""}, {""id"": ""2303328405"", ""name"": ""Xiaoyang Qiu"", ""source"": ""s2""}, {""id"": ""2317234452"", ""name"": ""Meiqi Niu"", ""source"": ""s2""}, {""id"": ""2317850232"", ""name"": ""Jianying Li"", ""source"": ""s2""}]"
711fe34e0315f056923b2330f3b96b4c4a7a630b,10.26599/tst.2024.9010115,Grayscale-Assisted RGB Image Conversion from Near-Infrared Images,2025,Tsinghua Science and Technology,Yunyi Gao; Qiankun Liu; Lin Gu; Ying Fu,"[{""id"": ""2330756563"", ""name"": ""Yunyi Gao"", ""source"": ""s2""}, {""id"": ""2237954356"", ""name"": ""Qiankun Liu"", ""source"": ""s2""}, {""id"": ""2290494499"", ""name"": ""Lin Gu"", ""source"": ""s2""}, {""id"": ""2262425671"", ""name"": ""Ying Fu"", ""source"": ""s2""}]"
a660944549b2bfe9d356bf1a308aa4ac5f0cfd4c,10.1016/j.compind.2025.104314,SRLFormer: Single Retinex-based and low-light image guidance Transformer for low-light image enhancement,2025,Computers in industry (Print),Bin Wang; Bin Zhang; Jinfang Sheng,"[{""id"": ""2152592769"", ""name"": ""Bin Wang"", ""source"": ""s2""}, {""id"": ""2294748546"", ""name"": ""Bin Zhang"", ""source"": ""s2""}, {""id"": ""1710094"", ""name"": ""Jinfang Sheng"", ""source"": ""s2""}]"
445378399762e7a875d332cf2a00689c36421ec4,10.1109/ACCESS.2025.3578916,An Efficient Illumination Estimation Algorithm for Low-Light Image Enhancement,2025,IEEE Access,Tirui Wu; M. Glavin; Edward Jones,"[{""id"": ""2285003251"", ""name"": ""Tirui Wu"", ""source"": ""s2""}, {""id"": ""145906580"", ""name"": ""M. Glavin"", ""source"": ""s2""}, {""id"": ""1406238784"", ""name"": ""Edward Jones"", ""source"": ""s2""}]"
79d25dd033c115234398271c98071e89e3bda9bb,10.1109/TASE.2025.3584202,High-Definition Light and Shadow Reconstruction of Blast Furnace Burden Surface Images Based on a Spatiotemporal Multi-Domain Guided Generative Model,2025,IEEE Transactions on Automation Science and Engineering,Jianjun He; Xiao Ji; Zhipeng Chen; Ling Shen; Weihua Gui,"[{""id"": ""2153095348"", ""name"": ""Jianjun He"", ""source"": ""s2""}, {""id"": ""2371296151"", ""name"": ""Xiao Ji"", ""source"": ""s2""}, {""id"": ""2111334817"", ""name"": ""Zhipeng Chen"", ""source"": ""s2""}, {""id"": ""2121271792"", ""name"": ""Ling Shen"", ""source"": ""s2""}, {""id"": ""2289227147"", ""name"": ""Weihua Gui"", ""source"": ""s2""}]"
273a4bd1822fea523aeeb50846a506940149e2de,10.1109/ACCESS.2025.3596308,RTF-SAW-YOLOv11: A Bolt Defect Detection Model for Power Transmission Lines Under Low-Light Conditions,2025,IEEE Access,Hao Zhang; Lin Gao; Yuxiang Gong; Huaguo Liu; Yongdan Zhu; Yu Yang,"[{""id"": ""2376113450"", ""name"": ""Hao Zhang"", ""source"": ""s2""}, {""id"": ""2296291358"", ""name"": ""Lin Gao"", ""source"": ""s2""}, {""id"": ""2376102064"", ""name"": ""Yuxiang Gong"", ""source"": ""s2""}, {""id"": ""2375446485"", ""name"": ""Huaguo Liu"", ""source"": ""s2""}, {""id"": ""2345685040"", ""name"": ""Yongdan Zhu"", ""source"": ""s2""}, {""id"": ""2296392822"", ""name"": ""Yu Yang"", ""source"": ""s2""}]"
f701537a202e1891039b37fe920b3b33902b8876,10.1109/TGRS.2025.3596581,FCMA-Det: Low-Light Image Object Detection Based on Feature Complementarity and Multicontent Aggregation,2025,IEEE Transactions on Geoscience and Remote Sensing,Jingyu Ji; Yuefei Zhao; YuHua Zhang; Xiaotong Zuo; Changlong Wang; Fengming Shi,"[{""id"": ""2310303430"", ""name"": ""Jingyu Ji"", ""source"": ""s2""}, {""id"": ""2335441251"", ""name"": ""Yuefei Zhao"", ""source"": ""s2""}, {""id"": ""2334661037"", ""name"": ""YuHua Zhang"", ""source"": ""s2""}, {""id"": ""2346158854"", ""name"": ""Xiaotong Zuo"", ""source"": ""s2""}, {""id"": ""2361331404"", ""name"": ""Changlong Wang"", ""source"": ""s2""}, {""id"": ""2312441953"", ""name"": ""Fengming Shi"", ""source"": ""s2""}]"
ddd2b809f65e61c604eb5cce287219b153593127,10.1109/TMM.2025.3599099,Exploring Multi-Feature Relationship in Retinex Decomposition for Low-Light Image Enhancement,2025,IEEE transactions on multimedia,Ruoyu Guo; M. Pagnucco; Yang Song,"[{""id"": ""2262091394"", ""name"": ""Ruoyu Guo"", ""source"": ""s2""}, {""id"": ""1783801"", ""name"": ""M. Pagnucco"", ""source"": ""s2""}, {""id"": ""2328578455"", ""name"": ""Yang Song"", ""source"": ""s2""}]"
0e9dc712f8fd8ba21dd477bc53ab3f8653a2ec39,10.1109/JSTARS.2025.3608696,LersGAN: A GAN-Based Model for Low-Light Remote Sensing Image Enhancement,2025,IEEE Journal of Selected Topics in Applied Earth Observations and Remote Sensing,Tianqiang Li; Tian Guo; Deliang Xiang,"[{""id"": ""2118911249"", ""name"": ""Tianqiang Li"", ""source"": ""s2""}, {""id"": ""2313902604"", ""name"": ""Tian Guo"", ""source"": ""s2""}, {""id"": ""2345016090"", ""name"": ""Deliang Xiang"", ""source"": ""s2""}]"
016675a7392f901a4615b6aef73703b96d03b35f,10.1109/ACCESS.2025.3629128,Contrast-Aware Image Enhancement Network for Low-Light Images,2025,IEEE Access,Jun Young Park; I. Eom,"[{""id"": ""2393113721"", ""name"": ""Jun Young Park"", ""source"": ""s2""}, {""id"": ""3260798"", ""name"": ""I. Eom"", ""source"": ""s2""}]"
33bb0e657ea541c640144a2dc726e2a1009576c0,10.1109/JSTARS.2025.3602880,LLE for SfM: Learning to Enhance the UAV Images for Nighttime Urban 3-D Reconstruction,2025,IEEE Journal of Selected Topics in Applied Earth Observations and Remote Sensing,Qiuyuan Ling; Xiaoyi Zhang; Zifeng Liang; Guang-liang Xie; Zhou Liu; Wenshuai Yu,"[{""id"": ""2345248129"", ""name"": ""Qiuyuan Ling"", ""source"": ""s2""}, {""id"": ""2325705053"", ""name"": ""Xiaoyi Zhang"", ""source"": ""s2""}, {""id"": ""2448675408"", ""name"": ""Zifeng Liang"", ""source"": ""s2""}, {""id"": ""30949123"", ""name"": ""Guang-liang Xie"", ""source"": ""s2""}, {""id"": ""2375380658"", ""name"": ""Zhou Liu"", ""source"": ""s2""}, {""id"": ""2173520942"", ""name"": ""Wenshuai Yu"", ""source"": ""s2""}]"
ce3b6388ce3f797c03d1aec7d5738cfaa410376f,10.1016/j.ifacol.2025.11.704,Hierarchical image enhancement based on intersectional cortical model for extracting accurate ship trajectories,2025,IFAC-PapersOnLine,Xinqiang Chen; Rui Yang; Yang Sun; Zichuang Wang; Han Zhang; O. Postolache,"[{""id"": ""2396957101"", ""name"": ""Xinqiang Chen"", ""source"": ""s2""}, {""id"": ""2279292987"", ""name"": ""Rui Yang"", ""source"": ""s2""}, {""id"": ""2302741361"", ""name"": ""Yang Sun"", ""source"": ""s2""}, {""id"": ""2159772398"", ""name"": ""Zichuang Wang"", ""source"": ""s2""}, {""id"": ""2364724004"", ""name"": ""Han Zhang"", ""source"": ""s2""}, {""id"": ""2396881452"", ""name"": ""O. Postolache"", ""source"": ""s2""}]"
8499ad0e3d4a00ec9d8e58756fa90db5f148a028,10.52202/085713-5007,Event-Guided Consistent Video Enhancement with Modality-Adaptive Diffusion Pipeline,2025,Neural Information Processing Systems,Kanghao Chen; Zixin Zhang; Guoqiang Liang; Lutao Jiang; Zeyu Wang; Yingcong Chen,"[{""id"": ""2294580844"", ""name"": ""Kanghao Chen"", ""source"": ""s2""}, {""id"": ""2363532169"", ""name"": ""Zixin Zhang"", ""source"": ""s2""}, {""id"": ""2294359232"", ""name"": ""Guoqiang Liang"", ""source"": ""s2""}, {""id"": ""2373575157"", ""name"": ""Lutao Jiang"", ""source"": ""s2""}, {""id"": ""2280954258"", ""name"": ""Zeyu Wang"", ""source"": ""s2""}, {""id"": ""2296217926"", ""name"": ""Yingcong Chen"", ""source"": ""s2""}]"
59a4c7b1ebad7749018ff6a4b685e5fac161d3f2,10.48550/arXiv.2512.24985,DarkEQA: Benchmarking Vision-Language Models for Embodied Question Answering in Low-Light Indoor Environments,2025,arXiv.org,Yohan Park; Hyunwoo Ha; Wonjun Jo; Tae-Hyun Oh,"[{""id"": ""2145069660"", ""name"": ""Yohan Park"", ""source"": ""s2""}, {""id"": ""2281868998"", ""name"": ""Hyunwoo Ha"", ""source"": ""s2""}, {""id"": ""2401827864"", ""name"": ""Wonjun Jo"", ""source"": ""s2""}, {""id"": ""2274931352"", ""name"": ""Tae-Hyun Oh"", ""source"": ""s2""}]"
22d65d9f9a43c9ef709bd800c6039e28ab45b1a5,10.1109/TMM.2024.3391907,Benchmark Dataset and Pair-Wise Ranking Method for Quality Evaluation of Night-Time Image Enhancement,2024,IEEE transactions on multimedia,Xuejin Wang; Leilei Huang; Hangwei Chen; Qiuping Jiang; Shaowei Weng; Feng Shao,"[{""id"": ""2108018987"", ""name"": ""Xuejin Wang"", ""source"": ""s2""}, {""id"": ""2297995497"", ""name"": ""Leilei Huang"", ""source"": ""s2""}, {""id"": ""2145252631"", ""name"": ""Hangwei Chen"", ""source"": ""s2""}, {""id"": ""2238896888"", ""name"": ""Qiuping Jiang"", ""source"": ""s2""}, {""id"": ""2238663706"", ""name"": ""Shaowei Weng"", ""source"": ""s2""}, {""id"": ""2166597539"", ""name"": ""Feng Shao"", ""source"": ""s2""}]"
9aae66ff80d406c7ce310ddccb12e662644838ca,10.1109/TCI.2024.3378091,LL-UNet++:UNet++ Based Nested Skip Connections Network for Low-Light Image Enhancement,2024,IEEE Transactions on Computational Imaging,P. Shi; Xiwang Xu; Xinnan Fan; Xudong Yang; Yuanxue Xin,"[{""id"": ""2055356924"", ""name"": ""P. Shi"", ""source"": ""s2""}, {""id"": ""2292455147"", ""name"": ""Xiwang Xu"", ""source"": ""s2""}, {""id"": ""2260779834"", ""name"": ""Xinnan Fan"", ""source"": ""s2""}, {""id"": ""2265828798"", ""name"": ""Xudong Yang"", ""source"": ""s2""}, {""id"": ""23145231"", ""name"": ""Yuanxue Xin"", ""source"": ""s2""}]"
0c1b87fa620a599458bf23ccfe7851cbf3fd39d9,10.1109/TMM.2023.3291498,PMSNet: Parallel Multi-Scale Network for Accurate Low-Light Light-Field Image Enhancement,2024,IEEE transactions on multimedia,Xingzheng Wang; Kaiqiang Chen; Zixuan Wang; Wenhao Huang,"[{""id"": ""48631703"", ""name"": ""Xingzheng Wang"", ""source"": ""s2""}, {""id"": ""2118441715"", ""name"": ""Kaiqiang Chen"", ""source"": ""s2""}, {""id"": ""2108400883"", ""name"": ""Zixuan Wang"", ""source"": ""s2""}, {""id"": ""2158102842"", ""name"": ""Wenhao Huang"", ""source"": ""s2""}]"
1fad5d24594230050df5375849b1fb6b82ac5fc2,10.1109/TMM.2023.3284988,Progressive Bidirectional Feature Extraction and Enhancement Network for Quality Evaluation of Night-Time Images,2024,IEEE transactions on multimedia,Jiangli Shi; Feng Shao; Chongzhen Tian; Hangwei Chen; Long Xu; Yo-Sung Ho,"[{""id"": ""48377179"", ""name"": ""Jiangli Shi"", ""source"": ""s2""}, {""id"": ""2065221266"", ""name"": ""Feng Shao"", ""source"": ""s2""}, {""id"": ""2149508465"", ""name"": ""Chongzhen Tian"", ""source"": ""s2""}, {""id"": ""2145252631"", ""name"": ""Hangwei Chen"", ""source"": ""s2""}, {""id"": ""2164656999"", ""name"": ""Long Xu"", ""source"": ""s2""}, {""id"": ""143949085"", ""name"": ""Yo-Sung Ho"", ""source"": ""s2""}]"
9eef368b54747ce95fd48fe48a3e20bbeb4a5379,10.1109/TIM.2024.3350120,WSA-YOLO: Weak-Supervised and Adaptive Object Detection in the Low-Light Environment for YOLOV7,2024,IEEE Transactions on Instrumentation and Measurement,Yanming Hui; Jue Wang; Bo Li,"[{""id"": ""2172174907"", ""name"": ""Yanming Hui"", ""source"": ""s2""}, {""id"": ""2109763930"", ""name"": ""Jue Wang"", ""source"": ""s2""}, {""id"": ""2246445422"", ""name"": ""Bo Li"", ""source"": ""s2""}]"
3e2329282ea1ecc099c79480f125b569257a0906,10.1109/TMM.2023.3293736,Glow in the Dark: Low-Light Image Enhancement With External Memory,2024,IEEE transactions on multimedia,Dongjie Ye; Zhangkai Ni; Wenhan Yang; Hanli Wang; Shiqi Wang; S. Kwong,"[{""id"": ""32198004"", ""name"": ""Dongjie Ye"", ""source"": ""s2""}, {""id"": ""38748686"", ""name"": ""Zhangkai Ni"", ""source"": ""s2""}, {""id"": ""1898172"", ""name"": ""Wenhan Yang"", ""source"": ""s2""}, {""id"": ""2774427"", ""name"": ""Hanli Wang"", ""source"": ""s2""}, {""id"": ""2283201042"", ""name"": ""Shiqi Wang"", ""source"": ""s2""}, {""id"": ""121840359"", ""name"": ""S. Kwong"", ""source"": ""s2""}]"
84dc31e2d95c79443c5450a91966b6520330c9d7,10.1109/ACCESS.2024.3381514,A Low-Light Image Enhancement Algorithm Incorporating Cross-Mixed Attention and Receptive Field Expansion Mechanism,2024,IEEE Access,Rongfeng Zhou; Ping Li; Mingyang Zhang; Qing Lin; Yuanyuan Wang; Xuesheng Bian; Feng Zhou; Rugang Wang,"[{""id"": ""2260619255"", ""name"": ""Rongfeng Zhou"", ""source"": ""s2""}, {""id"": ""2267107644"", ""name"": ""Ping Li"", ""source"": ""s2""}, {""id"": ""2293555715"", ""name"": ""Mingyang Zhang"", ""source"": ""s2""}, {""id"": ""2168343890"", ""name"": ""Qing Lin"", ""source"": ""s2""}, {""id"": ""2146025300"", ""name"": ""Yuanyuan Wang"", ""source"": ""s2""}, {""id"": ""2287083741"", ""name"": ""Xuesheng Bian"", ""source"": ""s2""}, {""id"": ""97662451"", ""name"": ""Feng Zhou"", ""source"": ""s2""}, {""id"": ""49908074"", ""name"": ""Rugang Wang"", ""source"": ""s2""}]"
1de0934b46b325c85edf5f39fbbb1812b1b52815,10.3788/lop231997,基于多尺度深度曲线估计的微光图像增强算法,2024,Laser &amp; Optoelectronics Progress,郭泓达 Guo Hongda; 董秀成 Dong Xiucheng; 郑永康 Zheng Yongkang; 雎雅玲 Ju Yaling; 张党成 Zhang Dangcheng,"[{""id"": ""2301963474"", ""name"": ""郭泓达 Guo Hongda"", ""source"": ""s2""}, {""id"": ""2133744109"", ""name"": ""董秀成 Dong Xiucheng"", ""source"": ""s2""}, {""id"": ""2301963644"", ""name"": ""郑永康 Zheng Yongkang"", ""source"": ""s2""}, {""id"": ""2301956088"", ""name"": ""雎雅玲 Ju Yaling"", ""source"": ""s2""}, {""id"": ""2301955966"", ""name"": ""张党成 Zhang Dangcheng"", ""source"": ""s2""}]"
f6107ba59dba91db16237465bf23a261c7889392,10.48550/arXiv.2405.15660,Low-Light Video Enhancement via Spatial-Temporal Consistent Illumination and Reflection Decomposition,2024,arXiv.org,Xiaogang Xu; Kun Zhou; Tao Hu; Ruixing Wang; Hujun Bao,"[{""id"": ""2276483420"", ""name"": ""Xiaogang Xu"", ""source"": ""s2""}, {""id"": ""2241255648"", ""name"": ""Kun Zhou"", ""source"": ""s2""}, {""id"": ""2291014998"", ""name"": ""Tao Hu"", ""source"": ""s2""}, {""id"": ""2303302229"", ""name"": ""Ruixing Wang"", ""source"": ""s2""}, {""id"": ""2286797568"", ""name"": ""Hujun Bao"", ""source"": ""s2""}]"
8c866fdcaa8e3a722070fabc1966c4eb024fae9b,10.1109/TGRS.2024.3422314,Zero-Shot Parameter Learning Network for Low-Light Image Enhancement in Permanently Shadowed Regions,2024,IEEE Transactions on Geoscience and Remote Sensing,Fengqi Zhang; Zhigang Tu; Weifeng Hao; Yihao Chen; Fei Li; Mao Ye,"[{""id"": ""2290062612"", ""name"": ""Fengqi Zhang"", ""source"": ""s2""}, {""id"": ""2061178292"", ""name"": ""Zhigang Tu"", ""source"": ""s2""}, {""id"": ""2257954158"", ""name"": ""Weifeng Hao"", ""source"": ""s2""}, {""id"": ""2271803346"", ""name"": ""Yihao Chen"", ""source"": ""s2""}, {""id"": ""2262197600"", ""name"": ""Fei Li"", ""source"": ""s2""}, {""id"": ""2294040469"", ""name"": ""Mao Ye"", ""source"": ""s2""}]"
f50da5f831fd27184f76f63fcbaa3b7cdd46b56c,10.1109/ACCESS.2024.3437154,Cable Tunnel Waterlogging Detection for Low-Light and Interference Based on Three-Stage Recognition,2024,IEEE Access,Jun Zhu; Fenglian Liu; Zhihang Xue; Wenwei Luo; Haoran Peng; Jun He; Zhengzheng Fu; Donghui Luo,"[{""id"": ""2314684639"", ""name"": ""Jun Zhu"", ""source"": ""s2""}, {""id"": ""2306428730"", ""name"": ""Fenglian Liu"", ""source"": ""s2""}, {""id"": ""2314391945"", ""name"": ""Zhihang Xue"", ""source"": ""s2""}, {""id"": ""2268650985"", ""name"": ""Wenwei Luo"", ""source"": ""s2""}, {""id"": ""2314564261"", ""name"": ""Haoran Peng"", ""source"": ""s2""}, {""id"": ""2118174970"", ""name"": ""Jun He"", ""source"": ""s2""}, {""id"": ""2313574285"", ""name"": ""Zhengzheng Fu"", ""source"": ""s2""}, {""id"": ""2313522994"", ""name"": ""Donghui Luo"", ""source"": ""s2""}]"
c5d34758d3e2b9d3a1f222cba5b661ab072035e2,10.1109/TMM.2024.3400668,CodedBGT: Code Bank-Guided Transformer for Low-Light Image Enhancement,2024,IEEE transactions on multimedia,Dongjie Ye; Baoliang Chen; Shiqi Wang; S. Kwong,"[{""id"": ""32198004"", ""name"": ""Dongjie Ye"", ""source"": ""s2""}, {""id"": ""1919597217"", ""name"": ""Baoliang Chen"", ""source"": ""s2""}, {""id"": ""2283201042"", ""name"": ""Shiqi Wang"", ""source"": ""s2""}, {""id"": ""121840359"", ""name"": ""S. Kwong"", ""source"": ""s2""}]"
2a41ae1cb4df0c6c729c34407538289aa2de20b0,10.1109/ACCESS.2024.3457514,Learning to Concurrently Brighten and Mitigate Deterioration in Low-Light Images,2024,IEEE Access,Minh-Thien Duong; Seongsoo Lee; Min-Cheol Hong,"[{""id"": ""2268101537"", ""name"": ""Minh-Thien Duong"", ""source"": ""s2""}, {""id"": ""2268174606"", ""name"": ""Seongsoo Lee"", ""source"": ""s2""}, {""id"": ""2268097214"", ""name"": ""Min-Cheol Hong"", ""source"": ""s2""}]"
be9ec74bf7c3ccc23515ecb56bafc0377d19b81d,10.1109/ACCESS.2024.3479781,Machine Vision and Robotics for Primary Food Manipulation and Packaging: A Survey,2024,IEEE Access,Saigopal Vasudevan; Mohamed Lamine Mekhalfi; C. Blanes; M. Lecca; F. Poiesi; Paul Ian Chippendale; Pablo Malvido Fresnillo; W. Mohammed; J. M. Martinez Lastra,"[{""id"": ""2152393693"", ""name"": ""Saigopal Vasudevan"", ""source"": ""s2""}, {""id"": ""2327240591"", ""name"": ""Mohamed Lamine Mekhalfi"", ""source"": ""s2""}, {""id"": ""3373930"", ""name"": ""C. Blanes"", ""source"": ""s2""}, {""id"": ""2558075"", ""name"": ""M. Lecca"", ""source"": ""s2""}, {""id"": ""2247819406"", ""name"": ""F. Poiesi"", ""source"": ""s2""}, {""id"": ""2327240632"", ""name"": ""Paul Ian Chippendale"", ""source"": ""s2""}, {""id"": ""2258131982"", ""name"": ""Pablo Malvido Fresnillo"", ""source"": ""s2""}, {""id"": ""2161838"", ""name"": ""W. Mohammed"", ""source"": ""s2""}, {""id"": ""2678886"", ""name"": ""J. M. Martinez Lastra"", ""source"": ""s2""}]"
29edde4a44f733ea1c5fa7b9940b4e1a99d3934e,10.1109/TMM.2024.3413293,Bilateral Interaction for Local-Global Collaborative Perception in Low-Light Image Enhancement,2024,IEEE transactions on multimedia,Rui Xu; Yuezhou Li; Yuzhen Niu; Huangbiao Xu; Yuzhong Chen; Tiesong Zhao,"[{""id"": ""2258303211"", ""name"": ""Rui Xu"", ""source"": ""s2""}, {""id"": ""2049029951"", ""name"": ""Yuezhou Li"", ""source"": ""s2""}, {""id"": ""2056577475"", ""name"": ""Yuzhen Niu"", ""source"": ""s2""}, {""id"": ""2306438622"", ""name"": ""Huangbiao Xu"", ""source"": ""s2""}, {""id"": ""2297422420"", ""name"": ""Yuzhong Chen"", ""source"": ""s2""}, {""id"": ""2153707464"", ""name"": ""Tiesong Zhao"", ""source"": ""s2""}]"
42a560d634f3e388b1f6b7c617dcef6cc67625e3,10.5768/jao202445.0609001,Review of low-illuminance image enhancement algorithm based on deep learning,2024,Journal of Applied Optics,Li Ziwei; Jinlong Liu; Huizhen Yang; Zhiguang Zhang,"[{""id"": ""2319330034"", ""name"": ""Li Ziwei"", ""source"": ""s2""}, {""id"": ""2395985209"", ""name"": ""Jinlong Liu"", ""source"": ""s2""}, {""id"": ""2268176945"", ""name"": ""Huizhen Yang"", ""source"": ""s2""}, {""id"": ""2268540237"", ""name"": ""Zhiguang Zhang"", ""source"": ""s2""}]"
6507196db1bf5c947c2971c7d55d6130839e45e8,10.1109/TIM.2022.3232641,Linear Contrast Enhancement Network for Low-Illumination Image Enhancement,2023,IEEE Transactions on Instrumentation and Measurement,Zhaorun Zhou; Zhenghao Shi; Wenqi Ren,"[{""id"": ""1720842659"", ""name"": ""Zhaorun Zhou"", ""source"": ""s2""}, {""id"": ""2853312"", ""name"": ""Zhenghao Shi"", ""source"": ""s2""}, {""id"": ""144850642"", ""name"": ""Wenqi Ren"", ""source"": ""s2""}]"
e810e493b96bc9c2fb4f40bba568ac2e5235197e,10.48550/arXiv.2305.10223,NFI2: Learning Noise-Free Illuminance-Interpolator for Unsupervised Low-Light Image Enhancement,2023,arXiv.org,Xiaofeng Liu; Jiaxin Gao; Ziyu Yue; Xin-Yue Fan; Risheng Liu,"[{""id"": ""2257345982"", ""name"": ""Xiaofeng Liu"", ""source"": ""s2""}, {""id"": ""2170969324"", ""name"": ""Jiaxin Gao"", ""source"": ""s2""}, {""id"": ""2238954073"", ""name"": ""Ziyu Yue"", ""source"": ""s2""}, {""id"": ""2117800366"", ""name"": ""Xin-Yue Fan"", ""source"": ""s2""}, {""id"": ""34469457"", ""name"": ""Risheng Liu"", ""source"": ""s2""}]"
cc3b299ea3cca09f0dc20f8157a1bcecc18e464a,10.1109/TIM.2022.3222517,MDSFE: Multiscale Deep Stacking Fusion Enhancer Network for Visual Data Enhancement,2023,IEEE Transactions on Instrumentation and Measurement,Yu Guo; Yuxu Lu; Jingxiang Qu; Ryan Wen Liu; Wenqi Ren,"[{""id"": ""2143378699"", ""name"": ""Yu Guo"", ""source"": ""s2""}, {""id"": ""121713030"", ""name"": ""Yuxu Lu"", ""source"": ""s2""}, {""id"": ""2189470689"", ""name"": ""Jingxiang Qu"", ""source"": ""s2""}, {""id"": ""2202013693"", ""name"": ""Ryan Wen Liu"", ""source"": ""s2""}, {""id"": ""2053308882"", ""name"": ""Wenqi Ren"", ""source"": ""s2""}]"
68e372d65bc3105e6d70c2a36af289d074823a65,10.1109/TIM.2023.3284141,Low-Illumination Image Enhancement for Foreign Object Detection in Confined Spaces,2023,IEEE Transactions on Instrumentation and Measurement,Te Li; Zelin Pei; Xingjian Liu; Ruhan Nie; Xu Li; Yongqing Wang,"[{""id"": ""2108970410"", ""name"": ""Te Li"", ""source"": ""s2""}, {""id"": ""122304658"", ""name"": ""Zelin Pei"", ""source"": ""s2""}, {""id"": ""1959234894"", ""name"": ""Xingjian Liu"", ""source"": ""s2""}, {""id"": ""2220461645"", ""name"": ""Ruhan Nie"", ""source"": ""s2""}, {""id"": ""2116328427"", ""name"": ""Xu Li"", ""source"": ""s2""}, {""id"": ""2143454216"", ""name"": ""Yongqing Wang"", ""source"": ""s2""}]"
64741709b904bcf90da8c9676b94820edb6bbd3b,10.1109/TIM.2023.3301049,LCA-Net: A Context-Aware Lightweight Network for Low-Illumination Image Enhancement,2023,IEEE Transactions on Instrumentation and Measurement,Zhenghao Shi; Manyu Wang; Wenqi Ren,"[{""id"": ""2853312"", ""name"": ""Zhenghao Shi"", ""source"": ""s2""}, {""id"": ""2229740188"", ""name"": ""Manyu Wang"", ""source"": ""s2""}, {""id"": ""144850642"", ""name"": ""Wenqi Ren"", ""source"": ""s2""}]"
1ad1af40d52fbdb5ae9d3972d87e8ddb98618734,,Joint Low-light Enhancement and Super Resolution with Image Underexposure Level Guidance,2023,British Machine Vision Conference,Mingjie Xu; Chaoqun Zhuang; Feifan Lv; Feng Lu,"[{""id"": ""2153557696"", ""name"": ""Mingjie Xu"", ""source"": ""s2""}, {""id"": ""2279568373"", ""name"": ""Chaoqun Zhuang"", ""source"": ""s2""}, {""id"": ""51290122"", ""name"": ""Feifan Lv"", ""source"": ""s2""}, {""id"": ""2279610393"", ""name"": ""Feng Lu"", ""source"": ""s2""}]"
997afb3e71f0431c133270793a8a8e9cb93ab70e,10.1109/TCI.2023.3241550,Multi-Stream Progressive Restoration for Low-Light Light Field Enhancement and Denoising,2023,IEEE Transactions on Computational Imaging,Xiang Wang; Youfang Lin; Shuo Zhang,"[{""id"": ""2308500953"", ""name"": ""Xiang Wang"", ""source"": ""s2""}, {""id"": ""2624174"", ""name"": ""Youfang Lin"", ""source"": ""s2""}, {""id"": ""2117777418"", ""name"": ""Shuo Zhang"", ""source"": ""s2""}]"
3e83a11fa56f265deda246195c89086119e4cfc6,10.1109/TCI.2023.3240087,LightingNet: An Integrated Learning Method for Low-Light Image Enhancement,2023,IEEE Transactions on Computational Imaging,Shaoliang Yang; Dongming Zhou; Jinde Cao; Yanbu Guo,"[{""id"": ""2162395521"", ""name"": ""Shaoliang Yang"", ""source"": ""s2""}, {""id"": ""2153594632"", ""name"": ""Dongming Zhou"", ""source"": ""s2""}, {""id"": ""2161849202"", ""name"": ""Jinde Cao"", ""source"": ""s2""}, {""id"": ""36447598"", ""name"": ""Yanbu Guo"", ""source"": ""s2""}]"
b8948521dad7213cc82178c1c1eb0b07335efbfd,,Signal Processing: Image Communication,2023,,Wencheng Wang; Dongliang Yan; Xiaojin Wu; Weikai He; Zhenxue Chen; Xiaohui Yuan; Lun Li,"[{""id"": ""2177239141"", ""name"": ""Wencheng Wang"", ""source"": ""s2""}, {""id"": ""2163515397"", ""name"": ""Dongliang Yan"", ""source"": ""s2""}, {""id"": ""50171677"", ""name"": ""Xiaojin Wu"", ""source"": ""s2""}, {""id"": ""1825761822"", ""name"": ""Weikai He"", ""source"": ""s2""}, {""id"": ""145833455"", ""name"": ""Zhenxue Chen"", ""source"": ""s2""}, {""id"": ""2115844662"", ""name"": ""Xiaohui Yuan"", ""source"": ""s2""}, {""id"": ""2177362541"", ""name"": ""Lun Li"", ""source"": ""s2""}]"
db295b4bd1ef52f2664ea225d4eee4cf87542aad,10.1109/TMM.2022.3154152,Low-Light Stereo Image Enhancement,2023,IEEE transactions on multimedia,Jie Huang; Xueyang Fu; Zeyu Xiao; Fengmei Zhao; Zhiwei Xiong,"[{""id"": ""2110284557"", ""name"": ""Jie Huang"", ""source"": ""s2""}, {""id"": ""3061449"", ""name"": ""Xueyang Fu"", ""source"": ""s2""}, {""id"": ""1993383158"", ""name"": ""Zeyu Xiao"", ""source"": ""s2""}, {""id"": ""2152335165"", ""name"": ""Fengmei Zhao"", ""source"": ""s2""}, {""id"": ""2352456"", ""name"": ""Zhiwei Xiong"", ""source"": ""s2""}]"
dae6fee8860105aecd7d6bc1cbe85434748b52a9,10.5220/0011652000003411,Evaluating the Impact of Low-Light Image Enhancement Methods on Runner Re-Identification in the Wild,2023,International Conference on Pattern Recognition Applications and Methods,O. J. Santana; J. Lorenzo-Navarro; David Freire-Obregón; D. Hernández-Sosa; Modesto Castrillón-Santana,"[{""id"": ""2754680"", ""name"": ""O. J. Santana"", ""source"": ""s2""}, {""id"": ""1389895482"", ""name"": ""J. Lorenzo-Navarro"", ""source"": ""s2""}, {""id"": ""1403815013"", ""name"": ""David Freire-Obregón"", ""source"": ""s2""}, {""id"": ""1403176127"", ""name"": ""D. Hernández-Sosa"", ""source"": ""s2""}, {""id"": ""1694554"", ""name"": ""Modesto Castrillón-Santana"", ""source"": ""s2""}]"
faa5559ba3a0fda306207f643a2c541dc3c86729,10.3788/lop222189,基于多尺度融合卷积神经网络的微光图像增强算法,2023,Laser &amp; Optoelectronics Progress,刘伟强 Liu Weiqiang; 赵鹏 Zhao Peng; 宋向迎 Song Xiangying,"[{""id"": ""2134542484"", ""name"": ""刘伟强 Liu Weiqiang"", ""source"": ""s2""}, {""id"": ""2128096318"", ""name"": ""赵鹏 Zhao Peng"", ""source"": ""s2""}, {""id"": ""2236610591"", ""name"": ""宋向迎 Song Xiangying"", ""source"": ""s2""}]"
b699ecc22800309c2957229047c711d0a72f0bd4,10.1051/shsconf/202316601068,Pattern segmentation method based on super-pixel multi-feature fusion,2023,SHS Web of Conferences,Xiaohong Gu; Shuyuan Shang,"[{""id"": ""2195789820"", ""name"": ""Xiaohong Gu"", ""source"": ""s2""}, {""id"": ""2144742191"", ""name"": ""Shuyuan Shang"", ""source"": ""s2""}]"
dd6c5e1e8e1bbb47a8abc93813f5588ad3275400,10.1109/TMM.2022.3193059,Unsupervised Underexposed Image Enhancement via Self-Illuminated and Perceptual Guidance,2023,IEEE transactions on multimedia,Naishan Zheng; Jie Huang; Fengmei Zhao; Xueyang Fu; Feng Wu,"[{""id"": ""104219880"", ""name"": ""Naishan Zheng"", ""source"": ""s2""}, {""id"": ""2110284557"", ""name"": ""Jie Huang"", ""source"": ""s2""}, {""id"": ""2152335165"", ""name"": ""Fengmei Zhao"", ""source"": ""s2""}, {""id"": ""3061449"", ""name"": ""Xueyang Fu"", ""source"": ""s2""}, {""id"": ""144864333"", ""name"": ""Feng Wu"", ""source"": ""s2""}]"
88b68350c2c9371dc791f8f7437370a58b64058f,10.1109/ACCESS.2023.3336411,DMT-Net: Deep Multiple Networks for Low-Light Image Enhancement Based on Retinex Model,2023,IEEE Access,Minh-Thien Duong; Seongsoo Lee; Min-Cheol Hong,"[{""id"": ""2268101537"", ""name"": ""Minh-Thien Duong"", ""source"": ""s2""}, {""id"": ""2268174606"", ""name"": ""Seongsoo Lee"", ""source"": ""s2""}, {""id"": ""2268097214"", ""name"": ""Min-Cheol Hong"", ""source"": ""s2""}]"
2a728d6370f5f229900e963c0d0880caaea4d760,10.1109/TCI.2023.3340617,Dual-Stream Adaptive Convergent Low-Light Image Enhancement Network Based on Frequency Perception,2023,IEEE Transactions on Computational Imaging,Guang Han; Kang Wu; Fanyu Zeng; Jixin Liu; S. Kwong,"[{""id"": ""2184044895"", ""name"": ""Guang Han"", ""source"": ""s2""}, {""id"": ""2115598201"", ""name"": ""Kang Wu"", ""source"": ""s2""}, {""id"": ""2270084595"", ""name"": ""Fanyu Zeng"", ""source"": ""s2""}, {""id"": ""49722633"", ""name"": ""Jixin Liu"", ""source"": ""s2""}, {""id"": ""121840359"", ""name"": ""S. Kwong"", ""source"": ""s2""}]"
54105be392628ba9f158ee5174ae2d9d544b2804,10.1109/TMM.2022.3233247,Low-Light Raw Video Denoising With a High-Quality Realistic Motion Dataset,2023,IEEE transactions on multimedia,Ying Fu; Zichun Wang; T. Zhang; Jun Zhang,"[{""id"": ""2107214086"", ""name"": ""Ying Fu"", ""source"": ""s2""}, {""id"": ""2117419117"", ""name"": ""Zichun Wang"", ""source"": ""s2""}, {""id"": ""103245682"", ""name"": ""T. Zhang"", ""source"": ""s2""}, {""id"": ""2186277910"", ""name"": ""Jun Zhang"", ""source"": ""s2""}]"
4b688c486f2b223212682fd2b3f72cc0caa94b1b,,Fourmer: An Efficient Global Modeling Paradigm for Image Restoration,2023,International Conference on Machine Learning,Man Zhou; Jie Huang; Chunle Guo; Chongyi Li,"[{""id"": ""2121684731"", ""name"": ""Man Zhou"", ""source"": ""s2""}, {""id"": ""2110284557"", ""name"": ""Jie Huang"", ""source"": ""s2""}, {""id"": ""18158517"", ""name"": ""Chunle Guo"", ""source"": ""s2""}, {""id"": ""2185949399"", ""name"": ""Chongyi Li"", ""source"": ""s2""}]"
0788c8033e8b6a8bd29797eeb86799089245543e,10.1109/ACCESS.2022.3161527,LiCENt: Low-light image enhancement using the light channel of HSL,2022,IEEE Access,Atik Garg; X. Pan; Lan-Rong Dung,"[{""id"": ""2106682399"", ""name"": ""Atik Garg"", ""source"": ""s2""}, {""id"": ""2151989711"", ""name"": ""X. Pan"", ""source"": ""s2""}, {""id"": ""1761962"", ""name"": ""Lan-Rong Dung"", ""source"": ""s2""}]"
a5ea2904ccd93be210053da719c3d26a7f0b0e96,10.48550/arXiv.2205.14871,Illumination Adaptive Transformer,2022,arXiv.org,Ziteng Cui; Kunchang Li; Lin Gu; Sheng Su; Peng Gao; Zhengkai Jiang; Y. Qiao; Tatsuya Harada,"[{""id"": ""2152101108"", ""name"": ""Ziteng Cui"", ""source"": ""s2""}, {""id"": ""2115468491"", ""name"": ""Kunchang Li"", ""source"": ""s2""}, {""id"": ""151484085"", ""name"": ""Lin Gu"", ""source"": ""s2""}, {""id"": ""2066629681"", ""name"": ""Sheng Su"", ""source"": ""s2""}, {""id"": ""144740494"", ""name"": ""Peng Gao"", ""source"": ""s2""}, {""id"": ""50676465"", ""name"": ""Zhengkai Jiang"", ""source"": ""s2""}, {""id"": ""2059129841"", ""name"": ""Y. Qiao"", ""source"": ""s2""}, {""id"": ""2147394803"", ""name"": ""Tatsuya Harada"", ""source"": ""s2""}]"
6db4668fc68ecfdd2c55329fa4bed0d83ec7f491,10.48550/arXiv.2205.12639,TreEnhance: An Automatic Tree-Search Based Method for Low-Light Image Enhancement,2022,arXiv.org,Marco Cotogni; C. Cusano,"[{""id"": null, ""name"": ""Marco Cotogni"", ""source"": ""s2""}, {""id"": ""1686808"", ""name"": ""C. Cusano"", ""source"": ""s2""}]"
5de46fbe8d58f164242627a92fe6d71b988e45ca,10.1109/ACCESS.2022.3202940,Low-Light Image Enhancement via Gradient Prior-Aided Network,2022,IEEE Access,Yuxu Lu; Yuan Gao; Yongqi Guo; Wenyu Xu; Xianjun Hu,"[{""id"": ""121713030"", ""name"": ""Yuxu Lu"", ""source"": ""s2""}, {""id"": ""2118635997"", ""name"": ""Yuan Gao"", ""source"": ""s2""}, {""id"": ""1409644701"", ""name"": ""Yongqi Guo"", ""source"": ""s2""}, {""id"": ""91552522"", ""name"": ""Wenyu Xu"", ""source"": ""s2""}, {""id"": ""2109790733"", ""name"": ""Xianjun Hu"", ""source"": ""s2""}]"
40bfa1bce2d75b64d06679a81e82e3e7e3921496,10.1109/ACCESS.2022.3178698,D2BGAN: A Dark to Bright Image Conversion Model for Quality Enhancement and Analysis Tasks Without Paired Supervision,2022,IEEE Access,J. Bhattacharya; Shatrughan Modi; L. Gregorat; G. Ramponi,"[{""id"": ""9155672"", ""name"": ""J. Bhattacharya"", ""source"": ""s2""}, {""id"": ""3078782"", ""name"": ""Shatrughan Modi"", ""source"": ""s2""}, {""id"": ""2167214651"", ""name"": ""L. Gregorat"", ""source"": ""s2""}, {""id"": ""144763839"", ""name"": ""G. Ramponi"", ""source"": ""s2""}]"
012f4ee91de75071ca943fc46bd61e149f310a89,10.1109/TIM.2022.3216880,Progressive Dual-Branch Network for Low-Light Image Enhancement,2022,IEEE Transactions on Instrumentation and Measurement,He Cui; Jinjiang Li; Zhen Hua; Linwei Fan,"[{""id"": ""2152200853"", ""name"": ""He Cui"", ""source"": ""s2""}, {""id"": ""2555126"", ""name"": ""Jinjiang Li"", ""source"": ""s2""}, {""id"": ""144278699"", ""name"": ""Zhen Hua"", ""source"": ""s2""}, {""id"": ""31431421"", ""name"": ""Linwei Fan"", ""source"": ""s2""}]"
f330e64b263af1c0631418619fd130e9a2314525,10.1007/978-3-031-19800-7_10,Deep Fourier-Based Exposure Correction Network with Spatial-Frequency Interaction,2022,European Conference on Computer Vision,Jie Huang; Yajing Liu; Fengmei Zhao; Keyu Yan; Jinghao Zhang; Yukun Huang; Man Zhou; Zhiwei Xiong,"[{""id"": ""2110284557"", ""name"": ""Jie Huang"", ""source"": ""s2""}, {""id"": ""2144470300"", ""name"": ""Yajing Liu"", ""source"": ""s2""}, {""id"": ""2152335165"", ""name"": ""Fengmei Zhao"", ""source"": ""s2""}, {""id"": null, ""name"": ""Keyu Yan"", ""source"": ""s2""}, {""id"": ""2108045911"", ""name"": ""Jinghao Zhang"", ""source"": ""s2""}, {""id"": ""2372145983"", ""name"": ""Yukun Huang"", ""source"": ""s2""}, {""id"": ""2121684731"", ""name"": ""Man Zhou"", ""source"": ""s2""}, {""id"": ""2352456"", ""name"": ""Zhiwei Xiong"", ""source"": ""s2""}]"
1ff85c5d6973ea1011a7f21e676f3b0690b19e0a,10.1109/ACCESS.2022.3227069,Low Light Image Enhancement Based on Multi-Scale Network Fusion,2022,IEEE Access,Xuan Liu; Chenfeng Zhang; Yingzhi Wang; Kai Ding; Tailin Han; Hong Liu; Yu Tian; Bo Xu; Mingchi Ju,"[{""id"": ""2115530048"", ""name"": ""Xuan Liu"", ""source"": ""s2""}, {""id"": ""2404502"", ""name"": ""Chenfeng Zhang"", ""source"": ""s2""}, {""id"": ""2347579542"", ""name"": ""Yingzhi Wang"", ""source"": ""s2""}, {""id"": ""2053138582"", ""name"": ""Kai Ding"", ""source"": ""s2""}, {""id"": ""36167972"", ""name"": ""Tailin Han"", ""source"": ""s2""}, {""id"": ""2118903529"", ""name"": ""Hong Liu"", ""source"": ""s2""}, {""id"": ""2152949673"", ""name"": ""Yu Tian"", ""source"": ""s2""}, {""id"": ""2109511967"", ""name"": ""Bo Xu"", ""source"": ""s2""}, {""id"": ""2051162325"", ""name"": ""Mingchi Ju"", ""source"": ""s2""}]"
49205da89cb0d20af43841a125bb66cbaedbd94c,10.5220/0011107800003209,Relighting Backlight and Spotlight Images using the von Kries Model,2022,International Conference on Image Processing and Vision Engineering,M. Lecca,"[{""id"": ""2558075"", ""name"": ""M. Lecca"", ""source"": ""s2""}]"
10c37da65cac06ec4be6ec86af8f42e884b9cd26,10.14569/ijacsa.2022.0131299,PDE: A Real-Time Object Detection and Enhancing Model under Low Visibility Conditions,2022,International Journal of Advanced Computer Science and Applications,Zhiying Li; Shuyuan Lin; Zhongmin Liang; Yongjia Lei; Zefan Wang; Hao Chen,"[{""id"": ""2109823100"", ""name"": ""Zhiying Li"", ""source"": ""s2""}, {""id"": ""2150593706"", ""name"": ""Shuyuan Lin"", ""source"": ""s2""}, {""id"": ""2427085416"", ""name"": ""Zhongmin Liang"", ""source"": ""s2""}, {""id"": ""2181902672"", ""name"": ""Yongjia Lei"", ""source"": ""s2""}, {""id"": ""2108727191"", ""name"": ""Zefan Wang"", ""source"": ""s2""}, {""id"": ""36620472"", ""name"": ""Hao Chen"", ""source"": ""s2""}]"
4bd0e86add248cf2cda39b64e26eb1e7ac8a0e01,10.1007/978-3-031-26313-2_30,DENet: Detection-driven Enhancement Network for Object Detection Under Adverse Weather Conditions,2022,Asian Conference on Computer Vision,Qingpao Qin; K. Chang; Mengyuan Huang; Guiqing Li,"[{""id"": ""2210509112"", ""name"": ""Qingpao Qin"", ""source"": ""s2""}, {""id"": ""2107804555"", ""name"": ""K. Chang"", ""source"": ""s2""}, {""id"": ""2112586477"", ""name"": ""Mengyuan Huang"", ""source"": ""s2""}, {""id"": ""2146571179"", ""name"": ""Guiqing Li"", ""source"": ""s2""}]"
01968e2a0e7cf056ccf06ff6e18f6fc5105886b9,,Lighting the Darkness in the Deep Learning Era,2021,arXiv.org,Chongyi Li; Chunle Guo; Linghao Han; Jun Jiang; Mingg-Ming Cheng; Jinwei Gu; Chen Change Loy,"[{""id"": ""2698424"", ""name"": ""Chongyi Li"", ""source"": ""s2""}, {""id"": ""18158517"", ""name"": ""Chunle Guo"", ""source"": ""s2""}, {""id"": ""2118503811"", ""name"": ""Linghao Han"", ""source"": ""s2""}, {""id"": ""2107975681"", ""name"": ""Jun Jiang"", ""source"": ""s2""}, {""id"": ""1557350184"", ""name"": ""Mingg-Ming Cheng"", ""source"": ""s2""}, {""id"": ""143785523"", ""name"": ""Jinwei Gu"", ""source"": ""s2""}, {""id"": ""1717179"", ""name"": ""Chen Change Loy"", ""source"": ""s2""}]"
b78cc1c32383d5cb5b199b235abc705d1ce743f4,10.1109/ACCESS.2021.3059498,C-LIENet: A Multi-Context Low-Light Image Enhancement Network,2021,IEEE Access,Praveen Ravirathinam; Divyam Goel; J. J. Ranjani,"[{""id"": ""1685654342"", ""name"": ""Praveen Ravirathinam"", ""source"": ""s2""}, {""id"": ""2075784310"", ""name"": ""Divyam Goel"", ""source"": ""s2""}, {""id"": ""2898084"", ""name"": ""J. J. Ranjani"", ""source"": ""s2""}]"
1c1dbd6567be39a571563f30f23eccd70a92dbcc,10.1109/ACCESS.2021.3068534,MARN: Multi-Scale Attention Retinex Network for Low-Light Image Enhancement,2021,IEEE Access,Xin Zhang; Xia Wang,"[{""id"": ""2149174373"", ""name"": ""Xin Zhang"", ""source"": ""s2""}, {""id"": ""2108224422"", ""name"": ""Xia Wang"", ""source"": ""s2""}]"
36c58e13ad1dcb9ff4fe3520fc23afae40e6704f,10.1109/ACCESS.2021.3072331,RetinexGAN:Unsupervised Low-Light Enhancement With Two-Layer Convolutional Decomposition Networks,2021,IEEE Access,Tian Ma; Ming Guo; Zhenhua Yu; Yanping Chen; Xincheng Ren; Runtao Xi; Yuancheng Li; Xinlei Zhou,"[{""id"": ""2087495103"", ""name"": ""Tian Ma"", ""source"": ""s2""}, {""id"": ""2112542970"", ""name"": ""Ming Guo"", ""source"": ""s2""}, {""id"": ""145267477"", ""name"": ""Zhenhua Yu"", ""source"": ""s2""}, {""id"": ""2145269534"", ""name"": ""Yanping Chen"", ""source"": ""s2""}, {""id"": ""2087287383"", ""name"": ""Xincheng Ren"", ""source"": ""s2""}, {""id"": ""2080056738"", ""name"": ""Runtao Xi"", ""source"": ""s2""}, {""id"": ""2142159895"", ""name"": ""Yuancheng Li"", ""source"": ""s2""}, {""id"": ""47154971"", ""name"": ""Xinlei Zhou"", ""source"": ""s2""}]"
26964822b72aa9ee361bb77b1c5eb0ae95e95e93,10.5220/0010235900760086,A Retinex Inspired Bilateral Filter for Enhancing Images under Difficult Light Conditions,2021,VISIGRAPP,M. Lecca,"[{""id"": ""2558075"", ""name"": ""M. Lecca"", ""source"": ""s2""}]"
6ba655eb26b8c3e9d291b5b032cd092f04d02495,,A. Display of Object Detection Results in Real- World Situation,2021,,,[]
2aa69ccbd5cc5e1209fa6fb252a3e2ee4eb2d895,,RELLISUR: A Real Low-Light Image Super-Resolution Dataset,2021,NeurIPS Datasets and Benchmarks,Andreas Aakerberg; Kamal Nasrollahi; T. Moeslund,"[{""id"": ""9751640"", ""name"": ""Andreas Aakerberg"", ""source"": ""s2""}, {""id"": ""2143163793"", ""name"": ""Kamal Nasrollahi"", ""source"": ""s2""}, {""id"": ""1700569"", ""name"": ""T. Moeslund"", ""source"": ""s2""}]"
2ce4cca3303a1070909d7d6280296392eac2c12c,10.5244/c.35.335,From Under- to Overexposure: Single Image Contrast Enhancement via Semi-Supervised Learning,2021,British Machine Vision Conference,Ziwen Li; Yuehuang Wang; Ruowang Chang,"[{""id"": ""2118275352"", ""name"": ""Ziwen Li"", ""source"": ""s2""}, {""id"": ""102316900"", ""name"": ""Yuehuang Wang"", ""source"": ""s2""}, {""id"": ""2130582777"", ""name"": ""Ruowang Chang"", ""source"": ""s2""}]"
b3473eb27185b690a4c043412e62f4f25cda0a13,10.3837/tiis.2021.05.013,Single Low-Light Ghost-Free Image Enhancement via Deep Retinex Model,2021,KSII Transactions on Internet and Information Systems,Yan Liu; Bingxue Lv; Jingwen Wang; Wei Huang; Tiantian Qiu; Yunzhong Chen,"[{""id"": ""2157169403"", ""name"": ""Yan Liu"", ""source"": ""s2""}, {""id"": ""1623497111"", ""name"": ""Bingxue Lv"", ""source"": ""s2""}, {""id"": null, ""name"": ""Jingwen Wang"", ""source"": ""s2""}, {""id"": ""2152492219"", ""name"": ""Wei Huang"", ""source"": ""s2""}, {""id"": ""48216378"", ""name"": ""Tiantian Qiu"", ""source"": ""s2""}, {""id"": ""49070089"", ""name"": ""Yunzhong Chen"", ""source"": ""s2""}]"
c3525c1bd93382585f9e82ce4fd0408108c7c72e,10.1109/ACCESS.2021.3132078,A pulse-number-adjustable MSPCNN and its image enhancement application,2021,IEEE Access,Jing Lian; Jizhao Liu; Zhen Yang; Yunliang Qi; Huaikun Zhang; Mingxuan Zhang; Yide Ma,"[{""id"": ""3597137"", ""name"": ""Jing Lian"", ""source"": ""s2""}, {""id"": ""2108324267"", ""name"": ""Jizhao Liu"", ""source"": ""s2""}, {""id"": ""2149232984"", ""name"": ""Zhen Yang"", ""source"": ""s2""}, {""id"": ""9273627"", ""name"": ""Yunliang Qi"", ""source"": ""s2""}, {""id"": ""2143475266"", ""name"": ""Huaikun Zhang"", ""source"": ""s2""}, {""id"": ""2112122654"", ""name"": ""Mingxuan Zhang"", ""source"": ""s2""}, {""id"": ""1756244"", ""name"": ""Yide Ma"", ""source"": ""s2""}]"
8ce6045cde0169f35c256b003424ab364bcc3e3e,10.1109/ACCESS.2020.3001206,Efficient Image Enhancement Model for Correcting Uneven Illumination Images,2020,IEEE Access,Ziaur Rahman; Yifei Pu; M. Aamir; Samad Wali; Yurong Guan,"[{""id"": ""145760130"", ""name"": ""Ziaur Rahman"", ""source"": ""s2""}, {""id"": ""7805040"", ""name"": ""Yifei Pu"", ""source"": ""s2""}, {""id"": ""2147469944"", ""name"": ""M. Aamir"", ""source"": ""s2""}, {""id"": ""104452537"", ""name"": ""Samad Wali"", ""source"": ""s2""}, {""id"": ""2069570743"", ""name"": ""Yurong Guan"", ""source"": ""s2""}]"
396c1d24292d750c1c7b8a9267c70be1d2006853,,Low-Light Video Enhancement Using Deep Learning,2020,,Yanming Kang; Xuan Li,"[{""id"": ""2278790496"", ""name"": ""Yanming Kang"", ""source"": ""s2""}, {""id"": ""2108263450"", ""name"": ""Xuan Li"", ""source"": ""s2""}]"
e93dcb53023c4c0e17c9da01f41fd46bfba2a134,,Animal Identification Using Deep Learning on Raspberry Pi,2020,,Utsav Dihingia; P. Amar; M. Shyam; V. Thomas; S. Chidambaram,"[{""id"": ""2142840209"", ""name"": ""Utsav Dihingia"", ""source"": ""s2""}, {""id"": ""3225278"", ""name"": ""P. Amar"", ""source"": ""s2""}, {""id"": ""2226525483"", ""name"": ""M. Shyam"", ""source"": ""s2""}, {""id"": ""2319095864"", ""name"": ""V. Thomas"", ""source"": ""s2""}, {""id"": ""50217555"", ""name"": ""S. Chidambaram"", ""source"": ""s2""}]"
bd581f1a470f0536221adf3d2fa5ea3bcdaf4440,,WaveNet: Wave-Aware Image Enhancement,,,R. ShortPaper; Z. Chaine; H. DengM.; Kim; †. JiachenDang; Zehao Li; Yong Zhong; Lishun Wang,"[{""id"": ""2260051680"", ""name"": ""R. ShortPaper"", ""source"": ""s2""}, {""id"": ""2260060024"", ""name"": ""Z. Chaine"", ""source"": ""s2""}, {""id"": ""2260055727"", ""name"": ""H. DengM."", ""source"": ""s2""}, {""id"": ""2260070995"", ""name"": ""Kim"", ""source"": ""s2""}, {""id"": ""2291170249"", ""name"": ""†. JiachenDang"", ""source"": ""s2""}, {""id"": ""2307386990"", ""name"": ""Zehao Li"", ""source"": ""s2""}, {""id"": ""2258070450"", ""name"": ""Yong Zhong"", ""source"": ""s2""}, {""id"": ""2108552973"", ""name"": ""Lishun Wang"", ""source"": ""s2""}]"
9609a4f01acdd1db8fe32744248a5e706ffdf93c,,LO-Gaussian: Gaussian Splatting for Low-light and Overexposure Scenes through Simulated Filter,,,Jingjiao You; Yuanyang Zhang; Tianchen Zhou; Yecheng Zhao; Li Yao,"[{""id"": ""2350344084"", ""name"": ""Jingjiao You"", ""source"": ""s2""}, {""id"": ""2217169220"", ""name"": ""Yuanyang Zhang"", ""source"": ""s2""}, {""id"": ""2330536741"", ""name"": ""Tianchen Zhou"", ""source"": ""s2""}, {""id"": ""2350254327"", ""name"": ""Yecheng Zhao"", ""source"": ""s2""}, {""id"": ""2338680049"", ""name"": ""Li Yao"", ""source"": ""s2""}]"
af252567426386726cdde93685a5858df4542236,,Real - Time Low - Light Image Enhancement Algorithm for Ophthalmic Surgical Microscope,,,,[]
f70367e8dc82dde5fac4f372c3eb32bf655ddef5,10.4108/eai.21-11-2024.2354585,Low-Light Image Enhancement Based on Retinex Theory and Attention Mechanism,2025,"Proceedings of the 2nd International Conference on Machine Learning and Automation, CONF-MLA 2024, November 21, 2024, Adana, Turkey",L. Jiao; Fang-Lue Zhang,"[{""id"": ""2072514062"", ""name"": ""L. Jiao"", ""source"": ""s2""}, {""id"": ""2290264792"", ""name"": ""Fang-Lue Zhang"", ""source"": ""s2""}]"
b60f10bdab36d2927dc29813a5f00a0988b129b7,,FDLIE-YOLO: Frequency domain enhanced end-to-end low-light image target detection method,,,， 徐常余; LOL-Real 和 ExDark,"[{""id"": ""2364356798"", ""name"": ""， 徐常余"", ""source"": ""s2""}, {""id"": ""2364361118"", ""name"": ""LOL-Real 和 ExDark"", ""source"": ""s2""}]"
