author_name,appears_in,affiliation,author_id
Yiming Li,W3042368254;W3133575190;W3093403688,Tsinghua–Berkeley Shenzhen Institute,https://openalex.org/A5100346332
Yong Jiang,W3042368254;W3133575190;W3093403688,Tsinghua–Berkeley Shenzhen Institute,https://openalex.org/A5101626204
Zhifeng Li,W3042368254,Tencent (China),https://openalex.org/A5100634431
Shu‐Tao Xia,W3042368254;W4386076050;W3133575190;W3093403688;W3200389817,Tsinghua–Berkeley Shenzhen Institute,https://openalex.org/A5034104790
Lingjuan Lyu,W3111919937;W4388867373;W4385573287;W3121478722;W3123680815,Sony Computer Science Laboratories,https://openalex.org/A5052577882
Han Yu,W3111919937,Nanyang Technological University,https://openalex.org/A5064069283
Xingjun Ma,W3111919937;W4378976916;W4386071958;W4385573287;W4285428780;W4413966860;W3121478722;W3119278161;W3123680815;W3121355610;W4395098191,Fudan University,https://openalex.org/A5078711649
Chen Chen,W3111919937,Sony Computer Science Laboratories,https://openalex.org/A5114973667
Lichao Sun,W3111919937;W4225004701;W4285428780,Lehigh University,https://openalex.org/A5015105117
Jun Zhao,W3111919937,Nanyang Technological University,https://openalex.org/A5071321132
Qiang Yang,W3111919937,Hong Kong University of Science and Technology,https://openalex.org/A5100636286
Philip S. Yu,W3111919937,University of Illinois Chicago,https://openalex.org/A5036357902
Bao Gia Doan,W2971661634;W4408566142;W3044223678,The University of Adelaide,https://openalex.org/A5070336991
Ehsan Abbasnejad,W2971661634;W4408566142,The University of Adelaide,https://openalex.org/A5058061726
Damith C. Ranasinghe,W2971661634;W4408566142,The University of Adelaide,https://openalex.org/A5048703299
Ahmed Salem,W3010216907;W3213814821,Microsoft Research (United Kingdom),https://openalex.org/A5070409088
Rui Wen,W3010216907,Helmholtz Center for Information Security,https://openalex.org/A5057596386
Michael Backes,W3010216907;W3213814821,Helmholtz Center for Information Security,https://openalex.org/A5004014878
Shiqing Ma,W3010216907;W3114838227;W4312329299;W4312329503;W4288057740;W4386066154;W4312877401;W4324007922;W4391725293;W4402264202;W4403905746;W3136316983,Rutgers Sexual and Reproductive Health and Rights,https://openalex.org/A5101594068
Yang Zhang,W3010216907;W3213814821,Helmholtz Center for Information Security,https://openalex.org/A5100354608
Yi Zeng,W4388867373,Virginia Tech,https://openalex.org/A5101572925
Minzhou Pan,W4388867373,Virginia Tech,https://openalex.org/A5054374869
Hoang Anh Just,W4388867373,Virginia Tech,https://openalex.org/A5082453482
Meikang Qiu,W4388867373,Augusta University,https://openalex.org/A5083330935
Ruoxi Jia,W4388867373;W3206773754,Virginia Tech,https://openalex.org/A5032275274
Fanchao Qi,W3109409894;W3176270593;W3175052694;W4285195959;W3164361025;W3166984094;W3213398289,Center for Information Technology,https://openalex.org/A5030183493
Yangyi Chen,W3109409894;W3213398289,Center for Information Technology,https://openalex.org/A5023116787
Mukai Li,W3109409894;W3213398289,Center for Information Technology,https://openalex.org/A5003171356
Yuan Yao,W3109409894;W3175052694;W3166984094;W3213398289,Center for Information Technology,https://openalex.org/A5101868311
Zhiyuan Liu,W3109409894;W3176270593;W3175052694;W4285195959;W3164361025;W3166984094;W3213398289,Center for Information Technology,https://openalex.org/A5100320723
Maosong Sun,W3109409894,Center for Information Technology,https://openalex.org/A5063212818
Mukai Li,W3176270593;W3164361025,Center for Information Technology,https://openalex.org/A5003512251
Yangyi Chen,W3176270593;W3164361025,Center for Information Technology,https://openalex.org/A5082962646
Zhengyan Zhang,W3176270593;W3164361025,Center for Information Technology,https://openalex.org/A5101584823
Yasheng Wang,W3176270593;W3164361025,Huawei Technologies (Sweden),https://openalex.org/A5115592503
Maosong Sun,W3176270593;W3175052694;W4285195959;W3164361025;W3166984094;W3213398289,Center for Information Technology,https://openalex.org/A5046448314
Jinyuan Jia,W3189812816;W4389612580;W3210907555,Duke University,https://openalex.org/A5101997385
Yupei Liu,W3189812816,Duke University,https://openalex.org/A5041585602
Neil Zhenqiang Gong,W3189812816;W4389612580;W3210907555,Duke University,https://openalex.org/A5009102659
Antonio Emanuele Ciná,W4322736917,Ca' Foscari University of Venice,https://openalex.org/A5031868744
Kathrin Grosse,W4322736917,École Polytechnique Fédérale de Lausanne,https://openalex.org/A5018930655
Ambra Demontis,W4322736917,University of Cagliari,https://openalex.org/A5005227623
Sebastiano Vascon,W4322736917,Ca' Foscari University of Venice,https://openalex.org/A5055143299
Werner Zellinger,W4322736917,Software Competence Center Hagenberg (Austria),https://openalex.org/A5065837185
Bernhard A. Moser,W4322736917,Software Competence Center Hagenberg (Austria),https://openalex.org/A5102709587
Alina Oprea,W4322736917;W3037974410,Northeastern University,https://openalex.org/A5035574749
Battista Biggio,W4322736917,University of Cagliari,https://openalex.org/A5008367647
Marcello Pelillo,W4322736917,Ca' Foscari University of Venice,https://openalex.org/A5088359990
Fabio Roli,W4322736917,University of Genoa,https://openalex.org/A5065359946
Siyuan Cheng,W3114838227;W4402727117;W4386072179,Purdue University West Lafayette,https://openalex.org/A5082123414
Yingqi Liu,W3114838227;W4312329503;W4288057740;W4386066154;W4288057770;W4312877401;W4402727117;W4386072179;W3136316983,Purdue University West Lafayette,https://openalex.org/A5080886129
Xiangyu Zhang,W3114838227;W4312329503;W4288057740;W4312877401;W3136316983,Purdue University West Lafayette,https://openalex.org/A5100362465
Jie Zhang,W3188772578,University of Science and Technology of China,https://openalex.org/A5100436740
Dongdong Chen,W3188772578,Microsoft (United States),https://openalex.org/A5100364587
Qidong Huang,W3188772578,University of Science and Technology of China,https://openalex.org/A5058616951
Jing Liao,W3188772578,City University of Hong Kong,https://openalex.org/A5013972536
Weiming Zhang,W3188772578;W4308061333,University of Science and Technology of China,https://openalex.org/A5067689180
Huamin Feng,W3188772578,Beijing Electronic Science and Technology Institute,https://openalex.org/A5109860620
Gang Hua,W3188772578;W4386071506;W4395056508,,https://openalex.org/A5081114810
Nenghai Yu,W3188772578,University of Science and Technology of China,https://openalex.org/A5064573190
Nicholas Carlini,W4402264526;W3157597523,Google (United States),https://openalex.org/A5034257647
Matthew Jagielski,W4402264526;W3037974410,Google (United States),https://openalex.org/A5054655342
Christopher A. Choquette-Choo,W4402264526,Google (United States),https://openalex.org/A5063017186
Daniel Paleka,W4402264526,ETH Zurich,https://openalex.org/A5083157679
Will Pearce,W4402264526,,https://openalex.org/A5037682677
Hyrum S. Anderson,W4402264526,Robust Chip (United States),https://openalex.org/A5005817824
Andreas Terzis,W4402264526,Google (United States),https://openalex.org/A5103331911
Kurt Thomas,W4402264526,Google (United States),https://openalex.org/A5024050018
Florian Tramèr,W4402264526,ETH Zurich,https://openalex.org/A5006851333
Yu Feng,W4312280786;W3215689752,Northwestern Polytechnical University,https://openalex.org/A5046533227
Benteng Ma,W4312280786;W4407507713;W3215689752,Northwestern Polytechnical University,https://openalex.org/A5060034830
Jing Zhang,W4312280786,The University of Sydney,https://openalex.org/A5100345321
Shanshan Zhao,W4312280786;W3215689752,Jingdong (China),https://openalex.org/A5069429555
Yong Xia,W4312280786;W4407507713;W3215689752,Northwestern Polytechnical University,https://openalex.org/A5100670074
Dacheng Tao,W4312280786;W3215689752,The University of Sydney,https://openalex.org/A5074103823
Zhenting Wang,W4312329299;W4312877401;W4408565421;W3136316983,Rutgers Sexual and Reproductive Health and Rights,https://openalex.org/A5044589781
Juan Zhai,W4312329299,Rutgers Sexual and Reproductive Health and Rights,https://openalex.org/A5071575216
Sophia Xu,W3175052694;W3166984094,Center for Information Technology,https://openalex.org/A5014007855
Tong Wang,W4312569687;W3217308368,Pennsylvania State University,https://openalex.org/A5100450967
Yuan Yao,W4312569687;W4393158745;W3217308368,Nanjing University,https://openalex.org/A5068643894
Feng Xu,W4312569687;W3217308368,Nanjing University,https://openalex.org/A5071461704
Shengwei An,W4312569687;W4312329503;W4288057740;W4288057770;W4324007922;W4402727117;W4393158745;W4386072179;W4402264202;W4403905746;W4408565421;W3217308368;W7160265053,Purdue University West Lafayette,https://openalex.org/A5030118506
Hanghang Tong,W4312569687;W3217308368,University of Illinois Urbana-Champaign,https://openalex.org/A5068043486
Ting Wang,W4312569687;W4283361424;W4393158745;W3036148123,Pennsylvania State University,https://openalex.org/A5100428026
Wenkai Yang,W3167002899;W3173784240;W3207360435;W3159803443;W3213642548,Peking University,https://openalex.org/A5053365003
Lei Li,W3167002899;W3159803443,Peking University,https://openalex.org/A5100440407
Zhiyuan Zhang,W3167002899;W4385573287,Peking University,https://openalex.org/A5015455705
Xuancheng Ren,W3167002899;W3159803443,Peking University,https://openalex.org/A5049239373
Xu Sun,W3167002899;W3173784240,Peking University,https://openalex.org/A5101441137
Bin He,W3167002899;W3159803443,Peking University,https://openalex.org/A5101946076
Wenbo Jiang,W4386083011;W4396982204;W4293812146;W4413786017;W4405741930;W4408352149;W4417073179,University of Electronic Science and Technology of China,https://openalex.org/A5066542952
Hongwei Li,W4386083011;W4396982204;W4293812146;W4413786017;W4405741930;W4408324270;W4407693487;W4414535368;W7129048650;W4417073179,University of Electronic Science and Technology of China,https://openalex.org/A5100325334
Guowen Xu,W4386083011;W4304091855;W4402264291;W4293812146;W4413786017;W4405741930;W7129048650,Nanyang Technological University,https://openalex.org/A5046950426
Tianwei Zhang,W4386083011;W4304091855;W4402264291;W4293812146;W4288391221;W4390871881;W4413786017;W4405741930;W3215700529,Nanyang Technological University,https://openalex.org/A5101591101
Wei Guo,W3212158867,University of Siena,https://openalex.org/A5030603717
Benedetta Tondi,W3212158867,University of Siena,https://openalex.org/A5026139768
Mauro Barni,W3212158867;W4308061333,University of Siena,https://openalex.org/A5007836692
Zhendong Zhao,W4312700692,Chinese Academy of Sciences,https://openalex.org/A5041204026
Xiaojun Chen,W4312700692,Chinese Academy of Sciences,https://openalex.org/A5100369438
Yuexin Xuan,W4312700692,Chinese Academy of Sciences,https://openalex.org/A5074107460
Ye Dong,W4312700692,Chinese Academy of Sciences,https://openalex.org/A5101239059
Dakui Wang,W4312700692,Chinese Academy of Sciences,https://openalex.org/A5102783832
Kaitai Liang,W4312700692;W4409263513,Delft University of Technology,https://openalex.org/A5001485404
Yankai Lin,W3173784240;W3207360435;W3213642548,Tencent (China),https://openalex.org/A5043098453
Peng Li,W3173784240;W3207360435,,https://openalex.org/A5108129241
Jie Zhou,W3173784240;W3207360435,Tencent (China),https://openalex.org/A5100770462
Runkai Zheng,W4313192591,"Chinese University of Hong Kong, Shenzhen",https://openalex.org/A5021347960
Rongjun Tang,W4313192591,"Chinese University of Hong Kong, Shenzhen",https://openalex.org/A5045255048
Jianze Li,W4313192591,Shenzhen Research Institute of Big Data,https://openalex.org/A5048630922
Li Liu,W4313192591,Shenzhen Research Institute of Big Data,https://openalex.org/A5100418818
Wanlun Ma,W4324007135,Swinburne University of Technology,https://openalex.org/A5011383481
Derui Wang,W4324007135,Commonwealth Scientific and Industrial Research Organisation,https://openalex.org/A5081805488
Ruoxi Sun,W4324007135,Commonwealth Scientific and Industrial Research Organisation,https://openalex.org/A5023380459
Minhui Xue,W4324007135;W4405183017,Commonwealth Scientific and Industrial Research Organisation,https://openalex.org/A5009850797
Sheng Wen,W4324007135,,https://openalex.org/A5076576641
Yang Xiang,W4324007135,Swinburne University of Technology,https://openalex.org/A5100666554
Jasmita Malik,W4400314861,"Birla Institute of Technology and Science, Pilani - Dubai Campus",https://openalex.org/A5102367641
Raja Muthalagu,W4400314861,"Birla Institute of Technology and Science, Pilani - Dubai Campus",https://openalex.org/A5070580861
Pranav M. Pawar,W4400314861,"Birla Institute of Technology and Science, Pilani - Dubai Campus",https://openalex.org/A5056110230
Xu Sun,W3207360435,Peking University,https://openalex.org/A5006497264
Weixin Chen,W4386072042,International University of the Caribbean,https://openalex.org/A5101635094
Dawn Song,W4386072042,Berkeley College,https://openalex.org/A5019426968
Bo Li,W4386072042,International University of the Caribbean,https://openalex.org/A5100758169
Kuofeng Gao,W4386076050;W3200389817,Tsinghua University,https://openalex.org/A5038862367
Yang Bai,W4386076050,Tencent (China),https://openalex.org/A5044963450
Jindong Gu,W4386076050;W4393161233;W4393079043,University of Oxford,https://openalex.org/A5055994909
Yong Yang,W4386076050,Tencent (China),https://openalex.org/A5100609598
Guanhong Tao,W4312329503;W4288057740;W4386066154;W4288057770;W4312877401;W4324007922;W4402727117;W4386072179;W4391725293;W4402264202;W4403905746;W4408565421;W3136316983;W4318751842;W7160265053,Purdue University West Lafayette,https://openalex.org/A5014842586
Guangyu Shen,W4312329503;W4288057740;W4288057770;W4312877401;W4386072179;W4408565421;W3136316983,Purdue University West Lafayette,https://openalex.org/A5114076473
Qiuling Xu,W4312329503;W4288057770;W4386072179,Purdue University West Lafayette,https://openalex.org/A5008082286
Pan Li,W4312329503,Purdue University West Lafayette,https://openalex.org/A5100455174
Shih-Han Chan,W4320736757,University of California San Diego,https://openalex.org/A5047043343
Yinpeng Dong,W4320736757;W3138646989,Beijing Academy of Artificial Intelligence,https://openalex.org/A5068755794
Jun Zhu,W4320736757;W3138646989,Beijing Academy of Artificial Intelligence,https://openalex.org/A5100686240
Xiaolu Zhang,W4320736757,Zhejiang Financial College,https://openalex.org/A5100746437
Jun Zhou,W4320736757,Zhejiang Financial College,https://openalex.org/A5045140292
Weimin Lyu,W4280510162,Stony Brook University,https://openalex.org/A5073186182
Songzhu Zheng,W4280510162,Stony Brook University,https://openalex.org/A5073393494
Tengfei Ma,W4280510162,,https://openalex.org/A5086690079
Chao Chen,W4280510162;W4386065356,Stony Brook University,https://openalex.org/A5100408397
Hewang Nie,W4390658962;W7162341703,Huazhong University of Science and Technology,https://openalex.org/A5051783170
Songfeng Lu,W4390658962,Huazhong University of Science and Technology,https://openalex.org/A5048196007
Junjun Wu,W4390658962,Huazhong University of Science and Technology,https://openalex.org/A5100460435
Zhu Jian-xin,W4390658962,Huazhong University of Science and Technology,https://openalex.org/A5100523132
Shiwei Feng,W4386066154;W4324007922;W4402727117,Purdue University West Lafayette,https://openalex.org/A5107243616
Siyuan Cheng,W4386066154;W4402264202;W4403905746,Purdue University West Lafayette,https://openalex.org/A5101863818
Guangyu Shen,W4386066154;W4324007922;W4402727117;W4402264202;W4403905746,Purdue University West Lafayette,https://openalex.org/A5061171837
Xiangzhe Xu,W4386066154;W4324007922;W4402727117,Purdue University West Lafayette,https://openalex.org/A5036121611
Kaiyuan Zhang,W4386066154;W4402264202;W4403905746,Purdue University West Lafayette,https://openalex.org/A5100649572
Xiangyu Zhang,W4386066154;W4324007922;W4402264202,Purdue University West Lafayette,https://openalex.org/A5100362457
Xingshuo Han,W4304091855;W4402264291;W4390871881,Nanyang Technological University,https://openalex.org/A5011727294
Yuan Zhou,W4304091855;W4402264291,Nanyang Technological University,https://openalex.org/A5083918663
Xuehuan Yang,W4304091855,Nanyang Technological University,https://openalex.org/A5032588043
Jiwei Li,W4304091855;W3215700529,Zhejiang University,https://openalex.org/A5100758099
Ervin Moore,W4386494576,Florida International University,https://openalex.org/A5065701515
Ahmed Imteaj,W4386494576,Southern Illinois University Carbondale,https://openalex.org/A5077711449
Shabnam Rezapour,W4386494576,Florida International University,https://openalex.org/A5079605496
M. Hadi Amini,W4386494576,Florida International University,https://openalex.org/A5032642808
Zhuo Zhang,W4288057770;W4408565421,Purdue University West Lafayette,https://openalex.org/A5100429710
Xiangyu Zhang,W4288057770;W4386072179;W4408565421,Purdue University West Lafayette,https://openalex.org/A5107249133
Zaixi Zhang,W4386072159,University of Science and Technology of China,https://openalex.org/A5063733770
Qi Liu,W4386072159,University of Science and Technology of China,https://openalex.org/A5100453144
Zhicai Wang,W4386072159,University of Science and Technology of China,https://openalex.org/A5102971294
Zepu Lu,W4386072159,University of Science and Technology of China,https://openalex.org/A5069950706
Qingyong Hu,W4386072159,Hong Kong University of Science and Technology,https://openalex.org/A5036921959
Yi Yu,W4386083143;W4402604120,Nanyang Technological University,https://openalex.org/A5102964297
Yufei Wang,W4386083143;W4404132177;W3086120435,Nanyang Technological University,https://openalex.org/A5100374829
Wenhan Yang,W4386083143;W4404810593;W4402604120,Peng Cheng Laboratory,https://openalex.org/A5070884682
Shijian Lu,W4386083143;W4404810593;W4402604120,Nanyang Technological University,https://openalex.org/A5023507910
Yap‐Peng Tan,W4386083143,Nanyang Technological University,https://openalex.org/A5103379503
Alex C. Kot,W4386083143;W4404810593;W4402604120;W4404132177;W4404722473;W3086120435,Nanyang Technological University,https://openalex.org/A5080977911
Hang Wang,W4402288683,,https://openalex.org/A5100459515
Zhen Xiang,W4402288683,,https://openalex.org/A5085283385
David J. Miller,W4402288683,,https://openalex.org/A5105414957
George Kesidis,W4402288683,,https://openalex.org/A5063903486
Shaobo Zhang,W4404418444,Hunan University of Science and Technology,https://openalex.org/A5100657575
Yizhen Pan,W4404418444,Hunan University of Science and Technology,https://openalex.org/A5109521360
Qin Liu,W4404418444,Hunan University,https://openalex.org/A5100432505
Zheng Yan,W4404418444,Xidian University,https://openalex.org/A5078219471
Kim‐Kwang Raymond Choo,W4404418444,The University of Texas at San Antonio,https://openalex.org/A5001746807
Guojun Wang,W4404418444,Guangzhou University,https://openalex.org/A5100386726
Wenyuan Yang,W4388016531,Sun Yat-sen University,https://openalex.org/A5101619232
Shuo Shao,W4388016531,Zhejiang University,https://openalex.org/A5035753510
Yue Yang,W4388016531,Shanghai Jiao Tong University,https://openalex.org/A5100369313
Xiyao Liu,W4388016531,Central South University,https://openalex.org/A5070770063
Ximeng Liu,W4388016531;W4412971470,Central South University,https://openalex.org/A5058120371
Zhihua Xia,W4388016531,Jinan University,https://openalex.org/A5005319671
Gerald Schaefer,W4388016531,Loughborough University,https://openalex.org/A5105462955
Hui Fang,W4388016531,Loughborough University,https://openalex.org/A5046565976
Ying He,W4388206624,Nanjing University of Science and Technology,https://openalex.org/A5038314969
Zhili Shen,W4388206624,Nanjing University of Science and Technology,https://openalex.org/A5083813347
Jingyu Hua,W4388206624,Nanjing University,https://openalex.org/A5101950654
Qixuan Dong,W4388206624,Nanjing University of Science and Technology,https://openalex.org/A5103257772
Jiacheng Niu,W4388206624,Nanjing University of Science and Technology,https://openalex.org/A5109651929
Wei Tong,W4388206624,Nanjing University,https://openalex.org/A5021538603
Xu Huang,W4388206624,,
Chen Li,W4388206624,,https://openalex.org/A5100369950
Sheng Zhong,W4388206624,Nanjing University,https://openalex.org/A5060268538
Zenghui Yuan,W4386066003,Huazhong University of Science and Technology,https://openalex.org/A5014040279
Pan Zhou,W4386066003,Huazhong University of Science and Technology,https://openalex.org/A5100693197
Kai Zou,W4386066003,,https://openalex.org/A5108385543
Yu Cheng,W4386066003,Microsoft Research (United Kingdom),https://openalex.org/A5026746295
Phillip Rieger,W4391724758,University of Würzburg,https://openalex.org/A5051694999
Torsten Krauß,W4391724758,University of Würzburg,https://openalex.org/A5014074984
Markus Miettinen,W4391724758,University of Würzburg,https://openalex.org/A5000013428
Alexandra Dmitrienko,W4391724758,University of Würzburg,https://openalex.org/A5042835341
Ahmad‐Reza Sadeghi,W4391724758,University of Würzburg,https://openalex.org/A5079497016
Yudong Li,W4365807860,Central South University,https://openalex.org/A5100332356
Shigeng Zhang,W4365807860;W4399119905,Central South University,https://openalex.org/A5005250767
Weiping Wang,W4365807860;W4399119905,Central South University,https://openalex.org/A5100442307
Hong Song,W4365807860,Central South University,https://openalex.org/A5056484077
Xinyu Zhang,W4399374631,Zhejiang University,https://openalex.org/A5100390708
Qingyu Liu,W4399374631,Zhejiang University,
Zhongjie Ba,W4399374631,Zhejiang University,https://openalex.org/A5072485378
Yuan Hong,W4399374631,University of Connecticut,https://openalex.org/A5100725148
Tianhang Zheng,W4399374631;W4285267503,Zhejiang University,https://openalex.org/A5091687257
Feng Lin,W4399374631,Zhejiang University,https://openalex.org/A5078406349
Li Lü,W4399374631,Zhejiang University,https://openalex.org/A5100658678
Kui Ren,W4399374631;W4285267503,Zhejiang University,https://openalex.org/A5105297718
Xiaoheng Deng,W4383340358,Central South University,https://openalex.org/A5086816845
Zhe Wang,W4383340358,Central South University,https://openalex.org/A5100775489
Xinjun Pei,W4383340358,Central South University,https://openalex.org/A5081440831
Kaiping Xue,W4383340358,University of Science and Technology of China,https://openalex.org/A5100688242
Orson Mengara,W4390969331,Université du Québec à Montréal,https://openalex.org/A5093657070
Anderson R. Avila,W4390969331,Université du Québec à Montréal,https://openalex.org/A5009407218
Tiago H. Falk,W4390969331,Université du Québec à Montréal,https://openalex.org/A5065418889
Jiayi He,W4400525135,Guangdong University of Technology,https://openalex.org/A5103325923
Bingkun Lai,W4400525135,Guangdong University of Technology,https://openalex.org/A5104217837
Jiawen Kang,W4400525135,Guangdong University of Technology,https://openalex.org/A5062761975
Hongyang Du,W4400525135,Nanyang Technological University,https://openalex.org/A5068782412
Jiangtian Nie,W4400525135,Nanyang Technological University,https://openalex.org/A5048592975
Tao Zhang,W4400525135,Beijing Jiaotong University,https://openalex.org/A5100375796
Yanli Yuan,W4400525135,Beijing Institute of Technology,https://openalex.org/A5111922675
Weiting Zhang,W4400525135,Beijing Jiaotong University,https://openalex.org/A5076675337
Dusit Niyato,W4400525135,Nanyang Technological University,https://openalex.org/A5091266202
Abbas Jamalipour,W4400525135,The University of Sydney,https://openalex.org/A5086268677
Eldar Boltachev,W4379386087,Financial University,https://openalex.org/A5086691420
Wenli Sun,W4387623677,Tongji University,https://openalex.org/A5023045741
Xinyang Jiang,W4387623677,Microsoft Research Asia (China),https://openalex.org/A5011424573
Shuguang Dou,W4387623677,Tongji University,https://openalex.org/A5039546706
Dongsheng Li,W4387623677,Microsoft Research Asia (China),https://openalex.org/A5100440920
Duoqian Miao,W4387623677,Tongji University,https://openalex.org/A5024791074
Cheng Deng,W4387623677,Xidian University,https://openalex.org/A5015874725
Cairong Zhao,W4387623677,Tongji University,https://openalex.org/A5064237960
Yutong Wu,W4402264291;W4390871881,Nanyang Technological University,https://openalex.org/A5101780813
Qingjie Zhang,W4402264291,Tsinghua University,https://openalex.org/A5100750198
Yuan Xu,W4402264291,Nanyang Technological University,https://openalex.org/A5102762154
Han Qiu,W4402264291;W4293812146;W4390871881;W3215700529,Tsinghua University,https://openalex.org/A5019692903
Yurui Zhu,W4402698356,University of Science and Technology of China,https://openalex.org/A5101183338
Xueyang Fu,W4402698356,University of Science and Technology of China,https://openalex.org/A5079007635
Peng-Tao Jiang,W4402698356,,https://openalex.org/A5062345781
Hao Zhang,W4402698356,,https://openalex.org/A5002330627
Qibin Sun,W4402698356,University of Science and Technology of China,https://openalex.org/A5102908901
Jinwei Chen,W4402698356,,https://openalex.org/A5100702929
Zheng-Jun Zha,W4402698356,University of Science and Technology of China,https://openalex.org/A5003217535
Bo Li,W4402698356,,https://openalex.org/A5100374506
Yang Bai,W4404056941,Chengdu University of Information Technology,
Gaojie Xing,W4404056941,Chengdu University of Information Technology,https://openalex.org/A5053775539
Hongyan Wu,W4404056941,Chengdu University of Information Technology,
Zhihong Rao,W4404056941,China Electronics Technology Group Corporation,
Chuan Ma,W4404056941,Chongqing University,https://openalex.org/A5103221383
Shiping Wang,W4404056941,Fuzhou University,https://openalex.org/A5100604225
Xiaolei Liu,W4404056941,China Academy of Engineering Physics,https://openalex.org/A5100442739
Yimin Zhou,W4404056941,Chengdu University of Information Technology,
Jiajia Tang,W4404056941,Chengdu University of Information Technology,
Kaijun Huang,W4404056941,Chengdu University of Information Technology,
Jia-Le Kang,W4404056941,Chengdu University of Information Technology,https://openalex.org/A5000846172
Sangeeta Rani,W4224302404,Amity University,https://openalex.org/A5102726140
Khushboo Tripathi,W4224302404,Amity University,https://openalex.org/A5005681216
Yojna Arora,W4224302404,Amity University,https://openalex.org/A5083440418
Ajay Kumar,W4224302404,Shree Guru Gobind Singh Tricentenary University,https://openalex.org/A5086909851
Quentin Le Roux,W4393241390;W4396790450;W4404577579;W4413278263,Thales (France),https://openalex.org/A5015656596
Eric Bourbao,W4393241390;W4413278263,Thales (France),https://openalex.org/A5067341186
Yannick Teglia,W4393241390;W4413278263,Thales (France),https://openalex.org/A5078246888
Kassem Kallas,W4393241390;W4408355329;W4396790450;W4404577579,Institut national de recherche en sciences et technologies du numérique,https://openalex.org/A5046279472
Tran Huynh,W4393158822,,https://openalex.org/A5073832007
Dang Nguyen,W4393158822,"University of Maryland, College Park",https://openalex.org/A5089725610
Tung Pham,W4393158822;W4403888301,,https://openalex.org/A5101158927
Anh Tran,W4393158822,,https://openalex.org/A5087479883
Zhuangzhuang Zhang,W4407127070,Wuhan University,https://openalex.org/A5070361846
Libing Wu,W4407127070,Wuhan University,https://openalex.org/A5108047844
Jiong Jin,W4407127070,Swinburne University of Technology,https://openalex.org/A5080328538
Enshu Wang,W4407127070,Wuhan University,https://openalex.org/A5085805626
Bingyi Liu,W4407127070,Wuhan University of Technology,https://openalex.org/A5086581834
Qing‐Long Han,W4407127070,Swinburne University of Technology,https://openalex.org/A5083874423
Yichen Li,W4410226390,Huazhong University of Science and Technology,https://openalex.org/A5001225785
Haozhao Wang,W4410226390,Huazhong University of Science and Technology,https://openalex.org/A5027119797
Wenchao Xu,W4410226390,Hong Kong Polytechnic University,https://openalex.org/A5063181504
Tianzhe Xiao,W4410226390,Huazhong University of Science and Technology,https://openalex.org/A5061171733
Hong Liu,W4410226390,Huazhong University of Science and Technology,https://openalex.org/A5115595829
Minzhu Tu,W4410226390,Beijing University of Posts and Telecommunications,https://openalex.org/A5111880089
Yuying Wang,W4410226390,Soochow University,https://openalex.org/A5100411329
Xin Yang,W4410226390,Southwestern University of Finance and Economics,https://openalex.org/A5059699243
Rui Zhang,W4410226390,Huazhong University of Science and Technology,https://openalex.org/A5100422092
Shui Yu,W4410226390;W4285233920;W4396982204;W4405741930;W7172030722,University of Technology Sydney,https://openalex.org/A5005228053
Song Guo,W4410226390,Hong Kong University of Science and Technology,https://openalex.org/A5043464306
Ruixuan Li,W4410226390,Huazhong University of Science and Technology,https://openalex.org/A5039670436
Hong Zhu,W4394896797,Chinese Academy of Sciences,https://openalex.org/A5067232865
Yue Zhao,W4394896797,Chinese Academy of Sciences,https://openalex.org/A5100458078
Shengzhi Zhang,W4394896797;W4384948583;W4414603391,Boston University,https://openalex.org/A5027504758
Kai Chen,W4394896797;W4384948583;W4387185380;W4213079900;W4414603391,Chinese Academy of Sciences,https://openalex.org/A5100437976
Ruofei Wang,W4392903451,Civil Aviation University of China,https://openalex.org/A5029875220
Renjie Wan,W4392903451;W4402944026;W3086120435,Hong Kong Baptist University,https://openalex.org/A5085201191
Zongyu Guo,W4392903451,Civil Aviation University of China,https://openalex.org/A5019699241
Qing Guo,W4392903451;W4393079043;W4402944026,"Agency for Science, Technology and Research",https://openalex.org/A5026239594
Rui Huang,W4392903451,Civil Aviation University of China,https://openalex.org/A5022571340
Weixuan Tang,W4405097853,Guangzhou University,https://openalex.org/A5103133635
Jiahao Li,W4405097853,Guangzhou University,
Yuan Rao,W4405097853,Guangzhou University,https://openalex.org/A5101423126
Zhili Zhou,W4405097853,Guangzhou University,https://openalex.org/A5089418255
Fei Peng,W4405097853,Guangzhou University,https://openalex.org/A5049120636
Yu Feng,W4407507713,Northwestern Polytechnical University,
Dongnan Liu,W4407507713,The University of Sydney,https://openalex.org/A5027686620
Yanning Zhang,W4407507713,Northwestern Polytechnical University,https://openalex.org/A5028235866
Weidong Cai,W4407507713,The University of Sydney,https://openalex.org/A5076697411
Jianhao Ding,W4416359059,Peking University,https://openalex.org/A5030879654
Zhaofei Yu,W4416359059,Peking University,https://openalex.org/A5048087489
Jian K. Liu,W4416359059,University of Birmingham,https://openalex.org/A5001710920
Tiejun Huang,W4416359059,Peking University,https://openalex.org/A5058066577
Yi Zeng,W3206773754,,https://openalex.org/A5025846619
Si Chen,W3206773754,,https://openalex.org/A5100366166
Won Park,W3206773754,,https://openalex.org/A5100731806
Z. Morley Mao,W3206773754,,https://openalex.org/A5003217329
Ming Jin,W3206773754,,https://openalex.org/A5101484129
Shengshan Hu,W4304099366;W4412748153,Huazhong University of Science and Technology,https://openalex.org/A5081287468
Ziqi Zhou,W4304099366,Huazhong University of Science and Technology,https://openalex.org/A5089387872
Yechao Zhang,W4304099366,Huazhong University of Science and Technology,https://openalex.org/A5056377873
Leo Yu Zhang,W4304099366;W4388838066;W4411446618;W4412748153;W4391889553;W4385488808;W4365802457,Deakin University,https://openalex.org/A5015011245
Yifeng Zheng,W4304099366,Harbin Institute of Technology,https://openalex.org/A5017426295
Yuanyuan He,W4304099366,Huazhong University of Science and Technology,https://openalex.org/A5100739224
Hai Jin,W4304099366,Huazhong University of Science and Technology,https://openalex.org/A5022262922
Hongsheng Hu,W4225004701,University of Auckland,https://openalex.org/A5064530863
Zoran Salčić,W4225004701,University of Auckland,https://openalex.org/A5088166627
Gillian Dobbie,W4225004701,University of Auckland,https://openalex.org/A5016115576
Jinjun Chen,W4225004701,Swinburne University of Technology,https://openalex.org/A5101808353
Xuyun Zhang,W4225004701,Macquarie University,https://openalex.org/A5076120553
Mingfu Xue,W4223940398;W3156790900;W4388838066,Nanjing University of Aeronautics and Astronautics,https://openalex.org/A5022068526
Can He,W4223940398;W3156790900,Nanjing University of Aeronautics and Astronautics,https://openalex.org/A5102943054
Yinghao Wu,W4223940398,Nanjing University of Aeronautics and Astronautics,https://openalex.org/A5024861014
Shichang Sun,W4223940398;W3156790900,Nanjing University of Aeronautics and Astronautics,https://openalex.org/A5005224500
Yushu Zhang,W4223940398;W4388838066,Nanjing University of Aeronautics and Astronautics,https://openalex.org/A5085698418
Jian Wang,W4223940398;W3156790900,Nanjing University of Aeronautics and Astronautics,https://openalex.org/A5100370498
Weiqiang Liu,W4223940398;W3156790900;W4388838066,Nanjing University of Aeronautics and Astronautics,https://openalex.org/A5023734605
Jun Xia,W4285601739;W4387968618,East China Normal University,https://openalex.org/A5081669284
Ting Wang,W4285601739;W4387968618;W3217308368;W3113251160,East China Normal University,https://openalex.org/A5067164243
Jiepin Ding,W4285601739,East China Normal University,https://openalex.org/A5025619718
Xian Wei,W4285601739;W4387968618,East China Normal University,https://openalex.org/A5030210439
Mingsong Chen,W4285601739;W4416549605;W4387968618,Tongji University,https://openalex.org/A5025413633
Pengfei Xia,W4226313456;W4285602113;W4403094518;W4412625426;W3211646155,University of Science and Technology of China,https://openalex.org/A5049847547
Hongjing Niu,W4226313456;W3211646155,University of Science and Technology of China,https://openalex.org/A5056229595
Ziqiang Li,W4226313456;W4285602113;W4403094518;W4412625426;W3211646155,University of Science and Technology of China,https://openalex.org/A5100757234
Bin Li,W4226313456;W4285602113;W4403094518,University of Science and Technology of China,https://openalex.org/A5100365157
Jianbin Ye,W4281645443,National University of Defense Technology,https://openalex.org/A5015924721
Xiaoyuan Liu,W4281645443,National University of Defense Technology,https://openalex.org/A5100605609
Zheng You,W4281645443,Fuzhou University,https://openalex.org/A5041300353
Guowei Li,W4281645443,National University of Defense Technology,https://openalex.org/A5087791868
Bo Liu,W4281645443,National University of Defense Technology,https://openalex.org/A5050900731
Zhenzhu Chen,W4285233920;W7168569711,Nanjing University of Science and Technology,https://openalex.org/A5000833104
Shang Wang,W4285233920,Nanjing University of Science and Technology,https://openalex.org/A5100346376
Anmin Fu,W4285233920;W4390577972;W4405183017;W3044223678;W4386880702;W7168569711,Nanjing University of Information Science and Technology,https://openalex.org/A5048592388
Yansong Gao,W4285233920,Nanjing University of Science and Technology,https://openalex.org/A5101863680
Robert H. Deng,W4285233920;W4412971470,Singapore Management University,https://openalex.org/A5001712801
Ruitao Hou,W4226322346;W4376139366,Guangzhou University,https://openalex.org/A5036757740
Shan Ai,W4226322346,Guangzhou University,https://openalex.org/A5006616888
Qi Chen,W4226322346,Guangzhou University,https://openalex.org/A5100340130
Hongyang Yan,W4226322346;W4416252102,Guangzhou University,https://openalex.org/A5111123738
Teng Huang,W4226322346,Guangzhou University,https://openalex.org/A5101424450
Kongyang Chen,W4226322346;W4226394973;W3212763423,Guangzhou University,https://openalex.org/A5075512625
Rui Ning,W4283205753,,https://openalex.org/A5102482644
Chunsheng Xin,W4283205753;W4393147876;W4283791729;W4396220710;W4387544302;W7148780328,Old Dominion University,https://openalex.org/A5074327315
Hongyi Wu,W4283205753,Old Dominion University,https://openalex.org/A5061078522
Yang Li,W4384948718,University of Illinois Urbana-Champaign,https://openalex.org/A5100782696
Zhi Chen,W4384948718,University of Illinois Urbana-Champaign,https://openalex.org/A5017769599
Jacopo Cortellazzi,W4384948718,King's College London,https://openalex.org/A5025184689
Feargus Pendlebury,W4384948718,University College London,https://openalex.org/A5090260871
Kevin Tu,W4384948718,University of Illinois Urbana-Champaign,https://openalex.org/A5040098785
Fabio Pierazzi,W4384948718,King's College London,https://openalex.org/A5072597369
Lorenzo Cavallaro,W4384948718,University College London,https://openalex.org/A5036908366
Gang Wang,W4384948718,University of Illinois Urbana-Champaign,https://openalex.org/A5100367418
Yajie Wang,W4226394973,Beijing Institute of Technology,https://openalex.org/A5100455413
Yu‐an Tan,W4226394973,Beijing Institute of Technology,https://openalex.org/A5003198271
Shuxin Huang,W4226394973,Beijing Institute of Technology,https://openalex.org/A5070424852
Wencong Ma,W4226394973,Beijing Institute of Technology,https://openalex.org/A5074461054
Yuanzhang Li,W4226394973,Beijing Institute of Technology,https://openalex.org/A5026287089
Wei Zhang,W4285602113,University of Science and Technology of China,https://openalex.org/A5100441817
Lu Pang,W4386065356,Stony Brook University,https://openalex.org/A5112985150
Tao Sun,W4386065356,Stony Brook University,https://openalex.org/A5089797365
Haibin Ling,W4386065356,Stony Brook University,https://openalex.org/A5061469520
Mengnan Zhao,W4285267503,Dalian University of Technology,https://openalex.org/A5027718772
Bo Wang,W4285267503,Dalian University of Technology,https://openalex.org/A5053298425
Wei Wang,W4285267503,Chinese Academy of Sciences,https://openalex.org/A5100757829
Yuqiu Kong,W4285267503,Dalian University of Technology,https://openalex.org/A5065172324
Sungwon Han,W4390874351,Korea Advanced Institute of Science and Technology,https://openalex.org/A5030123507
Sungwon Park,W4390874351,Korea Advanced Institute of Science and Technology,https://openalex.org/A5100735922
Fangzhao Wu,W4390874351,Microsoft Research Asia (China),https://openalex.org/A5076423724
Sundong Kim,W4390874351,Gist (Czechia),https://openalex.org/A5073596347
Bin Zhu,W4390874351,Microsoft Research Asia (China),https://openalex.org/A5081758219
Xing Xie,W4390874351,Microsoft Research Asia (China),https://openalex.org/A5044651577
Meeyoung Cha,W4390874351,Korea Advanced Institute of Science and Technology,https://openalex.org/A5061810530
Wenshu Fan,W4396982204,University of Electronic Science and Technology of China,https://openalex.org/A5097740375
Meng Hao,W4396982204,University of Electronic Science and Technology of China,https://openalex.org/A5078359928
Xiao Zhang,W4396982204,Helmholtz Center for Information Security,https://openalex.org/A5106403975
Ren Pang,W4283361424;W3113251160;W3036148123,Pennsylvania State University,https://openalex.org/A5021575600
Zheng Zhang,W4283361424;W3113251160,Pennsylvania State University,https://openalex.org/A5100459168
Xiangshan Gao,W4283361424;W3113251160,Zhejiang University,https://openalex.org/A5045161763
Zhaohan Xi,W4283361424;W3113251160;W3036148123,Pennsylvania State University,https://openalex.org/A5026309535
Shouling Ji,W4283361424;W3113251160;W3036148123;W4414348474,Zhejiang University,https://openalex.org/A5058611515
Peng Cheng,W4283361424;W3113251160,Zhejiang University,https://openalex.org/A5051951845
Xiapu Luo,W4283361424;W4415648086;W4417251792,Hong Kong Polytechnic University,https://openalex.org/A5100400376
Linkun Fan,W4390187915;W7167482655,Wuhan University,https://openalex.org/A5084161986
Fazhi He,W4390187915,Wuhan University,https://openalex.org/A5100660581
Tongzhen Si,W4390187915,Wuhan University,https://openalex.org/A5057635087
Rubin Fan,W4390187915,Wuhan University,https://openalex.org/A5102535240
Chuanlong Ye,W4390187915,Wuhan University,https://openalex.org/A5001257337
Bing Li,W4390187915,Wuhan University,https://openalex.org/A5100451253
Vinu Sankar Sadasivan,W4386076376,"University of Maryland, College Park",https://openalex.org/A5048273558
Mahdi Soltanolkotabi,W4386076376,University of Southern California,https://openalex.org/A5046962187
Soheil Feizi,W4386076376,"University of Maryland, College Park",https://openalex.org/A5025450606
Junfeng Guo,W4390873038,"University of Maryland, College Park",https://openalex.org/A5100580299
Ang Li,W4390873038;W3210327063,,https://openalex.org/A5100413592
Lixu Wang,W4390873038,,https://openalex.org/A5036817528
Cong Liu,W4390873038;W4386075644,"University of California, Riverside",https://openalex.org/A5100331555
Daizong Ding,W4289533826,Fudan University,https://openalex.org/A5014216659
Mi Zhang,W4289533826;W4402288732,Fudan University,https://openalex.org/A5101652939
Yuanmin Huang,W4289533826,Fudan University,https://openalex.org/A5071959369
Xudong Pan,W4289533826;W4402288732,Fudan University,https://openalex.org/A5074846459
Fuli Feng,W4289533826,University of Science and Technology of China,https://openalex.org/A5051925942
Erling Jiang,W4289533826,Fudan University,https://openalex.org/A5075978061
Min Yang,W4289533826;W4402288732,Fudan University,https://openalex.org/A5052437722
Yujing Jiang,W4378976916;W4395098191,Information Technology University,https://openalex.org/A5060827560
Sarah Erfani,W4378976916;W4385806592;W3217116278;W4322097114;W3119278161;W4395098191,Information Technology University,https://openalex.org/A5070030398
James Bailey,W4378976916;W3119278161;W3121355610;W4395098191,Information Technology University,https://openalex.org/A5101609697
Iram Arshad,W4385938208;W4394595203;W4321193508,Shannon Applied Biotechnology Centre,https://openalex.org/A5001642577
Saeed Hamood Alsamhi,W4385938208;W4394595203,Ollscoil na Gaillimhe – University of Galway,https://openalex.org/A5012786887
Yuansong Qiao,W4385938208;W4394595203;W4321193508,Shannon Applied Biotechnology Centre,https://openalex.org/A5029716141
Brian Lee,W4385938208;W4394595203;W4321193508,Shannon Applied Biotechnology Centre,https://openalex.org/A5100371443
Yuhang Ye,W4385938208;W4394595203;W4321193508,Shannon Applied Biotechnology Centre,https://openalex.org/A5017865903
Khoa D. Doan,W4382468565;W3201941857;W4403888301,VinUniversity,https://openalex.org/A5080642445
Yingjie Lao,W4382468565;W3201941857,Clemson University,https://openalex.org/A5071172709
Peng Yang,W4382468565;W4385301073,,https://openalex.org/A5100681631
Ping Li,W4382468565;W3201941857;W4408221642,LinkedIn (United States),https://openalex.org/A5100435494
Jiaming Zhang,W4386071958;W4382449549;W3176890135,Beijing Jiaotong University,https://openalex.org/A5100453782
Qi Yi,W4386071958;W4382449549,Beijing Jiaotong University,https://openalex.org/A5101413852
Jitao Sang,W4386071958;W4382449549;W4408182524;W3176890135;W4395455145;W4415049231,Beijing Jiaotong University,https://openalex.org/A5023834030
Yu–Gang Jiang,W4386071958;W4413966860;W3121355610,Fudan University,https://openalex.org/A5047962986
Yaowei Wang,W4386071958,Peng Cheng Laboratory,https://openalex.org/A5100631216
Changsheng Xu,W4386071958,Chinese Academy of Sciences,https://openalex.org/A5101552487
Simin Chen,W4386075644,,https://openalex.org/A5029676112
Hanlin Chen,W4386075644,Purdue University West Lafayette,https://openalex.org/A5101979344
Mirazul Haque,W4386075644,,https://openalex.org/A5016858094
Wei Yang,W4386075644,,https://openalex.org/A5100709268
Mozhgan Pourkeshavarz,W4402727728,Huawei Technologies (Canada),https://openalex.org/A5032684585
Mohammad Sabokrou,W4402727728,Okinawa Institute of Science and Technology Graduate University,https://openalex.org/A5012207220
Amir Rasouli,W4402727728,Huawei Technologies (Canada),https://openalex.org/A5102785363
Wei Jiang,W4294982857;W4408998867,University of Electronic Science and Technology of China,https://openalex.org/A5101460603
Xiangyu Wen,W4294982857;W4408998867,University of Electronic Science and Technology of China,https://openalex.org/A5054813950
Jinyu Zhan,W4294982857;W4408998867,University of Electronic Science and Technology of China,https://openalex.org/A5082893987
Xupeng Wang,W4294982857,University of Electronic Science and Technology of China,https://openalex.org/A5018927991
Ziwei Song,W4294982857,University of Electronic Science and Technology of China,https://openalex.org/A5019374620
Chen Bian,W4294982857,University of Electronic Science and Technology of China,https://openalex.org/A5047808228
Chenguang Wang,W4385573287,Washington University in St. Louis,https://openalex.org/A5100329692
Xu Sun,W4385573287,Peking University,https://openalex.org/A5111863979
Bingxu Mu,W4386071506,Xi'an Jiaotong University,https://openalex.org/A5020975592
Zhenxing Niu,W4386071506;W4395056508,Xidian University,https://openalex.org/A5113948735
Le Wang,W4386071506,,https://openalex.org/A5100350793
Xue Wang,W4386071506,Alibaba Group (United States),https://openalex.org/A5100422607
Qiguang Mia,W4386071506,Xidian University,https://openalex.org/A5092675597
Rong Jin,W4386071506;W4395056508,Alibaba Group (United States),https://openalex.org/A5069394608
Rui Zhu,W4389546075;W4318751842;W4311249128,Indiana University Bloomington,https://openalex.org/A5100617073
Di Tang,W4389546075,Indiana University Bloomington,https://openalex.org/A5025881980
Siyuan Tang,W4389546075;W4391725293;W4318751842,Indiana University Bloomington,https://openalex.org/A5085045290
Xiaofeng Wang,W4389546075,Indiana University Bloomington,https://openalex.org/A5100333272
Haixu Tang,W4389546075;W4391725293;W4318751842;W4311249128,Indiana University Bloomington,https://openalex.org/A5078007096
Siyuan Cheng,W4324007922;W4408565421,"Rutgers, The State University of New Jersey",https://openalex.org/A5107250277
Yingqi Liu,W4324007922;W4408565421,"Rutgers, The State University of New Jersey",https://openalex.org/A5101952324
Kaiyuan Zhang,W4324007922;W4402727117,"Rutgers, The State University of New Jersey",https://openalex.org/A5100649575
Qiuling Xu,W4324007922,"Rutgers, The State University of New Jersey",https://openalex.org/A5015196279
Hong Zhu,W4384948583;W4414603391,Chinese Academy of Sciences,https://openalex.org/A5103837552
Ming-Jie Sun,W4386075973,Carnegie Mellon University,https://openalex.org/A5044193894
J. Zico Kolter,W4386075973,Robert Bosch (India),https://openalex.org/A5075035644
Kaidi Jin,W4288391221,Xi'an Jiaotong University,https://openalex.org/A5006308815
Chao Shen,W4288391221;W4416148980,Xi'an Jiaotong University,https://openalex.org/A5101843177
Yufei Chen,W4288391221,City University of Hong Kong,https://openalex.org/A5100411559
Ming Fan,W4288391221,Chongqing University,https://openalex.org/A5100692958
Chenhao Lin,W4288391221;W4416148980,Xi'an Jiaotong University,https://openalex.org/A5046723920
Ting Liu,W4288391221,Xi'an Jiaotong University,https://openalex.org/A5101554099
Chaohui Xu,W4385569687;W4304140713,Nanyang Technological University,https://openalex.org/A5044945662
Wenye Liu,W4385569687;W4304140713,Nanyang Technological University,https://openalex.org/A5000387478
Yue Zheng,W4385569687;W4304140713,Nanyang Technological University,https://openalex.org/A5061840305
Si Wang,W4385569687;W4304140713,Nanyang Technological University,https://openalex.org/A5100651867
Chip-Hong Chang,W4385569687;W4400075150;W4304140713,Nanyang Technological University,https://openalex.org/A5029335324
Yinghao Wu,W4388838066,Nanjing University of Aeronautics and Astronautics,https://openalex.org/A5072973227
Shifeng Ni,W4388838066,Nanjing University of Aeronautics and Astronautics,https://openalex.org/A5060434363
Gorka Abad,W4391725253;W4320854546,Radboud University Nijmegen,https://openalex.org/A5038656725
Oğuzhan Ersoy,W4391725253;W4320854546,Radboud University Nijmegen,https://openalex.org/A5090399988
Stjepan Picek,W4391725253;W4320854546,Radboud University Nijmegen,https://openalex.org/A5024072796
Aitor Urbieta,W4391725253;W4320854546,Radboud University Nijmegen,https://openalex.org/A5027736689
Yiming Chen,W4393147367,University of Macau,https://openalex.org/A5100333361
Haiwei Wu,W4393147367,University of Macau,https://openalex.org/A5079117782
Jiantao Zhou,W4393147367,University of Macau,https://openalex.org/A5037979193
Yuyao Sun,W4395056508,Xidian University,https://openalex.org/A5114859590
Qiguang Miao,W4395056508,Xidian University,https://openalex.org/A5103213763
Zizhen Liu,W4400075150,Chinese Academy of Sciences,https://openalex.org/A5103202637
Weiyang He,W4400075150,Nanyang Technological University,https://openalex.org/A5100561730
Jing Ye,W4400075150,Chinese Academy of Sciences,https://openalex.org/A5100394414
Huawei Li,W4400075150,Chinese Academy of Sciences,https://openalex.org/A5100768288
Xiaowei Li,W4400075150,Chinese Academy of Sciences,https://openalex.org/A5023380073
Rongfang Bie,W4400188454,Beijing Normal University,https://openalex.org/A5030902303
Jinxiu Jiang,W4400188454,Beijing Normal University,https://openalex.org/A5053956835
Hongcheng Xie,W4400188454,City University of Hong Kong,https://openalex.org/A5069710757
Yu Guo,W4400188454,Beijing Normal University,https://openalex.org/A5021523270
Yinbin Miao,W4400188454;W4412971470;W7151306065,Xidian University,https://openalex.org/A5102885964
Xiaohua Jia,W4400188454,City University of Hong Kong,https://openalex.org/A5013643572
Xiao Yang,W3138646989,Robert Bosch (United States),https://openalex.org/A5101626120
Zhijie Deng,W3138646989,Robert Bosch (United States),https://openalex.org/A5102623510
Tianyu Pang,W3138646989,Robert Bosch (United States),https://openalex.org/A5031863731
Zihao Xiao,W3138646989,Guangzhou Experimental Station,https://openalex.org/A5065750423
Hang Su,W3138646989,Robert Bosch (United States),https://openalex.org/A5100341893
Chengkun Wei,W4386270217,Zhejiang University,https://openalex.org/A5006624972
Wenlong Meng,W4386270217,Zhejiang University,https://openalex.org/A5032995108
Zhikun Zhang,W4386270217,Zhejiang University,https://openalex.org/A5100746182
Min Chen,W4386270217,Helmholtz Center for Information Security,https://openalex.org/A5100337210
Minghu Zhao,W4386270217,Zhejiang University,https://openalex.org/A5068853349
Wenjing Fang,W4386270217,,https://openalex.org/A5027030871
Lei Wang,W4386270217,,https://openalex.org/A5102001476
Zihui Zhang,W4386270217,Zhejiang University,https://openalex.org/A5102008204
Wenzhi Chen,W4386270217,Zhejiang University,https://openalex.org/A5101562847
Huaibing Peng,W4390577972;W4386880702,Nanjing University of Science and Technology,https://openalex.org/A5103240401
Huming Qiu,W4390577972;W4405183017;W4402288732,Nanjing University of Science and Technology,https://openalex.org/A5039324800
Hua Ma,W4390577972;W4386880702,Commonwealth Scientific and Industrial Research Organisation,https://openalex.org/A5114928939
Shuo Wang,W4390577972,Commonwealth Scientific and Industrial Research Organisation,https://openalex.org/A5100400133
Said F. Al-Sarawi,W4390577972;W4386880702;W4387091233,The University of Adelaide,https://openalex.org/A5053660700
Derek Abbott,W4390577972;W4405183017;W4386880702;W4387091233,The University of Adelaide,https://openalex.org/A5040978000
Yansong Gao,W4390577972,Commonwealth Scientific and Industrial Research Organisation,
Honglong Chen,W4400579908;W4409002518;W4396877670;W4399450490;W4400034759,"China University of Petroleum, East China",https://openalex.org/A5005165463
Yudong Gao,W4400579908;W4409002518;W4399808266;W4396877670;W4403623219;W4399450490;W4400034759,"China University of Petroleum, East China",https://openalex.org/A5101218044
Anqing Zhang,W4400579908,"China University of Petroleum, East China",https://openalex.org/A5101616378
Peng Sun,W4400579908;W4403623219,Hunan University,https://openalex.org/A5089450416
Nan Jiang,W4400579908,East China Jiaotong University,https://openalex.org/A5008181744
Weifeng Liu,W4400579908,"China University of Petroleum, East China",https://openalex.org/A5100444156
Xingang Wang,W4400579908,Qilu University of Technology,https://openalex.org/A5026151620
Guo‐Qiang Zeng,W4401163937;W7172309139,Wenzhou University,https://openalex.org/A5046775963
Hai-Nan Wei,W4401163937;W7172309139,Jinan University,https://openalex.org/A5052185154
Kang‐Di Lu,W4401163937;W7172309139,Donghua University,https://openalex.org/A5072829479
Guanggang Geng,W4401163937,Jinan University,https://openalex.org/A5101926046
Jian Weng,W4401163937,Jinan University,https://openalex.org/A5082041657
Hao Fu,W4384915898;W4206437641;W4387397361,New York University,https://openalex.org/A5103050216
P. Krishnamurthy,W4384915898;W4206437641;W4387397361,New York University,https://openalex.org/A5054769060
Siddharth Garg,W4384915898;W4206437641;W4387397361,New York University,https://openalex.org/A5010950688
Farshad Khorrami,W4384915898;W4206437641;W4387397361,New York University,https://openalex.org/A5082413942
Yuhao Bian,W4402041560,Dalian University of Technology,https://openalex.org/A5003381743
Shengjing Tian,W4402041560,China University of Mining and Technology,https://openalex.org/A5084435909
Xiuping Liu,W4402041560,Dalian University of Technology,https://openalex.org/A5100645085
Shiqing Ma,W4402727117;W4408565421;W4318751842,University of Massachusetts Amherst,https://openalex.org/A5028714018
Xiangyu Zhang,W4402727117;W4403905746,Purdue University West Lafayette,https://openalex.org/A5100362466
Akshayvarun Subramanya,W4394597832,"University of Maryland, Baltimore County",https://openalex.org/A5010032549
Soroush Abbasi Koohpayegani,W4394597832,"University of California, Davis",https://openalex.org/A5084289151
Aniruddha Saha,W4394597832,"University of Maryland, Baltimore County",https://openalex.org/A5102885702
Ajinkya Tejankar,W4394597832,"University of California, Davis",https://openalex.org/A5031794370
Hamed Pirsiavash,W4394597832,"University of California, Davis",https://openalex.org/A5031860916
Wen Yin,W4402660152,Huazhong University of Science and Technology,https://openalex.org/A5102658991
Jian Lou,W4402660152;W4285428780;W4406857468,Zhejiang University,https://openalex.org/A5041918034
Pan Zhou,W4402660152;W4285428780,Huazhong University of Science and Technology,https://openalex.org/A5100693198
Yulai Xie,W4402660152,Huazhong University of Science and Technology,https://openalex.org/A5051731173
Dan Feng,W4402660152,Wuhan National Laboratory for Optoelectronics,https://openalex.org/A5102658992
Yuhua Sun,W4402660152;W4285428780,Huazhong University of Science and Technology,https://openalex.org/A5108009600
Tailai Zhang,W4402660152;W4285428780,Huazhong University of Science and Technology,https://openalex.org/A5006901308
Lichao Sun,W4402660152,Lehigh University,https://openalex.org/A5109962243
Zhongqi Wang,W4404725244;W4417427582,Chinese Academy of Sciences,https://openalex.org/A5035942632
Jie Zhang,W4404725244;W4417427582,Chinese Academy of Sciences,https://openalex.org/A5010618416
Shiguang Shan,W4404725244;W4417427582,Chinese Academy of Sciences,https://openalex.org/A5050297728
Xilin Chen,W4404725244;W4417427582,Chinese Academy of Sciences,https://openalex.org/A5083420537
Haipeng Peng,W4386634675;W4409640599,Beijing University of Posts and Telecommunications,https://openalex.org/A5016214742
Shuang Bao,W4386634675,Beijing University of Posts and Telecommunications,https://openalex.org/A5070992149
Lixiang Li,W4386634675,Beijing University of Posts and Telecommunications,https://openalex.org/A5100734103
Xiao Yang,W4392172243,Shanghai Jiao Tong University,https://openalex.org/A5101972163
Gaolei Li,W4392172243;W4408323506,Shanghai Jiao Tong University,https://openalex.org/A5007267530
Xiaoyi Tao,W4392172243,Dalian Maritime University,https://openalex.org/A5056756764
Chaofeng Zhang,W4392172243,Advanced Institute of Industrial Technology,https://openalex.org/A5100405884
Jianhua Li,W4392172243,Shanghai Jiao Tong University,https://openalex.org/A5110670970
Tong Wang,W4393158745,Stony Brook University,https://openalex.org/A5014384175
Feng Xu,W4393158745,Nanjing University,https://openalex.org/A5004418846
Miao Xu,W4393158745,The University of Queensland,https://openalex.org/A5016620131
Qiang Liu,W4403977061,Xiangtan University,https://openalex.org/A5100716586
Yanlong Qiu,W4403977061,National University of Defense Technology,https://openalex.org/A5019512392
Tongqing Zhou,W4403977061;W4389144521,National University of Defense Technology,https://openalex.org/A5044528861
Ming Xu,W4403977061,National University of Defense Technology,https://openalex.org/A5026694481
Jiaohua Qin,W4403977061,Central South University of Forestry and Technology,https://openalex.org/A5060614711
Wentao Ma,W4403977061,Anhui Agricultural University,https://openalex.org/A5031638251
Fan Zhang,W4403977061,National University of Defense Technology,https://openalex.org/A5100403518
Zhiping Cai,W4403977061;W4389144521,National University of Defense Technology,https://openalex.org/A5006334685
Yi Yu,W4404810593;W4404722473,Nanyang Technological University,https://openalex.org/A5116592774
Yufei Wang,W4404810593,Nanyang Technological University,https://openalex.org/A5100374835
Lanqing Guo,W4404810593,Nanyang Technological University,https://openalex.org/A5101553481
Ling‐Yu Duan,W4404810593,Peking University,https://openalex.org/A5024879728
Yap-Peng Tan,W4404810593;W4402604120,Nanyang Technological University,https://openalex.org/A5113654955
Hua Ma,W4405183017,Commonwealth Scientific and Industrial Research Organisation,https://openalex.org/A5070922232
Shang Wang,W4405183017,University of Technology Sydney,https://openalex.org/A5102805627
Yansong Gao,W4405183017;W3044223678;W4387091233,Commonwealth Scientific and Industrial Research Organisation,https://openalex.org/A5067969908
Zhi Zhang,W4405183017,The University of Western Australia,https://openalex.org/A5100410688
Alsharif Abuadbba,W4405183017;W4387091233,Commonwealth Scientific and Industrial Research Organisation,https://openalex.org/A5086357020
‪Surya Nepal‬,W4405183017;W3044223678,Commonwealth Scientific and Industrial Research Organisation,https://openalex.org/A5082256444
Chuanqi Xu,W4411337600,Yale University,https://openalex.org/A5101523308
Jakub Szefer,W4411337600,Yale University,https://openalex.org/A5044387689
Binhao Ma,W4361228537;W4386080657,,https://openalex.org/A5019693916
Can Zhao,W4361228537,,https://openalex.org/A5070998415
Dejun Wang,W4361228537,,https://openalex.org/A5101658996
Bo Meng,W4361228537;W4386080657,,https://openalex.org/A5100641525
Teng Huang,W4376139366,Guangzhou University,https://openalex.org/A5010660404
Hongyang Yan,W4376139366,Guangzhou University,https://openalex.org/A5055842190
Lishan Ke,W4376139366,Guangzhou University,https://openalex.org/A5044661002
Weixuan Tang,W4376139366,Guangzhou University,https://openalex.org/A5011972758
Jiaming Pei,W4394585858,The University of Sydney,https://openalex.org/A5029365003
Rubing Xue,W4394585858,Shandong University of Science and Technology,https://openalex.org/A5101333303
Chao Liu,W4394585858,Ocean University of China,https://openalex.org/A5100362891
Lukun Wang,W4394585858,Shandong University of Science and Technology,https://openalex.org/A5101572893
Lingxin Jin,W4408998867,University of Electronic Science and Technology of China,https://openalex.org/A5044207082
Xingzhi Zhou,W4408998867,University of Electronic Science and Technology of China,https://openalex.org/A5101756360
Muhammad Abdullah Hanif,W4410536435,New York University Abu Dhabi,https://openalex.org/A5100647460
Nandish Chattopadhyay,W4410536435,New York University Abu Dhabi,https://openalex.org/A5071802339
Bassem Ouni,W4410536435,Technology Innovation Institute,https://openalex.org/A5051699271
Muhammad Shafique,W4410536435;W4392607802,New York University Abu Dhabi,https://openalex.org/A5005190949
Jiaming He,W4413786017,University of Electronic Science and Technology of China,
Rui Zhang,W4413786017,University of Electronic Science and Technology of China,https://openalex.org/A5100422102
Rongxing Lu,W4413786017,University of New Brunswick,https://openalex.org/A5070447777
Chen Chen,W4401212199,Zhejiang Gongshang University,https://openalex.org/A5100418451
Haibo Hong,W4401212199;W4409223199,Zhejiang Gongshang University,https://openalex.org/A5083588975
Tao Xiang,W4401212199,Chongqing University,https://openalex.org/A5079461118
Mande Xie,W4401212199,Zhejiang Gongshang University,https://openalex.org/A5100660299
Hong Sun,W4403094518,University of Science and Technology of China,https://openalex.org/A5114833394
Beihao Xia,W4403094518;W4417251792,Huazhong University of Science and Technology,https://openalex.org/A5028632571
Xue Rui,W4403094518,Nanjing University of Information Science and Technology,https://openalex.org/A5103655695
Wei Zhang,W4403094518,University of Science and Technology of China,
Qinglang Guo,W4403094518,China Academy of Information and Communications Technology,https://openalex.org/A5072389850
Zhangjie Fu,W4403094518;W4412625426,Nanjing University of Information Science and Technology,https://openalex.org/A5066341740
Hao Ren,W4405741930,Sichuan University,https://openalex.org/A5028294527
Haomiao Yang,W4405741930;W4312803479,University of Electronic Science and Technology of China,https://openalex.org/A5048390686
Liuwan Zhu,W4393147876;W4396220710,University of Hawaiʻi at Mānoa,https://openalex.org/A5051878419
Rui Ning,W4393147876;W4283791729;W4396220710;W4387544302;W7148780328,Dominion University College,https://openalex.org/A5061056153
Li Jiang,W4393147876,Dominion University College,https://openalex.org/A5100392353
Hongyi Wu,W4393147876;W4283791729;W4396220710;W4387544302,University of Arizona,https://openalex.org/A5101816294
Yongjie Xu,W4411454352,ShanghaiTech University,https://openalex.org/A5102202439
Guangke Chen,W4411454352,Peng Cheng Laboratory,https://openalex.org/A5010348592
Fu Song,W4411454352,Nanjing Institute of Technology,https://openalex.org/A5027425633
Yuqi Chen,W4411454352,ShanghaiTech University,https://openalex.org/A5026181425
Yanxin Yang,W4416549605,East China Normal University,https://openalex.org/A5100965242
Ming Hu,W4416549605;W4387968618,Singapore Management University,https://openalex.org/A5017425520
Xiaofei Xie,W4416549605;W3086120435,Singapore Management University,https://openalex.org/A5084396416
Yue Cao,W4416549605,Nanyang Technological University,
Pengyu Zhang,W4416549605,East China Normal University,https://openalex.org/A5102795710
Yihao Huang,W4416549605,National University of Singapore,https://openalex.org/A5036183844
Yusheng Guo,W4387968566,Fudan University,https://openalex.org/A5074481036
Nan Zhong,W4387968566,Fudan University,https://openalex.org/A5060167465
Zhenxing Qian,W4387968566,Fudan University,https://openalex.org/A5036715206
Xinpeng Zhang,W4387968566,Fudan University,https://openalex.org/A5101889358
Hanfeng Xia,W4409223199,Zhejiang Gongshang University,https://openalex.org/A5109737648
Ruili Wang,W4409223199,Massey University,https://openalex.org/A5100694558
Yiru Sun,W4409223199,Zhejiang Gongshang University,https://openalex.org/A5083271889
Hao Ding,W4409223199,Zhejiang Gongshang University,https://openalex.org/A5011300626
Yanqi Qiao,W4409263513,Delft University of Technology,https://openalex.org/A5005473976
Dazhuang Liu,W4409263513,Delft University of Technology,https://openalex.org/A5046760448
Rui Wang,W4409263513,Delft University of Technology,https://openalex.org/A5100431315
Haiyan Zhang,W4412971470,Xidian University,
Xinghua Li,W4412971470,Xidian University,https://openalex.org/A5100626958
S.W. Yuan,W4412971470,Xidian University,https://openalex.org/A5063026980
Mengyao Zhu,W4412971470;W7160142908,Xidian University,https://openalex.org/A5103062985
Shashank Kapoor,W4413640011,,https://openalex.org/A5081111343
Sanjay Surendranath Girija,W4413640011,,https://openalex.org/A5000905456
Lakshit Arora,W4413640011,,https://openalex.org/A5118180027
Dipen Pradhan,W4413640011,,
Ankit Shetgaonkar,W4413640011,,https://openalex.org/A5118120013
Aman Raj,W4413640011,,https://openalex.org/A5058638462
Ziqian Bi,W4414898690,Purdue University West Lafayette,https://openalex.org/A5108304756
Amit Singha,W4414898690,Purdue University West Lafayette,https://openalex.org/A5043162645
Hongfei Xue,W4414898690,University of North Carolina at Charlotte,https://openalex.org/A5014632942
Tao Li,W4414898690,Purdue University West Lafayette,https://openalex.org/A5100455316
Yimin Chen,W4414898690,University of Massachusetts Lowell,https://openalex.org/A5100377726
Yanchao Zhang,W4414898690,Arizona State University,https://openalex.org/A5100615703
Byung Chang Chung,W7117895120,Gyeongsang National University,https://openalex.org/A5068757776
Gyu-Bum Han,W7117895120,Samsung (South Korea),https://openalex.org/A5121707659
Weijie Zhao,W3201941857,Baidu (China),https://openalex.org/A5075541712
Giorgio Severi,W3037974410,Northeastern University,https://openalex.org/A5054966546
Niklas Pousette Harger,W3037974410,Northeastern University,https://openalex.org/A5014250337
Yuki Matsuo,W3205084690;W4311852625,Kyushu Institute of Technology,https://openalex.org/A5037690982
Kazuhiro Takemoto,W3205084690;W4311852625,Kyushu Institute of Technology,https://openalex.org/A5013426338
Jinwen Xin,W4315705628;W4402352499,Xidian University,https://openalex.org/A5062774626
Xixiang Lyu,W4315705628;W3121478722;W3123680815,Xidian University,https://openalex.org/A5110729471
Jing Ma,W4315705628;W4403791880,Xidian University,https://openalex.org/A5040179664
Tianlong Chen,W4312406341,The University of Texas at Austin,https://openalex.org/A5103073431
Zhenyu Zhang,W4312406341,The University of Texas at Austin,https://openalex.org/A5100389502
Yihua Zhang,W4312406341,Michigan State University,https://openalex.org/A5101455796
Shiyu Chang,W4312406341,"University of California, Santa Barbara",https://openalex.org/A5112248869
Sijia Liu,W4312406341,IBM (United States),https://openalex.org/A5100321843
Zhangyang Wang,W4312406341,The University of Texas at Austin,https://openalex.org/A5048522863
Chang Yue,W4387185380,Chinese Academy of Sciences,https://openalex.org/A5114860602
Peizhuo Lv,W4387185380,Chinese Academy of Sciences,https://openalex.org/A5046057883
Ruigang Liang,W4387185380,Chinese Academy of Sciences,https://openalex.org/A5072373338
Shihong Fang,W3110285749,New York University,https://openalex.org/A5043317638
Anna Choromanska,W3110285749,New York University,https://openalex.org/A5006452373
Akshaj Kumar Veldanda,W4206437641,New York University,https://openalex.org/A5025135982
Jiang Li,W4283791729;W4396220710;W4387544302;W7148780328,Old Dominion University,https://openalex.org/A5100392380
Chonggang Wang,W4283791729;W4387544302,InterDigital (United States),https://openalex.org/A5101504222
Yang Jin,W4312603603,Peking University,https://openalex.org/A5101574528
Linchao Zhu,W4312603603,University of Technology Sydney,https://openalex.org/A5043617790
Yadong Mu,W4312603603;W3191777533;W3163760706,Peking University,https://openalex.org/A5028877572
Xuan Chen,W3197880668;W3196661293,Air Force Engineering University,https://openalex.org/A5100446798
Yuena Ma,W3197880668;W3196661293,Air Force Engineering University,https://openalex.org/A5063436983
Shiwei Lu,W3197880668;W3196661293,Air Force Engineering University,https://openalex.org/A5084082197
Ruinan Jin,W4283824745,University of British Columbia,https://openalex.org/A5078221177
Xiaoxiao Li,W4283824745,University of British Columbia,https://openalex.org/A5100458657
Zichuan Xu,W4285428780,Dalian University of Technology,https://openalex.org/A5063489530
Xing Di,W4285428780,,https://openalex.org/A5013497247
Yu Cheng,W4285428780,Microsoft (United States),https://openalex.org/A5101580524
Jingwen Ye,W4283807635,National University of Singapore,https://openalex.org/A5057046953
Yining Mao,W4283807635,Zhejiang University,https://openalex.org/A5104141596
Jie Song,W4283807635,Zhejiang University,https://openalex.org/A5047371218
Xinchao Wang,W4283807635,National University of Singapore,https://openalex.org/A5015574447
Cheng Jin,W4283807635,Fudan University,https://openalex.org/A5100625873
Mingli Song,W4283807635,Zhejiang University,https://openalex.org/A5026532752
Xinwei Liu,W4393161233;W4393079043,Institute of Information Engineering,https://openalex.org/A5100461515
Xiaojun Jia,W4393161233;W4393079043;W4415707806,Nanyang Technological University,https://openalex.org/A5084784341
Xun Yuan,W4393161233,Institute of Information Engineering,https://openalex.org/A5100571568
Siyuan Liang,W4393161233,National University of Singapore,https://openalex.org/A5100844339
Xiaochun Cao,W4393161233;W4393079043;W4415707806,Sun Yat-sen University,https://openalex.org/A5068837264
Hasan Abed Al Kader Hammoud,W4402916566;W4385805173;W3215055455,Kootenay Association for Science & Technology,https://openalex.org/A5029119136
Shuming Liu,W4402916566,Kootenay Association for Science & Technology,https://openalex.org/A5100664295
Mohammed Alkhrashi,W4402916566,,https://openalex.org/A5018798344
Fahad AlBalawi,W4402916566,Taif University,https://openalex.org/A5011983694
Bernard Ghanem,W4402916566;W4385805173;W3215055455,Kootenay Association for Science & Technology,https://openalex.org/A5024763828
Jinhyeok Jang,W4389543229,Soongsil University,https://openalex.org/A5102851771
Yoonsoo An,W4389543229,Soongsil University,https://openalex.org/A5114123588
Dowan Kim,W4389543229,Soongsil University,https://openalex.org/A5042028949
Daeseon Choi,W4389543229;W4388332287,Soongsil University,https://openalex.org/A5053797473
Naveed Akhtar,W3197154997,The University of Western Australia,https://openalex.org/A5069697936
Ajmal Mian,W3197154997;W3043705394,The University of Western Australia,https://openalex.org/A5089986388
Navid Kardan,W3197154997,University of Central Florida,https://openalex.org/A5064519004
Mubarak Shah,W3197154997;W3043705394,University of Central Florida,
Yue Wang,W4210410860,New York University,https://openalex.org/A5100701548
Michail Maniatakos,W4210410860;W4392607802;W4387397209;W4414198813,New York University,https://openalex.org/A5043325974
Saif Eddin Jabari,W4210410860;W4392607802;W4387397209,New York University,https://openalex.org/A5061466757
Kien Do,W4221165954,Deakin University,https://openalex.org/A5001806269
Haripriya Harikumar,W4221165954,Deakin University,https://openalex.org/A5023077368
Hung Lê,W4221165954,Deakin University,https://openalex.org/A5101936199
Dung Nguyen,W4221165954,Deakin University,https://openalex.org/A5101502392
Truyen Tran,W4221165954,Deakin University,https://openalex.org/A5085471517
Santu Rana,W4221165954,Deakin University,https://openalex.org/A5024215125
Dang Khoa Nguyen,W4221165954,Deakin University,https://openalex.org/A5101861939
Willy Susilo,W4221165954;W4206979815,University of Wollongong,https://openalex.org/A5054741725
Svetha Venkatesh,W4221165954,Deakin University,https://openalex.org/A5045540854
Long Hoang Pham,W4280555383,Singapore Management University,https://openalex.org/A5088791019
Jun Sun,W4280555383;W4413966860;W4412082090,Singapore Management University,https://openalex.org/A5100429004
Jean Honorio,W4386072179,Purdue University West Lafayette,https://openalex.org/A5038965118
Zhihao Yue,W4387968618,East China Normal University,https://openalex.org/A5003720636
Zhiwei Ling,W4387968618,East China Normal University,https://openalex.org/A5010967874
Honghui Xu,W4391528878,Georgia State University,https://openalex.org/A5064192743
Zhipeng Cai,W4391528878,Georgia State University,https://openalex.org/A5072627238
Zuobin Xiong,W4391528878,"University of Nevada, Las Vegas",https://openalex.org/A5054098183
Wei Li,W4391528878,Georgia State University,https://openalex.org/A5100318387
Eleanor Clifford,W4396791149,University of Cambridge,https://openalex.org/A5005797626
Ilia Shumailov,W4396791149;W4302305396,University of Oxford,https://openalex.org/A5069844959
Yiren Zhao,W4396791149;W4302305396,Imperial College London,https://openalex.org/A5048483915
Ross Anderson,W4396791149;W4302305396,University of Cambridge,https://openalex.org/A5046983053
Robert Mullins,W4396791149,University of Cambridge,https://openalex.org/A5040762162
Peng Liu,W4312291044,Guangxi Normal University,https://openalex.org/A5100346885
Shuyi Zhang,W4312291044,Guangxi Normal University,https://openalex.org/A5100602366
Chuanjian Yao,W4312291044,Guangxi Normal University,https://openalex.org/A5062105888
Wenzhe Ye,W4312291044,Guangxi Normal University,https://openalex.org/A5026777964
Xianxian Li,W4312291044,Guangxi Normal University,https://openalex.org/A5037037839
Luyao Chen,W4328028655;W7151306065,Chinese Academy of Sciences,https://openalex.org/A5085539729
Na Yan,W4328028655,Chinese Academy of Sciences,https://openalex.org/A5003611668
Boyang Zhang,W4328028655,Chinese Academy of Sciences,https://openalex.org/A5100677423
Zhaoyang Wang,W4328028655,Chinese Academy of Sciences,https://openalex.org/A5100356534
Wen Yu,W4328028655,Chinese Academy of Sciences,https://openalex.org/A5008201587
Yanfei Hu,W4328028655,Chinese Academy of Sciences,https://openalex.org/A5029966401
Hui Wei,W4387968635,Wuhan University,https://openalex.org/A5101529425
Hanxun Yu,W4387968635,Wuhan University,https://openalex.org/A5051594448
Kewei Zhang,W4387968635,Wuhan University,https://openalex.org/A5073036566
Zhixiang Wang,W4387968635,Wuhan University,https://openalex.org/A5100700404
Jianke Zhu,W4387968635,Zhejiang University of Science and Technology,https://openalex.org/A5062252650
Zheng Wang,W4387968635,Wuhan University,https://openalex.org/A5100401164
Yalun Wu,W4389085798;W4405399838;W4412094158;W4413645889,Beijing Jiaotong University,https://openalex.org/A5074589029
Yanfeng Gu,W4389085798,Beijing Jiaotong University,https://openalex.org/A5034748006
Yuanwan Chen,W4389085798;W4412094158,Beijing Jiaotong University,https://openalex.org/A5033817796
Xiaoshu Cui,W4389085798;W4412094158;W4413645889,Beijing Jiaotong University,https://openalex.org/A5111270853
Qiong Li,W4389085798,Beijing Jiaotong University,https://openalex.org/A5100358436
Yingxiao Xiang,W4389085798;W4405399838,Chinese Academy of Sciences,https://openalex.org/A5049446052
Endong Tong,W4389085798;W4401038834,Beijing Jiaotong University,https://openalex.org/A5085778638
Jianhua Li,W4389085798,,https://openalex.org/A5100391361
Zhen Han,W4389085798;W4405399838,Beijing Jiaotong University,https://openalex.org/A5059369429
Jiqiang Liu,W4389085798;W4405399838;W4401038834;W4412094158;W4413645889,Beijing Jiaotong University,https://openalex.org/A5070828650
Hanqi Sun,W4389180918,Jilin University,https://openalex.org/A5101027221
Wanquan Zhu,W4389180918,Yangzhou University,https://openalex.org/A5007764973
Ziyu Sun,W4389180918,Jilin University,https://openalex.org/A5100551294
Mingsheng Cao,W4389180918;W4406466024,University of Nottingham Ningbo China,https://openalex.org/A5088153559
Wenbin Liu,W4389180918,Jilin University,https://openalex.org/A5100373255
Hongbin Liu,W4389612580;W3210907555,Duke University,https://openalex.org/A5100408245
Yue Yu,W3196661293,Air Force Engineering University,https://openalex.org/A5011105950
Hadi M. Dolatabadi,W4385806592;W3217116278;W4322097114,The University of Melbourne,https://openalex.org/A5024380002
Christopher Leckie,W4385806592;W3217116278;W4322097114,The University of Melbourne,https://openalex.org/A5076014464
Xiangjun Li,W4393325714,Nanchang University,https://openalex.org/A5100755635
Xin Lu,W4393325714,Nanchang University,https://openalex.org/A5110375999
Peixuan Li,W4393325714,Nanchang University,https://openalex.org/A5103214488
Nazmul Karim,W4405182564;W3043705394,University of Central Florida,https://openalex.org/A5101823565
Abdullah Al Arafat,W4405182564,North Carolina State University,https://openalex.org/A5053332315
Adnan Siraj Rakin,W4405182564,Binghamton University,https://openalex.org/A5102895327
Zhishan Guo,W4405182564,North Carolina State University,https://openalex.org/A5067621571
Nazanin Rahnavard,W4405182564;W3043705394,University of Central Florida,https://openalex.org/A5109495751
Daizong Liu,W4407638659,Peking University,https://openalex.org/A5078220957
Wei Hu,W4407638659,Peking University,https://openalex.org/A5059045087
Tomáš Chobola,W4388887013,Technical University of Munich,https://openalex.org/A5050161008
Dmitrii Usynin,W4388887013,Technical University of Munich,https://openalex.org/A5035735692
Georgios Kaissis,W4388887013,Helmholtz Munich,https://openalex.org/A5000554104
Rui Zhu,W4391725293,Indiana University Bloomington,https://openalex.org/A5030500732
Di Tang,W4391725293;W4318751842;W4311249128,Indiana University Bloomington,https://openalex.org/A5107983832
Zihao Wang,W4391725293,Indiana University Bloomington,https://openalex.org/A5087208213
XiaoFeng Wang,W4391725293,Indiana University Bloomington,https://openalex.org/A5114585327
Yuan Xun,W4393079043;W4415707806,Chinese Academy of Sciences,https://openalex.org/A5094220601
Anuran Makur,W4402264202,Purdue University West Lafayette,https://openalex.org/A5073197040
Xiao Yang,W4408323506,Shanghai Jiao Tong University,
Kai Zhou,W4408323506,Hong Kong Polytechnic University,https://openalex.org/A5011107678
Jianhua Li,W4408323506,Shanghai Jiao Tong University,
Xingqin Lin,W4408323506,Nvidia (United States),https://openalex.org/A5101562030
Yuchen Liu,W4408323506,North Carolina State University,
Kazi Aminul Islam,W4396220710;W7133296967,Kennesaw State University,https://openalex.org/A5000079402
Shixiong Jiang,W4404101567,University of Notre Dame,https://openalex.org/A5108999535
Mengyu Liu,W4404101567,University of Notre Dame,https://openalex.org/A5100761835
Fanxin Kong,W4404101567,University of Notre Dame,https://openalex.org/A5007560139
Huy Phan,W4404689981,"Rutgers, The State University of New Jersey",https://openalex.org/A5101798122
Jinqi Xiao,W4404689981,"Rutgers, The State University of New Jersey",https://openalex.org/A5068769617
Yang Sui,W4404689981,"Rutgers, The State University of New Jersey",https://openalex.org/A5073867592
Tianfang Zhang,W4404689981,"Rutgers, The State University of New Jersey",https://openalex.org/A5101400968
Zijie Tang,W4404689981,Temple University,https://openalex.org/A5114054069
Cong Shi,W4404689981,New Jersey Institute of Technology,https://openalex.org/A5023218221
Yan Wang,W4404689981,Temple University,https://openalex.org/A5100322682
Yingying Chen,W4404689981,"Rutgers, The State University of New Jersey",https://openalex.org/A5100394750
Bo Yuan,W4404689981,"Rutgers, The State University of New Jersey",https://openalex.org/A5100770278
Saeed-uz-zaman,W4410226601,Yangzhou University,https://openalex.org/A5107676734
Bin Li,W4410226601,Yangzhou University,https://openalex.org/A5023197341
Muhammad Hamid,W4410226601,Government College Women University Sialkot,https://openalex.org/A5069008985
Muhammad Saleem,W4410226601,King Abdulaziz University,https://openalex.org/A5066288189
Mohammed Aman,W4410226601,University of Business and Technology,
Yongkang Wang,W4388739459,Beijing Institute of Technology,https://openalex.org/A5109602541
Di‐Hua Zhai,W4388739459,Beijing Institute of Technology,https://openalex.org/A5078047051
Yuanqing Xia,W4388739459,Beijing Institute of Technology,https://openalex.org/A5064231378
Danyang Liu,W4388739459,Beijing Institute of Technology,https://openalex.org/A5100754460
Hanxi Guo,W4403905746;W7160265053,Purdue University West Lafayette,https://openalex.org/A5009370494
Yu Jiang,W4405909403,Nanyang Technological University,https://openalex.org/A5101626154
Chee Wei Tan,W4405909403,Nanyang Technological University,https://openalex.org/A5079559561
Kwok‐Yan Lam,W4405909403;W4402604120;W4404722473,Nanyang Technological University,https://openalex.org/A5101720092
Xue Yang,W4408352149,University of Electronic Science and Technology of China,https://openalex.org/A5014900230
Tao Chen,W4408352149,University of Electronic Science and Technology of China,https://openalex.org/A5100681184
Lei Guo,W4408352149,University of Electronic Science and Technology of China,https://openalex.org/A5022790312
Ji Guo,W4408352149;W4408324270;W4417073179,University of Electronic Science and Technology of China,https://openalex.org/A5017191320
Yongming Li,W4408352149,Xinjiang University,https://openalex.org/A5106920582
Jiaming He,W4408352149,University of Electronic Science and Technology of China,https://openalex.org/A5101721206
Qichen Zheng,W4402604120,Nanyang Technological University,https://openalex.org/A5009318392
Siyuan Yang,W4402604120,Nanyang Technological University,https://openalex.org/A5101879304
Jun Liu,W4402604120,Lancaster University,https://openalex.org/A5100358902
Hanene F. Z. Brachemi Meftah,W4408355329,Centre National de la Recherche Scientifique,https://openalex.org/A5006656635
Wassim Hamidouche,W4408355329,Khalifa University of Science and Technology,https://openalex.org/A5084205574
Sid Ahmed Fezza,W4408355329,"Ecole Nationale Supérieur des Télécommunications et des Technologies de l’Information et de la Communication, Abdelhafid Boussouf",https://openalex.org/A5055759473
Olivier Déforges,W4408355329,Centre National de la Recherche Scientifique,https://openalex.org/A5031377954
Yunshu Mao,W4408565421,Purdue University West Lafayette,https://openalex.org/A5019424604
Quang Dang Nguyen,W4408566142,The University of Adelaide,https://openalex.org/A5025929836
Callum Lindquist,W4408566142,The University of Adelaide,https://openalex.org/A5114368826
Paul Montague,W4408566142,Defence Science and Technology Group,https://openalex.org/A5024595046
Tamas Abraham,W4408566142,Defence Science and Technology Group,https://openalex.org/A5077639290
Olivier De Vel,W4408566142,Commonwealth Scientific and Industrial Research Organisation,https://openalex.org/A5026180696
Seyit Camtepe,W4408566142,Commonwealth Scientific and Industrial Research Organisation,https://openalex.org/A5084022157
Salil S. Kanhere,W4408566142,UNSW Sydney,https://openalex.org/A5059077090
Yujia Zhu,W4410243341;W4404096531,Guizhou Normal University,https://openalex.org/A5101958458
Ruoxi Wang,W4410243341;W4404096531,Guizhou Normal University,https://openalex.org/A5101902621
Daoxun Xia,W4410243341;W4404096531,Guizhou Normal University,https://openalex.org/A5035484030
Kang Fu,W4410920066,Seoul School of Integrated Sciences and Technologies,https://openalex.org/A5102335586
Jianhua Dai,W4410920066,China University of Political Science and Law,https://openalex.org/A5079706175
Qiuhua Wang,W4412081664;W7134246657,Hangzhou Dianzi University,https://openalex.org/A5045262050
Yifan Hu,W4412081664,Hangzhou Dianzi University,https://openalex.org/A5041184605
Xiyuan Jia,W4412081664;W7134246657,Hangzhou Dianzi University,https://openalex.org/A5059919326
Guohua Wu,W4412081664,Hangzhou Dianzi University,
Yizhi Ren,W4412081664,Hangzhou Dianzi University,https://openalex.org/A5100614965
Gaoning Pan,W4412081664,Hangzhou Dianzi University,https://openalex.org/A5031848612
Yanyu Cheng,W4412081664,Hangzhou Dianzi University,https://openalex.org/A5073957898
Aliza Reif,W4413886856,Radboud University Nijmegen,https://openalex.org/A5063169922
Tarek Stolz,W4413886856,St. Augustine College,https://openalex.org/A5119500793
Stjepan Picek,W4413886856,Radboud University Nijmegen,https://openalex.org/A5038565245
O. H. Ramírez-Agudelo,W4413886856,St. Augustine College,https://openalex.org/A5072845141
Michael Karl,W4413886856,St. Augustine College,https://openalex.org/A5110332750
Shubham Jain,W4384948754,Imperial College London,https://openalex.org/A5101880662
Ana-Maria Creţu,W4384948754,Imperial College London,https://openalex.org/A5102884393
Antoine Cully,W4384948754,Imperial College London,https://openalex.org/A5011747084
Yves-Alexandre de Montjoye,W4384948754,Imperial College London,https://openalex.org/A5078253058
Majed Altoub,W4307751735;W4291001564,King Abdulaziz University,https://openalex.org/A5067515946
Fahad Alqurashi,W4307751735;W4291001564,King Abdulaziz University,https://openalex.org/A5037262245
Tan Yiğitcanlar,W4307751735;W4291001564,Queensland University of Technology,https://openalex.org/A5059261666
Juan M. Corchado,W4307751735;W4291001564,Universidad de Salamanca,https://openalex.org/A5070935465
Rashid Mehmood,W4307751735;W4291001564,King Abdulaziz University,https://openalex.org/A5077619272
Cunqiao Hou,W4308237656,Dalian Minzu University,https://openalex.org/A5070196338
Qiule Sun,W4308237656,Dalian University of Technology,https://openalex.org/A5032600929
Wei Wang,W4308237656,Dalian Minzu University,https://openalex.org/A5100392130
Jianxin Zhang,W4308237656,Dalian Minzu University,https://openalex.org/A5100413537
Rui Jiang,W4388020411,Shanghai Maritime University,https://openalex.org/A5021825605
Jiatao Li,W4388020411,Shanghai Maritime University,https://openalex.org/A5076130502
Weifeng Bu,W4388020411,Shanghai Maritime University,https://openalex.org/A5113033096
Chongqing Chen,W4388020411,Shanghai Maritime University,https://openalex.org/A5039492436
Yier Wei,W4362471971,Xidian University,https://openalex.org/A5038642274
Haichang Gao,W4362471971,Xidian University,https://openalex.org/A5086029723
Yufei Wang,W4362471971,Xidian University,https://openalex.org/A5100374831
Yipeng Gao,W4362471971,Xidian University,https://openalex.org/A5081437968
Huan Liu,W4362471971,Xidian University,https://openalex.org/A5100338946
Zonghao Ying,W4382893141;W4367548829,Chinese Academy of Sciences,https://openalex.org/A5020945039
Bin Wu,W4382893141;W4367548829,Chinese Academy of Sciences,https://openalex.org/A5022894420
Xuanli He,W4385734263,University College London,https://openalex.org/A5060320196
Jun Wang,W4385734263,The University of Melbourne,https://openalex.org/A5100384886
Benjamin I. P. Rubinstein,W4385734263,The University of Melbourne,https://openalex.org/A5078824132
Trevor Cohn,W4385734263,The University of Melbourne,https://openalex.org/A5078530959
Yue Wang,W4392607802;W4387397209,New York University,https://openalex.org/A5056854495
Wenqing Li,W4392607802,,https://openalex.org/A5027023288
Esha Sarkar,W4392607802;W4387397209,New York University,https://openalex.org/A5054288765
Teddy Furon,W4396790450;W4404577579;W4413278263,Institut national de recherche en sciences et technologies du numérique,https://openalex.org/A5062906790
ECCV 2020 Online,W4246782652,University of Oxford,
Andrea Vedaldi,W4246782652,Graz University of Technology,https://openalex.org/A5060511349
Horst Bischof,W4246782652,University of Freiburg,https://openalex.org/A5011359067
Thomas Brox,W4246782652,University of North Carolina at Chapel Hill,https://openalex.org/A5070290355
Jan‐Michael Frahm,W4246782652,,https://openalex.org/A5018151384
Li Li,W4308061333,Shanghai University,https://openalex.org/A5100361413
Yeisón Isaac Llanten Lucio,W4309327252,Institución Universitaria Colegio Mayor del Cauca,https://openalex.org/A5062215148
Siler Amador Donado,W4309327252,University of Cauca,https://openalex.org/A5011679014
Katerine Márceles Villalba,W4309327252,Institución Universitaria Colegio Mayor del Cauca,https://openalex.org/A5089968159
Yunfan Yang,W4382449549,Beijing Jiaotong University,https://openalex.org/A5100314060
Huiwen Dong,W4382449549;W3176890135,Beijing Normal University,https://openalex.org/A5012982390
Jian Yu,W4382449549;W3176890135,Beijing Jiaotong University,https://openalex.org/A5054925527
Adel Bibi,W4385805173,University of Oxford,https://openalex.org/A5091670711
Philip H. S. Torr,W4385805173,University of Oxford,https://openalex.org/A5042899882
Diba Afroze,W4391523110,University of Louisiana at Lafayette,https://openalex.org/A5093859210
Yazhou Tu,W4391523110;W7163566441,University of Louisiana at Lafayette,https://openalex.org/A5042501577
Xiali Hei,W4391523110;W7163566441,University of Louisiana at Lafayette,https://openalex.org/A5007411047
Mouke Mo,W4392375226,South China Agricultural University,https://openalex.org/A5094048421
Chuntao Wang,W4392375226,South China Agricultural University,https://openalex.org/A5064383463
Shan Bian,W4392375226,South China Agricultural University,https://openalex.org/A5089528037
Yue Zhao,W4393146551,Chinese Academy of Sciences,https://openalex.org/A5041285904
Congyi Li,W4393146551,Chinese Academy of Sciences,https://openalex.org/A5101322824
Kai Chen,W4393146551,Chinese Academy of Sciences,https://openalex.org/A5100664328
Abdul-Rasheed Ottun,W4401753350,University of Tartu,https://openalex.org/A5057799178
Rasinthe Marasinghe,W4401753350,University of Tartu,https://openalex.org/A5106638830
Toluwani Elemosho,W4401753350,University of Tartu,https://openalex.org/A5106638832
Mohan Liyanage,W4401753350,University College Dublin,https://openalex.org/A5032940278
Mohamad Ragab,W4401753350,University of Southampton,https://openalex.org/A5108972427
Prachi Bagave,W4401753350,Delft University of Technology,https://openalex.org/A5039818208
Marcus Westberg,W4401753350,Delft University of Technology,https://openalex.org/A5090528708
Mehrdad Asadi,W4401753350,Vrije Universiteit Brussel,https://openalex.org/A5043418226
Michell Boerger,W4401753350,Fraunhofer Institute for Open Communication Systems,https://openalex.org/A5012518322
Chamara Sandeepa,W4401753350,University College Dublin,https://openalex.org/A5078117157
Thulitha Senevirathna,W4401753350,University College Dublin,https://openalex.org/A5010303254
Bartlomiej Siniarski,W4401753350,University College Dublin,https://openalex.org/A5089463071
Madhusanka Liyanage,W4401753350,University College Dublin,https://openalex.org/A5068169019
Vinh Hoa La,W4401753350,Montimage (France),https://openalex.org/A5090262834
Manh-Dung Nguyen,W4401753350,Montimage (France),https://openalex.org/A5021986995
Edgardo Montes de,W4401753350,Montimage (France),https://openalex.org/A5083963581
Tessa Oomen,W4401753350,Erasmus University Rotterdam,https://openalex.org/A5071388799
João Fernando Ferreira Gonçalves,W4401753350,Erasmus University Rotterdam,
Illija Tanasković,W4401753350,,https://openalex.org/A5106638829
Sasa Klopanovic,W4401753350,,https://openalex.org/A5106638831
Nicolas Kourtellis,W4401753350,Telefonica Research and Development,https://openalex.org/A5049671186
Claudio Soriente,W4401753350,,https://openalex.org/A5044190947
Jason Pridmore,W4401753350,Erasmus University Rotterdam,https://openalex.org/A5002929321
Ana Cavalli,W4401753350,Montimage (France),https://openalex.org/A5072274443
Drasko Draskovic,W4401753350,,https://openalex.org/A5103724355
Samuel Marchal,W4401753350,VTT Technical Research Centre of Finland,https://openalex.org/A5040731348
Shen Wang,W4401753350,University College Dublin,https://openalex.org/A5100377071
David Noguéro,W4401753350,Telefonica Research and Development,https://openalex.org/A5070108326
Nikolay Tcholtchev,W4401753350,RheinMain University of Applied Sciences,https://openalex.org/A5047823462
Aaron Yi Ding,W4401753350,Delft University of Technology,https://openalex.org/A5063593427
Huber Flores,W4401753350,University of Tartu,https://openalex.org/A5080043050
Weitong Chen,W4404190623,Yangzhou University,https://openalex.org/A5102837293
Guangcun Wei,W4404190623,Yangzhou University,https://openalex.org/A5066672771
Xin Xu,W4404190623,Yangzhou University,
Yanyan Xu,W4404190623,Wuhan University,https://openalex.org/A5009029522
Haibo Peng,W4404190623,,https://openalex.org/A5062983364
Yingchen She,W4404190623,,
Eugene Bagdasarian,W4405181580,University of Massachusetts Amherst,https://openalex.org/A5115060285
Vitaly Shmatikov,W4405181580,Cornell University,https://openalex.org/A5038206174
Yige Li,W4413966860,Fudan University,
Jiabo He,W4413966860,Robert Bosch (India),https://openalex.org/A5104237400
Hanxun Huang,W4413966860;W3119278161,The University of Melbourne,https://openalex.org/A5049209023
Peihao Li,W4385301073,Southeast University,https://openalex.org/A5044391608
Jie Huang,W4385301073,Purple Mountain Laboratories,https://openalex.org/A5101857780
Shuaishuai Zhang,W4385301073,Southeast University,https://openalex.org/A5086543250
Chunyang Qi,W4385301073,Southeast University,https://openalex.org/A5066530788
Chuang Liang,W4385301073,Southeast University,https://openalex.org/A5103088506
Yonghao Tang,W4389144521,National University of Defense Technology,https://openalex.org/A5072932160
Qiang Liu,W4389144521,National University of Defense Technology,https://openalex.org/A5100409523
Qiang Ni,W4389144521,National University of Defense Technology,https://openalex.org/A5069951778
Junjie Sun,W4402288732,Fudan University,https://openalex.org/A5114222091
Qiong Li,W4405399838;W4401038834;W4412094158;W4413645889,Beijing Jiaotong University,https://openalex.org/A5084180297
Jinkai Zheng,W4405399838,Xi'an Jiaotong University,https://openalex.org/A5036007592
Xingyu Wu,W4405399838;W4401038834,Beijing Jiaotong University,https://openalex.org/A5046292480
Wenjia Niu,W4405399838,Beijing Jiaotong University,https://openalex.org/A5037200751
Taowen Wang,W4405816595,Rochester Institute of Technology,https://openalex.org/A5004291226
Zheng Fang,W4405816595,University of Liverpool,
Haochen Xue,W4405816595,University of Liverpool,https://openalex.org/A5113031088
Chong Zhang,W4405816595,University of Liverpool,https://openalex.org/A5112431421
Mingyu Jin,W4405816595,"Rutgers, The State University of New Jersey",https://openalex.org/A5102521857
Wujiang Xu,W4405816595,"Rutgers, The State University of New Jersey",https://openalex.org/A5081309714
Dong Shu,W4405816595,Northwestern University,https://openalex.org/A5100938790
Shanchieh Jay Yang,W4405816595,Rochester Institute of Technology,https://openalex.org/A5022627080
Z.G. Wang,W4405816595,"Rutgers, The State University of New Jersey",https://openalex.org/A5005894987
Dongfang Liu,W4405816595,Rochester Institute of Technology,https://openalex.org/A5101979289
B.V.A. Rao,W4406466024,Hangzhou City University,https://openalex.org/A5049361130
Guiqin Zhu,W4406466024,University of Electronic Science and Technology of China,https://openalex.org/A5101060579
Qiaolong Ding,W4406466024,University of Electronic Science and Technology of China,https://openalex.org/A5111260421
Dajiang Chen,W4406466024,University of Electronic Science and Technology of China,https://openalex.org/A5114125431
Yang Cao,W4406466024,,https://openalex.org/A5004299336
Feiping Wang,W4406466024,China University of Mining and Technology,https://openalex.org/A5014388368
Wenbo Jiang,W4408324270;W4407693487;W4414535368,University of Electronic Science and Technology of China,https://openalex.org/A5006912201
Guoming Lu,W4408324270,University of Electronic Science and Technology of China,https://openalex.org/A5000444026
Taehwa Lee,W4408860363,Korea National Defense University,https://openalex.org/A5052558585
Soojin Lee,W4408860363,Korea National Defense University,https://openalex.org/A5100330860
Hyun Kwon,W4408860363,Korea Military Academy,https://openalex.org/A5040423887
Baoyuan Wu,W4410125919;W3093403688,"Chinese University of Hong Kong, Shenzhen",https://openalex.org/A5068027800
Hongrui Chen,W4410125919,"Chinese University of Hong Kong, Shenzhen",https://openalex.org/A5002810045
Mingda Zhang,W4410125919,"Chinese University of Hong Kong, Shenzhen",https://openalex.org/A5101995242
Zihao Zhu,W4410125919,"Chinese University of Hong Kong, Shenzhen",https://openalex.org/A5101190196
Shaokui Wei,W4410125919,"Chinese University of Hong Kong, Shenzhen",https://openalex.org/A5113070845
Danni Yuan,W4410125919,"Chinese University of Hong Kong, Shenzhen",https://openalex.org/A5023267854
Mingli Zhu,W4410125919,"Chinese University of Hong Kong, Shenzhen",https://openalex.org/A5120017279
Ruotong Wang,W4410125919,"Chinese University of Hong Kong, Shenzhen",https://openalex.org/A5014621529
Li Liu,W4410125919,Guangdong University of Technology,https://openalex.org/A5100418783
Chao Shen,W4410125919,Xi'an Jiaotong University,https://openalex.org/A5064997871
Siyuan Liang,W4415707806,National University of Singapore,https://openalex.org/A5081392445
Xinwei Liu,W4415707806,Chinese Academy of Sciences,https://openalex.org/A5026788605
Jun Chen,W4415707806,Sun Yat-sen University,https://openalex.org/A5100450141
Tao Xiao,W4313289082,Northwestern Polytechnical University,https://openalex.org/A5100600705
Xinyang Deng,W4313289082,Northwestern Polytechnical University,https://openalex.org/A5067532429
Wen Jiang,W4313289082,Northwestern Polytechnical University,https://openalex.org/A5101555620
Li Xu,W4387544302,InterDigital (United States),https://openalex.org/A5100699649
Robert Gazda,W4387544302,InterDigital (United States),https://openalex.org/A5042514230
Jin-Hee Cho,W4387544302,Virginia Tech,https://openalex.org/A5011649304
Tran Huynh,W4403888301,VinUniversity,
Anh Tran,W4403888301,VinUniversity,https://openalex.org/A5056185442
Haoliang Li,W4404132177;W4402944026;W3086120435,City University of Hong Kong,https://openalex.org/A5040091210
Liepiao Zhang,W4404132177,Vision Medicals (China),https://openalex.org/A5057327129
Yongjian Hu,W4404132177,South China University of Technology,https://openalex.org/A5102772000
Xiaoxing Mo,W4411446618;W4385488808,Deakin University,https://openalex.org/A5103043698
Nan Sun,W4411446618;W4385488808,UNSW Sydney,https://openalex.org/A5070493833
Wei Luo,W4411446618;W4385488808,Deakin University,https://openalex.org/A5090419741
Shang Gao,W4411446618;W4385488808;W4365802457,Deakin University,https://openalex.org/A5102769979
Yong Xiang,W4411446618,Deakin University,https://openalex.org/A5051297830
Ziqi Zhou,W4412748153,Huazhong University of Science and Technology,https://openalex.org/A5078928722
Menghao Deng,W4412748153,Huazhong University of Science and Technology,https://openalex.org/A5101243560
Yufei Song,W4412748153,Huazhong University of Science and Technology,https://openalex.org/A5106439087
Hangtao Zhang,W4412748153,Huazhong University of Science and Technology,https://openalex.org/A5036365195
Wei Wan,W4412748153,City University of Macau,https://openalex.org/A5100784790
Minghui Li,W4412748153,Huazhong University of Science and Technology,https://openalex.org/A5100400052
Dezhong Yao,W4412748153,Huazhong University of Science and Technology,https://openalex.org/A5018644308
Ryan Holland,W4391889553,Deakin University,https://openalex.org/A5013961623
Shantanu Pal,W4391889553,Deakin University,https://openalex.org/A5043613674
Lei Pan,W4391889553,Deakin University,https://openalex.org/A5045991464
Wenmin Chen,W4404115489;W4406721344,Ocean University of China,https://openalex.org/A5049057309
Xiaowei Xu,W4404115489,Ocean University of China,https://openalex.org/A5101571975
Xiaodong Wang,W4404115489;W4399147143,Ocean University of China,https://openalex.org/A5100382658
Zewen Li,W4404115489,Ocean University of China,https://openalex.org/A5101408584
Yangming Chen,W4404115489;W4406721344,Ocean University of China,https://openalex.org/A5002581913
Weida Xu,W4406634598,Guizhou Normal University,https://openalex.org/A5100857013
Yang Xu,W4406634598,Guizhou Normal University,https://openalex.org/A5100729477
Sicong Zhang,W4406634598;W7117363949,Guizhou Normal University,https://openalex.org/A5101933467
Xiaowei Xu,W4406721344;W4399147143,Ocean University of China,https://openalex.org/A5101468884
Xiaodong Wang,W4406721344,Ocean University of China,
Zewen Li,W4406721344,Ocean University of China,https://openalex.org/A5101408585
Zhang Shuhan,W4407693487,University of Electronic Science and Technology of China,
Yuxin Lu,W4407693487;W4414535368,University of Electronic Science and Technology of China,https://openalex.org/A5032111604
Junwei Li,W4409002518;W4399808266,"China University of Petroleum, East China",https://openalex.org/A5045678705
Junjian Li,W4409002518;W4399808266;W4396877670;W4403623219;W4400034759,"China University of Petroleum, East China",https://openalex.org/A5100741720
Wenjie Wang,W4409002518,"China University of Petroleum, East China",
Jiayi Yu,W4409002518,"China University of Petroleum, East China",https://openalex.org/A5101872220
Jinghan Qiu,W4409002518;W4399808266,"China University of Petroleum, East China",https://openalex.org/A5034065699
Haotian Zhu,W4409640599,Beijing University of Posts and Telecommunications,https://openalex.org/A5114767808
Wei Wu,W4409640599,Shandong Normal University,https://openalex.org/A5010410320
Dawei Zhao,W4409640599,Qilu University of Technology,https://openalex.org/A5020197287
Nay Myat Min,W4412082090,Singapore Management University,https://openalex.org/A5098824388
Long Pham,W4412082090,Singapore Management University,https://openalex.org/A5027661986
Xianwen He,W4413120818,University of North Carolina at Chapel Hill,https://openalex.org/A5110369438
Xinglin Li,W4413120818,University of North Carolina at Chapel Hill,https://openalex.org/A5042931416
Yao Li,W4413120818,University of North Carolina at Chapel Hill,https://openalex.org/A5100411246
Minhao Cheng,W4413120818,Pennsylvania State University,https://openalex.org/A5000534132
Chaoying Yuan,W4414110935,China Telecom (China),https://openalex.org/A5063090253
Jingpeng Bai,W4414110935,China Telecom (China),https://openalex.org/A5067310940
Shumei Yuan,W4414110935,China Telecom (China),https://openalex.org/A5088985361
Wei Ni,W4414110935,Fudan University,https://openalex.org/A5021527965
Shuai Yuan,W4414535368,University of Electronic Science and Technology of China,https://openalex.org/A5101557177
Rui Zhang,W4414535368,University of Electronic Science and Technology of China,https://openalex.org/A5106445229
Zihan Wang,W4414535368,University of Electronic Science and Technology of China,https://openalex.org/A5100380103
Qiyang Song,W4414535368,Chinese Academy of Sciences,https://openalex.org/A5001892361
Dongxiao Liu,W4414535368,University of Electronic Science and Technology of China,https://openalex.org/A5017433297
Jian‐Kang Chen,W4415312805;W4411584308,Beijing Normal University,https://openalex.org/A5101544074
Haipeng Jiang,W4415312805;W4411584308,Beijing Normal University,https://openalex.org/A5104344103
Yuxin Xi,W4415312805;W4411584308,Beijing Normal University,https://openalex.org/A5100311070
C. H. Li,W4415312805,Beijing Normal University,https://openalex.org/A5048741916
Enliang Xu,W4415312805,Dongbei University of Finance and Economics,https://openalex.org/A5108841665
Shiyuan Xu,W4415312805;W4411584308,University of Hong Kong,https://openalex.org/A5001565422
Jing Wang,W4415312805,Beijing Normal University,
Jiachen Li,W7126185900,RMIT University,https://openalex.org/A5124405483
Bang Ye Wu,W7126185900,RMIT University,https://openalex.org/A5012701826
Xiaoyu Xia,W7126185900,RMIT University,https://openalex.org/A5101916405
Xiaoning Liu,W7126185900,RMIT University,https://openalex.org/A5124395150
Xun Yi,W7126185900,RMIT University,https://openalex.org/A5124344495
Xiuzhen Zhang,W7126185900,RMIT University,https://openalex.org/A5021983750
Shuai Yuan,W7129048650,University of Electronic Science and Technology of China,https://openalex.org/A5126128609
Rui Zhang,W7129048650,University of Electronic Science and Technology of China,https://openalex.org/A5126108879
Xinyuan Qian,W7129048650,University of Electronic Science and Technology of China,https://openalex.org/A5122932244
Hangcheng Cao,W7129048650,City University of Hong Kong,https://openalex.org/A5013699453
Qingchuan Zhao,W7129048650,City University of Hong Kong,https://openalex.org/A5081847082
He Cheng,W7134186568,Utah State University,https://openalex.org/A5128364611
Depeng Xu,W7134186568,University of North Carolina at Charlotte,https://openalex.org/A5100730268
Shuhan Yuan,W7134186568,Utah State University,https://openalex.org/A5128340011
Venkat Adithya Amula,W7160191243,Indian Institute of Technology Hyderabad,https://openalex.org/A5119948020
Sunayana Samavedam,W7160191243,Indian Institute of Technology Hyderabad,https://openalex.org/A5119948021
Saurabh Saini,W7160191243,Indian Institute of Technology Hyderabad,https://openalex.org/A5043227845
Avani Gupta,W7160191243,Indian Institute of Technology Hyderabad,https://openalex.org/A5135150613
P J Narayanan,W7160191243,Indian Institute of Technology Hyderabad,https://openalex.org/A5135247216
Kavindu Herath,W7167717183;W7167685963,Purdue University West Lafayette,https://openalex.org/A5140280268
J Y Zhao,W7167717183,Purdue University West Lafayette,https://openalex.org/A5121342294
Saurabh Bagchi,W7167717183;W7167685963,Purdue University West Lafayette,https://openalex.org/A5047310442
Akshay Agarwal,W4295956424,"Indian Institute of Science Education and Research, Bhopal",https://openalex.org/A5024647585
Richa Singh,W4295956424,Indian Institute of Technology Jodhpur,https://openalex.org/A5011779957
Mayank Vatsa,W4295956424,Indian Institute of Technology Jodhpur,https://openalex.org/A5050521702
Nalini Ratha,W4295956424,"University at Buffalo, State University of New York",https://openalex.org/A5003836761
Kun Shao,W3208054832,National University of Defense Technology,https://openalex.org/A5056896393
Yu Zhang,W3208054832,National University of Defense Technology,https://openalex.org/A5100433544
Junan Yang,W3208054832,National University of Defense Technology,https://openalex.org/A5076565994
Hui Liu,W3208054832,National University of Defense Technology,https://openalex.org/A5021403424
Muhammad Usman,W4296899580,The University of Texas at Austin,https://openalex.org/A5075464273
Divya Gopinath,W4296899580,Ames Research Center,https://openalex.org/A5055334891
Youcheng Sun,W4296899580,University of Manchester,https://openalex.org/A5060663223
Corina S. Păsăreanu,W4296899580,Ames Research Center,https://openalex.org/A5053134485
Xiangkai Yang,W4313167707,Harbin Institute of Technology,https://openalex.org/A5068350092
Wenjian Luo,W4313167707,Harbin Institute of Technology,https://openalex.org/A5001184471
Licai Zhang,W4313167707,Harbin Institute of Technology,https://openalex.org/A5029027592
Zhijian Chen,W4313167707,Harbin Institute of Technology,https://openalex.org/A5100716616
Jiahai Wang,W4313167707,Sun Yat-sen University,https://openalex.org/A5101698803
Govind Singh,W4378977033,National Institute of Technology Rourkela,https://openalex.org/A5027980454
Jitendra Kumar,W4378977033,National Institute of Technology Rourkela,https://openalex.org/A5038146323
Ramesh Kumar Mohapatra,W4378977033,National Institute of Technology Rourkela,https://openalex.org/A5030993805
Huasong Zhou,W4399147143,Ocean University of China,https://openalex.org/A5046877016
Leon Bevan Bullock,W4399147143,Ocean University of China,https://openalex.org/A5024095871
Ruofei Wang,W4402944026,Hong Kong Baptist University,https://openalex.org/A5080708713
D.A. Esipov,W4386213926,,https://openalex.org/A5027970802
Abdulhamid Yahayevich Buchaev,W4386213926,,https://openalex.org/A5053132374
A. Kerimbay,W4386213926,,https://openalex.org/A5092706299
Y.V. Puzikova,W4386213926,,https://openalex.org/A5092706300
S.K. Saidumarov,W4386213926,,https://openalex.org/A5092706301
Nikita S. Sulimenko,W4386213926,,https://openalex.org/A5092706302
Ilya Yu. Popov,W4386213926,,https://openalex.org/A5071840799
N.S. Karmanovskiy,W4386213926,ITMO University,https://openalex.org/A5084696991
Honglong Chen,W4399808266;W4403623219,"China University of Petroleum, Beijing",https://openalex.org/A5102948836
Xingang Wang,W4399808266,Qilu University of Technology,https://openalex.org/A5035784387
Jeongjin Shin,W4402916048;W4396216460,,https://openalex.org/A5102997179
Manaar Alam,W4414198813,New York University Abu Dhabi,https://openalex.org/A5053280523
Hithem Lamri,W4414198813,New York University Abu Dhabi,https://openalex.org/A5056363895
Marzieh Edraki,W3043705394,University of Central Florida,https://openalex.org/A5026424547
Yuyuan Sun,W4392242068;W4406102148,Anhui University,https://openalex.org/A5082791472
Yuliang Lu,W4392242068,Anhui University,https://openalex.org/A5089358541
Xuehu Yan,W4392242068;W4406102148,Anhui University,https://openalex.org/A5056431006
Xuan Wang,W4392242068,Anhui University,https://openalex.org/A5100328995
Bakhtawar Saeed,W4403511422,,https://openalex.org/A5113067938
Sobia Arshad,W4403511422,University of Engineering and Technology Taxila,https://openalex.org/A5091210635
Sanay Muhammad Umar Saeed,W4403511422,,https://openalex.org/A5016198678
Muhammad Awais Azam,W4403511422,Whitecliffe College of Arts and Design,https://openalex.org/A5050679807
Julian Knaup,W4404741205,Ostwestfalen-Lippe University of Applied Sciences and Arts,https://openalex.org/A5080934716
Christoph–Alexander Holst,W4404741205,Ostwestfalen-Lippe University of Applied Sciences and Arts,https://openalex.org/A5046174531
Volker Lohweg,W4404741205,Ostwestfalen-Lippe University of Applied Sciences and Arts,https://openalex.org/A5003230577
Yue Gao,W4320031223,University of Wisconsin–Madison,https://openalex.org/A5001956754
Jack W. Stokes,W4320031223,Microsoft (United States),https://openalex.org/A5059859993
Manoj Prasad,W4320031223,Microsoft (United States),https://openalex.org/A5011486524
Andrew T. Marshall,W4320031223,Microsoft (United States),https://openalex.org/A5085771203
Kassem Fawaz,W4320031223,University of Wisconsin–Madison,https://openalex.org/A5042450214
Emre Kıcıman,W4320031223,Microsoft (United States),https://openalex.org/A5079458476
Donik Vršnak,W4387785477,University of Zagreb,https://openalex.org/A5048844211
Ivan Sabolić,W4387785477,University of Zagreb,https://openalex.org/A5024138013
Marko Subašić,W4387785477,University of Zagreb,https://openalex.org/A5080016463
Sven Lončarić,W4387785477,University of Zagreb,https://openalex.org/A5047540566
Nathaniel Hobbs,W4391407014,"Rutgers, The State University of New Jersey",https://openalex.org/A5065608917
Periklis A. Papakonstantinou,W4391407014,"Rutgers, The State University of New Jersey",https://openalex.org/A5089121499
Jaideep Vaidya,W4391407014,"Rutgers, The State University of New Jersey",https://openalex.org/A5034878799
Xingang Wang,W4396877670,Qilu University of Technology,https://openalex.org/A5101650584
Abdullah Alharbi,W4396877670,King Saud University,https://openalex.org/A5010706593
Amr Tolba,W4396877670,King Saud University,https://openalex.org/A5004131475
Feng Xia,W4396877670,RMIT University,https://openalex.org/A5089615958
Yong Xiao,W4402353453,Shanghai Jiao Tong University,https://openalex.org/A5000563958
Jin Ma,W4402353453,Shanghai Jiao Tong University,https://openalex.org/A5000818065
Ping Yi,W4402353453,Shanghai Jiao Tong University,https://openalex.org/A5101382266
Xiuzhen Chen,W4402353453,Shanghai Jiao Tong University,https://openalex.org/A5061185006
Shao-Zhong Guo,W4403623219,China National Petroleum Corporation (China),https://openalex.org/A5032122694
Kai Lin,W4403623219,"China University of Petroleum, East China",https://openalex.org/A5038111153
Yuping Liu,W4403623219,"China University of Petroleum, East China",https://openalex.org/A5100673297
Jinhyeok Jang,W4403759836,Electronics and Telecommunications Research Institute,https://openalex.org/A5075486599
ByungOk Han,W4403759836,Electronics and Telecommunications Research Institute,https://openalex.org/A5076396787
Jaehong Kim,W4403759836,Electronics and Telecommunications Research Institute,https://openalex.org/A5100374306
Chan‐Hyun Youn,W4403759836,Korea Advanced Institute of Science and Technology,https://openalex.org/A5045403869
Wen Yin,W4403791926,Huazhong University of Science and Technology,https://openalex.org/A5058029288
Bin Zhu,W4403791926,Microsoft Research Asia (China),https://openalex.org/A5101883857
Yulai Xie,W4403791926,Wuhan National Laboratory for Optoelectronics,https://openalex.org/A5054468864
Pan Zhou,W4403791926,Huazhong University of Science and Technology,https://openalex.org/A5100693194
Dan Feng,W4403791926,Wuhan National Laboratory for Optoelectronics,https://openalex.org/A5057421680
Zhihuan Xing,W4404439277,Beihang University,https://openalex.org/A5109534821
Yuqing Lan,W4404439277,Beihang University,https://openalex.org/A5102978367
Yin Yu,W4404439277,Beijing Electronic Science and Technology Institute,https://openalex.org/A5110847464
Yong Cao,W4404439277,China Electronics Standardization Institute,https://openalex.org/A5103207935
Xiaoyi Yang,W4404439277,Beihang University,https://openalex.org/A5077125315
Yichun Yu,W4404439277,Beijing Electronic Science and Technology Institute,https://openalex.org/A5104192893
Dan Yu,W4404439277,China Electronics Standardization Institute,https://openalex.org/A5012669200
Haibo Jin,W4404612882,University of Illinois Urbana-Champaign,https://openalex.org/A5113638501
Ruoxi Chen,W4404612882,Zhejiang University of Technology,https://openalex.org/A5103209175
Jinyin Chen,W4404612882,Zhejiang University of Technology,https://openalex.org/A5101758654
Haibin Zheng,W4404612882,Zhejiang University of Technology,https://openalex.org/A5072212265
Yang Zhang,W4404612882,University of Illinois Urbana-Champaign,https://openalex.org/A5114833065
Haohan Wang,W4404612882,University of Illinois Urbana-Champaign,https://openalex.org/A5101892837
Qichen Zheng,W4404722473,Nanyang Technological University,https://openalex.org/A5102908291
Siyuan Yang,W4404722473,Nanyang Technological University,https://openalex.org/A5070256347
Jun Liu,W4404722473,Lancaster University,https://openalex.org/A5100361857
Xuan Zhou,W4404852812,University of Southern California,https://openalex.org/A5009881958
Souvik Kundu,W4404852812,Intel (United States),https://openalex.org/A5080397425
Dake Chen,W4404852812,University of Southern California,https://openalex.org/A5022810915
Jie Huang,W4404852812,Sunnyvale Public Library,https://openalex.org/A5033737940
Peter A. Beerel,W4404852812,University of Southern California,https://openalex.org/A5084205024
Xiaoyu Zhang,W4406857468,Xidian University,
Yulin Jin,W4406857468;W4313001991,Xidian University,https://openalex.org/A5036410193
Howell Tong,W4406857468,Xidian University,https://openalex.org/A5109034588
Kai Wu,W4406857468,Xidian University,https://openalex.org/A5037706636
Xiaofeng Chen,W4406857468,Xidian University,
Shangxi Wu,W4408182524;W4395455145;W4415049231,Beijing Jiaotong University,https://openalex.org/A5087050704
Qiuyang He,W4408182524;W4395455145,Beijing Jiaotong University,https://openalex.org/A5100549389
Jian Yu,W4408182524,Beijing Jiaotong University,https://openalex.org/A5002882527
Denghui Li,W4408324888,Donghua University,https://openalex.org/A5101809713
Shan Chang,W4408324888,Donghua University,https://openalex.org/A5101979274
Hongzi Zhu,W4408324888,Shanghai Jiao Tong University,https://openalex.org/A5071050711
Jie Xu,W4408324888,Donghua University,https://openalex.org/A5115597990
Minghui Dai,W4408324888,Donghua University,https://openalex.org/A5036476208
Zhenbo Song,W4409156837,Nanjing University of Science and Technology,https://openalex.org/A5090587210
Wenhao Gao,W4409156837,Nanjing University of Science and Technology,https://openalex.org/A5081929109
Zhenyuan Zhang,W4409156837,Nanjing University of Science and Technology,https://openalex.org/A5101825902
Jianfeng Lu,W4409156837,Nanjing University of Science and Technology,https://openalex.org/A5037595310
Jiayi Hua,W4415648086,Hong Kong Polytechnic University,https://openalex.org/A5003093665
Kailong Wang,W4415648086,Huazhong University of Science and Technology,https://openalex.org/A5000432413
Meizhen Wang,W4415648086,Huazhong University of Science and Technology,https://openalex.org/A5101544595
Guangdong Bai,W4415648086;W7201841523,The University of Queensland,https://openalex.org/A5015858067
Haoyu Wang,W4415648086,Huazhong University of Science and Technology,https://openalex.org/A5059129452
Xinzhe Zhou,W3191777533,Peking University,https://openalex.org/A5102328626
Wenhao Jiang,W3191777533;W3163760706,Tencent (China),https://openalex.org/A5024453719
Sheng Qi,W3191777533,Peking University,https://openalex.org/A5040032951
Wei Zong,W4206979815,University of Wollongong,https://openalex.org/A5076268087
Yang-Wai Chow,W4206979815,University of Wollongong,https://openalex.org/A5068576783
Jongkil Kim,W4206979815,University of Wollongong,https://openalex.org/A5102911906
Peng Zhang,W4285814484,Changchun University of Science and Technology,https://openalex.org/A5101949155
Gang Liu,W4285814484,Changchun University of Science and Technology,https://openalex.org/A5100412474
Zhiyu Chen,W4285814484,Changchun University of Science and Technology,https://openalex.org/A5100625998
Jianwei Guo,W4285814484,Changchun University of Science and Technology,https://openalex.org/A5005556501
Peng Liu,W4285814484,Jilin Province Science and Technology Department,https://openalex.org/A5100346912
Xingbo Hu,W4213079900,Chinese Academy of Sciences,https://openalex.org/A5010197002
Yibing Lan,W4213079900,Chinese Academy of Sciences,https://openalex.org/A5104167537
Ruimin Gao,W4213079900,University of Victoria,https://openalex.org/A5067708670
Guozhu Meng,W4213079900,Chinese Academy of Sciences,https://openalex.org/A5017417068
Bi-Ru Zhu,W4285195959,Tsinghua University,https://openalex.org/A5062041652
Yujia Qin,W4285195959,Center for Information Technology,https://openalex.org/A5102894085
Yangdong Deng,W4285195959,Center for Information Technology,https://openalex.org/A5059155953
Ming Gu,W4285195959,Tsinghua University,https://openalex.org/A5112114826
Akshay Dhonthi,W4323026810,Audi (Germany),https://openalex.org/A5082576708
Ernst Moritz Hahn,W4323026810,University of Twente,https://openalex.org/A5030417706
Vahid Hashemi,W4323026810,Audi (Germany),https://openalex.org/A5027802245
Alireza Sarmadi,W4387397361,New York University,https://openalex.org/A5003691215
Hyunsik Na,W4388332287,Soongsil University,https://openalex.org/A5086270065
Zixuan Zhu,W4390874545,Institute of Information Engineering,https://openalex.org/A5102922399
Rui Wang,W4390874545,Institute of Information Engineering,https://openalex.org/A5100431257
C.L. Zou,W4390874545,Institute of Information Engineering,https://openalex.org/A5066214523
Lihua Jing,W4390874545,Institute of Information Engineering,https://openalex.org/A5013812973
Yige Li,W3121478722;W3123680815,Xidian University,https://openalex.org/A5101879293
Nodens Koren,W3121478722;W3123680815,The University of Melbourne,https://openalex.org/A5025818706
Bo Li,W3121478722;W3123680815,University of Illinois Urbana-Champaign,https://openalex.org/A5101668872
Zhi Zhang,W3044223678;W4387091233,,https://openalex.org/A5100410710
Siqi Ma,W3044223678,,https://openalex.org/A5016972157
Jiliang Zhang,W3044223678,,https://openalex.org/A5100680958
Hyoungshick Kim,W3044223678,,https://openalex.org/A5016563574
Yisen Wang,W3119278161;W3209100754;W3121355610,Peking University,https://openalex.org/A5101431030
Dongxian Wu,W3209100754;W3200389817,Tsinghua University,https://openalex.org/A5052115680
Yanjie Li,W3133575190,,https://openalex.org/A5100677179
Yalei Lv,W3133575190,,https://openalex.org/A5112639583
Junfeng Guo,W3210327063,,https://openalex.org/A5101476865
Cong Liu,W3210327063,,https://openalex.org/A5101409897
Ziqi Zhang,W3093403688,,https://openalex.org/A5100404392
Jiawang Bai,W3093403688;W3200389817,,https://openalex.org/A5022446997
Yang Liu,W3086120435,Nanyang Technological University,https://openalex.org/A5100355692
Shiqi Wang,W3086120435,City University of Hong Kong,https://openalex.org/A5100385178
Lap‐Pui Chau,W3086120435,Nanyang Technological University,https://openalex.org/A5044722301
Jonathan Hayase,W3159598499,Harvey Mudd College,https://openalex.org/A5085103734
Weihao Kong,W3159598499,University of Washington,https://openalex.org/A5102024430
Raghav Somani,W3159598499,University of Washington,https://openalex.org/A5059282528
Sewoong Oh,W3159598499,University of Washington,https://openalex.org/A5028243041
Zhiyuan Zhang,W3159803443,,https://openalex.org/A5100403350
Xu Sun,W3159803443;W3213642548,,https://openalex.org/A5036372332
Chace Ashcraft,W3169996014,,https://openalex.org/A5028530447
Kiran Karra,W3169996014,,https://openalex.org/A5061482370
Guiyu Tian,W3163760706,Peking University,https://openalex.org/A5024163245
Wei Liu,W3163760706,Columbia University,https://openalex.org/A5100431872
Shihao Zhao,W3121355610,Fudan University,https://openalex.org/A5046787369
Bo Li,W3121355610,University of Illinois Urbana-Champaign,https://openalex.org/A5100374474
Lue Tao,W3208049411,Nanjing University of Aeronautics and Astronautics,https://openalex.org/A5049073944
Lei Feng,W3208049411,Chongqing University,https://openalex.org/A5100682348
Jinfeng Yi,W3208049411,IBM (United States),https://openalex.org/A5030837133
Sheng-Jun Huang,W3208049411,Nanjing University of Aeronautics and Astronautics,https://openalex.org/A5103204774
Songcan Chen,W3208049411,Nanjing University of Aeronautics and Astronautics,https://openalex.org/A5101596072
Jing Zhang,W3215689752,,https://openalex.org/A5073219155
Bin Chen,W3200389817;W7197024656,,https://openalex.org/A5100427338
Xiaofei Sun,W3215700529,,https://openalex.org/A5014777126
Xiaoya Li,W3215700529,,https://openalex.org/A5100651417
Ziyao Wang,W3215700529,,https://openalex.org/A5100653215
Fei Wu,W3215700529,,https://openalex.org/A5101481327
Chun Chieh Fan,W3215700529,,https://openalex.org/A5001013367
Xinke Li,W3143283098,National University of Singapore,https://openalex.org/A5077099558
Zhirui Chen,W3143283098,National University of Singapore,https://openalex.org/A5101704265
Yue Zhao,W3143283098,National University of Singapore,https://openalex.org/A5101650699
Zekun Tong,W3143283098,National University of Singapore,https://openalex.org/A5060983834
Yabang Zhao,W3143283098,,https://openalex.org/A5082710414
Andrew Lim,W3143283098,National University of Singapore,https://openalex.org/A5102741528
Joey Tianyi Zhou,W3143283098,Institute of High Performance Computing,https://openalex.org/A5045125183
Yiwen Wang,W3212763423,,https://openalex.org/A5100383445
Yao Huang,W3212763423,,https://openalex.org/A5001611439
Yueqi Zeng,W4412625426,,https://openalex.org/A5104907983
Lei Liu,W4412625426,University of Science and Technology of China,https://openalex.org/A5100349476
Bin Li,W4412625426,University of Science and Technology of China,https://openalex.org/A5052002691
Yi Qi,W3176890135,,https://openalex.org/A5107746894
"Yang, Yunfan",W3176890135,Beijing Jiaotong University,
Peng Li,W3213642548,,https://openalex.org/A5100432722
Jie Zhou,W3213642548,,https://openalex.org/A5100770464
Fan Mo,W4292948772,Microsoft Research (United Kingdom),https://openalex.org/A5101645681
Zahra Tarkhani,W4292948772,Microsoft Research (United Kingdom),https://openalex.org/A5072801335
Hamed Haddadi,W4292948772,Microsoft Research (United Kingdom),https://openalex.org/A5043326652
"Clifford, Eleanor",W4302305396,University of Cambridge,
Robert F. Mullins,W4302305396,University of Cambridge,https://openalex.org/A5011576250
Xiao Feng Wang,W4318751842;W4311249128,Indiana University Bloomington,https://openalex.org/A5075707588
Tzvi Lederer,W4379528553,Ben-Gurion University of the Negev,https://openalex.org/A5083229349
Gallil Maimon,W4379528553,Hebrew University of Jerusalem,https://openalex.org/A5069765023
Lior Rokach,W4379528553,Ben-Gurion University of the Negev,https://openalex.org/A5012622155
Yifan Zhu,W4386880702,Nanjing University of Information Science and Technology,https://openalex.org/A5034415838
Wei Yang,W4386880702,Nanjing University of Information Science and Technology,https://openalex.org/A5100362543
Guohong Wang,W4387091233,Nanjing University of Information Science and Technology,https://openalex.org/A5101933768
Hua Ma,W4387091233,The University of Adelaide,https://openalex.org/A5100642574
Wei Kang,W4387091233,Australian Government,https://openalex.org/A5100751183
Gongxuan Zhang,W4387091233,Nanjing University of Information Science and Technology,https://openalex.org/A5043414541
Dongyuan Lü,W4395455145,University of International Business and Economics,https://openalex.org/A5006825363
Tao Wang,W4417073179,University of Electronic Science and Technology of China,
Jiaming He,W4417073179,University of Electronic Science and Technology of China,https://openalex.org/A5023890038
Zihan Wang,W4417073179,University of Electronic Science and Technology of China,
Rui Zhang,W4417073179,University of Electronic Science and Technology of China,https://openalex.org/A5113368675
Jiachen Li,W4417073179,Wuhan University of Technology,https://openalex.org/A5101684253
Siddhartha Datta,W3206849916,University of Oxford,https://openalex.org/A5101966588
Giulio Lovisotto,W3206849916,University of Oxford,https://openalex.org/A5005705199
Ivan Martinović,W3206849916,University of Oxford,https://openalex.org/A5033928805
Nigel Shadbolt,W3206849916,University of Oxford,https://openalex.org/A5056692594
Bin Li,W3211646155,,https://openalex.org/A5100365163
Siyuan Tang,W4311249128,Indiana University Bloomington,https://openalex.org/A5103103425
Yu Wang,W4312803479,University of Electronic Science and Technology of China,https://openalex.org/A5100445368
Jiasheng Li,W4312803479,University of Electronic Science and Technology of China,https://openalex.org/A5100710053
Mengyu Ge,W4312803479,University of Electronic Science and Technology of China,https://openalex.org/A5108276428
Tao Wang,W4313001991,Xidian University,https://openalex.org/A5100453495
Xiaoyu Zhang,W4313001991,Xidian University,https://openalex.org/A5100419413
Chenyang Chen,W4313001991,Xidian University,https://openalex.org/A5102879486
Fei Zhu,W4313001991,RMIT University,https://openalex.org/A5056787079
Bilal Abbasi,W4365802457,Deakin University,https://openalex.org/A5057919167
Qi Zhong,W4365802457,Deakin University,https://openalex.org/A5007677966
Antonio Robles‐Kelly,W4365802457,Deakin University,https://openalex.org/A5010621788
Robin Doss,W4365802457,Deakin University,https://openalex.org/A5077501988
R. Naveenkumar,W4384833385,Karunya University,https://openalex.org/A5084473658
N. M. Sivamangai,W4384833385,Karunya University,https://openalex.org/A5084300977
P. Malin Bruntha,W4384833385,Karunya University,https://openalex.org/A5075179181
V. Govindaraj,W4384833385,,https://openalex.org/A5113076759
Ahmed A. Elngar,W4384833385,Beni-Suef University,https://openalex.org/A5022700946
Jiahui Wang,W4386080657,Minzu University of China,https://openalex.org/A5100446916
Dejun Wang,W4386080657,Minzu University of China,https://openalex.org/A5025136044
Shufan Yang,W4388630486;W4392412759,Nanjing University of Science and Technology,https://openalex.org/A5040350578
Qianmu Li,W4388630486;W4392412759,Nanjing University of Science and Technology,https://openalex.org/A5090335612
Zhichao Lian,W4388630486;W4392412759,Nanjing University of Science and Technology,https://openalex.org/A5016645765
Pengchuan Wang,W4388630486;W4392412759,Nanjing University of Science and Technology,https://openalex.org/A5080854999
Jun Hou,W4388630486;W4392412759,Nanjing University of Industry Technology,https://openalex.org/A5027590471
Sheng Ran,W4388998758,Nankai University,https://openalex.org/A5049535387
Baolin Zheng,W4388998758,Wuhan University,https://openalex.org/A5065046158
Mingwei Sun,W4388998758,Nankai University,https://openalex.org/A5025805718
Chenghao Li,W4391810985,,https://openalex.org/A5100756599
Ziyan Gao,W4391810985,,https://openalex.org/A5076859384
Nak Young Chong,W4391810985,,https://openalex.org/A5000452220
Ya Rao,W4392412759,Nanjing University of Science and Technology,https://openalex.org/A5057513927
Feisi Fu,W4392942829,Boston University,https://openalex.org/A5071503796
Panagiota Kiourti,W4392942829,Boston University,https://openalex.org/A5065967237
Wenchao Li,W4392942829,Boston University,https://openalex.org/A5100381721
Pingyuan Ge,W4396731507,Hainan University,https://openalex.org/A5101350048
Weihao Guo,W4396731507,Hainan University,https://openalex.org/A5100302061
Yuqing Zhang,W4396731507,Xidian University,https://openalex.org/A5100401884
Atharva Prashant Joshi,W4396908548,Lovely Professional University,https://openalex.org/A5108320499
Navneet Kaur,W4396908548,Lovely Professional University,https://openalex.org/A5060452552
Sarthak Chauhan,W4396908548,Lovely Professional University,https://openalex.org/A5104300468
Weihong Zou,W4399119905,Central South University,https://openalex.org/A5101368309
Jian Zhang,W4399119905,Central South University,https://openalex.org/A5100410001
Xuan Liu,W4399119905,Hunan University,https://openalex.org/A5100362298
Wenjie Wang,W4399450490,,https://openalex.org/A5100368510
Junjian Li,W4399450490,,https://openalex.org/A5100741721
Xiaolong Liu,W4399450490,,https://openalex.org/A5100393831
Lei Zhang,W4399450490,Nanjing University of Posts and Telecommunications,https://openalex.org/A5028090195
Cong Lin,W4399450490,,https://openalex.org/A5100331602
Kai Lin,W4400034759,"China University of Petroleum, East China",https://openalex.org/A5114182341
Yuping Liu,W4400034759,"China University of Petroleum, East China",https://openalex.org/A5100564738
Misha Glazunov,W4400108499,Delft University of Technology,https://openalex.org/A5023308274
Apostolis Zarras,W4400108499,University of Piraeus,https://openalex.org/A5065154871
Jiayin Song,W4401038834,Beijing Jiaotong University,https://openalex.org/A5045686722
Yike Li,W4401038834,Beijing Jiaotong University,https://openalex.org/A5045240151
Yunzhe Tian,W4401038834,Beijing Jiaotong University,https://openalex.org/A5007332382
Wenjia Niu,W4401038834;W4412094158;W4413645889,Beijing Jiaotong University,https://openalex.org/A5047248381
Zhenguo Zhang,W4401038834,Hebei Science and Technology Department,https://openalex.org/A5085371338
Fan Zhang,W4402349760,Switch,
Xi Chen,W4402349760,PLA Information Engineering University,https://openalex.org/A5100329931
Wei Huang,W4402349760,Purple Mountain Laboratories,
Jiangxing Wu,W4402349760,Fudan University,https://openalex.org/A5109432448
Zijie Zhang,W4402349760,Southeast University,https://openalex.org/A5100673890
Chenyu Zhou,W4402349760,Southeast University,https://openalex.org/A5017920487
Jianpeng Li,W4402349760,Zhengzhou University,https://openalex.org/A5100772470
Ziwen Peng,W4402349760,Zhengzhou University,https://openalex.org/A5107748552
Guo Wei,W4402349760,Switch,https://openalex.org/A5101532311
Guangze Yang,W4402349760,Southeast University,https://openalex.org/A5086835948
Xinyuan Miao,W4402349760,Purple Mountain Laboratories,https://openalex.org/A5101485874
Ruiyang Huang,W4402349760,Switch,https://openalex.org/A5083001748
Jiayu Du,W4402349760,Purple Mountain Laboratories,https://openalex.org/A5100572513
Xixiang Lv,W4402352499;W4403791880,Xidian University,https://openalex.org/A5059296628
Yayue Tan,W4403061131,Southwest University,https://openalex.org/A5111350371
Yun Gao,W4403061131,,https://openalex.org/A5004375304
Yaqi Zhang,W4403061131,University of Electronic Science and Technology of China,https://openalex.org/A5100378919
Yongqing Tang,W4403061131,University of Electronic Science and Technology of China,https://openalex.org/A5110368326
Haohui Sun,W4403791880,Xidian University,https://openalex.org/A5103466697
Yiming Li,W4403791880,Xidian University,https://openalex.org/A5064725095
Rui Gao,W4403907450,,https://openalex.org/A5103188164
Weiwei Liu,W4403907450,,https://openalex.org/A5115596711
Salmane Douch,W4405490558,Mohammed V University,https://openalex.org/A5043400782
Mohamed Riduan Abid,W4405490558,Columbus State University,https://openalex.org/A5018493417
Khalid Zine-Dine,W4405490558,Mohammed V University,https://openalex.org/A5026919619
Driss Bouzidi,W4405490558,Mohammed V University,https://openalex.org/A5027345369
Driss Benhaddou,W4405490558,Alfaisal University,https://openalex.org/A5042094709
Xuexiang Li,W4405600203,Zhengzhou University,https://openalex.org/A5035710123
Yafei Gao,W4405600203,Zhengzhou University,https://openalex.org/A5115552428
Minglin Liu,W4405600203,Zhengzhou University,https://openalex.org/A5017002069
Xu Zhou,W4405600203,Michigan Technological University,https://openalex.org/A5101654991
Xianfu Chen,W4405600203,Cloud Computing Center,https://openalex.org/A5065252700
Celimuge Wu,W4405600203,University of Electro-Communications,https://openalex.org/A5046333931
Jie Li,W4405600203,Shanghai Jiao Tong University,https://openalex.org/A5100679241
Roberto Leyva,W4405944017,University of Warwick,https://openalex.org/A5055392319
Gregory Epiphaniou,W4405944017,University of Warwick,https://openalex.org/A5043277300
Carsten Maple,W4405944017,University of Warwick,https://openalex.org/A5080175512
Víctor Sánchez,W4405944017,University of Warwick,https://openalex.org/A5100634965
Yuliang Lu,W4406102148,National University of Defense Technology,https://openalex.org/A5103269241
Zeshan Pang,W4406102148,National University of Defense Technology,https://openalex.org/A5104268369
Yong Li,W4406496890,Changchun University of Technology,https://openalex.org/A5100735403
Han Gao,W4406496890,Changchun University of Technology,https://openalex.org/A5030078778
Hao Chen,W4406496890,Changchun University of Technology,https://openalex.org/A5103241889
Yiming Wang,W4406496890,Changchun University of Technology,https://openalex.org/A5100377950
Chun Pong Yu,W4406496890,,https://openalex.org/A5073333718
Yangzhi Hou,W4407405453,Qilu University of Technology,https://openalex.org/A5101299345
Ying Yang,W4407405453,Qilu University of Technology,https://openalex.org/A5102155668
Aolin Che,W4408221642,Guangdong Polytechnic Normal University,https://openalex.org/A5053412095
Miaoxia Chen,W4408221642,Hanshan Normal University,https://openalex.org/A5058968827
Abdul Samad Shibghatullah,W4408221642,UCSI University,https://openalex.org/A5049752694
Cai Guo,W4408221642,Hanshan Normal University,https://openalex.org/A5009959674
Wei Yang,W4408353911,Chongqing University of Posts and Telecommunications,https://openalex.org/A5100677319
Yonghao Yang,W4408353911,Chongqing University of Posts and Telecommunications,https://openalex.org/A5069294224
Bo Liu,W4408353911,Chongqing University of Posts and Telecommunications,https://openalex.org/A5078234650
Bin Xiao,W4408353911,Chongqing University of Posts and Telecommunications,https://openalex.org/A5064113420
Jiaxing Chen,W4408721961,Zhengzhou University,
Han Yan,W4408721961,China Power Engineering Consulting Group (China),
Bo Liu,W4408721961,Zhengzhou University,https://openalex.org/A5051934365
Shaofeng Zhao,W4408721961,Henan University of Economic and Law,
Xiang Chen,W4408721961,Zhengzhou University,
Zhanbo Li,W4408721961,Zhengzhou University,https://openalex.org/A5034346065
Hui Xu,W4408721961,China Internet Network Information Center,
Xiao Ma,W4409103366,Macao Polytechnic University,https://openalex.org/A5101646697
Hong Shen,W4409103366,Central Queensland University,https://openalex.org/A5101403827
Chan–Tong Lam,W4409103366,Macao Polytechnic University,https://openalex.org/A5089368710
Yilun Lyu,W4409156054,Qufu Normal University,
Xu Ma,W4409156054,Qufu Normal University,https://openalex.org/A5100701883
Yuan Ma,W4409156054,Qufu Normal University,https://openalex.org/A5082886782
Diana Voth,W4409263172,Paderborn University,
Leonidas Dane,W4409263172,Technische Universität Darmstadt,https://openalex.org/A5117076122
Jonas Henry Grebe,W4409263172,Technische Universität Darmstadt,https://openalex.org/A5051969456
Sebastian Peitz,W4409263172,TU Dortmund University,https://openalex.org/A5049416946
Philipp Terhörst,W4409263172,Paderborn University,https://openalex.org/A5044420198
Sankalp Nagaonkar,W4409263286,Indian Institute of Technology Dharwad,https://openalex.org/A5106912716
Achyut Mani Tripathi,W4409263286,Indian Institute of Technology Dharwad,https://openalex.org/A5005713107
Ashish Mishra,W4409263286,Hewlett Packard Enterprise (Ireland),https://openalex.org/A5015462607
Shymala Gowri S,W4409765670,PSG INSTITUTE OF TECHNOLOGY AND APPLIED RESEARCH,https://openalex.org/A5101994402
G. Sudha Sadasivam,W4409765670,PSG INSTITUTE OF TECHNOLOGY AND APPLIED RESEARCH,https://openalex.org/A5016317053
Yaguan Qian,W4410402215,Zhejiang University of Science and Technology,https://openalex.org/A5057867117
Yaguan Qian,W4410402215,Zhejiang University of Science and Technology,
Boyuan Ji,W4410402215,Zhejiang University of Science and Technology,https://openalex.org/A5104175557
Zejie Lian,W4410402215,Zhejiang University of Science and Technology,https://openalex.org/A5102527335
Renhui Tao,W4410402215,Zhejiang University of Science and Technology,
Yaxin Kong,W4410402215,Zhejiang University of Science and Technology,
Bin Wang,W4410402215,Zhejiang Lab,https://openalex.org/A5106482064
Wei Wang,W4410402215,Xi'an Jiaotong University,https://openalex.org/A5069792429
Xiwen Lu,W4411551621,Peking University,https://openalex.org/A5100708138
Li Yang,W4411551621,Peking University,https://openalex.org/A5100645665
Guibo Luo,W4411551621,Peking University,https://openalex.org/A5057015645
Yuesheng Zhu,W4411551621,Peking University,https://openalex.org/A5100560952
Yu Pan,W4411556364,Shanghai Polytechnic University,https://openalex.org/A5100689288
Bingrong Dai,W4411556364,,https://openalex.org/A5117389131
Jiahao Chen,W4411556364,Shanghai Polytechnic University,https://openalex.org/A5100434472
Lin Wang,W4411556364,Shanghai Polytechnic University,https://openalex.org/A5073484896
Jing Wang,W4411584308,Beijing Normal University,https://openalex.org/A5045289658
Qihuan Li,W4412094158;W4413645889,Beijing Jiaotong University,https://openalex.org/A5067114640
Xiaolin Chang,W4412094158;W4413645889,Beijing Jiaotong University,https://openalex.org/A5024597522
Jianye Mo,W4412878605,Hangzhou Dianzi University,https://openalex.org/A5016621833
Ming Xu,W4412878605,Hangzhou Dianzi University,https://openalex.org/A5041210918
Xiaogang Xing,W4412878605,Hangzhou Dianzi University,https://openalex.org/A5106884197
Philippe Loubet Moundi,W4413278263,Thales (Portugal),https://openalex.org/A5082380956
于海洋 Yu Haiyang,W4413463928,,https://openalex.org/A5062694421
Hong Fan,W4413463928,,https://openalex.org/A5033239420
Tian Xie,W4413463928;W7160188418,,https://openalex.org/A5112667444
Ping Yi,W4413463928,,https://openalex.org/A5100709379
Futai Zou,W4413463928;W7160188418,,https://openalex.org/A5066205926
Yue Wu,W4413463928,,https://openalex.org/A5032576284
Sana Sana,W4414008122,Shenzhen University,https://openalex.org/A5020926749
Qiao Yan,W4414008122,Shenzhen University,https://openalex.org/A5052243076
Sizhe Liang,W4414008122,Shenzhen University,
Aman Ullah,W4414008122,Shenzhen University,
Wenqian Xu,W4414116920,China Southern Power Grid (China),https://openalex.org/A5101910406
Zhihong Liang,W4414116920,China Southern Power Grid (China),https://openalex.org/A5101454824
Yiwei Yang,W4414116920,China Southern Power Grid (China),https://openalex.org/A5101822454
Ximing Zhang,W4414116920,China Southern Power Grid (China),https://openalex.org/A5043063705
Yixin Jiang,W4414116920,China Southern Power Grid (China),https://openalex.org/A5059085983
Chao Hong,W4414116920,China Southern Power Grid (China),https://openalex.org/A5101459593
Peiming Xu,W4414116920,China Southern Power Grid (China),https://openalex.org/A5013340112
Yunan Zhang,W4414116920,China Southern Power Grid (China),https://openalex.org/A5101827229
Leyu Bi,W4414116920,China Southern Power Grid (China),https://openalex.org/A5076898126
Yuwen Pu,W4414348474,Chongqing University,https://openalex.org/A5072729601
Jiahao Chen,W4414348474,Zhejiang University of Science and Technology,
Chunyi Zhou,W4414348474,Chongqing University,
Zhou Feng,W4414348474,Zhejiang University of Science and Technology,
Qingming Li,W4414348474,Zhejiang University of Science and Technology,
Chunqiang Hu,W4414348474,Chongqing University,https://openalex.org/A5007408033
Mingyue Cao,W4414448645,Zhengzhou University,https://openalex.org/A5103249467
Guojia Li,W4414448645,Zhengzhou University,https://openalex.org/A5014130226
Simin Xu,W4414448645,Zhengzhou University,https://openalex.org/A5021940119
Yihong Zhang,W4414448645,Zhengzhou University,https://openalex.org/A5101953740
Yan Cao,W4414448645,Ministry of Education of the People's Republic of China,https://openalex.org/A5054438623
Yadong Wang,W4414799458,Beijing Institute of Technology,https://openalex.org/A5062802890
Zhiwei Zhang,W4414799458,Beijing Institute of Technology,https://openalex.org/A5085548702
Pengpeng Qiao,W4414799458,Institute of Science Tokyo,https://openalex.org/A5039733842
Ye Yuan,W4414799458,Beijing Institute of Technology,https://openalex.org/A5100337347
Guoren Wang,W4414799458,Beijing Institute of Technology,https://openalex.org/A5054991337
Yulong Wang,W4415049004,Beijing University of Posts and Telecommunications,https://openalex.org/A5100449211
Yifei Fu,W4415049004,Beijing University of Posts and Telecommunications,
Wenwei Kong,W4415049004,Beijing University of Posts and Telecommunications,
Chang Liu,W4415049004,Beijing University of Posts and Telecommunications,https://openalex.org/A5101456975
Sen Su,W4415049004,Beijing University of Posts and Telecommunications,https://openalex.org/A5036865453
Jinlin Xiao,W4415049231,Beijing Jiaotong University,https://openalex.org/A5113111582
Preston K. Robinette,W4415092745,Vanderbilt University,https://openalex.org/A5028566361
Thuy Nguyen,W4415092745,Vanderbilt University,https://openalex.org/A5101965727
Samuel Sasaki,W4415092745,Vanderbilt University,
Taylor T. Johnson,W4415092745,Vanderbilt University,https://openalex.org/A5067901159
Muhammad Rizwan,W4415153141,University of Science and Technology of China,https://openalex.org/A5100775646
Wang Xingfu,W4415153141,University of Science and Technology of China,
Yi Ke,W4415153141,University of Science and Technology of China,https://openalex.org/A5055685570
Ammar Hawbani,W4415153141,Shenyang Aerospace University,https://openalex.org/A5089032960
Shivanshu Shrivastava,W4415153141,Rajiv Gandhi Institute of Petroleum Technology,https://openalex.org/A5050329667
Pelin Angın,W4415153141,Middle East Technical University,https://openalex.org/A5031174226
Zhu Han,W4415153141,University of Houston,https://openalex.org/A5036861586
Young Kang Lau,W4415438657,Swinburne University of Technology Sarawak Campus,
Brian Chung Shiong Loh,W4415438657,Swinburne University of Technology Sarawak Campus,https://openalex.org/A5072901280
Wan Tze Vong,W4415438657,Swinburne University of Technology Sarawak Campus,https://openalex.org/A5043142784
Patrick Then,W4415438657,Swinburne University of Technology Sarawak Campus,https://openalex.org/A5025080623
Zhengqiong Li,W4415482198,Lanzhou University of Technology,https://openalex.org/A5101273562
Jun Zhou,W4415482198,Lanzhou University of Technology,
Zhenyan Luo,W4415647419,Changsha University of Science and Technology,https://openalex.org/A5120168645
F. Li,W4415647419,Changsha University of Science and Technology,https://openalex.org/A5089596159
Jiao Peng,W4415647419,Changsha University of Science and Technology,https://openalex.org/A5046374848
Shiwei Wang,W4416148980,Xi'an Jiaotong University,
Chenyang Zhao,W4416148980,Xi'an Jiaotong University,
Zhengyu Zhao,W4416148980,Xi'an Jiaotong University,https://openalex.org/A5058084433
Zheng Yang,W4416148980,Xi'an Jiaotong University,https://openalex.org/A5029627390
Qian Wang,W4416148980;W4416286273,Wuhan University,https://openalex.org/A5100391116
Xiaohong Guan,W4416148980,Xi'an Jiaotong University,https://openalex.org/A5075845093
Dong Liang,W4416252102,Guangzhou University,https://openalex.org/A5101545461
Keyu Chen,W4416252102,Guangzhou University,https://openalex.org/A5004966418
Changyu Dong,W4416252102,Guangzhou University,https://openalex.org/A5034211796
Wenhan Yao,W4416252348,Xiangtan University,https://openalex.org/A5001927761
Fen Xiao,W4416252348,Xiangtan University,https://openalex.org/A5035423120
Xiarun Chen,W4416252348,Peking University,
Jia Liu,W4416252348,Peking University,https://openalex.org/A5101360689
Yongqiang He,W4416252348,Peking University,https://openalex.org/A5112459328
Weiping Wen,W4416252348,Peking University,https://openalex.org/A5015204786
Yiru Zhao,W4416286273,Wuhan University,https://openalex.org/A5013595393
Yiran Ma,W4416286273,Wuhan University,
Yunjie Ge,W4416286273,Wuhan University,https://openalex.org/A5060410658
Lingchen Zhao,W4416286273,Wuhan University,https://openalex.org/A5030015523
Lei Zhao,W4416286273,Wuhan University,https://openalex.org/A5100671319
Wenhao Lan,W4416337817,University of Chinese Academy of Sciences,https://openalex.org/A5017110406
Yijun Yang,W4416337817,Chinese University of Hong Kong,https://openalex.org/A5101922356
Haihua Shen,W4416337817,University of Chinese Academy of Sciences,https://openalex.org/A5007464765
Shan Li,W4416337817,University of Chinese Academy of Sciences,https://openalex.org/A5100324727
Philemon Hailemariam,W4416549472,University of Michigan–Dearborn,https://openalex.org/A5120661428
Birhanu Eshete,W4416549472,University of Michigan–Dearborn,https://openalex.org/A5079219412
Heng Li,W4417251792,Huazhong University of Science and Technology,https://openalex.org/A5027427522
Bang Wu,W4417251792,Huazhong University of Science and Technology,https://openalex.org/A5101494795
Zhiying Yao,W4417251792,Huazhong University of Science and Technology,https://openalex.org/A5067189569
Cuiying Gao,W4417251792,Jingdong (China),https://openalex.org/A5008919430
Wei Yuan,W4417251792,Huazhong University of Science and Technology,https://openalex.org/A5101957538
Junhong Li,W4417338630,South China University of Technology,https://openalex.org/A5100782051
Yijia Zheng,W4417338630,South China University of Technology,https://openalex.org/A5101750181
Patrick P. K. Chan,W4417338630,South China University of Technology,https://openalex.org/A5031854980
Xingwei Zhong,W7116754691,,https://openalex.org/A5120977100
Kar Wai Fok,W7116754691,,https://openalex.org/A5059071970
Vrizlynn L. L. Thing,W7116754691,,https://openalex.org/A5120968769
Weida Xu,W7117363949,Guizhou Normal University,https://openalex.org/A5121379227
Yang Xu,W7117363949,Guizhou Normal University,https://openalex.org/A5121391133
K. Stein,W7117878994,University of West Florida,https://openalex.org/A5113283941
Andrew A. Mahyari,W7117878994,University of West Florida,https://openalex.org/A5114387768
Guillermo Francia,W7117878994,University of West Florida,https://openalex.org/A5090770741
Eman El-Sheikh,W7117878994,University of West Florida,https://openalex.org/A5109335795
Zhenzhi Teng,W7117973222,Qufu Normal University,https://openalex.org/A5121760649
Xu Ma,W7117973222,Qufu Normal University,https://openalex.org/A5100701890
Xiaoyu Zhang,W7117973222,Xidian University,https://openalex.org/A5100419434
Zhen Zhuang,W7123352844,Zhejiang Gongshang University,https://openalex.org/A5146771519
Yijian Ding,W7123352844,Zhejiang Gongshang University,https://openalex.org/A5103096617
Shuyu Zheng,W7123352844,Zhejiang Gongshang University,https://openalex.org/A5102865973
Jun Shao,W7123352844,Zhejiang Gongshang University,https://openalex.org/A5122881459
Donghai Zhu,W7123352844,Zhejiang Gongshang University,https://openalex.org/A5122906927
Huiyan Wang,W7123352844,Zhejiang Gongshang University,https://openalex.org/A5122854304
Youjun Wang,W7125531664,Wuhan University,https://openalex.org/A5127727493
Fangchao Yu,W7125796010,Wuhan University,https://openalex.org/A5041393155
Bo Zeng,W7125796010,Wuhan University,https://openalex.org/A5123954772
Kai Zhao,W7125796010,Wuhan University,https://openalex.org/A5123960585
Zhi Pang,W7125796010,Wuhan University,https://openalex.org/A5123954982
Lina Wang,W7125796010,Wuhan University,https://openalex.org/A5123931271
Chuangliang Zhang,W7125824209,Xiamen University,https://openalex.org/A5124003223
Qingyuan Zeng,W7125824209,Xiamen University,https://openalex.org/A5123945130
Yunpeng Gong,W7125824209,Xiamen University,https://openalex.org/A5123952895
Zhenzhong Wang,W7125824209,Xiamen University,https://openalex.org/A5124024017
Jiajing Lin,W7125824209,Xiamen University,https://openalex.org/A5124022316
Min Jiang,W7125824209,Xiamen University,https://openalex.org/A5124002867
Guanghua Zhang,W7127947064,Hebei University of Science and Technology,https://openalex.org/A5125241293
Xianghong Wang,W7127947064,Hebei University of Science and Technology,https://openalex.org/A5125169263
Weifa Liu,W7127947064,Heze University,https://openalex.org/A5125177918
Jiakai Wang,W7128422601,,https://openalex.org/A5125435496
Hao Liu,W7128422601,Beijing Jiaotong University,https://openalex.org/A5125449753
Renshuai Tao,W7128422601,Beijing Jiaotong University,https://openalex.org/A5125463022
Jian Sun,W7128422601,,https://openalex.org/A5125463127
Xianglong Liu,W7128422601,Beihang University,https://openalex.org/A5125451328
Yao Zhao,W7128422601,Beijing Jiaotong University,https://openalex.org/A5125443806
Sinho Jo,W7131212088,Korea National Defense University,https://openalex.org/A5126727208
Youngho Cho,W7131212088,Korea National Defense University,https://openalex.org/A5126735614
Atsuya Muramatsu,W7133295788,The University of Tokyo,https://openalex.org/A5105218035
Hideya Ochiai,W7133295788,The University of Tokyo,https://openalex.org/A5045456657
Md Jahirul Islam,W7133296967,Kennesaw State University,https://openalex.org/A5000541052
Liming Lu,W7133977435,Nanjing University of Science and Technology,https://openalex.org/A5128185878
Shuchao Pang,W7133977435,Nanjing University of Science and Technology,https://openalex.org/A5125756078
Jiakai Wang,W7133977435,,https://openalex.org/A5128146162
Xiang Gu,W7133977435,Nanjing University of Science and Technology,https://openalex.org/A5103574569
Yunhuai Liu,W7133977435,Peking University,https://openalex.org/A5082653046
Xianglong Liu,W7133977435,Beihang University,https://openalex.org/A5128167031
Yongbin Zhou,W7133977435,Nanjing University of Science and Technology,https://openalex.org/A5128178677
Haojie Shen,W7134246657,Zhejiang Provincial Public Security Department,https://openalex.org/A5128460006
Lin Wang,W7134246657,Zhejiang Provincial Public Security Department,
Lifeng Yuan,W7134246657,Zhejiang Provincial Public Security Department,https://openalex.org/A5128617305
Yizhi Ren,W7134246657,Zhejiang Provincial Public Security Department,https://openalex.org/A5033732842
Shuochao Sun,W7134246657,Zhejiang Zanyu Technology (China),https://openalex.org/A5128382897
Weizhi Meng,W7134246657,Lancaster University,https://openalex.org/A5128505519
Xiaoxiao Chen,W7143484218,Shanghai Electric (China),https://openalex.org/A5130955769
Yi Hu,W7143484218,Shanghai Electric (China),https://openalex.org/A5109125924
Omid Rajabi Rostami,W7148780328,Old Dominion University,https://openalex.org/A5132838812
Jin-Hee Cho,W7148780328,Virginia Tech,https://openalex.org/A5132910667
Hongyi Wu,W7148780328,University of Arizona,https://openalex.org/A5115636506
Tao Jiang,W7151306065,Xidian University,https://openalex.org/A5133110397
Rui Su,W7151306065,Xidian University,https://openalex.org/A5133090462
Zhiquan Liu,W7151306065,Jinan University,https://openalex.org/A5133147254
Peihan Qi,W7151306065,Xidian University,https://openalex.org/A5058177640
Robert H. Deng,W7151306065,Singapore Management University,https://openalex.org/A5133079260
Wenhao Zhang,W7152026821,University of Science and Technology Beijing,https://openalex.org/A5133226268
Lianheng Zou,W7152026821,University of Science and Technology Beijing,https://openalex.org/A5133217075
Yingying Xiong,W7152026821,University of Science and Technology Beijing,https://openalex.org/A5079979171
Peng Shi,W7152026821,University of Science and Technology Beijing,
Xiao He,W7152026821,University of Science and Technology Beijing,https://openalex.org/A5108459503
Wenbo Du,W7152577538,Inner Mongolia University,https://openalex.org/A5128356874
Junxing Zhang,W7152577538,Inner Mongolia University,https://openalex.org/A5121365585
Chih-Chuan Kao,W7155083603,National Yang Ming Chiao Tung University,https://openalex.org/A5134211519
Chia-Mu Yu,W7155083603,National Yang Ming Chiao Tung University,https://openalex.org/A5134120163
Ren‐Hung Hwang,W7155083603,National Yang Ming Chiao Tung University,https://openalex.org/A5035925200
Guofu Xie,W7155088450,Renmin University of China,https://openalex.org/A5104469547
Yu Zhou,W7155088450,Beijing University of Posts and Telecommunications,https://openalex.org/A5134153976
Bingyan Liu,W7155088450,Beijing University of Posts and Telecommunications,https://openalex.org/A5101497182
Shunjie Yuan,W7160142908,Xidian University,https://openalex.org/A5129551972
Xinghua Li,W7160142908,Xidian University,https://openalex.org/A5135152565
Xuelin Cao,W7160142908,Xidian University,https://openalex.org/A5135214052
Haiyan Zhang,W7160142908,Xidian University,https://openalex.org/A5135245817
Robert H. Deng,W7160142908,Singapore Management University,https://openalex.org/A5135138505
Haiyang Yu,W7160188418,Shanghai Jiao Tong University,https://openalex.org/A5135232860
Fan Hong,W7160188418,Shanghai Jiao Tong University,https://openalex.org/A5104292778
Ping Yi,W7160188418,Shanghai Jiao Tong University,https://openalex.org/A5135143379
Y Wu,W7160188418,Shanghai Jiao Tong University,https://openalex.org/A5123489463
Kaixin Du,W7160190729,Qilu University of Technology,https://openalex.org/A5006877400
Bin Ma,W7160190729,Qilu University of Technology,https://openalex.org/A5135184367
Meihong Yang,W7160190729,Qilu University of Technology,https://openalex.org/A5109421494
Jian Xu,W7160190729,Shandong University of Finance and Economics,https://openalex.org/A5135189964
Xiaolong Li,W7160190729,Beijing Jiaotong University,https://openalex.org/A5135199279
Siyuan Cheng,W7160265053,Purdue University West Lafayette,https://openalex.org/A5135306828
Guangyu Shen,W7160265053,Purdue University West Lafayette,https://openalex.org/A5135342001
Yingqi Liu,W7160265053,Microsoft Research (United Kingdom),https://openalex.org/A5135381538
Zhuo Zhang,W7160265053,Columbia University,https://openalex.org/A5103110440
Zhenting Wang,W7160265053,Accenture (Switzerland),https://openalex.org/A5135406250
Xiangyu Zhang,W7160265053,Purdue University West Lafayette,https://openalex.org/A5135298398
Junchi Chen,W7161561222,University of Science and Technology of China,https://openalex.org/A5078681499
Qi Chu,W7161561222,University of Science and Technology of China,https://openalex.org/A5136401136
Haojie Yuan,W7161561222,University of Science and Technology of China,https://openalex.org/A5034730224
Tao Gong,W7161561222,University of Science and Technology of China,https://openalex.org/A5136377699
Kejun Zhang,W7161561222,Beijing Electronic Science and Technology Institute,https://openalex.org/A5136358042
NengHai Yu,W7161561222,University of Science and Technology of China,https://openalex.org/A5136366652
Dongmei Zhang,W7161561222,Microsoft Research Asia (China),https://openalex.org/A5136400028
Bin Benjamin Zhu,W7161561222,Microsoft Research Asia (China),https://openalex.org/A5136437825
Jue Xiao,W7162341703,Fiberhome Technology Group (China),https://openalex.org/A5072339552
Zhi Lu,W7162341703,Huazhong University of Science and Technology,https://openalex.org/A5088224525
Renfei Shen,W7162341703,Huazhong University of Science and Technology,https://openalex.org/A5084098394
Chunqiang Yu,W7162341703,Guangxi Normal University,https://openalex.org/A5136926937
Zhenjun Tang,W7162341703,Guangxi Normal University,https://openalex.org/A5136987349
Liqun Shan,W7163566441,University of Louisiana at Lafayette,https://openalex.org/A5137900372
Kaiying Han,W7163566441,University of Louisiana at Lafayette,https://openalex.org/A5109712732
Insup Lee,W7163566441,University of Pennsylvania,https://openalex.org/A5137886596
Yazhi Liu,W7163926736,North China University of Science and Technology,https://openalex.org/A5138153272
Xingchun Ru,W7163926736,North China University of Science and Technology,https://openalex.org/A5138117969
Xiong Li,W7163926736,University of Electronic Science and Technology of China,https://openalex.org/A5100335132
Wei Li,W7163926736,North China University of Science and Technology,https://openalex.org/A5105729109
Chun Zhou,W7164861993,Southwest Jiaotong University,https://openalex.org/A5138641247
Hua Meng,W7164861993,,https://openalex.org/A5138632508
Zhiguo Long,W7164861993,Southwest Jiaotong University,https://openalex.org/A5022455662
Mingxing Zhang,W7164861993,Southwest Jiaotong University,https://openalex.org/A5138676066
Zhengchun Zhou,W7164861993,Southwest Jiaotong University,https://openalex.org/A5004913173
Lei Zhang,W7167482655,Henan University,https://openalex.org/A5140153515
BoBo Wei,W7167482655,Henan University,https://openalex.org/A5140120468
Chen Cheng,W7167482655,Henan University,https://openalex.org/A5140120290
HuaQing Wang,W7167482655,China Internet Network Information Center,https://openalex.org/A5140135586
Aolin Hu,W7167547797,Chongqing University,https://openalex.org/A5140150450
Xinyu Lei,W7167547797,Michigan Technological University,https://openalex.org/A5013666525
Xin Chen,W7167547797,Chongqing University,https://openalex.org/A5140115663
Xu Zhou,W7167547797,Michigan Technological University,https://openalex.org/A5140150190
Joshua C. Zhao,W7167685963,Purdue University West Lafayette,https://openalex.org/A5054002059
Wenting Xu,W7168569711,Southwestern University of Finance and Economics,https://openalex.org/A5101191061
Rui Zhang,W7168569711,Southwestern University of Finance and Economics,https://openalex.org/A5100422161
Lei Zhou,W7168569711,Suqian University,https://openalex.org/A5083447692
Ishan Panwar,W7169022163,Delhi Technological University,https://openalex.org/A5140978232
Anukriti Kaushal,W7169022163,Delhi Technological University,https://openalex.org/A5000172484
Abhishek Jain,W7169022163,Deenbandhu Chhotu Ram University of Science and Technology,https://openalex.org/A5140976087
Rajeev Kumar,W7169022163,Delhi Technological University,https://openalex.org/A5141005366
Altaf Husain,W7169022163,CommScope (United States),https://openalex.org/A5140972709
Jitendra Singh,W7169022163,Ministry of Industry and Information Technology,https://openalex.org/A5141017800
Hui Liu,W7172030722,Central China Normal University,https://openalex.org/A5100387644
Yibo Zhou,W7172030722,Central China Normal University,https://openalex.org/A5144099574
Liguo Dong,W7172030722,Central China Normal University,https://openalex.org/A5144139769
Weidong Li,W7172030722,Wuhan University,https://openalex.org/A5144138723
Guanggang Geng,W7172309139,Wenzhou University,https://openalex.org/A5035643851
江厚训,W7172502164,Beijing Jiaotong University,https://openalex.org/A5069870464
Zikai Zhang,W7172502164,Beijing Jiaotong University,https://openalex.org/A5144419833
Ziyi Li,W7172502164,Beijing Jiaotong University,https://openalex.org/A5144428109
Yaoyue Zhang,W7172502164,Beijing Jiaotong University,https://openalex.org/A5144432757
Yidong Li,W7172502164,Beijing Jiaotong University,https://openalex.org/A5010019122
Jiaxin Hong,W7197024656,Shenzhen Institute of Information Technology,https://openalex.org/A5121809488
Sixu Chen,W7197024656,University Town of Shenzhen,https://openalex.org/A5145903488
Shuoyang Sun,W7197024656,Shenzhen Institute of Information Technology,https://openalex.org/A5121824950
Hongyao Yu,W7197024656,Tsinghua–Berkeley Shenzhen Institute,https://openalex.org/A5109681315
Hao F,W7197024656,Tsinghua–Berkeley Shenzhen Institute,https://openalex.org/A5109393372
Yuxin Peng,W7197024656,South China University of Technology,https://openalex.org/A5145541064
Jiawei Li,W7197024656,Huawei Technologies (China),https://openalex.org/A5108050442
Peng-Fei Zhang,W7201841523,The University of Queensland,https://openalex.org/A5100354128
Xin-Shun Xu,W7201841523,Shandong University,https://openalex.org/A5086235570
Zi Huang,W7201841523,The University of Queensland,https://openalex.org/A5078170935
