author_name,appears_in,affiliation,author_id
Chongyi Li,W3214264009;W4386065632;W3167388770;W3135519341,Nanyang Technological University,https://openalex.org/A5034122071
Chunle Guo,W3214264009;W4386065632;W3167388770;W3135519341,Nankai University,https://openalex.org/A5086639598
Ling-Hao Han,W3214264009;W4386065632;W3167388770,Nankai University,https://openalex.org/A5038127444
Jun Jiang,W3214264009;W3167388770,,https://openalex.org/A5101678888
Ming‐Ming Cheng,W3214264009;W3167388770,Nankai University,https://openalex.org/A5037131575
Jinwei Gu,W3214264009;W3167388770,,https://openalex.org/A5100370029
Chen Change Loy,W3214264009;W3167388770;W3135519341,Nanyang Technological University,https://openalex.org/A5005626854
Yufei Wang,W3199334903,Nanyang Technological University,https://openalex.org/A5100374829
Renjie Wan,W3199334903,Hong Kong Baptist University,https://openalex.org/A5085201191
Wenhan Yang,W3199334903;W3119525307;W3134765225;W3093427603;W4399870603,Nanyang Technological University,https://openalex.org/A5070884682
Haoliang Li,W3199334903,City University of Hong Kong,https://openalex.org/A5040091210
Lap‐Pui Chau,W3199334903,Nanyang Technological University,https://openalex.org/A5044722301
Alex C. Kot,W3199334903,Nanyang Technological University,https://openalex.org/A5080977911
Wencheng Wang,W3022336857,Weifang University,https://openalex.org/A5100603827
Xiaojin Wu,W3022336857,Weifang University,https://openalex.org/A5102971201
Xiaohui Yuan,W3022336857,University of North Texas,https://openalex.org/A5021355100
Zairui Gao,W3022336857,Weifang University,https://openalex.org/A5006988179
Zhenqi Fu,W4386066362,Xiamen University,https://openalex.org/A5002531550
Yang Yan,W4386066362,Hangzhou Dianzi University,https://openalex.org/A5100318832
Xiaotong Tu,W4386066362,Xiamen University,https://openalex.org/A5068316504
Yue Huang,W4386066362,Xiamen University,https://openalex.org/A5100772804
Xinghao Ding,W4386066362,Xiamen University,https://openalex.org/A5052820597
Kai‐Kuang Ma,W4386066362,Nanyang Technological University,https://openalex.org/A5059248438
Jiaying Liu,W3119525307;W3134765225;W3093427603,Peking University,https://openalex.org/A5100761525
Dejia Xu,W3119525307,Peking University,https://openalex.org/A5084521327
Minhao Fan,W3119525307;W3093427603,Peking University,https://openalex.org/A5028107736
Haofeng Huang,W3119525307,Peking University,https://openalex.org/A5028420385
Feifan Lv,W3161732772;W2997694100;W3012119911;W3023129636,Beihang University,https://openalex.org/A5070644322
Yu Li,W3161732772;W3182700213,Tencent (China),https://openalex.org/A5100345915
Feng Lu,W3161732772;W3035155487;W2997694100;W3012119911;W3023129636;W3209186471,Peng Cheng Laboratory,https://openalex.org/A5050527785
Chen Chen,W2986422266;W3193296307;W3112479442;W3174605894,International University of the Caribbean,https://openalex.org/A5100418568
Qifeng Chen,W2986422266,Hong Kong University of Science and Technology,https://openalex.org/A5100719529
N. Minh,W2986422266,International University of the Caribbean,https://openalex.org/A5005908865
Vladlen Koltun,W2986422266,Intel (United States),https://openalex.org/A5006181255
Li-Wen Wang,W3042993386,Hong Kong Polytechnic University,https://openalex.org/A5058743591
Zhi-Song Liu,W3042993386;W3163792967,Hong Kong Polytechnic University,https://openalex.org/A5101923745
Wan-Chi Siu,W3042993386;W3163792967,Hong Kong Polytechnic University,https://openalex.org/A5083042979
Daniel Pak-Kong Lun,W3042993386;W3163792967,Hong Kong Polytechnic University,https://openalex.org/A5045479823
Anqi Zhu,W3034895805,Tongji University,https://openalex.org/A5101964823
Lin Zhang,W3034895805,Tongji University,https://openalex.org/A5100351849
Ying Shen,W3034895805,Tongji University,https://openalex.org/A5021739501
Yong Ma,W3034895805,Jiangxi Normal University,https://openalex.org/A5047604730
Shengjie Zhao,W3034895805,Tongji University,https://openalex.org/A5016465182
Yicong Zhou,W3034895805,University of Macau,https://openalex.org/A5009595085
Ben Fei,W4386075858,Fudan University,https://openalex.org/A5074448929
Zhaoyang Lyu,W4386075858,ShangHai JiAi Genetics & IVF Institute,https://openalex.org/A5034092901
Liang Pan,W4386075858,Nanyang Technological University,https://openalex.org/A5100612025
Junzhe Zhang,W4386075858,Nanyang Technological University,https://openalex.org/A5101956300
Weidong Yang,W4386075858,Fudan University,https://openalex.org/A5101865874
Tianyue Luo,W4386075858,Fudan University,https://openalex.org/A5021069086
Bo Zhang,W4386075858,ShangHai JiAi Genetics & IVF Institute,https://openalex.org/A5100770109
Bo Dai,W4386075858,ShangHai JiAi Genetics & IVF Institute,https://openalex.org/A5101990493
Yunliang Qi,W3159421928;W3216908128,Lanzhou University,https://openalex.org/A5015314655
Zhen Yang,W3159421928,Lanzhou University,https://openalex.org/A5101700587
Wenhao Sun,W3159421928,Lanzhou Jiaotong University,https://openalex.org/A5101635734
Meng Lou,W3159421928,Lanzhou University,https://openalex.org/A5005569079
Jing Lian,W3159421928;W3216908128,Lanzhou Jiaotong University,https://openalex.org/A5101683469
Wenwei Zhao,W3159421928,Lanzhou University,https://openalex.org/A5112643605
Xiangyu Deng,W3159421928,Northwest Normal University,https://openalex.org/A5102722738
Yide Ma,W3159421928;W3216908128,Lanzhou University,https://openalex.org/A5042455990
Jinjiang Li,W3119456559;W3120156752;W4312757619;W4411662327;W3188967283;W4283528430,Shandong Institute of Business and Technology,https://openalex.org/A5028836596
Xiaomei Feng,W3119456559;W3120156752;W3188967283,Shandong Institute of Business and Technology,https://openalex.org/A5054414128
Zhen Hua,W3119456559;W3120156752;W4312757619;W4411662327;W4283528430,Shandong Institute of Business and Technology,https://openalex.org/A5078116487
Kun Lin Lü,W3100618669,Shanxi University,https://openalex.org/A5075195807
Lihong Zhang,W3100618669,Shanxi University,https://openalex.org/A5100705831
Shiqi Wang,W3134765225,City University of Hong Kong,https://openalex.org/A5100385178
Yuming Fang,W3134765225;W4399870603,Jiangxi University of Finance and Economics,https://openalex.org/A5063013411
Yue Wang,W3134765225,,https://openalex.org/A5100371992
Yuhui Ma,W3091618893,Chinese Academy of Sciences,https://openalex.org/A5047676434
Jiang Liu,W3091618893,Southern University of Science and Technology,https://openalex.org/A5100325209
Yonghuai Liu,W3091618893,Edge Hill University,https://openalex.org/A5017205444
Huazhu Fu,W3091618893;W3112383662;W3045184244;W3025469038,Inception Institute of Artificial Intelligence,https://openalex.org/A5010970485
Yan Hu,W3091618893;W4388473692,Southern University of Science and Technology,https://openalex.org/A5057374436
Jun Cheng,W3091618893,Chinese Academy of Sciences,https://openalex.org/A5044959745
Hong Qi,W3091618893,Peking University,https://openalex.org/A5001238406
Yufei Wu,W3091618893,Ningbo University,https://openalex.org/A5101639865
Jiong Zhang,W3091618893,Chinese Academy of Sciences,https://openalex.org/A5083371477
Yitian Zhao,W3091618893,Chinese Academy of Sciences,https://openalex.org/A5057905491
Minfeng Zhu,W2998131124,Zhejiang University,https://openalex.org/A5010441587
Pingbo Pan,W2998131124,University of Technology Sydney,https://openalex.org/A5112496743
Wei Chen,W2998131124,Zhejiang University,https://openalex.org/A5100740616
Yi Yang,W2998131124,University of Technology Sydney,https://openalex.org/A5005421447
Ziyi Shen,W3112383662;W3045184244;W3025469038,Inception Institute of Artificial Intelligence,https://openalex.org/A5040995630
Jianbing Shen,W3112383662;W3045184244;W3025469038,Inception Institute of Artificial Intelligence,https://openalex.org/A5102851352
Ling Shao,W3112383662;W3045184244;W3025469038,Inception Institute of Artificial Intelligence,https://openalex.org/A5082634513
Kui Jiang,W3193296307;W3112479442;W3174605894,Wuhan University,https://openalex.org/A5103140908
Zhongyuan Wang,W3193296307;W3112479442;W3174605894,Wuhan University,https://openalex.org/A5100741750
Peng Yi,W3193296307;W3112479442;W3174605894,Wuhan University,https://openalex.org/A5088371302
Zheng Wang,W3193296307;W3174605894;W3206020549,Wuhan University,https://openalex.org/A5100401164
Xiao Wang,W3193296307,Wuhan University,https://openalex.org/A5101902844
Junjun Jiang,W3193296307;W3112479442,Peng Cheng Laboratory,https://openalex.org/A5087165831
Chia‐Wen Lin,W3193296307;W3174605894;W3206020549,National Tsing Hua University,https://openalex.org/A5051264473
Ziteng Cui,W3204374989;W4393149622,Shanghai Jiao Tong University,https://openalex.org/A5035551115
Guo-Jun Qi,W3204374989,Scope Group (United States),https://openalex.org/A5100766907
Lin Gu,W3204374989,RIKEN Center for Advanced Intelligence Project,https://openalex.org/A5053647594
Shaodi You,W3204374989;W3182700213,University of Amsterdam,https://openalex.org/A5003277535
Zenghui Zhang,W3204374989,Shanghai Jiao Tong University,https://openalex.org/A5059094652
Tatsuya Harada,W3204374989;W4393149622,RIKEN Center for Advanced Intelligence Project,https://openalex.org/A5042711470
Fan Zhang,W3182700213,Beijing Institute of Technology,https://openalex.org/A5100403572
Ying Fu,W3182700213,Beijing Institute of Technology,
Zheng Shen,W3203313153,Wenzhou-Kean University,https://openalex.org/A5022614927
Gaurav Gupta,W3203313153,Wenzhou-Kean University,https://openalex.org/A5101958358
Haiyang Jiang,W2998334235;W4388563176,University of Southern California,https://openalex.org/A5101950812
Yinqiang Zheng,W2998334235;W3035155487;W2997694100;W4312650593;W3023129636,National Institute of Informatics,https://openalex.org/A5100698163
Wenjing Wang,W3093427603;W4399870603,Peking University,https://openalex.org/A5100429487
Ruixing Wang,W3203499574,Chinese University of Hong Kong,https://openalex.org/A5101602319
Xiaogang Xu,W3203499574,Chinese University of Hong Kong,https://openalex.org/A5015910981
Chi‐Wing Fu,W3203499574,Chinese University of Hong Kong,https://openalex.org/A5054382056
Jiangbo Lu,W3203499574,SMART Reading,https://openalex.org/A5084252480
Bei Yu,W3203499574,Chinese University of Hong Kong,https://openalex.org/A5051340429
Jiaya Jia,W3203499574,Chinese University of Hong Kong,https://openalex.org/A5052856441
Shaoliang Yang,W4226157755,Yunnan University,https://openalex.org/A5005108890
Dongming Zhou,W4226157755;W3196373523;W3136908137,Yunnan University,https://openalex.org/A5069672411
Jinde Cao,W4226157755,Yonsei University,https://openalex.org/A5017808266
Yanbu Guo,W4226157755,Zhengzhou University of Light Industry,https://openalex.org/A5040879159
Zhen Han,W3112479442,Wuhan University,https://openalex.org/A5027802291
Tao Lü,W3112479442;W3174605894,Wuhan Institute of Technology,https://openalex.org/A5089404454
Baojin Huang,W3112479442,Wuhan University,https://openalex.org/A5038724255
Linshu Hu,W3113798012,Zhejiang University,https://openalex.org/A5038218327
Mengjiao Qin,W3113798012,Zhejiang University,https://openalex.org/A5009204622
Feng Zhang,W3113798012,Zhejiang University,https://openalex.org/A5100401308
Zhenhong Du,W3113798012,Zhejiang University,https://openalex.org/A5069094261
Renyi Liu,W3113798012,Zhejiang Ocean University,https://openalex.org/A5102930211
Huiyuan Fu,W4386076200;W4390871981;W4403780855,Beijing University of Posts and Telecommunications,https://openalex.org/A5048944835
Wenkai Zheng,W4386076200;W4390871981,Beijing University of Posts and Telecommunications,https://openalex.org/A5100559382
Xiangyu Meng,W4386076200,Beijing University of Posts and Telecommunications,https://openalex.org/A5101743027
Xin Wang,W4386076200;W4403780855,Stony Brook University,https://openalex.org/A5100327844
Chuanming Wang,W4386076200,Beijing University of Posts and Telecommunications,https://openalex.org/A5101705249
Huadóng Ma,W4386076200;W4390871981;W4403780855,Beijing University of Posts and Telecommunications,https://openalex.org/A5100710713
Yadong Xu,W3089954572,Southeast University,https://openalex.org/A5027108424
Cheng Yang,W3089954572,Southeast University,https://openalex.org/A5102004844
Beibei Sun,W3089954572,Southeast University,https://openalex.org/A5100607731
Xiaoan Yan,W3089954572,Nanjing Forestry University,https://openalex.org/A5029523480
Minglong Chen,W3089954572,Jiangsu Province Hospital,https://openalex.org/A5026684550
Yu Guo,W3209369922;W3048737448;W4220824244;W3208240847;W4362564406;W3047627120;W4308079962,Wuhan University of Technology,https://openalex.org/A5037365971
Yuxu Lu,W3209369922;W3048737448;W4220824244;W3208240847;W4362564406;W3047627120;W4308079962,Wuhan University of Technology,https://openalex.org/A5015241563
Ryan Wen Liu,W3209369922;W3048737448;W4220824244;W3208240847;W4362564406;W3047627120;W4308079962,Wuhan University of Technology,https://openalex.org/A5061907283
Xin Jin,W4386065632,Nankai University,https://openalex.org/A5100583903
Zhen Li,W4386065632,Nankai University,https://openalex.org/A5101942240
Zhi Chai,W4386065632,Silicon Technologies (United States),https://openalex.org/A5092674581
Chunxiao Liu,W4289656438,Zhejiang Gongshang University,https://openalex.org/A5035709176
Fanding Wu,W4289656438,Zhejiang Gongshang University,https://openalex.org/A5035117722
Xun Wang,W4289656438,Zhejiang Gongshang University,https://openalex.org/A5106406563
Zhipeng Du,W4402704573,,https://openalex.org/A5104102606
Miaojing Shit,W4402704573,Tongji University,https://openalex.org/A5107507820
Jiankang Deng,W4402704573,Imperial College London,https://openalex.org/A5073110676
Meifang Yang,W3048737448;W3047627120,Wuhan University of Technology,https://openalex.org/A5002646223
Kwok Tai Chui,W3048737448;W3047627120,Hong Kong Metropolitan University,https://openalex.org/A5086102702
Bo Peng,W4285411654,Tianjin University,https://openalex.org/A5061202217
Xuanyu Zhang,W4285411654,Tianjin University,https://openalex.org/A5101414747
Jianjun Lei,W4285411654,Tianjin University,https://openalex.org/A5081490093
Zhe Zhang,W4285411654,Tianjin University,https://openalex.org/A5064700973
Nam Ling,W4285411654,Santa Clara University,https://openalex.org/A5018686979
Qingming Huang,W4285411654;W4385626920,University of Chinese Academy of Sciences,https://openalex.org/A5028597017
Shansi Zhang,W4385236771,University of Hong Kong,https://openalex.org/A5045645936
Nan Meng,W4385236771,Chinese University of Hong Kong,https://openalex.org/A5001473276
Edmund Y. Lam,W4385236771;W3189398023;W3165824405;W3209046234,University of Hong Kong,https://openalex.org/A5008832723
Zia-ur Rahman,W3014431357;W3035296544;W4281737715,Sichuan University,https://openalex.org/A5102023423
Yi‐Fei Pu,W3014431357;W3035296544,Sichuan University,https://openalex.org/A5101890639
Muhammad Aamir,W3014431357;W3035296544,Sichuan University,https://openalex.org/A5039996731
Samad Wali,W3014431357;W3035296544,University of Electronic Science and Technology of China,https://openalex.org/A5030876894
Renjun Wang,W4206993822,Hunan University,https://openalex.org/A5115695391
Bin Jiang,W4206993822,Hunan University,https://openalex.org/A5007360513
Chao Yang,W4206993822,Hunan University,https://openalex.org/A5100604018
Qiao Li,W4206993822,Hunan University,https://openalex.org/A5101440138
Bolin Zhang,W4206993822,Hunan University,https://openalex.org/A5100742249
Yurong Guan,W3035296544;W4281737715,Huanggang Normal University,https://openalex.org/A5060070920
Lin Gu,W4393149622,RIKEN Center for Advanced Intelligence Project,https://openalex.org/A5016680184
Xiao Sun,W4393149622,ShangHai JiAi Genetics & IVF Institute,https://openalex.org/A5088062069
Xianzheng Ma,W4393149622,University of Oxford,https://openalex.org/A5003807275
Yu Qiao,W4393149622,ShangHai JiAi Genetics & IVF Institute,https://openalex.org/A5110593923
Mingfang Zhang,W3035155487,Peng Cheng Laboratory,https://openalex.org/A5100685355
Rayan Al Sobbahi,W3207478457,Lebanese American University,https://openalex.org/A5084446270
Joe Tekli,W3207478457,Lebanese American University,https://openalex.org/A5088417940
SoHyun Lee,W4386076158,Pohang University of Science and Technology,https://openalex.org/A5025640600
Jaesung Rim,W4386076158,Pohang University of Science and Technology,https://openalex.org/A5064001778
Boseung Jeong,W4386076158,Pohang University of Science and Technology,https://openalex.org/A5088951609
Geonu Kim,W4386076158,Pohang University of Science and Technology,https://openalex.org/A5006907476
Byungju Woo,W4386076158,Pohang University of Science and Technology,https://openalex.org/A5030599107
Haechan Lee,W4386076158,Pohang University of Science and Technology,https://openalex.org/A5042217917
Sunghyun Cho,W4386076158,Pohang University of Science and Technology,https://openalex.org/A5101565511
Suha Kwak,W4386076158,Pohang University of Science and Technology,https://openalex.org/A5060343759
Yonglong Jiang,W4313639674,Xinjiang University,https://openalex.org/A5014081750
Liangliang Li,W4313639674,Tsinghua University,https://openalex.org/A5100739407
Jiahe Zhu,W4313639674,Tsinghua University,https://openalex.org/A5111341570
Yuan Xue,W4313639674,Xinjiang University,https://openalex.org/A5067691725
Hongbing Ma,W4313639674,Tsinghua University,https://openalex.org/A5075551339
Jing Zhang,W4285275126,Wuhan University,https://openalex.org/A5100731098
Bin Luo,W4285275126,Wuhan University,https://openalex.org/A5101650262
Fuqian Li,W4285275126,Sichuan University,https://openalex.org/A5073730268
Xingman Niu,W4285275126,Sichuan University,https://openalex.org/A5062649617
Qican Zhang,W4285275126,Sichuan University,https://openalex.org/A5074155582
Yajun Wang,W4285275126,Sichuan University,https://openalex.org/A5100454881
Xiangcheng Chen,W4285275126,Anhui University,https://openalex.org/A5076522066
Xiyuan Luo,W4413255237,Xidian University,
Sen Wang,W4413255237,Xidian University,https://openalex.org/A5044296049
Jinpeng Liu,W4413255237,Xidian University,https://openalex.org/A5100619673
Xue Dong,W4413255237,Xidian University,https://openalex.org/A5036847248
Piao He,W4413255237,Xidian University,https://openalex.org/A5043215196
Qingyu Yang,W4413255237,Xidian University,https://openalex.org/A5060684114
Xi Chen,W4413255237,Xidian University,
Feiyan Zhou,W4413255237,Xidian University,https://openalex.org/A5073170981
Tong Zhang,W4413255237,Xidian University,https://openalex.org/A5100378783
Shijie Feng,W4413255237,Nanjing University of Science and Technology,https://openalex.org/A5101952644
Pingli Han,W4413255237,Xidian University,https://openalex.org/A5091863232
Zhiming Zhou,W4413255237,Xidian University,https://openalex.org/A5100599390
Xiang Meng,W4413255237,Xidian University,https://openalex.org/A5110378298
Jiaming Qian,W4413255237,Nanjing University of Science and Technology,https://openalex.org/A5068105201
Haigang Ma,W4413255237,Nanjing University of Science and Technology,https://openalex.org/A5057141414
Shun Zhou,W4413255237,Nanjing University of Science and Technology,https://openalex.org/A5059215826
Linpeng Lu,W4413255237,Nanjing University of Science and Technology,https://openalex.org/A5072205001
Chao Zuo,W4413255237,Nanjing University of Science and Technology,https://openalex.org/A5061719118
Zihan Geng,W4413255237,Tsinghua University,https://openalex.org/A5047980236
Wei Yi,W4413255237,Massachusetts Institute of Technology,https://openalex.org/A5100339151
Fei Liu,W4413255237,Xidian University,https://openalex.org/A5100394611
Zhan Jingchun,W4404029142,University of Technology Malaysia,https://openalex.org/A5114511059
Goh Eg Su,W4404029142,University of Technology Malaysia,https://openalex.org/A5016327583
Mohd Shahrizal Sunar,W4404029142,University of Technology Malaysia,https://openalex.org/A5038055291
Jie Huang,W4213445562;W4304015075,University of Science and Technology of China,https://openalex.org/A5033737940
Xueyang Fu,W4213445562,University of Science and Technology of China,https://openalex.org/A5079007635
Zeyu Xiao,W4213445562,University of Science and Technology of China,https://openalex.org/A5017155375
Feng Zhao,W4213445562;W4304015075,University of Science and Technology of China,https://openalex.org/A5100401202
Zhiwei Xiong,W4213445562,University of Science and Technology of China,https://openalex.org/A5008612863
Xianglang Wang,W4318767589,Civil Aviation Administration of China,https://openalex.org/A5009757628
Youfang Lin,W4318767589,Civil Aviation Administration of China,https://openalex.org/A5102790320
Shuo Zhang,W4318767589,Civil Aviation Administration of China,https://openalex.org/A5100379616
Yong Wang,W4224903451,Jilin University,https://openalex.org/A5100424371
Wenjie Xie,W4224903451,Jilin University,https://openalex.org/A5101825270
Hongqi Liu,W4224903451,China Aerospace Science and Industry Corporation (China),https://openalex.org/A5101677126
Chu Zhou,W4382240178,Peking University,https://openalex.org/A5023089115
Minggui Teng,W4382240178,Peking University,https://openalex.org/A5087679505
Youwei Lyu,W4382240178,Beijing University of Posts and Telecommunications,https://openalex.org/A5069781278
Si Li,W4382240178,Beijing University of Posts and Telecommunications,https://openalex.org/A5092277203
Chao Xu,W4382240178,Peking University,https://openalex.org/A5100385781
Boxin Shi,W4382240178,Peking University,https://openalex.org/A5038326097
Xicong Wang,W4390871981;W4403780855,Beijing University of Posts and Telecommunications,https://openalex.org/A5104228968
Jiaxuan Wang,W4390871981,Beijing University of Posts and Telecommunications,https://openalex.org/A5100621288
Heng Zhang,W4390871981,,https://openalex.org/A5100373129
Linfeng Tang,W4285819094,Wuhan University,https://openalex.org/A5011864594
Jiayi Ma,W4285819094,Wuhan University,https://openalex.org/A5040010053
Hao Zhang,W4285819094,Wuhan University,https://openalex.org/A5018388825
Xiaojie Guo,W4285819094,Tianjin University,https://openalex.org/A5090356888
Heming Xu,W4394858294,Harbin Institute of Technology,https://openalex.org/A5114124857
Xintong Liu,W4394858294,Harbin Institute of Technology,https://openalex.org/A5100615125
Hanwen Zhang,W4394858294,,https://openalex.org/A5100332172
Xiaohe Wu,W4394858294,Harbin Institute of Technology,https://openalex.org/A5057571532
Wangmeng Zuo,W4394858294,Harbin Institute of Technology,https://openalex.org/A5100636655
Jianhui Wang,W4407264220,University of Electronic Science and Technology of China,https://openalex.org/A5100334403
Yangfan He,W4407264220,University of Minnesota,https://openalex.org/A5100642695
Kun Li,W4407264220,Peking University,https://openalex.org/A5092174433
Sida Li,W4407264220,Peking University,https://openalex.org/A5084886635
Lan Zhao,W4407264220,Institute of Disaster Prevention,https://openalex.org/A5101329263
Jun Yin,W4407264220,University Town of Shenzhen,https://openalex.org/A5019091031
Miao Zhang,W4407264220,University Town of Shenzhen,https://openalex.org/A5058311586
Tianyu Shi,W4407264220,Canada Research Chairs,https://openalex.org/A5101850472
Xueqian Wang,W4407264220;W4367359429,University Town of Shenzhen,https://openalex.org/A5100737125
Xuanhe Li,W4388473692,Jilin University,https://openalex.org/A5089411283
Rui He,W4388473692;W4411264395,Jilin University,https://openalex.org/A5101569756
Jian Wu,W4388473692;W4411264395,Jilin University,https://openalex.org/A5058722802
Xianfeng Chen,W4388473692,,https://openalex.org/A5100674464
Kai Shang,W4393148721,"China University of Petroleum, East China",https://openalex.org/A5103284775
Mingwen Shao,W4393148721,"China University of Petroleum, East China",https://openalex.org/A5072912487
Chao Wang,W4393148721,University of Technology Sydney,https://openalex.org/A5100406948
Yuanshuo Cheng,W4393148721,"China University of Petroleum, East China",https://openalex.org/A5016073217
Shuigen Wang,W4393148721,Medical Technologies (Czechia),https://openalex.org/A5088530627
Wenhao Li,W4385848792,Shanghai Jiao Tong University,https://openalex.org/A5114833077
Guangyang Wu,W4385848792,Shanghai Jiao Tong University,https://openalex.org/A5058670182
Wenyi Wang,W4385848792,University of Electronic Science and Technology of China,https://openalex.org/A5100354895
Peiran Ren,W4385848792,Alibaba Group (China),https://openalex.org/A5081147881
Xiaohong Liu,W4385848792;W4385804965;W4385805190,Shanghai Jiao Tong University,https://openalex.org/A5087407889
Mohammed Y. Abbass,W4406573338,Egyptian Atomic Energy Authority,https://openalex.org/A5003886367
H. Kasban,W4406573338,Egyptian Atomic Energy Authority,https://openalex.org/A5055267514
Zeinab F. Elsharkawy,W4406573338,Egyptian Atomic Energy Authority,https://openalex.org/A5033445281
Xuanhe Li,W4411264395,Jilin University,
Lingyu Yan,W3122692658;W4225402651,Hubei University of Technology,https://openalex.org/A5037591175
Jiarun Fu,W3122692658;W4225402651,Hubei University of Technology,https://openalex.org/A5023112690
Chunzhi Wang,W3122692658,Hubei University of Technology,https://openalex.org/A5103162139
Zhiwei Ye,W3122692658,Hubei University of Technology,https://openalex.org/A5100670242
Hongwei Chen,W3122692658,Hubei University of Technology,https://openalex.org/A5100324853
Hefei Ling,W3122692658;W4225402651,Huazhong University of Science and Technology,https://openalex.org/A5037263298
Yousef Atoum,W3035297694;W2990155364,Yarmouk University,https://openalex.org/A5007188668
Mao Ye,W3035297694,Robert Bosch (United States),https://openalex.org/A5100682785
Liu Ren,W3035297694;W2990155364,Robert Bosch (United States),https://openalex.org/A5103725392
Ying Tai,W3035297694;W2990155364,Tencent (China),https://openalex.org/A5029021362
Xiaoming Liu,W3035297694;W2990155364,Michigan State University,https://openalex.org/A5100409052
Fan Zhang,W3120156752,Shandong Institute of Business and Technology,https://openalex.org/A5100403428
Xin Zhang,W3137277224,Beijing Institute of Technology,https://openalex.org/A5100704259
Xia Wang,W3137277224,Beijing Institute of Technology,https://openalex.org/A5100397932
Wei Huang,W3019450223,Shanghai University,https://openalex.org/A5101399361
Yifeng Zhu,W3019450223,Shanghai University,https://openalex.org/A5101638641
Rui Huang,W3019450223,Shanghai University,https://openalex.org/A5101599320
Qun Yang,W3117435658,Huazhong University of Science and Technology,https://openalex.org/A5022836264
Yubin Wu,W3117435658,Huazhong University of Science and Technology,https://openalex.org/A5100370844
Danhua Cao,W3117435658,Huazhong University of Science and Technology,https://openalex.org/A5026988178
Mandi Luo,W3117435658,Huazhong University of Science and Technology,https://openalex.org/A5064812067
Taoran Wei,W3117435658,Huazhong University of Science and Technology,https://openalex.org/A5102007758
Wenqi Ren,W4220824244;W4385525551,Chinese Academy of Sciences,https://openalex.org/A5057999649
Zafar Ali,W4281737715,Southeast University,https://openalex.org/A5022377161
Inayat Khan,W4281737715,,https://openalex.org/A5067743408
M. Irfan Uddin,W4281737715,Kohat University of Science and Technology,https://openalex.org/A5047672519
Zhihua Hu,W4281737715,Huanggang Normal University,https://openalex.org/A5101518043
Gouranga Mandal,W3155773526,National Institute of Technology Agartala,https://openalex.org/A5089503233
Diptendu Bhattacharya,W3155773526,National Institute of Technology Agartala,https://openalex.org/A5087200438
Parthasarathi De,W3155773526,National Institute of Technology Agartala,https://openalex.org/A5086361094
Shansi Zhang,W3189398023;W3209046234,University of Hong Kong,https://openalex.org/A5022192315
Tian Ma,W3154593388,Xi'an University of Science and Technology,https://openalex.org/A5004691090
Ming Guo,W3154593388,Xi'an University of Science and Technology,https://openalex.org/A5101655272
Zhenhua Yu,W3154593388,Xi'an University of Science and Technology,https://openalex.org/A5059744438
Yanping Chen,W3154593388,Xi’an University of Posts and Telecommunications,https://openalex.org/A5100419627
Xincheng Ren,W3154593388,Yan'an University,https://openalex.org/A5113306072
Runtao Xi,W3154593388,Xi'an University of Science and Technology,https://openalex.org/A5086061958
Yuancheng Li,W3154593388,Xi'an University of Science and Technology,https://openalex.org/A5003555754
Xinlei Zhou,W3154593388,Xi'an University of Science and Technology,https://openalex.org/A5103050367
Shansi Zhang,W3165824405,University of Hong Kong,https://openalex.org/A5070751669
Muhammad Asif,W3093819743,Beijing Institute of Technology,https://openalex.org/A5073131427
Lei Chen,W3093819743,Beijing Institute of Technology,https://openalex.org/A5101441931
Hong Song,W3093819743,Beijing Institute of Technology,https://openalex.org/A5100769854
Jian Yang,W3093819743,Beijing Institute of Technology,https://openalex.org/A5100643476
Alejandro F. Frangi,W3093819743,University of Leeds,https://openalex.org/A5049192404
Yixuan Gao,W4385804965;W4385805190,Shanghai Jiao Tong University,https://openalex.org/A5074317955
Yuqin Cao,W4385804965;W4385805190,Shanghai Jiao Tong University,https://openalex.org/A5101983011
Tengchuan Kou,W4385804965;W4385805190,Shanghai Jiao Tong University,https://openalex.org/A5045384577
Wei Sun,W4385804965,Shanghai Jiao Tong University,https://openalex.org/A5044700284
Yunlong Dong,W4385804965,Shanghai Jiao Tong University,https://openalex.org/A5100554725
Xiongkuo Min,W4385804965;W4385805190,Shanghai Jiao Tong University,https://openalex.org/A5043405654
Guangtao Zhai,W4385804965;W4385805190,Shanghai Jiao Tong University,https://openalex.org/A5064168853
Xiaoqian Lv,W3197180867;W4385626920,Harbin Institute of Technology,https://openalex.org/A5019487727
Yujing Sun,W3197180867,Harbin Institute of Technology,https://openalex.org/A5082602131
Jun Zhang,W3197180867,Hefei University of Technology,https://openalex.org/A5100701828
Feng Jiang,W3197180867,Harbin Institute of Technology,https://openalex.org/A5054864573
Shengping Zhang,W3197180867;W4385626920,Harbin Institute of Technology,https://openalex.org/A5084025984
Qili Chen,W3207325959,Beijing Information Science & Technology University,https://openalex.org/A5055102556
Junfang Fan,W3207325959,Beijing Information Science & Technology University,https://openalex.org/A5083686499
Wenbai Chen,W3207325959;W4294152283,Beijing Information Science & Technology University,https://openalex.org/A5045361189
Rayyan Azam Khan,W4311257085,University of Saskatchewan,https://openalex.org/A5086299624
Yigang Luo,W4311257085,University of Saskatchewan,https://openalex.org/A5045248108
Fang‐Xiang Wu,W4311257085,University of Saskatchewan,https://openalex.org/A5091157395
Yaofeng Xie,W4292237644,Ocean University of China,https://openalex.org/A5101026628
Zhibin Yu,W4292237644,Ocean University of China,https://openalex.org/A5055980512
Xiao Yu,W4292237644,Ocean University of China,https://openalex.org/A5100321702
Bing Zheng,W4292237644,Ocean University of China,https://openalex.org/A5035216297
Yanpeng Cao,W4313397691,Zhejiang University,https://openalex.org/A5100627571
Xi Tong,W4313397691,Zhejiang University,https://openalex.org/A5104120776
Fan Wang,W4313397691,Zhejiang University,https://openalex.org/A5100380590
Jiangxin Yang,W4313397691,Zhejiang University,https://openalex.org/A5109578935
Yanlong Cao,W4313397691,Zhejiang University,https://openalex.org/A5031390008
Sabin Tiberius Strat,W4313397691,Huawei Technologies (France),https://openalex.org/A5040702651
Christel-Loïc Tisse,W4313397691,Huawei Technologies (France),https://openalex.org/A5056699295
Maomei Liu,W3151134227,Northwest University,https://openalex.org/A5014112855
Lei Tang,W3151134227,Beijing Microelectronics Technology Institute,https://openalex.org/A5064826355
Sheng Zhong,W3151134227,Northwest University,https://openalex.org/A5026169204
Hangzai Luo,W3151134227,Northwest University,https://openalex.org/A5043852046
Jinye Peng,W3151134227,Northwest University,https://openalex.org/A5110371318
Xiaojun Yang,W4298111771,Guangdong University of Technology,https://openalex.org/A5075317738
Junhong Gong,W4298111771,Guangdong University of Technology,https://openalex.org/A5030975581
Lianpei Wu,W4298111771,Guangdong University of Technology,https://openalex.org/A5084348842
Zhijing Yang,W4298111771,Guangdong University of Technology,https://openalex.org/A5064465418
Yukai Shi,W4298111771,Guangdong University of Technology,https://openalex.org/A5039893934
Feiping Nie,W4298111771,Northwestern Polytechnical University,https://openalex.org/A5003222421
Yuezhou Li,W4381661632,Fuzhou University,https://openalex.org/A5081654578
Yuzhen Niu,W4381661632,Fuzhou University,https://openalex.org/A5066931530
Rui Xu,W4381661632,Fuzhou University,https://openalex.org/A5065213828
Yuzhong Chen,W4381661632,Fuzhou University,https://openalex.org/A5100707846
Zeyuan Chen,W3190801509,University of Science and Technology of China,https://openalex.org/A5101631518
Yifan Jiang,W3190801509,The University of Texas at Austin,https://openalex.org/A5001404316
Dong Liu,W3190801509,University of Science and Technology of China,https://openalex.org/A5100407381
Zhangyang Wang,W3190801509;W3176266841;W3174382703,The University of Texas at Austin,https://openalex.org/A5048522863
Runxing Zhao,W4367187321,Guangxi University of Science and Technology,https://openalex.org/A5072252465
Zhiwen Wang,W4367187321,Guangxi University of Finance and Economics,https://openalex.org/A5006288178
Wuyuan Guo,W4367187321,Guangxi University of Science and Technology,https://openalex.org/A5026007589
Canlong Zhang,W4367187321,Guangxi Normal University,https://openalex.org/A5016469515
Hengshuai Cui,W4312757619;W4411662327,Shandong Institute of Business and Technology,https://openalex.org/A5001915605
Linwei Fan,W4312757619;W4283528430,Shandong University of Finance and Economics,https://openalex.org/A5000298140
Mustafa Özcan,W4385805076,Aselsan (Turkey),https://openalex.org/A5038848345
Hamza Ergezer,W4385805076,Aselsan (Turkey),https://openalex.org/A5103284234
Mustafa Ayazoğlu,W4385805076,Aselsan (Turkey),https://openalex.org/A5064139648
Wei Sun,W4385805190,,https://openalex.org/A5059618326
Yulun Zhang,W4385805190,,https://openalex.org/A5074865219
Kai Zhang,W4385805190;W4364377163;W4285196818;W4285612533,,https://openalex.org/A5100323983
Radu Timofte,W4385805190,,https://openalex.org/A5052236177
Yunlong Dong,W4385805190,,https://openalex.org/A5101727128
Ziheng Jia,W4385805190,,https://openalex.org/A5101327753
Yilin Li,W4385805190,,https://openalex.org/A5109302946
Kai Zhao,W4385805190,,https://openalex.org/A5100643410
Heng Cong,W4385805190,,https://openalex.org/A5026373344
Hang Shi,W4385805190,,https://openalex.org/A5110641435
Zhiliang Ma,W4385805190,,https://openalex.org/A5100933580
Mirko Agarla,W4385805190,,https://openalex.org/A5053322229
Zhiwei Huang,W4385805190,,https://openalex.org/A5012677359
Hongye Liu,W4385805190,,https://openalex.org/A5100662332
Ironhead Chuang,W4385805190,,https://openalex.org/A5092506236
Haotian Fan,W4385805190,,https://openalex.org/A5013689956
Shiqi Zhou,W4385805190,,https://openalex.org/A5061835948
Yu Lai,W4385805190,,https://openalex.org/A5102536562
Wenqi Wang,W4385805190,,https://openalex.org/A5100759569
Haoning Wu,W4385805190,,https://openalex.org/A5014879869
Chunzheng Zhu,W4385805190,,https://openalex.org/A5104155847
Shiling Zhao,W4385805190,,https://openalex.org/A5026141041
Hanene Brachemi Meftah,W4385805190,,https://openalex.org/A5028700624
Tengfei Shi,W4385805190,,https://openalex.org/A5100615067
Azadeh Mansouri,W4385805190,,https://openalex.org/A5063625573
Jikun Wang,W4320168388,Chinese Academy of Sciences,https://openalex.org/A5076036533
Weixiang Liang,W4320168388,University of Macau,https://openalex.org/A5070029533
Jiangang Yang,W4320168388,University of Macau,https://openalex.org/A5101836221
Shizheng Wang,W4320168388,Chinese Academy of Sciences,https://openalex.org/A5064048281
Zhi-Xin Yang,W4320168388,University of Macau,https://openalex.org/A5011123518
Jinghao Zhang,W4304015075,University of Science and Technology of China,https://openalex.org/A5101576666
Mingde Yao,W4304015075,University of Science and Technology of China,https://openalex.org/A5002617843
Man Zhou,W4304015075,University of Science and Technology of China,https://openalex.org/A5101823681
Chenyang Wang,W4385626920,Harbin Institute of Technology,https://openalex.org/A5100424710
Weigang Zhang,W4385626920,Harbin Institute of Technology,https://openalex.org/A5014774434
Hongxun Yao,W4385626920,Harbin Institute of Technology,https://openalex.org/A5023274785
Masakazu Yoshimura,W4390872439;W4386066067,Sony Corporation (United States),https://openalex.org/A5102086565
Junji Otsuka,W4390872439;W4386066067,Sony Corporation (United States),https://openalex.org/A5066409845
Atsushi Irie,W4390872439;W4386066067,Sony Corporation (United States),https://openalex.org/A5108791840
Takeshi Ohashi,W4390872439;W4386066067,Sony Corporation (United States),https://openalex.org/A5113687209
Xiaofeng Zhang,W4406391458,Shanghai Jiao Tong University,https://openalex.org/A5100455665
Zishan Xu,W4406391458,China University of Mining and Technology,https://openalex.org/A5102931455
Hao Tang,W4406391458,Beijing City University,https://openalex.org/A5050748634
Chaochen Gu,W4406391458,Shanghai Jiao Tong University,https://openalex.org/A5030921410
Wei Chen,W4406391458,China University of Mining and Technology,https://openalex.org/A5100344481
Abdulmotaleb El Saddik,W4406391458,University of Ottawa,https://openalex.org/A5110157906
Michela Lecca,W3132778068,Fondazione Bruno Kessler,https://openalex.org/A5087921260
Alessandro Torresani,W3132778068,University of Trento,https://openalex.org/A5014284001
Fabio Remondino,W3132778068,Fondazione Bruno Kessler,https://openalex.org/A5025841679
Xinwei Xue,W4304087115,Dalian University of Technology,https://openalex.org/A5041886694
Jia He,W4304087115,Dalian University of Technology,https://openalex.org/A5100324430
Long Ma,W4304087115;W4386552520;W3167984157;W3204887334;W4225269816,Dalian University of Technology,https://openalex.org/A5037377300
Yi Wang,W4304087115,Dalian University of Technology,https://openalex.org/A5100784213
Xin Fan,W4304087115;W4386552520;W3167984157;W3204887334;W4225269816,Dalian University of Technology,https://openalex.org/A5057776894
Risheng Liu,W4304087115;W4386552520;W3167984157;W3204887334,Dalian University of Technology,https://openalex.org/A5042370642
Quan Lu,W4398762839,Guangxi University,https://openalex.org/A5086380622
Chengwei Li,W4398762839,Guangxi University,https://openalex.org/A5102829925
Linfei Yin,W4398762839,Guangxi University,https://openalex.org/A5020606991
Chaitra Desai,W4390190757,KLE Technological University,https://openalex.org/A5071390553
Nikhil Akalwadi,W4390190757,KLE Technological University,https://openalex.org/A5017751733
Amogh Joshi,W4390190757,KLE Technological University,https://openalex.org/A5051206502
Sampada Malagi,W4390190757,KLE Technological University,https://openalex.org/A5070573879
Chinmayee Mandi,W4390190757,KLE Technological University,https://openalex.org/A5034417764
Ramesh Ashok Tabib,W4390190757,KLE Technological University,https://openalex.org/A5022393071
Ujwala Patil,W4390190757,KLE Technological University,https://openalex.org/A5007761783
Uma Mudenagudi,W4390190757,KLE Technological University,https://openalex.org/A5031053524
Yang Liu,W4402308215,Northeastern University,
Yongfu Wang,W4402308215,Northeastern University,https://openalex.org/A5055254938
Qiansheng Li,W4402308215,Dalian University,https://openalex.org/A5016540892
Xingfei Zhang,W4404579270,Shanghai University of Electric Power,https://openalex.org/A5064449748
Gang Liu,W4404579270,Shanghai University of Electric Power,https://openalex.org/A5100412491
Mengliang Xing,W4404579270,Shanghai University of Electric Power,https://openalex.org/A5004591687
Gaoqiang Wang,W4404579270,Shanghai Jiao Tong University,https://openalex.org/A5016259300
Durga Prasad Bavirisetti,W4404579270,Norwegian University of Science and Technology,https://openalex.org/A5060788206
Igor Morawski,W3207691282,,https://openalex.org/A5010124289
Yuan Chen,W3207691282,,https://openalex.org/A5101911164
Yu‐Sheng Lin,W3207691282,,https://openalex.org/A5101794107
Winston H. Hsu,W3207691282,,https://openalex.org/A5043898632
Jialiang Zhang,W4384037023,Nanjing University of Posts and Telecommunications,https://openalex.org/A5092236620
Ruiwen Ji,W4384037023,Shanghai Normal University,https://openalex.org/A5083420709
Jingwen Wang,W4384037023;W3167384745,Nanjing University of Posts and Telecommunications,https://openalex.org/A5100461874
Hongcheng Sun,W4384037023,Nanjing University of Posts and Telecommunications,https://openalex.org/A5114066201
Mingye Ju,W4384037023,Nanjing University of Posts and Telecommunications,https://openalex.org/A5026939095
Gehui Li,W4386552520,Dalian University of Technology,https://openalex.org/A5051231286
Jinyuan Liu,W4386552520,Dalian University of Technology,https://openalex.org/A5100675904
Zhiying Jiang,W4386552520,Dalian University of Technology,https://openalex.org/A5016996735
Guang Han,W4389538640,Nanjing University of Posts and Telecommunications,https://openalex.org/A5071370650
Kang Wu,W4389538640,Nanjing University of Posts and Telecommunications,https://openalex.org/A5101599198
Fanyu Zeng,W4389538640,Nanjing University of Posts and Telecommunications,https://openalex.org/A5086740899
Jixin Liu,W4389538640,Nanjing University of Posts and Telecommunications,https://openalex.org/A5081669641
Sam Kwong,W4389538640,,https://openalex.org/A5008386708
Zijia Yu,W4400043174,,https://openalex.org/A5008358431
Yangyang Guo,W4400043174,Anhui University,https://openalex.org/A5054313646
Liyuan Zhang,W4400043174,Jiangsu University,https://openalex.org/A5100361498
Yi Ding,W4400043174,Anhui University,https://openalex.org/A5101783438
Gan Zhang,W4400043174,Anhui University,https://openalex.org/A5100761993
Dongyan Zhang,W4400043174,Anhui University,https://openalex.org/A5100740817
Shiba Kuanar,W3164064764,The University of Texas at Arlington,https://openalex.org/A5006199064
Vassilis Athitsos,W3164064764,The University of Texas at Arlington,https://openalex.org/A5025213339
Dwarikanath Mahapatra,W3164064764,Inception Institute of Artificial Intelligence,https://openalex.org/A5029036222
K.R. Rao,W3164064764,The University of Texas at Arlington,https://openalex.org/A5078861665
Zhenghao Shi,W4385525551,,https://openalex.org/A5069383800
Manyu Wang,W4385525551,,https://openalex.org/A5025277844
Xiujie Cao,W4394953649,Beihang University,https://openalex.org/A5085049374
Jingjun Yu,W4394953649,Beihang University,https://openalex.org/A5100941162
Mohan Yin,W4407476934,Harbin Normal University,https://openalex.org/A5107574142
Jianbai Yang,W4407476934,Harbin Normal University,https://openalex.org/A5044765039
Ji Wu,W4398773768,Taiyuan University of Technology,https://openalex.org/A5100514915
Bing Ding,W4398773768,Taiyuan University of Technology,https://openalex.org/A5022739363
Beining Zhang,W4398773768,Beijing Institute of Technology,https://openalex.org/A5020876933
Jie Ding,W4398773768,Beijing Institute of Technology,https://openalex.org/A5100622785
Xiaofeng Wang,W4406748775,Anhui University,https://openalex.org/A5100333215
Rentao Yang,W4406748775,Anhui University,
Zhize Wu,W4406748775,Hefei University,https://openalex.org/A5109750750
Lingma Sun,W4406748775,Anhui University,https://openalex.org/A5009956336
Jiashan Liu,W4406748775,Anhui University,
Le Zou,W4406748775,Anhui University,https://openalex.org/A5090761389
Xiaoyang shen,W4403109138,Yanshan University,https://openalex.org/A5109794876
Haibin Li,W4403109138,Yanshan University,https://openalex.org/A5101812334
Yaqian Li,W4403109138,Yanshan University,https://openalex.org/A5100697596
Wenming Zhang,W4403109138,Yanshan University,https://openalex.org/A5100761291
Quoc-Viet Hoang,W4414285590,Hung Yen University of Technology and Education,https://openalex.org/A5011631688
Trung-Hieu Le,W4414285590,Hung Yen University of Technology and Education,https://openalex.org/A5039547876
Peng Ji,W4409161639,Nanjing Tech University,https://openalex.org/A5103255990
Zhanmin Lv,W4409161639,Nanjing Tech University,https://openalex.org/A5111343730
Zhao Zhang,W4409161639,Nanjing Tech University,https://openalex.org/A5100423029
Yongcan Zhao,W4410541148,Henan University,https://openalex.org/A5093984135
Wei Li,W4410541148,Henan University,https://openalex.org/A5100317994
Runxin Yang,W4410541148,Henan Energy & Chemical Industry Group (China),
Yinghao Liu,W4410541148;W4412431660,Henan University,https://openalex.org/A5101888483
郭泰龙 Guo Tailong,W4408208056,,https://openalex.org/A5116543032
蔡怀宇 Cai Huaiyu,W4408208056,,https://openalex.org/A5065230556
汪毅 Wang Yi,W4408208056,,https://openalex.org/A5025469553
陈晓冬 Chen Xiaodong,W4408208056,,
Shubo Zhou,W4411729871,Donghua University,https://openalex.org/A5018349566
Jingjing Jiang,W4411729871,Donghua University,https://openalex.org/A5101768844
Zhijun Fang,W4411729871,Donghua University,https://openalex.org/A5065923793
Xiaoming Ding,W4411729871,Tianjin Normal University,https://openalex.org/A5091308268
Rong Huang,W4411729871,Donghua University,https://openalex.org/A5047505143
Xueqin Jiang,W4411729871,Donghua University,https://openalex.org/A5061105504
Heng Fan,W3120622355,Stony Brook University,https://openalex.org/A5047220188
Longyin Wen,W3120622355,,https://openalex.org/A5018942445
Dawei Du,W3120622355,Kitware (United States),https://openalex.org/A5027501592
Pengfei Zhu,W3120622355,Tianjin University,https://openalex.org/A5006952581
Qinghua Hu,W3120622355,Tianjin University,https://openalex.org/A5056686459
Haibin Ling,W3120622355,Stony Brook University,https://openalex.org/A5061469520
Mubarak Shah,W3120622355,University of Central Florida,https://openalex.org/A5080823547
Biao Wang,W3120622355,,https://openalex.org/A5100439506
Bin Dong,W3120622355,Deepblue Technology (China),https://openalex.org/A5035683291
Di Yuan,W3120622355,Harbin Institute of Technology,https://openalex.org/A5019455734
Dong Wang,W3120622355,Dalian University of Technology,https://openalex.org/A5100391493
Dongjie Zhou,W3120622355,State Key Laboratory of Remote Sensing Science,https://openalex.org/A5080716698
Haoyang Sun,W3120622355,Northwestern Polytechnical University,https://openalex.org/A5077406637
Hossein Ghanei-Yakhdan,W3120622355,Yazd University,https://openalex.org/A5037137158
Huchuan Lu,W3120622355,Dalian University of Technology,https://openalex.org/A5006986293
Javad Khaghani,W3120622355,University of Alberta,https://openalex.org/A5038288003
Jinghao Zhou,W3120622355,Northwestern Polytechnical University,https://openalex.org/A5026395073
Keyang Wang,W3120622355,Chongqing University,https://openalex.org/A5038919816
Lei Pang,W3120622355,Chinese Academy of Sciences,https://openalex.org/A5101503112
Lei Zhang,W3120622355,Chongqing University,https://openalex.org/A5100433899
Li Cheng,W3120622355,University of Alberta,https://openalex.org/A5100753413
Liting Lin,W3120622355,South China University of Technology,https://openalex.org/A5047201250
Lu Ding,W3120622355,Shanghai Jiao Tong University,https://openalex.org/A5073528771
Nana Fan,W3120622355,Harbin Institute of Technology,https://openalex.org/A5039269078
Peng Wang,W3120622355,Northwestern Polytechnical University,https://openalex.org/A5100396097
Penghao Zhang,W3120622355,Deepblue Technology (China),https://openalex.org/A5101980711
Ruiyan Ma,W3120622355,Xidian University,https://openalex.org/A5101100436
Seyed Mojtaba Marvasti-Zadeh,W3120622355,University of Alberta,https://openalex.org/A5067781490
Shohreh Kasaei,W3120622355,Sharif University of Technology,https://openalex.org/A5012933659
Shuhao Chen,W3120622355,Dalian University of Technology,https://openalex.org/A5080787743
Simiao Lai,W3120622355,Dalian University of Technology,https://openalex.org/A5058423267
Tianyang Xu,W3120622355,University of Surrey,https://openalex.org/A5049469328
Wentao He,W3120622355,State Key Laboratory of Remote Sensing Science,https://openalex.org/A5100351681
Xiao‐Jun Wu,W3120622355,Jiangnan University,https://openalex.org/A5087450445
Xin Hou,W3120622355,,https://openalex.org/A5087178827
Xuefeng Zhu,W3120622355,Jiangnan University,https://openalex.org/A5013792562
Yanjie Gao,W3120622355,Xidian University,https://openalex.org/A5031774552
Yanyun Zhao,W3120622355,Beijing University of Posts and Telecommunications,https://openalex.org/A5101099912
Yong Wang,W3120622355,Sun Yat-sen University,https://openalex.org/A5100424354
Yong Xu,W3120622355,South China University of Technology,https://openalex.org/A5010277066
Yubo Sun,W3120622355,Deepblue Technology (China),https://openalex.org/A5071676880
Yuting Yang,W3120622355,Xidian University,https://openalex.org/A5101847696
Yuxuan Li,W3120622355,Xidian University,https://openalex.org/A5100330839
Ze‐Zhou Wang,W3120622355,Dalian University of Technology,https://openalex.org/A5078965986
Zhenwei He,W3120622355,Chongqing University,https://openalex.org/A5059055595
Zhenyu He,W3120622355,Chongqing University,https://openalex.org/A5100740564
Zhipeng Luo,W3120622355,Deepblue Technology (China),https://openalex.org/A5031606307
Zhongjian Huang,W3120622355,Xidian University,https://openalex.org/A5076739504
Zhongzhou Zhang,W3120622355,Chongqing University,https://openalex.org/A5071106922
Zikai Zhang,W3120622355,Chongqing University,https://openalex.org/A5043955882
Zitong Yi,W3120622355,Beijing University of Posts and Telecommunications,https://openalex.org/A5051887486
Mehwish Iqbal,W3012179339,National University of Sciences and Technology,https://openalex.org/A5039848389
Syed Sohaib Ali,W3012179339,COMSATS University Islamabad,https://openalex.org/A5026435383
Muhammad Mohsin Riaz,W3012179339,COMSATS University Islamabad,https://openalex.org/A5101696900
Abdul Ghafoor,W3012179339,National University of Sciences and Technology,https://openalex.org/A5064268028
Attiq Ahmad,W3012179339,National University of Sciences and Technology,https://openalex.org/A5108733954
Lei Wang,W2968847413,Beijing University of Posts and Telecommunications,https://openalex.org/A5100435771
Guangtao Fu,W2968847413,Academy of Broadcasting Science,https://openalex.org/A5101588482
Zhuqing Jiang,W2968847413,Beijing University of Posts and Telecommunications,https://openalex.org/A5002774811
Guodong Ju,W2968847413;W3194552207,,https://openalex.org/A5030255458
Aidong Men,W2968847413;W3194552207,Beijing University of Posts and Telecommunications,https://openalex.org/A5072795322
Yicheng Li,W2997694100;W3023129636,Beihang University,https://openalex.org/A5100657987
Yangming Shi,W4226445806,University of Science and Technology of China,https://openalex.org/A5042913271
Binquan Wang,W4226445806,University of Science and Technology of China,https://openalex.org/A5019677126
Xiaopo Wu,W4226445806,University of Science and Technology of China,https://openalex.org/A5054459587
Ming Zhu,W4226445806,University of Science and Technology of China,https://openalex.org/A5101584127
Shihao Shen,W4320917161,Carnegie Mellon University,https://openalex.org/A5053962492
Louis Kerofsky,W4320917161,Qualcomm (United Kingdom),https://openalex.org/A5086912013
Senthil Yogamani,W4320917161,,https://openalex.org/A5014764449
Praveen Ravirathinam,W3132274000,"Birla Institute of Technology and Science, Pilani",https://openalex.org/A5022214002
Divyam Goel,W3132274000,"Birla Institute of Technology and Science, Pilani",https://openalex.org/A5070219008
J. Jennifer Ranjani,W3132274000,"Birla Institute of Technology and Science, Pilani",https://openalex.org/A5020963939
Miao Li,W3196373523,Yunnan University,https://openalex.org/A5100339707
Li Zhao,W3196373523,University of Sheffield,https://openalex.org/A5012891207
Rencan Nie,W3196373523;W3136908137,Yunnan University,https://openalex.org/A5080341760
Yanyu Liu,W3196373523;W3136908137,,https://openalex.org/A5108058572
Yixue Wei,W3196373523,Yunnan University,https://openalex.org/A5075969306
Jinhui Xiong,W3175067501,Kootenay Association for Science & Technology,https://openalex.org/A5074593436
Jian Wang,W3175067501,Snap (United States),https://openalex.org/A5100741847
Wolfgang Heidrich,W3175067501,Kootenay Association for Science & Technology,https://openalex.org/A5073712698
Shree K. Nayar,W3175067501,Snap (United States),https://openalex.org/A5051975921
Guoyu Zhang,W4392912311,Beijing Forestry University,https://openalex.org/A5085203634
Ye Tian,W4392912311,Beijing Forestry University,https://openalex.org/A5106406774
Wenhan Yin,W4392912311,North China University of Technology,https://openalex.org/A5113145445
Change Zheng,W4392912311,Beijing Forestry University,https://openalex.org/A5106406198
Chenggang Dai,W3190533434,Shandong University,https://openalex.org/A5101625105
Zhiguang Guan,W3190533434,Shandong Jiaotong University,https://openalex.org/A5073234805
Mingxing Lin,W3190533434,Shandong University,https://openalex.org/A5101933330
Yiting Wang,W4391770563,University of Warwick,
Haonan Zhao,W4391770563,University of Warwick,https://openalex.org/A5015454654
Kurt Debattista,W4391770563,University of Warwick,https://openalex.org/A5087052285
Valentina Donzella,W4391770563,University of Warwick,https://openalex.org/A5032382943
Peibei Cao,W3176266841,City University of Hong Kong,https://openalex.org/A5102424607
Kede Ma,W3176266841;W3174382703,City University of Hong Kong,https://openalex.org/A5020029652
Aaryan Agrawal,W4283762409,,https://openalex.org/A5040548973
Namrata Jadhav,W4283762409,,https://openalex.org/A5037272910
Ayush Gaur,W4283762409,,https://openalex.org/A5018961597
Shiwani Jeswani,W4283762409,,https://openalex.org/A5068579088
Abhay Kshirsagar,W4283762409,,https://openalex.org/A5022357296
Weiwen Mu,W4294152283,Beijing Information Science & Technology University,https://openalex.org/A5077212966
Huixiang Liu,W4294152283,Beijing Information Science & Technology University,https://openalex.org/A5020413501
Yiqun Wang,W4294152283,Beijing Information Science & Technology University,https://openalex.org/A5100355047
Xuan Liu,W4312647747,Changchun University of Science and Technology,https://openalex.org/A5100362366
Chenfeng Zhang,W4312647747,Changchun University of Science and Technology,https://openalex.org/A5102870001
Yingzhi Wang,W4312647747,Changchun University of Science and Technology,https://openalex.org/A5015848013
Kai Ding,W4312647747,Changchun University of Science and Technology,https://openalex.org/A5049163209
Tailin Han,W4312647747,Changchun University of Science and Technology,https://openalex.org/A5020900900
Hong Liu,W4312647747,Changchun University of Science and Technology,https://openalex.org/A5100410359
Yu Tian,W4312647747,Changchun University of Science and Technology,https://openalex.org/A5101636319
Bo Xu,W4312647747,Changchun University of Science and Technology,https://openalex.org/A5025214036
Mingchi Ju,W4312647747,Changchun University of Science and Technology,https://openalex.org/A5022013817
Te Li,W4379780982,Dalian University of Technology,https://openalex.org/A5100679282
Zelin Pei,W4379780982,Dalian University of Technology,https://openalex.org/A5039069146
Xingjian Liu,W4379780982,Dalian University of Technology,https://openalex.org/A5101842279
Ruihan Nie,W4379780982,Dalian University of Technology,https://openalex.org/A5051070236
Xu Li,W4379780982,Dalian University of Technology,https://openalex.org/A5100342404
Yongqing Wang,W4379780982,Dalian University of Technology,https://openalex.org/A5107143533
Yanming Hui,W4385296411;W4283322011,Dalian Polytechnic University,https://openalex.org/A5066925216
Jue Wang,W4385296411;W4397022154,Dalian Polytechnic University,https://openalex.org/A5052271506
Bo Li,W4385296411;W4283322011,Dalian Polytechnic University,https://openalex.org/A5100374427
Ying Shi,W4385296411;W4283322011,Dalian Polytechnic University,https://openalex.org/A5035810530
Xinxu Wei,W4205230755;W3202064614;W3202537560;W3174943803,University of Electronic Science and Technology of China,https://openalex.org/A5070747931
Xian-Shi Zhang,W4205230755;W3202064614;W3202537560;W3174943803,University of Electronic Science and Technology of China,https://openalex.org/A5076992863
Yongjie Li,W4205230755;W3202064614;W3202537560;W3174943803,University of Electronic Science and Technology of China,https://openalex.org/A5100668795
Zilong Chen,W4312803345,Guangzhou Academy of Special Equipment Inspection and Testing,https://openalex.org/A5101757449
Yaling Liang,W4312803345,Guangzhou Academy of Special Equipment Inspection and Testing,https://openalex.org/A5102448003
Minghui Du,W4312803345,Guangzhou Academy of Special Equipment Inspection and Testing,https://openalex.org/A5100694105
Dirui Xie,W4406833100,Southwest University,https://openalex.org/A5054639294
Xiaofang Hu,W4406833100,Southwest University,https://openalex.org/A5087454088
Xiao He,W4406833100,Southwest University,https://openalex.org/A5102282193
Yue Zhou,W4406833100,Southwest University,https://openalex.org/A5101804736
Shukai Duan,W4406833100,Southwest University,https://openalex.org/A5035048973
Haoran Wang,W4388452590,Taiyuan University of Technology,https://openalex.org/A5100324816
Haoran Wang,W4388452590,Taiyuan University of Technology,
Zhenglong Li,W4388452590,Taiyuan University of Technology,https://openalex.org/A5030336185
Hongwei Wang,W4388452590,Taiyuan University of Technology,https://openalex.org/A5100615324
Wenyan Cao,W4388452590,Taiyuan University of Technology,https://openalex.org/A5086119386
Fujing Zhang,W4388452590,Taiyuan University of Technology,https://openalex.org/A5114068672
Yuheng Wang,W4388452590,Taiyuan University of Technology,https://openalex.org/A5100692596
Yongsheng Qiu,W4388563176,North China University of Technology,https://openalex.org/A5014866622
Yuanyao Lu,W4388563176,North China University of Technology,https://openalex.org/A5011780522
Yuantao Wang,W4388563176,North China University of Technology,https://openalex.org/A5101808556
Bharat Bhushan Upadhyay,W4391382349,Indian Institute of Technology BHU,https://openalex.org/A5060362160
Kishor Sarawadekar,W4391382349,Indian Institute of Technology BHU,https://openalex.org/A5054081739
刘伟强 Liu Weiqiang,W4386233446,,https://openalex.org/A5044325956
赵鹏 Zhao Peng,W4386233446,,https://openalex.org/A5037536460
宋向迎 Song Xiangying,W4386233446,,https://openalex.org/A5092812617
Jiaxuan Wang,W4403780855,Beijing University of Posts and Telecommunications,
Heng Zhang,W4403780855,,https://openalex.org/A5113248416
Yimeng Xia,W4409267800,Yangtze University,
Yuanmei Wang,W4409267800,Yangtze University,https://openalex.org/A5008811987
Hao Luo,W4409267800,Yangtze University,https://openalex.org/A5034484761
Shengzhe Liu,W4409267800,Yangtze University,https://openalex.org/A5029562842
Tao Li,W4409267800,Hubei Normal University,https://openalex.org/A5059125522
Wenchao Li,W4410742329,Beihang University,https://openalex.org/A5100381742
Shuyuan Wen,W4410742329,Beihang University,https://openalex.org/A5109762295
Jinhao Zhu,W4410742329,Beihang University,https://openalex.org/A5052474486
Qiaofeng Ou,W4410742329,Nanchang Hangkong University,https://openalex.org/A5050358910
Yanchun Guo,W4410742329,Nanchang Hangkong University,https://openalex.org/A5113717827
Jiabao Chen,W4410742329,Beijing University of Technology,https://openalex.org/A5025579718
Bangshu Xiong,W4410742329,Beihang University,https://openalex.org/A5018178973
Bin Wang,W4410790760,Central South University,https://openalex.org/A5100602173
Bini Zhang,W4410790760,Central South University,https://openalex.org/A5113190232
Jinfang Sheng,W4410790760,Central South University,https://openalex.org/A5043265354
Naveen Kumar Ashok,W4388937231,Amrita Vishwa Vidyapeetham,https://openalex.org/A5113052774
T. Swapna,W4388937231,Amrita Vishwa Vidyapeetham,https://openalex.org/A5021930904
郭泓达 Guo Hongda,W4397025819,,https://openalex.org/A5098683305
董秀成 Dong Xiucheng,W4397025819,,https://openalex.org/A5098683306
郑永康 Zheng Yongkang,W4397025819,,https://openalex.org/A5098683307
雎雅玲 Ju Yaling,W4397025819,,https://openalex.org/A5098683308
张党成 Zhang Dangcheng,W4397025819,,https://openalex.org/A5098683309
Zhu Jun,W4401210556,,https://openalex.org/A5100930346
F Liu,W4401210556,,https://openalex.org/A5024378917
Zhihang Xue,W4401210556,,https://openalex.org/A5111276857
Wenwei Luo,W4401210556,University of Electronic Science and Technology of China,https://openalex.org/A5101246138
Haoran Peng,W4401210556,University of Electronic Science and Technology of China,https://openalex.org/A5017019674
Jun He,W4401210556,,https://openalex.org/A5084113038
Zhengzheng Fu,W4401210556,,https://openalex.org/A5111276858
Donghui Luo,W4401210556,,https://openalex.org/A5112116541
Yunfei Bai,W4404553219,Shanghai University,https://openalex.org/A5021500337
Chang Liu,W4404553219,Shanghai University,https://openalex.org/A5078473058
Rui Yang,W4404553219,Shanghai University of Engineering Science,https://openalex.org/A5106015425
Xiaomao Li,W4404553219,Shanghai University,https://openalex.org/A5014108121
Christos Sakaridis,W2966493829,ETH Zurich,https://openalex.org/A5058481699
Dengxin Dai,W2966493829,ETH Zurich,https://openalex.org/A5078838951
Luc Van Gool,W2966493829,ETH Zurich,https://openalex.org/A5001254143
Yixi Xiang,W2983177375,Beijing Institute of Technology,https://openalex.org/A5068777223
Ying Fu,W2983177375;W3208307986,Beijing Institute of Technology,https://openalex.org/A5100738025
Lei Zhang,W2983177375,Beijing Institute of Technology,https://openalex.org/A5076127071
Hua Huang,W2983177375,Beijing Institute of Technology,https://openalex.org/A5022334521
Minglu Zhang,W3119838443,Hebei University of Technology,https://openalex.org/A5076765834
Yan Zhang,W3119838443,Hebei University of Technology,https://openalex.org/A5100720920
Zhihong Jiang,W3119838443,Beijing Institute of Technology,https://openalex.org/A5102897874
Xiaoling Lv,W3119838443,Hebei University of Technology,https://openalex.org/A5015477161
Ce Guo,W3119838443,Hebei University of Technology,https://openalex.org/A5083303676
Miao Li,W3136908137,Yunnan University,https://openalex.org/A5100677700
Shidong Xie,W3136908137,Yunnan University,https://openalex.org/A5104223057
Sameer Malik,W3198017852;W4383113614,Indian Institute of Science Bangalore,https://openalex.org/A5034822893
Rajiv Soundararajan,W3198017852;W4383113614,Indian Institute of Science Bangalore,https://openalex.org/A5079266976
Lei Liu,W4312650593,Shanghai Jiao Tong University,https://openalex.org/A5100349609
Yuze Chen,W4312650593,Shanghai Jiao Tong University,https://openalex.org/A5071034193
Junchi Yan,W4312650593,Shanghai Jiao Tong University,https://openalex.org/A5087158377
Xiaochen Wang,W4292084930,Wuhan University,https://openalex.org/A5100401916
Ruimin Hu,W4292084930,Wuhan University,https://openalex.org/A5058614935
Xin Xu,W4292084930,Wuhan University of Science and Technology,https://openalex.org/A5100696102
Shijie Hao,W3087276618,Hefei University of Technology,https://openalex.org/A5082236264
Xu Han,W3087276618,Hefei University of Technology,https://openalex.org/A5077944631
Youming Zhang,W3087276618,Northeastern University,https://openalex.org/A5058839502
Lei Xu,W3087276618,Shanghai Polytechnic University,https://openalex.org/A5101433394
Guijing Zhu,W3167984157;W3204887334,Dalian University of Technology,https://openalex.org/A5015994736
Zhongxuan Luo,W3167984157,Dalian University of Technology,https://openalex.org/A5045140275
Luming Liang,W3174533153,Microsoft (United States),https://openalex.org/A5103030325
Ilya Zharkov,W3174533153,Microsoft (United States),https://openalex.org/A5019363790
Faezeh Amjadi,W3174533153,Microsoft (United States),https://openalex.org/A5005687153
Hamid Reza Vaezi Joze,W3174533153,Microsoft (United States),https://openalex.org/A5022551740
Vivek Pradeep,W3174533153,Microsoft (United States),https://openalex.org/A5110691595
Yourui Huang,W4311102315,Anhui University of Science and Technology,https://openalex.org/A5031647208
Yuwen Liu,W4311102315,Anhui University of Science and Technology,https://openalex.org/A5045110474
Tao Han,W4311102315,Anhui University of Science and Technology,https://openalex.org/A5030290914
Shanyong Xu,W4311102315,Anhui University of Science and Technology,https://openalex.org/A5037743674
Jiahao Fu,W4311102315,Anhui University of Science and Technology,https://openalex.org/A5029173197
Shuli Guo,W4390733338,Beijing Institute of Technology,https://openalex.org/A5100547771
Hui Wang,W4390733338,Beijing Institute of Technology,https://openalex.org/A5101427481
Sos С. Agaian,W4390733338,College of Staten Island,https://openalex.org/A5048285657
Lina Han,W4390733338,National Clinical Research,https://openalex.org/A5112227813
Xiaowei Song,W4390733338,Beijing Institute of Technology,https://openalex.org/A5103141612
Jizhao Liu,W3216908128,Lanzhou University,https://openalex.org/A5023370349
Zhen Yang,W3216908128,Lanzhou University,https://openalex.org/A5101700586
Huaikun Zhang,W3216908128,Lanzhou Jiaotong University,https://openalex.org/A5028777498
Mingxuan Zhang,W3216908128,Hangzhou Dianzi University,https://openalex.org/A5101913592
Qian Gao,W3118505495,Beijing University of Technology,https://openalex.org/A5080276933
Pengyu Liu,W3118505495,Beijing University of Technology,https://openalex.org/A5100660888
Shanji Chen,W3118505495,Qinghai University for Nationalities,https://openalex.org/A5054363909
Kebin Jia,W3118505495,Beijing University of Technology,https://openalex.org/A5008153237
Deepanshu Rana,W3169255454;W3136087866,Delhi Technological University,https://openalex.org/A5069251512
Kanishk Jayant Lal,W3169255454;W3136087866,Delhi Technological University,https://openalex.org/A5087384012
Anil Singh Parihar,W3169255454;W3136087866;W3174189528,Delhi Technological University,https://openalex.org/A5085070970
Ruini Zhao,W4292467031,Chang'an University,https://openalex.org/A5065017059
Yi Han,W4292467031,Chang'an University,https://openalex.org/A5086735553
Zhao Jian,W4292467031,University of Electronic Science and Technology of China,https://openalex.org/A5053248679
Baoyue Kuang,W4295817049,Kunming University of Science and Technology,https://openalex.org/A5010903774
Zhibin Zhang,W4295817049,Kunming University of Science and Technology,https://openalex.org/A5100370015
Weiqiang Liu,W4301373748,PLA Rocket Force University of Engineering,https://openalex.org/A5100656731
Peng Zhao,W4301373748,PLA Rocket Force University of Engineering,https://openalex.org/A5043003457
Xuan Wei,W4301373748,PLA Rocket Force University of Engineering,https://openalex.org/A5025706391
Bo Zhang,W4301373748,PLA Rocket Force University of Engineering,https://openalex.org/A5024008212
R Balakrishnan,W4393079052,,
Ruchira Rawat,W4393079052,Graphic Era University,https://openalex.org/A5060303723
Sathish Kannan,W4393079052,Saveetha University,https://openalex.org/A5087248805
Warish Pate,W4393079052,Parul University,https://openalex.org/A5104262928
Harshal Pati,W4393079052,Symbiosis International University,https://openalex.org/A5094220603
S. Rajkumar,W4393079052,Hawassa University,https://openalex.org/A5076638955
Yijie Cai,W4399533602,Wuhan Science and Technology Bureau,https://openalex.org/A5101803883
Xuehai Liu,W4399533602,,https://openalex.org/A5061966181
Huoxing Li,W4399533602,Hubei University of Technology,https://openalex.org/A5085120650
Fei Lu,W4399533602,,https://openalex.org/A5087766294
Xinghua Gu,W4399533602,,https://openalex.org/A5101673840
Qin Kang,W4399533602,,https://openalex.org/A5002645765
Liwen Wang,W3163792967,Hong Kong Polytechnic University,https://openalex.org/A5100374033
Chu-Tak Li,W3163792967,Hong Kong Polytechnic University,https://openalex.org/A5057876902
Bibo Lu,W4205398268,Henan Polytechnic University,https://openalex.org/A5101893406
Zebang Pang,W4205398268,Henan Polytechnic University,https://openalex.org/A5053836752
Yanan Gu,W4205398268,Henan Polytechnic University,https://openalex.org/A5102879581
Yanmei Zheng,W4205398268,Henan Polytechnic University,https://openalex.org/A5070343007
Divya Vadlamudi,W4299494038,Guntur Medical College,https://openalex.org/A5033465033
Rayavarapu Jayanth Kumar,W4299494038,Guntur Medical College,https://openalex.org/A5081976321
Cherukumalli Nikhil Sai,W4299494038,Guntur Medical College,https://openalex.org/A5021196332
Vignesh Kannan,W4383113614,Indian Institute of Science Bangalore,https://openalex.org/A5102016099
Nithin C Babu,W4383113614,Indian Institute of Science Bangalore,https://openalex.org/A5004108013
Li Li Li,W4407153138,Liaoning Technical University,https://openalex.org/A5100954303
Jishen Peng,W4407153138,Liaoning Technical University,https://openalex.org/A5041244560
Yingcai Wan,W4407153138,Shanghai Jiao Tong University,https://openalex.org/A5085666381
Suresh Tommandru,W4386863631;W4296004670,National Institute of Technology Tiruchirappalli,https://openalex.org/A5059226575
S. Domnic,W4386863631;W4296004670,National Institute of Technology Tiruchirappalli,https://openalex.org/A5089504882
Qikang Deng,W4396745527,Pusan National University,https://openalex.org/A5000391744
Dongwon Choo,W4396745527,,https://openalex.org/A5113201733
Hyochul Ji,W4396745527,,https://openalex.org/A5111191554
Dohoon Lee,W4396745527,Pusan National University,https://openalex.org/A5118899054
Yinghao Song,W4411631956,Jilin University,
Hao Ma,W4411631956,Jilin University,
Bo Yang,W4411631956,Jilin University,https://openalex.org/A5101412307
Yanchun Liang,W4411631956,Zhuhai Institute of Advanced Technology,https://openalex.org/A5076665413
Hongwei Ge,W4411631956,Dalian University of Technology,https://openalex.org/A5091010251
Heow Pueh Lee,W4411631956,National University of Singapore,https://openalex.org/A5052879644
Chunguo Wu,W4411631956,Jilin University,https://openalex.org/A5007397249
Han Wang,W4411662327,Shandong Institute of Business and Technology,https://openalex.org/A5102207160
Yuan Gao,W4289533057,Wuhan University of Technology,https://openalex.org/A5101726787
Yijie Zheng,W4289533057,Wuhan University of Technology,https://openalex.org/A5088267856
Jianlong Su,W4289533057,Wuhan University of Technology,https://openalex.org/A5085078715
Mengwei Bao,W4289533057,Wuhan University of Technology,https://openalex.org/A5009445534
Xian Zhang,W4389790326,Changchun University of Science and Technology,
Yanfeng Li,W4389790326,Changchun University of Science and Technology,https://openalex.org/A5100653132
Hanyue Zhang,W4389790326,Changchun University of Science and Technology,https://openalex.org/A5101999041
Hao Wu,W4400079088,Yibin University,https://openalex.org/A5054372750
Yanxi Liu,W4400079088,Yibin University,https://openalex.org/A5105652791
Zhongyang Jin,W4400079088,Yibin University,https://openalex.org/A5025340016
Yuan Zhou,W4400079088,Yibin University,https://openalex.org/A5100630890
Bo Jiang,W4410398047,Nanjing University of Posts and Telecommunications,https://openalex.org/A5100669528
Xuefei Wang,W4410398047,Nanjing University of Posts and Telecommunications,https://openalex.org/A5100696135
Naidi Yang,W4410398047,Nanjing Tech University,
Yuhan Liu,W4410398047,Nanjing University of Posts and Telecommunications,https://openalex.org/A5100350529
Xi Chen,W4410398047,Nanjing University of Posts and Telecommunications,https://openalex.org/A5100669154
Qiwen Wu,W4410398047,Nanjing University of Posts and Telecommunications,https://openalex.org/A5043223211
Chenbo Shi,W4413402292,Shandong University of Science and Technology,https://openalex.org/A5011045980
Xiangyu Zhang,W4413402292,Shandong University of Science and Technology,https://openalex.org/A5100362474
Delin Wang,W4413402292,Shandong University of Science and Technology,https://openalex.org/A5102002752
Changsheng Zhu,W4413402292,Shandong University of Science and Technology,https://openalex.org/A5008984115
Aiping Liu,W4413402292,,https://openalex.org/A5100756739
C. Zhang,W4413402292,Shandong University of Science and Technology,https://openalex.org/A5014997289
Xiaobing Feng,W4413402292,,https://openalex.org/A5000400540
Yangyang Qu,W3207725967;W3117143461;W3116213872,Shenzhen Institutes of Advanced Technology,https://openalex.org/A5109510294
Kai Chen,W3207725967;W3116213872,Shenzhen Institutes of Advanced Technology,https://openalex.org/A5100438011
Chao Liu,W3207725967;W3117143461;W3116213872,Shenzhen Institutes of Advanced Technology,https://openalex.org/A5100447881
Yongsheng Ou,W3207725967;W3117143461;W3116213872,Shenzhen Institutes of Advanced Technology,https://openalex.org/A5066181483
Xin Ding,W3035468294,Wuhan University,https://openalex.org/A5084601239
Ruimin Hu,W3035468294,Wuhan University,https://openalex.org/A5087726516
Qingyang Tao,W3092074815,Beijing University of Technology,https://openalex.org/A5030726944
Kun Ren,W3092074815,Beijing University of Technology,https://openalex.org/A5082133990
Bo Feng,W3092074815,Beijing University of Technology,https://openalex.org/A5100778556
Xuejin Gao,W3092074815,Beijing University of Technology,https://openalex.org/A5013498703
Pranjay Shyam,W3106568383;W3082415029,Korea Advanced Institute of Science and Technology,https://openalex.org/A5028140589
Antyanta Bangunharcana,W3106568383;W3082415029,Korea Advanced Institute of Science and Technology,https://openalex.org/A5089706746
Kyung-Soo Kim,W3106568383;W3082415029,Korea Advanced Institute of Science and Technology,https://openalex.org/A5100719031
Marwan Ali Albahar,W3197485209,Umm al-Qura University,https://openalex.org/A5039377037
Yuhang Zeng,W3208307986,Beijing Institute of Technology,https://openalex.org/A5016114888
Yunhao Zou,W3208307986,Beijing Institute of Technology,https://openalex.org/A5031428683
Pratik Anand,W3174189528,Delhi Technological University,https://openalex.org/A5031802682
Aditya Sharma,W3174189528,Delhi Technological University,https://openalex.org/A5100665826
Amol Grover,W3174189528,Delhi Technological University,https://openalex.org/A5010556676
RuoWang Chang,W3200729904,Huazhong University of Science and Technology,https://openalex.org/A5073933231
Qiong Song,W3200729904,Northeast Electric Power University,https://openalex.org/A5022200431
Yuehuan Wang,W3200729904,,https://openalex.org/A5030517812
Fenghua Zhu,W3208240847;W4308079962,Chinese Academy of Sciences,https://openalex.org/A5042359485
Xuhui Zhao,W4317382672,Wuhan University,https://openalex.org/A5032733287
Zhaohong Liao,W4317382672,Wuhan University,https://openalex.org/A5013205871
Xin Wu,W4317382672,Megvii (China),https://openalex.org/A5100761149
Chenyang Li,W4317382672,Wuhan University,https://openalex.org/A5100436394
Jingwei Chen,W4317382672,Wuhan University,https://openalex.org/A5100614656
Zhi Gao,W4317382672,Wuhan University,https://openalex.org/A5084683976
Danai Triantafyllidou,W3042262643,Huawei Technologies (United Kingdom),https://openalex.org/A5019789746
Seán Moran,W3042262643,Huawei Technologies (United Kingdom),https://openalex.org/A5035887312
Steven McDonagh,W3042262643,Huawei Technologies (United Kingdom),https://openalex.org/A5052824649
Sarah Parisot,W3042262643,Huawei Technologies (United Kingdom),https://openalex.org/A5020523405
Greg Slabaugh,W3042262643,Huawei Technologies (United Kingdom),https://openalex.org/A5037886447
Nelson Chong Ngee Bow,W3116742494,Multimedia University,https://openalex.org/A5072486691
Vu-Hoang Tran,W3116742494,Ho Chi Minh City University of Technology and Engineering,https://openalex.org/A5112452141
Punchok Kerdsiri,W3116742494,PTT Public Company Limited (Thailand),https://openalex.org/A5029677258
Yuen Peng Loh,W3116742494,Multimedia University,https://openalex.org/A5006306933
Ching-Chun Huang,W3116742494,National Yang Ming Chiao Tung University,https://openalex.org/A5074744839
Jiao Yin,W3147407811,Chinese Academy of Sciences,https://openalex.org/A5080300563
Xiangtao Zheng,W3147407811,Chinese Academy of Sciences,https://openalex.org/A5007883693
Xiaoqiang Lu,W3147407811,Chinese Academy of Sciences,https://openalex.org/A5018824735
Hui Fan,W3188967283,Shandong Institute of Business and Technology,https://openalex.org/A5040766261
Pengliang Tang,W3194552207,Beijing University of Posts and Telecommunications,https://openalex.org/A5032405576
Xiaoqiang Guo,W3194552207,Academy of Broadcasting Science,https://openalex.org/A5102864522
Liangheng Shen,W3194552207,,https://openalex.org/A5014617765
C. Anitha,W3197408177,,https://openalex.org/A5102808250
R. Mathusoothana S. Kumar,W3197408177,ITPEnergised Group (India),https://openalex.org/A5100357356
Shuo Zheng,W3210051596,Shanghai Tunnel Engineering Rail Transit Design & Research Institute,https://openalex.org/A5059107623
Shenghua Dai,W3210051596,Shanghai Tunnel Engineering Rail Transit Design & Research Institute,https://openalex.org/A5028453788
Xintao Xu,W4283528430,Shandong Institute of Business and Technology,https://openalex.org/A5017658514
Arshiana Shamir,W4386434919,Chosun University,https://openalex.org/A5072775898
Nokap Park,W4386434919,SK Group (South Korea),https://openalex.org/A5026245163
Bumshik Lee,W4386434919,Chosun University,https://openalex.org/A5051083488
Xinghao Wang,W4392467081,Air Force Engineering University,https://openalex.org/A5100737673
Qiang Wang,W4392467081,Air Force Engineering University,https://openalex.org/A5100366955
Lei Zhang,W4392467081,Fudan University,https://openalex.org/A5101484030
Yi Qu,W4392467081,Fudan University,https://openalex.org/A5089527913
Fan Yi,W4392467081,Fudan University,https://openalex.org/A5013676597
Jiayang Yu,W4392467081,Fudan University,https://openalex.org/A5102318077
Qiuhan Liu,W4392467081,Fudan University,https://openalex.org/A5070435374
Ruicong Xia,W4392467081,Fudan University,https://openalex.org/A5011531962
Ziling Xu,W4392467081,Fudan University,https://openalex.org/A5101273445
Sirong Tong,W4392467081,Fudan University,https://openalex.org/A5029750424
Hang Zhang,W4394797278;W4289733575,Wuhan University,https://openalex.org/A5100438447
Jia Yan,W4394797278;W4289733575,Wuhan University,https://openalex.org/A5103123039
Cong Zhang,W4402353086,University of Electronic Science and Technology of China,https://openalex.org/A5060029428
Jie Shen,W4402353086,University of Electronic Science and Technology of China,https://openalex.org/A5101405146
Sheng Zhang,W3175895326,Wuhan University of Technology,https://openalex.org/A5100600231
Tianxiao Cai,W3175895326,Wuhan University of Technology,https://openalex.org/A5046584583
Yihang Chen,W3175895326,Wuhan University of Technology,https://openalex.org/A5101746971
Weihua Liu,W4296440185,,https://openalex.org/A5100627443
Yansong Xue,W4296440185,,https://openalex.org/A5101020476
Yao Tang,W4296440185,Xi’an University of Posts and Telecommunications,https://openalex.org/A5100542679
Aijing Sun,W4296440185,,https://openalex.org/A5101662219
Wenfeng Huang,W4385484570,University of Technology Sydney,https://openalex.org/A5101643647
Xiangyun Liao,W4385484570,Chinese Academy of Sciences,https://openalex.org/A5017155873
Yinling Qian,W4385484570,Chinese Academy of Sciences,https://openalex.org/A5026954664
Wenjing Jia,W4385484570,University of Technology Sydney,https://openalex.org/A5100395314
Yan Liu,W3167384745,Zhengzhou University of Light Industry,https://openalex.org/A5100351175
Bingxue Lv,W3167384745,Zhengzhou University of Light Industry,https://openalex.org/A5046557983
Wei Huang,W3167384745,Zhengzhou University of Light Industry,https://openalex.org/A5006226649
Tiantian Qiu,W3167384745,Zhengzhou University of Light Industry,https://openalex.org/A5043335691
Yunzhong Chen,W3167384745,Shanghai Jiao Tong University,https://openalex.org/A5069438332
Jing Zhang,W4318689839,Xi'an University of Science and Technology,https://openalex.org/A5101994917
Dan Li,W4318689839,Xi'an University of Science and Technology,https://openalex.org/A5012223229
Hong-an LI,W4318689839,Xi'an University of Science and Technology,https://openalex.org/A5038645516
Xuewen Li,W4318689839,Xi'an University of Science and Technology,https://openalex.org/A5100441260
Lizhi ZHANG,W4318689839,Xi'an University of Science and Technology,https://openalex.org/A5033627182
Yong Chen,W4323316844,Chongqing University of Posts and Telecommunications,https://openalex.org/A5018535551
Meiyong Huang,W4323316844,Chongqing University of Posts and Telecommunications,https://openalex.org/A5079582922
Huanlin Liu,W4323316844,Chongqing University of Posts and Telecommunications,https://openalex.org/A5101426321
kaixin shao,W4323316844,Chongqing University of Posts and Telecommunications,https://openalex.org/A5090378930
Jinliang Zhang,W4323316844,Chongqing University of Posts and Telecommunications,https://openalex.org/A5009626163
Pu Zhao,W4366332052,Xinxiang University,https://openalex.org/A5000352901
Xiaoyang Yan,W4388842414,,https://openalex.org/A5102747848
Huake Wang,W4388842414,,https://openalex.org/A5078951121
Xingsong Hou,W4388842414,,https://openalex.org/A5060243128
Yujie Dun,W4388842414,,https://openalex.org/A5010960878
Zhenbing Liu,W4392806911,Guilin University of Electronic Technology,https://openalex.org/A5077799191
Yingxin Huang,W4392806911,Guilin University of Electronic Technology,https://openalex.org/A5026710622
Ruojie Zhang,W4392806911,Guangxi Medical University,https://openalex.org/A5113083922
Haoxiang Lu,W4392806911,Guilin University of Electronic Technology,https://openalex.org/A5024217766
Wenhao Wang,W4392806911,Guilin University of Electronic Technology,https://openalex.org/A5074206728
Zhaoyuan Zhang,W4392806911,Guilin University of Electronic Technology,https://openalex.org/A5102920257
Muhammad Tahir Rasheed,W4396775624;W4386544526,Shenzhen University,https://openalex.org/A5071837455
Daming Shi,W4396775624;W4386544526,Shenzhen University,https://openalex.org/A5087677543
Z. Li,W4313330900,Jinan University,https://openalex.org/A5100634225
Shuyuan Lin,W4313330900,Jinan University,https://openalex.org/A5101273220
Zhongming Liang,W4313330900,Jinan University,https://openalex.org/A5110104129
Yongjia Lei,W4313330900,Jinan University,https://openalex.org/A5102389424
Zefan Wang,W4313330900,Hong Kong Polytechnic University,https://openalex.org/A5006945406
Hao Chen,W4313330900,Jinan University,https://openalex.org/A5100353537
Wei Wang,W4388726514,Wuhan University of Science and Technology,https://openalex.org/A5100391643
Chaobing Zheng,W4388726514,Wuhan University of Science and Technology,https://openalex.org/A5005367753
S. M. Bendre,W4391093632,,https://openalex.org/A5102112112
S. K. Kaul,W4391093632,,https://openalex.org/A5111116050
Shubhodiya Ghosh,W4391093632,,https://openalex.org/A5111116051
Sneha Pujari,W4391093632,,https://openalex.org/A5021585403
Deepa Mahajan,W4391093632,,https://openalex.org/A5111116052
Varsha Bendre,W4391093632,Savitribai Phule Pune University,https://openalex.org/A5043810668
Kun Zhang,W4392941261,Qilu University of Technology,https://openalex.org/A5100342303
Qinghua Li,W4392941261,Qilu University of Technology,https://openalex.org/A5100670298
Kaiyue Liu,W4392941261,Qilu University of Technology,https://openalex.org/A5102922730
Mengyao Zhang,W4392941261,Qilu University of Technology,https://openalex.org/A5070561281
Xuyang Wang,W4392941261,Qilu University of Technology,https://openalex.org/A5100451347
Chao Feng,W4392941261,Qilu University of Technology,https://openalex.org/A5089069072
Yu Zhang,W4396566839,Minzu University of China,https://openalex.org/A5100433714
Shan Jiang,W4396566839,Minzu University of China,https://openalex.org/A5063552482
Xiangyun Tang,W4396566839,Minzu University of China,https://openalex.org/A5070769211
Shiyu Huang,W4397022154,Dalian Polytechnic University,https://openalex.org/A5106404139
Zijun Gao,W4397022154,Dalian Polytechnic University,https://openalex.org/A5044821053
Bo Li,W4397022154,Dalian Polytechnic University,https://openalex.org/A5112770205
Xianjun Han,W4403776877,Anhui University,https://openalex.org/A5024731564
Tao Bao,W4403776877,Anhui University,https://openalex.org/A5047691254
Yang Hongyu,W4403776877,Sichuan University,https://openalex.org/A5100542752
Xiong Liu,W4411283380,Shanghai Electric (China),https://openalex.org/A5100379477
Juan Zhang,W4411283380,Southwest University of Science and Technology,https://openalex.org/A5100390038
Qiushi Cui,W4411283380,Chongqing University,https://openalex.org/A5062263640
Yingyue Zhou,W4411283380,Southwest University of Science and Technology,https://openalex.org/A5111109799
Qian Wang,W4411283380,Shanghai Electric (China),https://openalex.org/A5100391054
Zining Zhao,W4411283380,Shanghai Electric (China),https://openalex.org/A5000716120
Yong Li,W4411283380,Shanghai Electric (China),https://openalex.org/A5100347488
Jun Ma,W4412685110,Guilin University of Electronic Technology,https://openalex.org/A5029545637
Zejie Sun,W4412685110,Guilin University of Electronic Technology,
Yuling Wu,W4412685110,Guilin University of Electronic Technology,
Dongyang Jin,W4412685110,Guilin University of Electronic Technology,https://openalex.org/A5061118344
Yansheng Qiu,W3206020549,Wuhan University,https://openalex.org/A5080191134
Jun Chen,W3206020549,Wuhan University,https://openalex.org/A5100450249
Xiao Wang,W3206020549,Central China Normal University,https://openalex.org/A5100411506
Zhenyu Tang,W4225269816,Dalian University of Technology,https://openalex.org/A5101553435
Xiaoke Shang,W4225269816,Dalian University of Technology,https://openalex.org/A5039735204
Ting Sun,W4293233622;W4298376881,Qingdao University,https://openalex.org/A5100763613
Guodong Fan,W4293233622;W4313387504,Qingdao University,https://openalex.org/A5012984188
Min Gan,W4293233622;W4313387504,Qingdao University,https://openalex.org/A5047001937
Fengji Ma,W3167104833,Beihang University,https://openalex.org/A5067178735
Haitao Li,W3167104833,Beihang University,https://openalex.org/A5100641459
Hangying Zhang,W3176313409,Tsinghua University,https://openalex.org/A5069935124
Liangcai Cao,W3176313409,,https://openalex.org/A5006610302
Feng Yang,W3176313409,Tsinghua University,https://openalex.org/A5059817048
Xiwen Liang,W4221033277;W4384159373,Tianjin University of Science and Technology,https://openalex.org/A5045686167
Xiaoning Yan,W4221033277,Soft Imaging LLC (United States),https://openalex.org/A5100620840
Nenghua Xu,W4221033277,Soft Imaging LLC (United States),https://openalex.org/A5054203751
Xiaoyan Chen,W4221033277;W4364377163;W4384159373;W4285196818;W4285612533,Tianjin University of Science and Technology,https://openalex.org/A5100319381
Hao Feng,W4221033277,Tianjin University of Science and Technology,https://openalex.org/A5101812560
Jue Wang,W4283322011,Dalian Polytechnic University,https://openalex.org/A5100440604
Jing Ye,W4296117136,Sun Yat-sen University,https://openalex.org/A5100394413
Xintao Chen,W4296117136,Sun Yat-sen University,https://openalex.org/A5059041998
Changzhen Qiu,W4296117136,Sun Yat-sen University,https://openalex.org/A5051522890
Zhiyong Zhang,W4296117136,Sun Yat-sen University,https://openalex.org/A5100352614
Lingling Fu,W4298376881,Qingdao University,https://openalex.org/A5108373531
Yuanbo Tan,W4298376881,,https://openalex.org/A5111500466
ZhanTi Ll,W4309225985,Xi'an University of Science and Technology,https://openalex.org/A5039555609
Ni Jia,W4309225985,Xi'an University of Science and Technology,https://openalex.org/A5101301782
Hongmei Jin,W4309225985;W4393143075,Xi'an University of Science and Technology,https://openalex.org/A5027573897
Mingming Tan,W4313387504,Qingdao University,https://openalex.org/A5102932304
Jiayi Fan,W4313387504,Qingdao University,https://openalex.org/A5102501062
Xijing Li,W4362564406,Wuhan University of Technology,https://openalex.org/A5045286041
Jingxiang Qu,W4362564406,Wuhan University of Technology,https://openalex.org/A5047377246
Xiaoyong Guo,W4364377163;W4285196818;W4285612533,Tianjin University of Science and Technology,https://openalex.org/A5031110862
Jiahan Peng,W4364377163;W4285196818;W4285612533,Tianjin University of Science and Technology,https://openalex.org/A5065318766
Guangjie Guo,W4364377163;W4285196818;W4285612533,Xingtai University,https://openalex.org/A5022135319
U. Hari,W4375928402,SRM Institute of Science and Technology,https://openalex.org/A5004290895
A. Ruhan Bevi,W4375928402,SRM Institute of Science and Technology,
SAMI UL REHMAN,W4382246298,University of Science and Technology of China,https://openalex.org/A5102528457
Ammar Hawbani*,W4382246298,University of Science and Technology of China,
Xingfu Wang,W4382246298,University of Science and Technology of China,https://openalex.org/A5100742230
Muhammad Hamza,W4382246298,University of Science and Technology of China,https://openalex.org/A5041583325
Liang Zhao,W4382246298,Shenyang Aerospace University,https://openalex.org/A5101461290
Saeed Hamood Alsamhi,W4382246298,Ollscoil na Gaillimhe – University of Galway,https://openalex.org/A5012786887
Majjed Al-Qatf,W4382246298,University of Science and Technology of China,https://openalex.org/A5067972997
Zheng Wu,W4385838733,Central South University,https://openalex.org/A5100401040
Kehua Guo,W4385838733,Central South University,https://openalex.org/A5083510126
Liwei Wang,W4385838733,Central South University,https://openalex.org/A5100406725
Min Hu,W4385838733,Central South University,https://openalex.org/A5083529162
Sheng Ren,W4385838733,Hunan University of Arts and Science,https://openalex.org/A5060879177
Vladimir Kovalevsky,W3214816285,ITMO University,https://openalex.org/A5059470360
V.V. Volkhonsky,W3214816285,ITMO University,https://openalex.org/A5020384635
Yu Li,W3012119911,Tencent (China),https://openalex.org/A5100711787
Hai Jiang,W3173811062,,https://openalex.org/A5008014616
"Xuan, Zhu",W3173811062,,
Songchen Han,W3173811062,,https://openalex.org/A5009600888
Ren Yang,W3173811062,,https://openalex.org/A5082999550
Yutong Hao,W3173811062,,https://openalex.org/A5070986545
Fengzhu Zou,W3173811062,,https://openalex.org/A5021744599
Fang Lin,W3173811062,,https://openalex.org/A5060262327
Dokyeong Kwon,W3082630009,,https://openalex.org/A5059344223
Guisik Kim,W3082630009,,https://openalex.org/A5059457064
Junseok Kwon,W3082630009,Chung-Ang University,https://openalex.org/A5045083125
Mao Ye,W2990155364,Robert Bosch (United States),https://openalex.org/A5100682790
Hossein Shakibania,W4396647956,Bu-Ali Sina University,https://openalex.org/A5092698861
Sina Raoufi,W4396647956,Bu-Ali Sina University,https://openalex.org/A5092698862
Hassan Khotanlou,W4396647956,Bu-Ali Sina University,https://openalex.org/A5050131337
Shisen Wang,W3202537560;W3174943803,,https://openalex.org/A5002784846
Cheng Cheng,W3202537560;W3174943803,,https://openalex.org/A5100349429
Yanlin Huang,W3202537560;W3174943803,,https://openalex.org/A5028977817
Kai-Fu Yang,W3202537560;W3174943803,,https://openalex.org/A5010207793
Hao Hou,W3170264456,,https://openalex.org/A5085524242
Yingkun Hou,W3170264456,,https://openalex.org/A5080836472
Yuxuan Shi,W3170264456,,https://openalex.org/A5021158772
Benzheng Wei,W3170264456,,https://openalex.org/A5051864449
Jun Xu,W3170264456,,https://openalex.org/A5042967567
Cien Fan,W4289733575,Wuhan University,https://openalex.org/A5090656144
Yuxiang HUI,W4393085106,Chinese University of Hong Kong,
Yang Liu,W4393085106,City University of Hong Kong,https://openalex.org/A5101878907
Yaofang Liu,W4393085106,City University of Hong Kong,https://openalex.org/A5102758432
Fan Jia,W4393085106,Chinese University of Hong Kong,https://openalex.org/A5012313119
Jinshan Pan,W4393085106,Nanjing University of Information Science and Technology,https://openalex.org/A5004164569
Raymond H. Chan,W4393085106,City University of Hong Kong,https://openalex.org/A5004126693
Tieyong Zeng,W4393085106,Chinese University of Hong Kong,https://openalex.org/A5059443966
Sunita Sahu,W3036950345,,https://openalex.org/A5045885978
Nirav Motwani,W3036950345,,https://openalex.org/A5002662875
Aakanksha Talreja,W3036950345,,https://openalex.org/A5049144158
Naman Varyomalani,W3036950345,,https://openalex.org/A5075247011
Kunal Kundnani,W3036950345,,https://openalex.org/A5070880190
Cao Peibei,W3174382703,,https://openalex.org/A5112656190
Rizwan Qureshi,W3186190743;W4241811785;W4285495151,National University of Computer and Emerging Sciences,https://openalex.org/A5050513983
Mehmood Nawaz,W3186190743;W4241811785;W4285495151,University of Hong Kong,https://openalex.org/A5048505759
Bowen Zheng,W3202789379,,https://openalex.org/A5020708321
Yunfei Liu,W3209186471,,https://openalex.org/A5100704151
Haofei Wang,W3209186471,,https://openalex.org/A5100771234
Yue Yang,W3209186471,,https://openalex.org/A5064708195
Xinyuan Lin,W4200159098,University of Jinan,https://openalex.org/A5039208284
Haining Liu,W4200159098,University of Jinan,https://openalex.org/A5024963833
Zhao Fubao,W4200159098,,https://openalex.org/A5082567961
Yan Sun,W4200159098,,https://openalex.org/A5025910593
Dunyun He,W4206358745,Jiangxi Science and Technology Normal University,https://openalex.org/A5076622058
Zhen Yang,W4206358745,Jiangxi Science and Technology Normal University,https://openalex.org/A5101558778
Haiqiao Wen,W4206358745,Jiangxi Science and Technology Normal University,https://openalex.org/A5020585821
Zhijian Yin,W4206358745,Jiangxi Science and Technology Normal University,https://openalex.org/A5058919815
Sangjae Ahn,W4220676159,Chung-Ang University,https://openalex.org/A5074327012
Joongchol Shin,W4220676159,Chung-Ang University,https://openalex.org/A5023476474
Heunseung Lim,W4220676159,Chung-Ang University,https://openalex.org/A5027591679
Hayoon Kim,W4220676159,Chung-Ang University,https://openalex.org/A5036730518
Joonki Paik,W4220676159,Chung-Ang University,https://openalex.org/A5013926864
Yulin Peng,W4225402651,Changsha Hospital for Maternal and Child Health Care,https://openalex.org/A5058919923
Kunpeng Zheng,W4225402651,Hubei University of Technology,https://openalex.org/A5036667286
Gao Rong,W4225402651,Hubei University of Technology,https://openalex.org/A5101743625
Jiazhen Zu,W4285335419,China Jiliang University,https://openalex.org/A5039978974
Yongxia Zhou,W4285335419,China Jiliang University,https://openalex.org/A5078322212
Le Chen,W4285335419,China Jiliang University,https://openalex.org/A5100420754
Chao Dai,W4285335419,China Jiliang University,https://openalex.org/A5088699438
Xiaochun Lei,W4286224691,Guilin University of Electronic Technology,https://openalex.org/A5100367875
Weiliang Mai,W4286224691,Guilin University of Electronic Technology,https://openalex.org/A5072309342
Junlin Xie,W4286224691,Guilin University of Electronic Technology,https://openalex.org/A5108856454
He Liu,W4286224691,Guilin University of Electronic Technology,https://openalex.org/A5101860359
Zetao Jiang,W4286224691,Guilin University of Electronic Technology,https://openalex.org/A5051764820
Zhaoting Gong,W4286224691,Guilin University of Electronic Technology,https://openalex.org/A5109662148
Chang Lu,W4286224691,Guilin University of Electronic Technology,https://openalex.org/A5001345215
Linjun Lu,W4286224691,Guilin University of Electronic Technology,https://openalex.org/A5033955025
Wei Lin Yi,W4307991615,Nanjing University of Posts and Telecommunications,https://openalex.org/A5009781404
Changhui Hu,W4307991615;W4392944679,Nanjing University of Posts and Telecommunications,https://openalex.org/A5038794080
Yanhong Huang,W4308079962,Wuhan University of Technology,https://openalex.org/A5035205512
Xianjun Hu,W4308079962,Naval University of Engineering,https://openalex.org/A5001514889
Wenbo Zhao,W4312075253,Tongji University,https://openalex.org/A5003017642
Wei Tian,W4312075253,Tongji University,https://openalex.org/A5086501723
Chengyu Lu,W4312075253,Tongji University,https://openalex.org/A5003966225
Xianwang Yu,W4312075253,Tongji University,https://openalex.org/A5027165581
Yu Xie,W4313000292,Southwest University of Science and Technology,https://openalex.org/A5000102478
Manlu Liu,W4313000292,Southwest University of Science and Technology,https://openalex.org/A5083012464
Kang Yang,W4313000292,Southwest University of Science and Technology,https://openalex.org/A5109594912
Hongwei Liu,W4313000292,Southwest University of Science and Technology,https://openalex.org/A5100411968
Xueshi Zhang,W4313288882,Harbin Engineering University,https://openalex.org/A5048148524
Yifei Wang,W4313288882,Harbin Engineering University,https://openalex.org/A5100365605
Lijiang Shao,W4320024271,Fujian Agriculture and Forestry University,https://openalex.org/A5012091739
Wenjin Wang,W4320024271,Fujian Agriculture and Forestry University,https://openalex.org/A5100636785
Shiguo Huang,W4320024271,Fujian Agriculture and Forestry University,https://openalex.org/A5005835805
Xiaolin Li,W4320024271,Fujian Agriculture and Forestry University,https://openalex.org/A5100353796
Yali Zhang,W4323666440,Tianjin University,https://openalex.org/A5100666806
Meng De,W4323666440,Tianjin University,https://openalex.org/A5102094365
Zhichun Lei,W4323666440,Tianjin University,https://openalex.org/A5014269327
Zhi‐Qiang Feng,W4324118722,Yibin University,https://openalex.org/A5086208188
Xiaogang Wang,W4324118722,Yibin University,https://openalex.org/A5100444820
Yang Wei,W4324118722,Yibin University,https://openalex.org/A5103969313
Mingrui Liu,W4324118722,Yibin University,https://openalex.org/A5101839271
Zewei Lian,W4324118722,Yibin University,https://openalex.org/A5023388510
Tang Baoxiang,W4360995997,Chongqing Normal University,https://openalex.org/A5048638211
Hanyu Du,W4360995997,Chongqing Normal University,https://openalex.org/A5041921495
Yao Tan,W4360995997,Chongqing Normal University,https://openalex.org/A5112903417
Guiwen Zhang,W4362709319,Nanchang Hangkong University,https://openalex.org/A5027860128
Qishen Li,W4362709319,Nanchang Hangkong University,https://openalex.org/A5029527035
Qiufeng Li,W4362709319,Nanchang Hangkong University,https://openalex.org/A5034400927
Taida Wu,W4362709319,Nanchang Hangkong University,https://openalex.org/A5026708896
Chaoping Gong,W4367359429,University Town of Shenzhen,https://openalex.org/A5014152098
Zhifang Liu,W4367359429,University Town of Shenzhen,https://openalex.org/A5054294591
Xueliang Wang,W4367359429,University Town of Shenzhen,https://openalex.org/A5100676196
Bo Fu,W4386159961,Shenyang Institute of Automation,https://openalex.org/A5085993378
Hongguang Wang,W4386159961,Shenyang Institute of Automation,https://openalex.org/A5101430785
Yong Jiang,W4386159961,Shenyang Institute of Automation,https://openalex.org/A5113744425
Yifeng Song,W4386159961,Shenyang Institute of Automation,https://openalex.org/A5102211730
Yuxin Jiang,W4386859019,Xi'an Shiyou University,https://openalex.org/A5101815953
Ying Cuan,W4386859019,Xi'an Shiyou University,https://openalex.org/A5021797080
Junhao Chen,W4387443998,Southeast University,https://openalex.org/A5100611833
Meng Zhang,W4387443998,Southeast University,https://openalex.org/A5100691593
S. Sony Priya,W4390444846,SRM Institute of Science and Technology,https://openalex.org/A5067042953
R. I. Minu,W4390444846,SRM Institute of Science and Technology,https://openalex.org/A5019719665
Wenbin Zou,W4390843643,South China University of Technology,https://openalex.org/A5044468163
Weipeng Yang,W4390843643,South China University of Technology,https://openalex.org/A5015354967
Tongtong Liu,W4390843643,South China University of Technology,https://openalex.org/A5100638104
Yaobin Huang,W4390843643,South China University of Technology,https://openalex.org/A5068407684
Jinhui Zhao,W4390843643,South China University of Technology,https://openalex.org/A5026733694
Jobin Jose,W4391817609,"Anna University, Chennai",https://openalex.org/A5111228628
R. P. Anto Kumar,W4391817609,"Anna University, Chennai",https://openalex.org/A5022519009
Weilin Yi,W4392944679,Nanjing University of Posts and Telecommunications,https://openalex.org/A5056813102
Zhen Wang,W4392944679,Nanjing University of Posts and Telecommunications,https://openalex.org/A5070718876
昊 张,W4393143075,,https://openalex.org/A5094236515
Zhanli Li,W4393143075,Xi'an University of Science and Technology,https://openalex.org/A5081893657
Ling Wu,W4394564969,Anhui University,https://openalex.org/A5100394380
Jun Zhang,W4394564969,Anhui University,https://openalex.org/A5100716141
Qi Zhou,W4394874868,South China Normal University,https://openalex.org/A5058484759
Kai Yang,W4394874868,Beijing Research Institute of Uranium Geology,https://openalex.org/A5029957920
Zunwang Ke,W4394874868,Xinjiang University,https://openalex.org/A5038508376
Gang Wang,W4394874868,Ningbo University of Technology,https://openalex.org/A5100618174
Yugui Zhang,W4394874868,Chinese Academy of Sciences,https://openalex.org/A5070160456
Yizhen Jia,W4394874868,Xinjiang University,https://openalex.org/A5101047981
Cao Fengcai,W4394874868,,https://openalex.org/A5046324285
Junxiao Ma,W4394874868,Chinese Academy of Sciences,https://openalex.org/A5102650084
Changlin Liu,W4394874868,South China Normal University,https://openalex.org/A5101968690
Kaijie Zhang,W4394874868,South China Normal University,https://openalex.org/A5103233930
Min Wu,W4394874868,Chinese Academy of Sciences,https://openalex.org/A5100340964
Xin Hu,W4398170375,Beijing Union University,https://openalex.org/A5103234416
Jinhua Wang,W4398170375,Beijing Union University,https://openalex.org/A5100339650
Ning He,W4398170375,Beijing Union University,https://openalex.org/A5102707440
Donghui Wang,W4398170375,Beijing Union University,https://openalex.org/A5100367955
Hua Huang,W4399870603,,https://openalex.org/A5113427583
Jiaying Liu,W4399870603,,https://openalex.org/A5100606569
Keyi Li,W4400828758,,https://openalex.org/A5049903475
Zongshou Wei,W4400828758,,
Jingsi Zhang,W4407585084,Northeastern University,https://openalex.org/A5033717086
Xiaosheng Yu,W4407585084,Northeastern University,https://openalex.org/A5073414420
Zhixin Dong,W4407585084,Northeastern University,https://openalex.org/A5047636766
Chengdong Wu,W4407585084,Northeastern University,
朱天鑫 Zhu Tianxin,W4408536587,,https://openalex.org/A5116665176
陈春梅 Chen Chunmei,W4408536587,,https://openalex.org/A5115908866
刘桂华 Liu Guihua,W4408536587,,https://openalex.org/A5115908867
袁玲玲 Yuan Lingling,W4408536587,,https://openalex.org/A5115908868
张雨涵 Zhang Yuhan,W4408536587,,https://openalex.org/A5116665177
Sujun Hu,W4411730833,Xi’an University of Posts and Telecommunications,https://openalex.org/A5019908662
Tong Wang,W4411730833,Xi’an University of Posts and Telecommunications,
Naihong Xie,W4411730833,Xi’an University of Posts and Telecommunications,https://openalex.org/A5118665831
P. Yang,W4411730833,Xi’an University of Posts and Telecommunications,https://openalex.org/A5108106666
Yang Li,W4412088139,Hunan University,https://openalex.org/A5100421407
J De Man,W4412088139,Hunan University,https://openalex.org/A5110543906
Shen Zhang,W4412088139,Hunan University,https://openalex.org/A5100354216
Zijing Zhang,W4412088139,Hunan University,https://openalex.org/A5101751749
Wei Yu,W4412088139,Harbin University,https://openalex.org/A5113215295
Beihao Xia,W4412088139,Huazhong University of Science and Technology,https://openalex.org/A5028632571
Yonghua Zhang,W4412431660,Henan University,https://openalex.org/A5100615110
Yongbo Liu,W4412431660,Henan University,https://openalex.org/A5101560559
Lvchen Cao,W4412431660,Henan University,https://openalex.org/A5048496689
Ziqing Huang,W4412431660,Henan University,https://openalex.org/A5079372376
Ruiyao Wang,W4412927853,Pingdingshan University,https://openalex.org/A5108974467
Siti Norbaya Daud,W4412927853,SEGi University,
Hong Li,W4412927853,Pingdingshan University,
Yang Li,W4414170832,Tiangong University,https://openalex.org/A5100447990
Xianguo Li,W4414170832,Tiangong University,https://openalex.org/A5101795786
Michael Lin,W4414170832,Carnegie Mellon University,https://openalex.org/A5052625968
